# https://github.com/mikedh/trimesh
v -0.09272727 -0.00587890 -0.00218111
v -0.09090909 -0.00629726 -0.00208183
v -0.09272727 -0.00768116 -0.00110581
v -0.09272727 -0.00691286 -0.00167884
v -0.09454545 -0.00633918 -0.00171559
v -0.09636363 -0.00625886 -0.00112327
v -0.09454545 -0.00704372 -0.00117085
v -0.09090909 -0.00740479 -0.00155876
v -0.09090909 -0.00822776 -0.00096199
v -0.08909091 -0.00781660 -0.00138253
v -0.08727273 -0.00814990 -0.00117736
v -0.08545455 -0.00840631 -0.00097045
v -0.08363637 -0.00730303 -0.00135952
v -0.08909091 -0.00664747 -0.00192262
v -0.08727273 -0.00693092 -0.00173089
v -0.08545455 -0.00714898 -0.00153405
v -0.08181818 -0.00739445 -0.00123470
v -0.08000000 -0.00742462 -0.00118701
v -0.07818182 -0.00742462 -0.00118701
v -0.07636364 -0.00742462 -0.00118701
v -0.08181818 -0.00580978 -0.00170622
v -0.08000000 -0.00583349 -0.00165958
v -0.07818182 -0.00583349 -0.00165958
v -0.07636364 -0.00583349 -0.00165958
v -0.07454546 -0.00742462 -0.00118701
v -0.07272727 -0.00742462 -0.00118701
v -0.07090909 -0.00742462 -0.00118701
v -0.06909091 -0.00742462 -0.00118701
v -0.06727273 -0.00742462 -0.00118701
v -0.07454546 -0.00583349 -0.00165958
v -0.07272727 -0.00583349 -0.00165958
v -0.07090909 -0.00583349 -0.00165958
v -0.06909091 -0.00583349 -0.00165958
v -0.06727273 -0.00583349 -0.00165958
v -0.08727273 -0.00905568 -0.00054585
v -0.09090909 -0.00873455 -0.00031447
v -0.08909091 -0.00922031 -0.00009777
v -0.08363637 -0.00954187 -0.00013805
v -0.08727273 -0.00961346 0.00013938
v -0.08545455 -0.00934059 -0.00032743
v -0.08363637 -0.01032805 0.00130278
v -0.09090909 -0.00890567 0.00035894
v -0.08909091 -0.00940094 0.00059754
v -0.08545455 -0.00991592 0.00037028
v -0.08363637 -0.01012960 0.00056825
v -0.09090909 -0.00873455 0.00103235
v -0.08909091 -0.00922031 0.00129285
v -0.08727273 -0.00980180 0.00085199
v -0.08545455 -0.01011018 0.00109587
v -0.09272727 -0.00815427 -0.00048403
v -0.09454545 -0.00747757 -0.00057977
v -0.09272727 -0.00831402 0.00016260
v -0.09454545 -0.00762406 0.00003494
v -0.09636363 -0.00664437 -0.00057264
v -0.09636363 -0.00677454 0.00000000
v -0.08909091 -0.00868534 -0.00076636
v -0.08363637 -0.00858746 -0.00078898
v -0.09454545 -0.00747757 0.00064964
v -0.09272727 -0.00815427 0.00080923
v -0.09636363 -0.00664437 0.00057264
v -0.09636363 -0.00625886 0.00112327
v -0.09454545 -0.00704372 0.00124072
v -0.08000000 -0.00873043 -0.00061117
v -0.07818182 -0.00873043 -0.00061117
v -0.07636364 -0.00873043 -0.00061117
v -0.08181818 -0.00966132 -0.00000465
v -0.08000000 -0.00970074 0.00004580
v -0.07818182 -0.00970074 0.00004580
v -0.07636364 -0.00970074 0.00004580
v -0.07454546 -0.00873043 -0.00061117
v -0.07272727 -0.00873043 -0.00061117
v -0.07090909 -0.00873043 -0.00061117
v -0.06909091 -0.00873043 -0.00061117
v -0.06727273 -0.00873043 -0.00061117
v -0.07454546 -0.00970074 0.00004580
v -0.07272727 -0.00970074 0.00004580
v -0.07090909 -0.00970074 0.00004580
v -0.06909091 -0.00970074 0.00004580
v -0.06727273 -0.00970074 0.00004580
v -0.08181818 -0.01025640 0.00070661
v -0.08000000 -0.01029825 0.00075866
v -0.07818182 -0.01029825 0.00075866
v -0.07636364 -0.01029825 0.00075866
v -0.07454546 -0.01029825 0.00075866
v -0.07272727 -0.01029825 0.00075866
v -0.07090909 -0.01029825 0.00075866
v -0.06909091 -0.01029825 0.00075866
v -0.06727273 -0.01029825 0.00075866
v -0.08181818 -0.00869496 -0.00066015
v -0.09636363 -0.00479033 -0.00207553
v -0.09454545 -0.00539103 -0.00219306
v -0.09272727 -0.00461902 -0.00259331
v -0.09454545 -0.00291760 -0.00287608
v -0.09272727 -0.00318164 -0.00289961
v -0.09636363 -0.00376373 -0.00244056
v -0.09454545 -0.00423570 -0.00258491
v -0.08909091 -0.00522288 -0.00236585
v -0.09090909 -0.00494772 -0.00251110
v -0.08727273 -0.00544559 -0.00218515
v -0.09090909 -0.00340805 -0.00283007
v -0.08909091 -0.00359759 -0.00269520
v -0.08727273 -0.00375099 -0.00252270
v -0.08545455 -0.00386900 -0.00234029
v -0.08363637 -0.00395237 -0.00217569
v -0.09636363 -0.00563283 -0.00163073
v -0.09818182 -0.00301049 -0.00145130
v -0.09818182 -0.00353996 -0.00114028
v -0.08545455 -0.00561692 -0.00199659
v -0.08363637 -0.00573796 -0.00182776
v -0.09636363 -0.00259251 -0.00271181
v -0.09454545 -0.00148738 -0.00305538
v -0.09272727 -0.00162199 -0.00308822
v -0.09636363 -0.00132165 -0.00287884
v -0.09090909 -0.00173741 -0.00302650
v -0.08909091 -0.00183403 -0.00289802
v -0.08727273 -0.00191224 -0.00273056
v -0.08545455 -0.00197240 -0.00255194
v -0.08363637 -0.00201490 -0.00238994
v -0.08727273 -0.00000000 -0.00280075
v -0.08545455 -0.00000000 -0.00262341
v -0.08363637 -0.00000000 -0.00246228
v -0.09818182 -0.00236533 -0.00170654
v -0.09818182 -0.00162927 -0.00189621
v -0.09818182 -0.00083059 -0.00201300
v -0.08181818 -0.00400185 -0.00205660
v -0.08000000 -0.00401818 -0.00201074
v -0.07818182 -0.00401818 -0.00201074
v -0.07636364 -0.00401818 -0.00201074
v -0.07454546 -0.00401818 -0.00201074
v -0.07272727 -0.00401818 -0.00201074
v -0.07090909 -0.00401818 -0.00201074
v -0.06909091 -0.00401818 -0.00201074
v -0.06727273 -0.00401818 -0.00201074
v -0.08181818 -0.00204013 -0.00227236
v -0.08000000 -0.00204845 -0.00222698
v -0.07818182 -0.00204845 -0.00222698
v -0.07636364 -0.00204845 -0.00222698
v -0.08181818 -0.00000000 -0.00234521
v -0.08000000 -0.00000000 -0.00230000
v -0.07818182 -0.00000000 -0.00230000
v -0.07636364 -0.00000000 -0.00230000
v -0.07454546 -0.00204845 -0.00222698
v -0.07272727 -0.00204845 -0.00222698
v -0.07090909 -0.00204845 -0.00222698
v -0.06909091 -0.00204845 -0.00222698
v -0.06727273 -0.00204845 -0.00222698
v -0.07454546 -0.00000000 -0.00230000
v -0.07272727 -0.00000000 -0.00230000
v -0.07090909 -0.00000000 -0.00230000
v -0.06909091 -0.00000000 -0.00230000
v -0.06727273 -0.00000000 -0.00230000
v -0.09818182 -0.00393340 -0.00078544
v -0.09818182 -0.00417567 -0.00040041
v -0.09818182 -0.00425748 0.00000000
v -0.09818182 -0.00417567 0.00040041
v -0.09818182 -0.00393340 0.00078544
v -0.09818182 -0.00353996 0.00114028
v -0.10000000 -0.00044446 -0.00066518
v -0.10000000 -0.00015607 -0.00078463
v -0.10000000 -0.00030615 -0.00073910
v -0.10000000 -0.00056569 -0.00056569
v -0.10000000 -0.00066518 -0.00044446
v -0.10000000 -0.00073910 -0.00030615
v -0.10000000 -0.00078463 -0.00015607
v -0.10000000 -0.00080000 0.00000000
v -0.10000000 -0.00078463 0.00015607
v -0.10000000 -0.00073910 0.00030615
v -0.10000000 -0.00066518 0.00044446
v -0.10000000 -0.00056569 0.00056569
v -0.10000000 -0.00044446 0.00066518
v -0.10000000 -0.00030615 0.00073910
v -0.10000000 -0.00015607 0.00078463
v -0.06545454 -0.00742462 -0.00118701
v -0.06363636 -0.00742462 -0.00118701
v -0.06181818 -0.00742462 -0.00118701
v -0.06000000 -0.00742462 -0.00118701
v -0.06545454 -0.00583349 -0.00165958
v -0.06363636 -0.00583349 -0.00165958
v -0.06181818 -0.00583349 -0.00165958
v -0.06000000 -0.00583349 -0.00165958
v -0.05818182 -0.00742462 -0.00118701
v -0.05636363 -0.00742462 -0.00118701
v -0.05454545 -0.00742462 -0.00118701
v -0.05272727 -0.00742462 -0.00118701
v -0.05090909 -0.00742462 -0.00118701
v -0.05818182 -0.00583349 -0.00165958
v -0.05636363 -0.00583349 -0.00165958
v -0.05454545 -0.00583349 -0.00165958
v -0.05272727 -0.00583349 -0.00165958
v -0.05090909 -0.00583349 -0.00165958
v -0.04909091 -0.00742462 -0.00118701
v -0.04727273 -0.00742462 -0.00118701
v -0.04545455 -0.00742462 -0.00118701
v -0.04363636 -0.00742462 -0.00118701
v -0.04909091 -0.00583349 -0.00165958
v -0.04727273 -0.00583349 -0.00165958
v -0.04545455 -0.00583349 -0.00165958
v -0.04363636 -0.00583349 -0.00165958
v -0.04181818 -0.00742462 -0.00118701
v -0.04000000 -0.00742462 -0.00118701
v -0.03818182 -0.00742462 -0.00118701
v -0.03636364 -0.00742462 -0.00118701
v -0.03454546 -0.00742462 -0.00118701
v -0.04181818 -0.00583349 -0.00165958
v -0.04000000 -0.00583349 -0.00165958
v -0.03818182 -0.00583349 -0.00165958
v -0.03636364 -0.00583349 -0.00165958
v -0.03454546 -0.00583349 -0.00165958
v -0.06545454 -0.00873043 -0.00061117
v -0.06363636 -0.00873043 -0.00061117
v -0.06181818 -0.00873043 -0.00061117
v -0.06000000 -0.00873043 -0.00061117
v -0.06545454 -0.00970074 0.00004580
v -0.06363636 -0.00970074 0.00004580
v -0.06181818 -0.00970074 0.00004580
v -0.06000000 -0.00970074 0.00004580
v -0.05818182 -0.00873043 -0.00061117
v -0.05636363 -0.00873043 -0.00061117
v -0.05454545 -0.00873043 -0.00061117
v -0.05272727 -0.00873043 -0.00061117
v -0.05090909 -0.00873043 -0.00061117
v -0.05818182 -0.00970074 0.00004580
v -0.05636363 -0.00970074 0.00004580
v -0.05454545 -0.00970074 0.00004580
v -0.05272727 -0.00970074 0.00004580
v -0.05090909 -0.00970074 0.00004580
v -0.06545454 -0.01029825 0.00075866
v -0.06363636 -0.01029825 0.00075866
v -0.06181818 -0.01029825 0.00075866
v -0.06000000 -0.01029825 0.00075866
v -0.05818182 -0.01029825 0.00075866
v -0.05636363 -0.01029825 0.00075866
v -0.05454545 -0.01029825 0.00075866
v -0.05272727 -0.01029825 0.00075866
v -0.05090909 -0.01029825 0.00075866
v -0.04909091 -0.00873043 -0.00061117
v -0.04727273 -0.00873043 -0.00061117
v -0.04545455 -0.00873043 -0.00061117
v -0.04363636 -0.00873043 -0.00061117
v -0.04909091 -0.00970074 0.00004580
v -0.04727273 -0.00970074 0.00004580
v -0.04545455 -0.00970074 0.00004580
v -0.04363636 -0.00970074 0.00004580
v -0.04181818 -0.00873043 -0.00061117
v -0.04000000 -0.00873043 -0.00061117
v -0.03818182 -0.00873043 -0.00061117
v -0.03636364 -0.00873043 -0.00061117
v -0.03454546 -0.00873043 -0.00061117
v -0.04181818 -0.00970074 0.00004580
v -0.04000000 -0.00970074 0.00004580
v -0.03818182 -0.00970074 0.00004580
v -0.03636364 -0.00970074 0.00004580
v -0.03454546 -0.00970074 0.00004580
v -0.04909091 -0.01029825 0.00075866
v -0.04727273 -0.01029825 0.00075866
v -0.04545455 -0.01029825 0.00075866
v -0.04363636 -0.01029825 0.00075866
v -0.04181818 -0.01029825 0.00075866
v -0.04000000 -0.01029825 0.00075866
v -0.03818182 -0.01029825 0.00075866
v -0.03636364 -0.01029825 0.00075866
v -0.03454546 -0.01029825 0.00075866
v -0.06545454 -0.00401818 -0.00201074
v -0.06363636 -0.00401818 -0.00201074
v -0.06181818 -0.00401818 -0.00201074
v -0.06000000 -0.00401818 -0.00201074
v -0.05818182 -0.00401818 -0.00201074
v -0.05636363 -0.00401818 -0.00201074
v -0.05454545 -0.00401818 -0.00201074
v -0.05272727 -0.00401818 -0.00201074
v -0.05090909 -0.00401818 -0.00201074
v -0.06545454 -0.00204845 -0.00222698
v -0.06363636 -0.00204845 -0.00222698
v -0.06181818 -0.00204845 -0.00222698
v -0.06000000 -0.00204845 -0.00222698
v -0.06545454 -0.00000000 -0.00230000
v -0.06363636 -0.00000000 -0.00230000
v -0.06181818 -0.00000000 -0.00230000
v -0.06000000 -0.00000000 -0.00230000
v -0.05818182 -0.00204845 -0.00222698
v -0.05636363 -0.00204845 -0.00222698
v -0.05454545 -0.00204845 -0.00222698
v -0.05272727 -0.00204845 -0.00222698
v -0.05090909 -0.00204845 -0.00222698
v -0.05818182 -0.00000000 -0.00230000
v -0.05636363 -0.00000000 -0.00230000
v -0.05454545 -0.00000000 -0.00230000
v -0.05272727 -0.00000000 -0.00230000
v -0.05090909 -0.00000000 -0.00230000
v -0.04909091 -0.00401818 -0.00201074
v -0.04727273 -0.00401818 -0.00201074
v -0.04545455 -0.00401818 -0.00201074
v -0.04363636 -0.00401818 -0.00201074
v -0.04181818 -0.00401818 -0.00201074
v -0.04000000 -0.00401818 -0.00201074
v -0.03818182 -0.00401818 -0.00201074
v -0.03636364 -0.00401818 -0.00201074
v -0.03454546 -0.00401818 -0.00201074
v -0.04909091 -0.00204845 -0.00222698
v -0.04727273 -0.00204845 -0.00222698
v -0.04545455 -0.00204845 -0.00222698
v -0.04363636 -0.00204845 -0.00222698
v -0.04909091 -0.00000000 -0.00230000
v -0.04727273 -0.00000000 -0.00230000
v -0.04545455 -0.00000000 -0.00230000
v -0.04363636 -0.00000000 -0.00230000
v -0.04181818 -0.00204845 -0.00222698
v -0.04000000 -0.00204845 -0.00222698
v -0.03818182 -0.00204845 -0.00222698
v -0.03636364 -0.00204845 -0.00222698
v -0.03454546 -0.00204845 -0.00222698
v -0.04181818 -0.00000000 -0.00230000
v -0.04000000 -0.00000000 -0.00230000
v -0.03818182 -0.00000000 -0.00230000
v -0.03636364 -0.00000000 -0.00230000
v -0.03454546 -0.00000000 -0.00230000
v -0.08727273 -0.00961346 0.00156461
v -0.08545455 -0.00991592 0.00182147
v -0.08363637 -0.01012960 0.00203731
v -0.08727273 -0.00905568 0.00224984
v -0.08363637 -0.00954187 0.00274361
v -0.08545455 -0.00934059 0.00251918
v -0.09272727 -0.00768116 0.00143101
v -0.09454545 -0.00633918 0.00178546
v -0.09272727 -0.00691286 0.00200404
v -0.09090909 -0.00822776 0.00167987
v -0.08909091 -0.00868534 0.00196144
v -0.09090909 -0.00740479 0.00227664
v -0.09272727 -0.00587890 0.00250631
v -0.08909091 -0.00781660 0.00257762
v -0.08727273 -0.00814990 0.00288135
v -0.08545455 -0.00840631 0.00316220
v -0.08363637 -0.00858746 0.00339454
v -0.09090909 -0.00629726 0.00279971
v -0.08909091 -0.00664747 0.00311770
v -0.08727273 -0.00693092 0.00343487
v -0.08181818 -0.01045734 0.00144629
v -0.08000000 -0.01050000 0.00150000
v -0.07818182 -0.01050000 0.00150000
v -0.07636364 -0.01050000 0.00150000
v -0.08181818 -0.01025640 0.00218598
v -0.08000000 -0.01029825 0.00224134
v -0.07818182 -0.01029825 0.00224134
v -0.07636364 -0.01029825 0.00224134
v -0.07454546 -0.01050000 0.00150000
v -0.07272727 -0.01050000 0.00150000
v -0.07090909 -0.01050000 0.00150000
v -0.06909091 -0.01050000 0.00150000
v -0.06727273 -0.01050000 0.00150000
v -0.07454546 -0.01029825 0.00224134
v -0.07272727 -0.01029825 0.00224134
v -0.07090909 -0.01029825 0.00224134
v -0.06909091 -0.01029825 0.00224134
v -0.06727273 -0.01029825 0.00224134
v -0.08181818 -0.00966132 0.00289724
v -0.08000000 -0.00970074 0.00295420
v -0.07818182 -0.00970074 0.00295420
v -0.07636364 -0.00970074 0.00295420
v -0.07454546 -0.00970074 0.00295420
v -0.07272727 -0.00970074 0.00295420
v -0.07090909 -0.00970074 0.00295420
v -0.06909091 -0.00970074 0.00295420
v -0.06727273 -0.00970074 0.00295420
v -0.08363637 -0.00730303 0.00396508
v -0.08545455 -0.00714898 0.00372580
v -0.08000000 -0.00873043 0.00361117
v -0.07818182 -0.00873043 0.00361117
v -0.07636364 -0.00873043 0.00361117
v -0.07454546 -0.00873043 0.00361117
v -0.07272727 -0.00873043 0.00361117
v -0.07090909 -0.00873043 0.00361117
v -0.06909091 -0.00873043 0.00361117
v -0.06727273 -0.00873043 0.00361117
v -0.08181818 -0.00869496 0.00355274
v -0.08181818 -0.00739445 0.00412729
v -0.08000000 -0.00742462 0.00418701
v -0.07818182 -0.00742462 0.00418701
v -0.07636364 -0.00742462 0.00418701
v -0.08181818 -0.00580978 0.00459881
v -0.07454546 -0.00742462 0.00418701
v -0.07272727 -0.00742462 0.00418701
v -0.07090909 -0.00742462 0.00418701
v -0.06909091 -0.00742462 0.00418701
v -0.06727273 -0.00742462 0.00418701
v -0.08000000 -0.00583349 0.00465958
v -0.07818182 -0.00583349 0.00465958
v -0.07636364 -0.00583349 0.00465958
v -0.07454546 -0.00583349 0.00465958
v -0.07272727 -0.00583349 0.00465958
v -0.07090909 -0.00583349 0.00465958
v -0.06909091 -0.00583349 0.00465958
v -0.06727273 -0.00583349 0.00465958
v -0.09636363 -0.00563283 0.00163073
v -0.09636363 -0.00479033 0.00207553
v -0.09454545 -0.00539103 0.00226293
v -0.09818182 -0.00301049 0.00145130
v -0.09272727 -0.00461902 0.00291852
v -0.09636363 -0.00376373 0.00244056
v -0.09454545 -0.00423570 0.00265478
v -0.09454545 -0.00291760 0.00294595
v -0.09272727 -0.00318164 0.00322481
v -0.09090909 -0.00494772 0.00322898
v -0.09818182 -0.00236533 0.00170654
v -0.09818182 -0.00162927 0.00189621
v -0.09818182 -0.00083059 0.00201300
v -0.09636363 -0.00259251 0.00271181
v -0.09454545 -0.00148738 0.00312526
v -0.09272727 -0.00162199 0.00341342
v -0.09636363 -0.00132165 0.00287884
v -0.08909091 -0.00522288 0.00356093
v -0.08727273 -0.00544559 0.00388914
v -0.08545455 -0.00561692 0.00418834
v -0.08363637 -0.00573796 0.00443332
v -0.09090909 -0.00340805 0.00354796
v -0.08909091 -0.00359759 0.00389029
v -0.08727273 -0.00375099 0.00422669
v -0.08545455 -0.00386900 0.00453204
v -0.08363637 -0.00395237 0.00478125
v -0.09090909 -0.00173741 0.00374438
v -0.08909091 -0.00183403 0.00409310
v -0.08727273 -0.00191224 0.00443455
v -0.08545455 -0.00197240 0.00474369
v -0.08363637 -0.00201490 0.00499550
v -0.08181818 -0.00400185 0.00494918
v -0.08000000 -0.00401818 0.00501074
v -0.07818182 -0.00401818 0.00501074
v -0.07636364 -0.00401818 0.00501074
v -0.07454546 -0.00401818 0.00501074
v -0.07272727 -0.00401818 0.00501074
v -0.07090909 -0.00401818 0.00501074
v -0.06909091 -0.00401818 0.00501074
v -0.06727273 -0.00401818 0.00501074
v -0.08181818 -0.00204013 0.00516494
v -0.08000000 -0.00204845 0.00522698
v -0.07818182 -0.00204845 0.00522698
v -0.07636364 -0.00204845 0.00522698
v -0.07454546 -0.00204845 0.00522698
v -0.07272727 -0.00204845 0.00522698
v -0.07090909 -0.00204845 0.00522698
v -0.06909091 -0.00204845 0.00522698
v -0.06727273 -0.00204845 0.00522698
v -0.06545454 -0.01050000 0.00150000
v -0.06363636 -0.01050000 0.00150000
v -0.06181818 -0.01050000 0.00150000
v -0.06000000 -0.01050000 0.00150000
v -0.06545454 -0.01029825 0.00224134
v -0.06363636 -0.01029825 0.00224134
v -0.06181818 -0.01029825 0.00224134
v -0.06000000 -0.01029825 0.00224134
v -0.05818182 -0.01050000 0.00150000
v -0.05636363 -0.01050000 0.00150000
v -0.05454545 -0.01050000 0.00150000
v -0.05272727 -0.01050000 0.00150000
v -0.05090909 -0.01050000 0.00150000
v -0.05818182 -0.01029825 0.00224134
v -0.05636363 -0.01029825 0.00224134
v -0.05454545 -0.01029825 0.00224134
v -0.05272727 -0.01029825 0.00224134
v -0.05090909 -0.01029825 0.00224134
v -0.06545454 -0.00970074 0.00295420
v -0.06363636 -0.00970074 0.00295420
v -0.06181818 -0.00970074 0.00295420
v -0.06000000 -0.00970074 0.00295420
v -0.05818182 -0.00970074 0.00295420
v -0.05636363 -0.00970074 0.00295420
v -0.05454545 -0.00970074 0.00295420
v -0.05272727 -0.00970074 0.00295420
v -0.05090909 -0.00970074 0.00295420
v -0.04909091 -0.01050000 0.00150000
v -0.04727273 -0.01050000 0.00150000
v -0.04545455 -0.01050000 0.00150000
v -0.04363636 -0.01050000 0.00150000
v -0.04909091 -0.01029825 0.00224134
v -0.04727273 -0.01029825 0.00224134
v -0.04545455 -0.01029825 0.00224134
v -0.04363636 -0.01029825 0.00224134
v -0.04181818 -0.01050000 0.00150000
v -0.04000000 -0.01050000 0.00150000
v -0.03818182 -0.01050000 0.00150000
v -0.03636364 -0.01050000 0.00150000
v -0.03454546 -0.01050000 0.00150000
v -0.04181818 -0.01029825 0.00224134
v -0.04000000 -0.01029825 0.00224134
v -0.03818182 -0.01029825 0.00224134
v -0.03636364 -0.01029825 0.00224134
v -0.03454546 -0.01029825 0.00224134
v -0.04909091 -0.00970074 0.00295420
v -0.04727273 -0.00970074 0.00295420
v -0.04545455 -0.00970074 0.00295420
v -0.04363636 -0.00970074 0.00295420
v -0.04181818 -0.00970074 0.00295420
v -0.04000000 -0.00970074 0.00295420
v -0.03818182 -0.00970074 0.00295420
v -0.03636364 -0.00970074 0.00295420
v -0.03454546 -0.00970074 0.00295420
v -0.06545454 -0.00873043 0.00361117
v -0.06363636 -0.00873043 0.00361117
v -0.06181818 -0.00873043 0.00361117
v -0.06000000 -0.00873043 0.00361117
v -0.05818182 -0.00873043 0.00361117
v -0.05636363 -0.00873043 0.00361117
v -0.05454545 -0.00873043 0.00361117
v -0.05272727 -0.00873043 0.00361117
v -0.05090909 -0.00873043 0.00361117
v -0.06545454 -0.00742462 0.00418701
v -0.06363636 -0.00742462 0.00418701
v -0.06181818 -0.00742462 0.00418701
v -0.06000000 -0.00742462 0.00418701
v -0.05818182 -0.00742462 0.00418701
v -0.05636363 -0.00742462 0.00418701
v -0.05454545 -0.00742462 0.00418701
v -0.05272727 -0.00742462 0.00418701
v -0.05090909 -0.00742462 0.00418701
v -0.06545454 -0.00583349 0.00465958
v -0.06363636 -0.00583349 0.00465958
v -0.06181818 -0.00583349 0.00465958
v -0.06000000 -0.00583349 0.00465958
v -0.05818182 -0.00583349 0.00465958
v -0.05636363 -0.00583349 0.00465958
v -0.05454545 -0.00583349 0.00465958
v -0.05272727 -0.00583349 0.00465958
v -0.05090909 -0.00583349 0.00465958
v -0.04909091 -0.00873043 0.00361117
v -0.04727273 -0.00873043 0.00361117
v -0.04545455 -0.00873043 0.00361117
v -0.04363636 -0.00873043 0.00361117
v -0.04181818 -0.00873043 0.00361117
v -0.04000000 -0.00873043 0.00361117
v -0.03818182 -0.00873043 0.00361117
v -0.03636364 -0.00873043 0.00361117
v -0.03454546 -0.00873043 0.00361117
v -0.04909091 -0.00742462 0.00418701
v -0.04727273 -0.00742462 0.00418701
v -0.04545455 -0.00742462 0.00418701
v -0.04363636 -0.00742462 0.00418701
v -0.04181818 -0.00742462 0.00418701
v -0.04000000 -0.00742462 0.00418701
v -0.03818182 -0.00742462 0.00418701
v -0.03636364 -0.00742462 0.00418701
v -0.03454546 -0.00742462 0.00418701
v -0.04909091 -0.00583349 0.00465958
v -0.04727273 -0.00583349 0.00465958
v -0.04545455 -0.00583349 0.00465958
v -0.04363636 -0.00583349 0.00465958
v -0.04181818 -0.00583349 0.00465958
v -0.04000000 -0.00583349 0.00465958
v -0.03818182 -0.00583349 0.00465958
v -0.03636364 -0.00583349 0.00465958
v -0.03454546 -0.00583349 0.00465958
v -0.06545454 -0.00401818 0.00501074
v -0.06363636 -0.00401818 0.00501074
v -0.06181818 -0.00401818 0.00501074
v -0.06000000 -0.00401818 0.00501074
v -0.05818182 -0.00401818 0.00501074
v -0.05636363 -0.00401818 0.00501074
v -0.05454545 -0.00401818 0.00501074
v -0.05272727 -0.00401818 0.00501074
v -0.05090909 -0.00401818 0.00501074
v -0.06545454 -0.00204845 0.00522698
v -0.06363636 -0.00204845 0.00522698
v -0.06181818 -0.00204845 0.00522698
v -0.06000000 -0.00204845 0.00522698
v -0.05818182 -0.00204845 0.00522698
v -0.05636363 -0.00204845 0.00522698
v -0.05454545 -0.00204845 0.00522698
v -0.05272727 -0.00204845 0.00522698
v -0.05090909 -0.00204845 0.00522698
v -0.04909091 -0.00401818 0.00501074
v -0.04727273 -0.00401818 0.00501074
v -0.04545455 -0.00401818 0.00501074
v -0.04363636 -0.00401818 0.00501074
v -0.04181818 -0.00401818 0.00501074
v -0.04000000 -0.00401818 0.00501074
v -0.03818182 -0.00401818 0.00501074
v -0.03636364 -0.00401818 0.00501074
v -0.03454546 -0.00401818 0.00501074
v -0.04909091 -0.00204845 0.00522698
v -0.04727273 -0.00204845 0.00522698
v -0.04545455 -0.00204845 0.00522698
v -0.04363636 -0.00204845 0.00522698
v -0.04181818 -0.00204845 0.00522698
v -0.04000000 -0.00204845 0.00522698
v -0.03818182 -0.00204845 0.00522698
v -0.03636364 -0.00204845 0.00522698
v -0.03454546 -0.00204845 0.00522698
v -0.03272727 -0.00742462 -0.00118701
v -0.03090909 -0.00742462 -0.00118701
v -0.02909091 -0.00742462 -0.00118701
v -0.02727273 -0.00742462 -0.00118701
v -0.03272727 -0.00583349 -0.00165958
v -0.03090909 -0.00583349 -0.00165958
v -0.02909091 -0.00583349 -0.00165958
v -0.02727273 -0.00583349 -0.00165958
v -0.02545455 -0.00742462 -0.00118701
v -0.02363636 -0.00742462 -0.00118701
v -0.02181818 -0.00742462 -0.00118701
v -0.02000000 -0.00742462 -0.00118701
v -0.01818182 -0.00742462 -0.00118701
v -0.02545455 -0.00583349 -0.00165958
v -0.02363636 -0.00583349 -0.00165958
v -0.02181818 -0.00583349 -0.00165958
v -0.02000000 -0.00583349 -0.00165958
v -0.01818182 -0.00583349 -0.00165958
v -0.01636364 -0.00742462 -0.00118701
v -0.01454545 -0.00742462 -0.00118701
v -0.01272727 -0.00742462 -0.00118701
v -0.01090909 -0.00742462 -0.00118701
v -0.01636364 -0.00583349 -0.00165958
v -0.01454545 -0.00583349 -0.00165958
v -0.01272727 -0.00583349 -0.00165958
v -0.01090909 -0.00583349 -0.00165958
v -0.00909091 -0.00742462 -0.00118701
v -0.00727273 -0.00742462 -0.00118701
v -0.00545455 -0.00742462 -0.00118701
v -0.00363636 -0.00742462 -0.00118701
v -0.00181818 -0.00742462 -0.00118701
v -0.00909091 -0.00583349 -0.00165958
v -0.00727273 -0.00583349 -0.00165958
v -0.00545455 -0.00583349 -0.00165958
v -0.00363636 -0.00583349 -0.00165958
v -0.00181818 -0.00583349 -0.00165958
v -0.03272727 -0.00873043 -0.00061117
v -0.03090909 -0.00873043 -0.00061117
v -0.02909091 -0.00873043 -0.00061117
v -0.02727273 -0.00873043 -0.00061117
v -0.03272727 -0.00970074 0.00004580
v -0.03090909 -0.00970074 0.00004580
v -0.02909091 -0.00970074 0.00004580
v -0.02727273 -0.00970074 0.00004580
v -0.02545455 -0.00873043 -0.00061117
v -0.02363636 -0.00873043 -0.00061117
v -0.02181818 -0.00873043 -0.00061117
v -0.02000000 -0.00873043 -0.00061117
v -0.01818182 -0.00873043 -0.00061117
v -0.02545455 -0.00970074 0.00004580
v -0.02363636 -0.00970074 0.00004580
v -0.02181818 -0.00970074 0.00004580
v -0.02000000 -0.00970074 0.00004580
v -0.01818182 -0.00970074 0.00004580
v -0.03272727 -0.01029825 0.00075866
v -0.03090909 -0.01029825 0.00075866
v -0.02909091 -0.01029825 0.00075866
v -0.02727273 -0.01029825 0.00075866
v -0.02545455 -0.01029825 0.00075866
v -0.02363636 -0.01029825 0.00075866
v -0.02181818 -0.01029825 0.00075866
v -0.02000000 -0.01029825 0.00075866
v -0.01818182 -0.01029825 0.00075866
v -0.01636364 -0.00873043 -0.00061117
v -0.01454545 -0.00873043 -0.00061117
v -0.01272727 -0.00873043 -0.00061117
v -0.01090909 -0.00873043 -0.00061117
v -0.01636364 -0.00970074 0.00004580
v -0.01454545 -0.00970074 0.00004580
v -0.01272727 -0.00970074 0.00004580
v -0.01090909 -0.00970074 0.00004580
v -0.00909091 -0.00873043 -0.00061117
v -0.00727273 -0.00873043 -0.00061117
v -0.00545455 -0.00873043 -0.00061117
v -0.00363636 -0.00873043 -0.00061117
v -0.00181818 -0.00873043 -0.00061117
v -0.00909091 -0.00970074 0.00004580
v -0.00727273 -0.00970074 0.00004580
v -0.00545455 -0.00970074 0.00004580
v -0.00363636 -0.00970074 0.00004580
v -0.00181818 -0.00970074 0.00004580
v -0.01636364 -0.01029825 0.00075866
v -0.01454545 -0.01029825 0.00075866
v -0.01272727 -0.01029825 0.00075866
v -0.01090909 -0.01029825 0.00075866
v -0.00909091 -0.01029825 0.00075866
v -0.00727273 -0.01029825 0.00075866
v -0.00545455 -0.01029825 0.00075866
v -0.00363636 -0.01029825 0.00075866
v -0.00181818 -0.01029825 0.00075866
v -0.03272727 -0.00401818 -0.00201074
v -0.03090909 -0.00401818 -0.00201074
v -0.02909091 -0.00401818 -0.00201074
v -0.02727273 -0.00401818 -0.00201074
v -0.02545455 -0.00401818 -0.00201074
v -0.02363636 -0.00401818 -0.00201074
v -0.02181818 -0.00401818 -0.00201074
v -0.02000000 -0.00401818 -0.00201074
v -0.01818182 -0.00401818 -0.00201074
v -0.03272727 -0.00204845 -0.00222698
v -0.03090909 -0.00204845 -0.00222698
v -0.02909091 -0.00204845 -0.00222698
v -0.02727273 -0.00204845 -0.00222698
v -0.03272727 -0.00000000 -0.00230000
v -0.03090909 -0.00000000 -0.00230000
v -0.02909091 -0.00000000 -0.00230000
v -0.02727273 -0.00000000 -0.00230000
v -0.02545455 -0.00204845 -0.00222698
v -0.02363636 -0.00204845 -0.00222698
v -0.02181818 -0.00204845 -0.00222698
v -0.02000000 -0.00204845 -0.00222698
v -0.01818182 -0.00204845 -0.00222698
v -0.02545455 -0.00000000 -0.00230000
v -0.02363636 -0.00000000 -0.00230000
v -0.02181818 -0.00000000 -0.00230000
v -0.02000000 -0.00000000 -0.00230000
v -0.01818182 -0.00000000 -0.00230000
v -0.01636364 -0.00401818 -0.00201074
v -0.01454545 -0.00401818 -0.00201074
v -0.01272727 -0.00401818 -0.00201074
v -0.01090909 -0.00401818 -0.00201074
v -0.00909091 -0.00401818 -0.00201074
v -0.00727273 -0.00401818 -0.00201074
v -0.00545455 -0.00401818 -0.00201074
v -0.00363636 -0.00401818 -0.00201074
v -0.00181818 -0.00401818 -0.00201074
v -0.01636364 -0.00204845 -0.00222698
v -0.01454545 -0.00204845 -0.00222698
v -0.01272727 -0.00204845 -0.00222698
v -0.01090909 -0.00204845 -0.00222698
v -0.01636364 -0.00000000 -0.00230000
v -0.01454545 -0.00000000 -0.00230000
v -0.01272727 -0.00000000 -0.00230000
v -0.01090909 -0.00000000 -0.00230000
v -0.00909091 -0.00204845 -0.00222698
v -0.00727273 -0.00204845 -0.00222698
v -0.00545455 -0.00204845 -0.00222698
v -0.00363636 -0.00204845 -0.00222698
v -0.00181818 -0.00204845 -0.00222698
v -0.00909091 -0.00000000 -0.00230000
v -0.00727273 -0.00000000 -0.00230000
v -0.00545455 -0.00000000 -0.00230000
v -0.00363636 -0.00000000 -0.00230000
v -0.00181818 -0.00000000 -0.00230000
v 0.00000000 -0.00742462 -0.00118701
v 0.00181818 -0.00742462 -0.00118701
v 0.00363636 -0.00742462 -0.00118701
v 0.00545455 -0.00742462 -0.00118701
v 0.00000000 -0.00583349 -0.00165958
v 0.00181818 -0.00583349 -0.00165958
v 0.00363636 -0.00583349 -0.00165958
v 0.00545455 -0.00583349 -0.00165958
v 0.00727273 -0.00742462 -0.00118701
v 0.00909091 -0.00742462 -0.00118701
v 0.01090909 -0.00742462 -0.00118701
v 0.01272727 -0.00742462 -0.00118701
v 0.01454545 -0.00742462 -0.00118701
v 0.00727273 -0.00583349 -0.00165958
v 0.00909091 -0.00583349 -0.00165958
v 0.01090909 -0.00583349 -0.00165958
v 0.01272727 -0.00583349 -0.00165958
v 0.01454545 -0.00583349 -0.00165958
v 0.01636364 -0.00742462 -0.00118701
v 0.01818182 -0.00742462 -0.00118701
v 0.02000000 -0.00742462 -0.00118701
v 0.02181818 -0.00742462 -0.00118701
v 0.01636364 -0.00583349 -0.00165958
v 0.01818182 -0.00583349 -0.00165958
v 0.02000000 -0.00583349 -0.00165958
v 0.02181818 -0.00583349 -0.00165958
v 0.02363636 -0.00742462 -0.00118701
v 0.02545455 -0.00741976 -0.00118369
v 0.02727273 -0.00731069 -0.00110802
v 0.02363636 -0.00583349 -0.00165958
v 0.02545455 -0.00582967 -0.00165612
v 0.02909091 -0.00707969 -0.00094357
v 0.00000000 -0.00873043 -0.00061117
v 0.00181818 -0.00873043 -0.00061117
v 0.00363636 -0.00873043 -0.00061117
v 0.00545455 -0.00873043 -0.00061117
v 0.00000000 -0.00970074 0.00004580
v 0.00181818 -0.00970074 0.00004580
v 0.00363636 -0.00970074 0.00004580
v 0.00545455 -0.00970074 0.00004580
v 0.00727273 -0.00873043 -0.00061117
v 0.00909091 -0.00873043 -0.00061117
v 0.01090909 -0.00873043 -0.00061117
v 0.01272727 -0.00873043 -0.00061117
v 0.01454545 -0.00873043 -0.00061117
v 0.00727273 -0.00970074 0.00004580
v 0.00909091 -0.00970074 0.00004580
v 0.01090909 -0.00970074 0.00004580
v 0.01272727 -0.00970074 0.00004580
v 0.01454545 -0.00970074 0.00004580
v 0.00000000 -0.01029825 0.00075866
v 0.00181818 -0.01029825 0.00075866
v 0.00363636 -0.01029825 0.00075866
v 0.00545455 -0.01029825 0.00075866
v 0.00727273 -0.01029825 0.00075866
v 0.00909091 -0.01029825 0.00075866
v 0.01090909 -0.01029825 0.00075866
v 0.01272727 -0.01029825 0.00075866
v 0.01454545 -0.01029825 0.00075866
v 0.01636364 -0.00873043 -0.00061117
v 0.01818182 -0.00873043 -0.00061117
v 0.02000000 -0.00873043 -0.00061117
v 0.02181818 -0.00873043 -0.00061117
v 0.01636364 -0.00970074 0.00004580
v 0.01818182 -0.00970074 0.00004580
v 0.02000000 -0.00970074 0.00004580
v 0.02181818 -0.00970074 0.00004580
v 0.02363636 -0.00873043 -0.00061117
v 0.02545455 -0.00872472 -0.00060804
v 0.02363636 -0.00970074 0.00004580
v 0.02545455 -0.00969439 0.00004872
v 0.02727273 -0.00955188 0.00011530
v 0.01636364 -0.01029825 0.00075866
v 0.01818182 -0.01029825 0.00075866
v 0.02000000 -0.01029825 0.00075866
v 0.02181818 -0.01029825 0.00075866
v 0.02363636 -0.01029825 0.00075866
v 0.02545455 -0.01029151 0.00076134
v 0.02909091 -0.00925006 0.00026024
v 0.03090909 -0.00882643 0.00047084
v 0.02727273 -0.01014022 0.00082266
v 0.02909091 -0.00981982 0.00095633
v 0.03090909 -0.00937009 0.00115084
v 0.02727273 -0.00859646 -0.00053661
v 0.02909091 -0.00832484 -0.00038127
v 0.03090909 -0.00794358 -0.00015585
v 0.03090909 -0.00675546 -0.00070514
v 0.00000000 -0.00401818 -0.00201074
v 0.00181818 -0.00401818 -0.00201074
v 0.00363636 -0.00401818 -0.00201074
v 0.00545455 -0.00401818 -0.00201074
v 0.00727273 -0.00401818 -0.00201074
v 0.00909091 -0.00401818 -0.00201074
v 0.01090909 -0.00401818 -0.00201074
v 0.01272727 -0.00401818 -0.00201074
v 0.01454545 -0.00401818 -0.00201074
v 0.00000000 -0.00204845 -0.00222698
v 0.00181818 -0.00204845 -0.00222698
v 0.00363636 -0.00204845 -0.00222698
v 0.00545455 -0.00204845 -0.00222698
v 0.00000000 -0.00000000 -0.00230000
v 0.00181818 -0.00000000 -0.00230000
v 0.00363636 -0.00000000 -0.00230000
v 0.00545455 -0.00000000 -0.00230000
v 0.00727273 -0.00204845 -0.00222698
v 0.00909091 -0.00204845 -0.00222698
v 0.01090909 -0.00204845 -0.00222698
v 0.01272727 -0.00204845 -0.00222698
v 0.01454545 -0.00204845 -0.00222698
v 0.00727273 -0.00000000 -0.00230000
v 0.00909091 -0.00000000 -0.00230000
v 0.01090909 -0.00000000 -0.00230000
v 0.01272727 -0.00000000 -0.00230000
v 0.01454545 -0.00000000 -0.00230000
v 0.01636364 -0.00401818 -0.00201074
v 0.01818182 -0.00401818 -0.00201074
v 0.02000000 -0.00401818 -0.00201074
v 0.02181818 -0.00401818 -0.00201074
v 0.02727273 -0.00574397 -0.00157696
v 0.02909091 -0.00556248 -0.00140503
v 0.03090909 -0.00530773 -0.00115594
v 0.02363636 -0.00401818 -0.00201074
v 0.02545455 -0.00401555 -0.00200716
v 0.02727273 -0.00395652 -0.00192541
v 0.02909091 -0.00383150 -0.00174793
v 0.03090909 -0.00365603 -0.00149091
v 0.01636364 -0.00204845 -0.00222698
v 0.01818182 -0.00204845 -0.00222698
v 0.02000000 -0.00204845 -0.00222698
v 0.02181818 -0.00204845 -0.00222698
v 0.01636364 -0.00000000 -0.00230000
v 0.01818182 -0.00000000 -0.00230000
v 0.02000000 -0.00000000 -0.00230000
v 0.02181818 -0.00000000 -0.00230000
v 0.02363636 -0.00204845 -0.00222698
v 0.02545455 -0.00204711 -0.00222333
v 0.02727273 -0.00201702 -0.00213999
v 0.02363636 -0.00000000 -0.00230000
v 0.02545455 -0.00000000 -0.00229632
v 0.02727273 -0.00000000 -0.00221244
v 0.02909091 -0.00195328 -0.00195908
v 0.03090909 -0.00186383 -0.00169718
v 0.02909091 -0.00000000 -0.00203038
v 0.03090909 -0.00000000 -0.00176684
v -0.03272727 -0.01050000 0.00150000
v -0.03090909 -0.01050000 0.00150000
v -0.02909091 -0.01050000 0.00150000
v -0.02727273 -0.01050000 0.00150000
v -0.03272727 -0.01029825 0.00224134
v -0.03090909 -0.01029825 0.00224134
v -0.02909091 -0.01029825 0.00224134
v -0.02727273 -0.01029825 0.00224134
v -0.02545455 -0.01050000 0.00150000
v -0.02363636 -0.01050000 0.00150000
v -0.02181818 -0.01050000 0.00150000
v -0.02000000 -0.01050000 0.00150000
v -0.01818182 -0.01050000 0.00150000
v -0.02545455 -0.01029825 0.00224134
v -0.02363636 -0.01029825 0.00224134
v -0.02181818 -0.01029825 0.00224134
v -0.02000000 -0.01029825 0.00224134
v -0.01818182 -0.01029825 0.00224134
v -0.03272727 -0.00970074 0.00295420
v -0.03090909 -0.00970074 0.00295420
v -0.02909091 -0.00970074 0.00295420
v -0.02727273 -0.00970074 0.00295420
v -0.02545455 -0.00970074 0.00295420
v -0.02363636 -0.00970074 0.00295420
v -0.02181818 -0.00970074 0.00295420
v -0.02000000 -0.00970074 0.00295420
v -0.01818182 -0.00970074 0.00295420
v -0.01636364 -0.01050000 0.00150000
v -0.01454545 -0.01050000 0.00150000
v -0.01272727 -0.01050000 0.00150000
v -0.01090909 -0.01050000 0.00150000
v -0.01636364 -0.01029825 0.00224134
v -0.01454545 -0.01029825 0.00224134
v -0.01272727 -0.01029825 0.00224134
v -0.01090909 -0.01029825 0.00224134
v -0.00909091 -0.01050000 0.00150000
v -0.00727273 -0.01050000 0.00150000
v -0.00545455 -0.01050000 0.00150000
v -0.00363636 -0.01050000 0.00150000
v -0.00181818 -0.01050000 0.00150000
v -0.00909091 -0.01029825 0.00224134
v -0.00727273 -0.01029825 0.00224134
v -0.00545455 -0.01029825 0.00224134
v -0.00363636 -0.01029825 0.00224134
v -0.00181818 -0.01029825 0.00224134
v -0.01636364 -0.00970074 0.00295420
v -0.01454545 -0.00970074 0.00295420
v -0.01272727 -0.00970074 0.00295420
v -0.01090909 -0.00970074 0.00295420
v -0.00909091 -0.00970074 0.00295420
v -0.00727273 -0.00970074 0.00295420
v -0.00545455 -0.00970074 0.00295420
v -0.00363636 -0.00970074 0.00295420
v -0.00181818 -0.00970074 0.00295420
v -0.03272727 -0.00873043 0.00361117
v -0.03090909 -0.00873043 0.00361117
v -0.02909091 -0.00873043 0.00361117
v -0.02727273 -0.00873043 0.00361117
v -0.02545455 -0.00873043 0.00361117
v -0.02363636 -0.00873043 0.00361117
v -0.02181818 -0.00873043 0.00361117
v -0.02000000 -0.00873043 0.00361117
v -0.01818182 -0.00873043 0.00361117
v -0.03272727 -0.00742462 0.00418701
v -0.03090909 -0.00742462 0.00418701
v -0.02909091 -0.00742462 0.00418701
v -0.02727273 -0.00742462 0.00418701
v -0.02545455 -0.00742462 0.00418701
v -0.02363636 -0.00742462 0.00418701
v -0.02181818 -0.00742462 0.00418701
v -0.02000000 -0.00742462 0.00418701
v -0.01818182 -0.00742462 0.00418701
v -0.03272727 -0.00583349 0.00465958
v -0.03090909 -0.00583349 0.00465958
v -0.02909091 -0.00583349 0.00465958
v -0.02727273 -0.00583349 0.00465958
v -0.02545455 -0.00583349 0.00465958
v -0.02363636 -0.00583349 0.00465958
v -0.02181818 -0.00583349 0.00465958
v -0.02000000 -0.00583349 0.00465958
v -0.01818182 -0.00583349 0.00465958
v -0.01636364 -0.00873043 0.00361117
v -0.01454545 -0.00873043 0.00361117
v -0.01272727 -0.00873043 0.00361117
v -0.01090909 -0.00873043 0.00361117
v -0.00909091 -0.00873043 0.00361117
v -0.00727273 -0.00873043 0.00361117
v -0.00545455 -0.00873043 0.00361117
v -0.00363636 -0.00873043 0.00361117
v -0.00181818 -0.00873043 0.00361117
v -0.01636364 -0.00742462 0.00418701
v -0.01454545 -0.00742462 0.00418701
v -0.01272727 -0.00742462 0.00418701
v -0.01090909 -0.00742462 0.00418701
v -0.00909091 -0.00742462 0.00418701
v -0.00727273 -0.00742462 0.00418701
v -0.00545455 -0.00742462 0.00418701
v -0.00363636 -0.00742462 0.00418701
v -0.00181818 -0.00742462 0.00418701
v -0.01636364 -0.00583349 0.00465958
v -0.01454545 -0.00583349 0.00465958
v -0.01272727 -0.00583349 0.00465958
v -0.01090909 -0.00583349 0.00465958
v -0.00909091 -0.00583349 0.00465958
v -0.00727273 -0.00583349 0.00465958
v -0.00545455 -0.00583349 0.00465958
v -0.00363636 -0.00583349 0.00465958
v -0.00181818 -0.00583349 0.00465958
v -0.03272727 -0.00401818 0.00501074
v -0.03090909 -0.00401818 0.00501074
v -0.02909091 -0.00401818 0.00501074
v -0.02727273 -0.00401818 0.00501074
v -0.02545455 -0.00401818 0.00501074
v -0.02363636 -0.00401818 0.00501074
v -0.02181818 -0.00401818 0.00501074
v -0.02000000 -0.00401818 0.00501074
v -0.01818182 -0.00401818 0.00501074
v -0.03272727 -0.00204845 0.00522698
v -0.03090909 -0.00204845 0.00522698
v -0.02909091 -0.00204845 0.00522698
v -0.02727273 -0.00204845 0.00522698
v -0.02545455 -0.00204845 0.00522698
v -0.02363636 -0.00204845 0.00522698
v -0.02181818 -0.00204845 0.00522698
v -0.02000000 -0.00204845 0.00522698
v -0.01818182 -0.00204845 0.00522698
v -0.01636364 -0.00401818 0.00501074
v -0.01454545 -0.00401818 0.00501074
v -0.01272727 -0.00401818 0.00501074
v -0.01090909 -0.00401818 0.00501074
v -0.00909091 -0.00401818 0.00501074
v -0.00727273 -0.00401818 0.00501074
v -0.00545455 -0.00401818 0.00501074
v -0.00363636 -0.00401818 0.00501074
v -0.00181818 -0.00401818 0.00501074
v -0.01636364 -0.00204845 0.00522698
v -0.01454545 -0.00204845 0.00522698
v -0.01272727 -0.00204845 0.00522698
v -0.01090909 -0.00204845 0.00522698
v -0.00909091 -0.00204845 0.00522698
v -0.00727273 -0.00204845 0.00522698
v -0.00545455 -0.00204845 0.00522698
v -0.00363636 -0.00204845 0.00522698
v -0.00181818 -0.00204845 0.00522698
v 0.00000000 -0.01050000 0.00150000
v 0.00181818 -0.01050000 0.00150000
v 0.00363636 -0.01050000 0.00150000
v 0.00545455 -0.01050000 0.00150000
v 0.00000000 -0.01029825 0.00224134
v 0.00181818 -0.01029825 0.00224134
v 0.00363636 -0.01029825 0.00224134
v 0.00545455 -0.01029825 0.00224134
v 0.00727273 -0.01050000 0.00150000
v 0.00909091 -0.01050000 0.00150000
v 0.01090909 -0.01050000 0.00150000
v 0.01272727 -0.01050000 0.00150000
v 0.01454545 -0.01050000 0.00150000
v 0.00727273 -0.01029825 0.00224134
v 0.00909091 -0.01029825 0.00224134
v 0.01090909 -0.01029825 0.00224134
v 0.01272727 -0.01029825 0.00224134
v 0.01454545 -0.01029825 0.00224134
v 0.00000000 -0.00970074 0.00295420
v 0.00181818 -0.00970074 0.00295420
v 0.00363636 -0.00970074 0.00295420
v 0.00545455 -0.00970074 0.00295420
v 0.00727273 -0.00970074 0.00295420
v 0.00909091 -0.00970074 0.00295420
v 0.01090909 -0.00970074 0.00295420
v 0.01272727 -0.00970074 0.00295420
v 0.01454545 -0.00970074 0.00295420
v 0.01636364 -0.01050000 0.00150000
v 0.01818182 -0.01050000 0.00150000
v 0.02000000 -0.01050000 0.00150000
v 0.02181818 -0.01050000 0.00150000
v 0.01636364 -0.01029825 0.00224134
v 0.01818182 -0.01029825 0.00224134
v 0.02000000 -0.01029825 0.00224134
v 0.02181818 -0.01029825 0.00224134
v 0.02363636 -0.01050000 0.00150000
v 0.02545455 -0.01049313 0.00150244
v 0.02727273 -0.01033888 0.00155830
v 0.02363636 -0.01029825 0.00224134
v 0.02545455 -0.01029151 0.00224354
v 0.02909091 -0.01001220 0.00168024
v 0.03090909 -0.00955366 0.00185801
v 0.02727273 -0.01014022 0.00229393
v 0.02909091 -0.00981982 0.00240414
v 0.01636364 -0.00970074 0.00295420
v 0.01818182 -0.00970074 0.00295420
v 0.02000000 -0.00970074 0.00295420
v 0.02181818 -0.00970074 0.00295420
v 0.02363636 -0.00970074 0.00295420
v 0.02545455 -0.00969439 0.00295616
v 0.03090909 -0.00937009 0.00256518
v 0.02727273 -0.00955188 0.00300129
v 0.02909091 -0.00925006 0.00310023
v 0.03090909 -0.00882643 0.00324518
v 0.00000000 -0.00873043 0.00361117
v 0.00181818 -0.00873043 0.00361117
v 0.00363636 -0.00873043 0.00361117
v 0.00545455 -0.00873043 0.00361117
v 0.00727273 -0.00873043 0.00361117
v 0.00909091 -0.00873043 0.00361117
v 0.01090909 -0.00873043 0.00361117
v 0.01272727 -0.00873043 0.00361117
v 0.01454545 -0.00873043 0.00361117
v 0.00000000 -0.00742462 0.00418701
v 0.00181818 -0.00742462 0.00418701
v 0.00363636 -0.00742462 0.00418701
v 0.00545455 -0.00742462 0.00418701
v 0.00727273 -0.00742462 0.00418701
v 0.00909091 -0.00742462 0.00418701
v 0.01090909 -0.00742462 0.00418701
v 0.01272727 -0.00742462 0.00418701
v 0.01454545 -0.00742462 0.00418701
v 0.00000000 -0.00583349 0.00465958
v 0.00181818 -0.00583349 0.00465958
v 0.00363636 -0.00583349 0.00465958
v 0.00545455 -0.00583349 0.00465958
v 0.00727273 -0.00583349 0.00465958
v 0.00909091 -0.00583349 0.00465958
v 0.01090909 -0.00583349 0.00465958
v 0.01272727 -0.00583349 0.00465958
v 0.01454545 -0.00583349 0.00465958
v 0.01636364 -0.00873043 0.00361117
v 0.01818182 -0.00873043 0.00361117
v 0.02000000 -0.00873043 0.00361117
v 0.02181818 -0.00873043 0.00361117
v 0.02363636 -0.00873043 0.00361117
v 0.02545455 -0.00872472 0.00361292
v 0.01636364 -0.00742462 0.00418701
v 0.01818182 -0.00742462 0.00418701
v 0.02000000 -0.00742462 0.00418701
v 0.02181818 -0.00742462 0.00418701
v 0.02727273 -0.00859646 0.00365320
v 0.02909091 -0.00832484 0.00374174
v 0.03090909 -0.00794358 0.00387187
v 0.02363636 -0.00742462 0.00418701
v 0.02545455 -0.00741976 0.00418857
v 0.02727273 -0.00731069 0.00422461
v 0.02909091 -0.00707969 0.00430404
v 0.03090909 -0.00675546 0.00442116
v 0.01636364 -0.00583349 0.00465958
v 0.01818182 -0.00583349 0.00465958
v 0.02000000 -0.00583349 0.00465958
v 0.02181818 -0.00583349 0.00465958
v 0.02363636 -0.00583349 0.00465958
v 0.02545455 -0.00582967 0.00466099
v 0.00000000 -0.00401818 0.00501074
v 0.00181818 -0.00401818 0.00501074
v 0.00363636 -0.00401818 0.00501074
v 0.00545455 -0.00401818 0.00501074
v 0.00727273 -0.00401818 0.00501074
v 0.00909091 -0.00401818 0.00501074
v 0.01090909 -0.00401818 0.00501074
v 0.01272727 -0.00401818 0.00501074
v 0.01454545 -0.00401818 0.00501074
v 0.00000000 -0.00204845 0.00522698
v 0.00181818 -0.00204845 0.00522698
v 0.00363636 -0.00204845 0.00522698
v 0.00545455 -0.00204845 0.00522698
v 0.00727273 -0.00204845 0.00522698
v 0.00909091 -0.00204845 0.00522698
v 0.01090909 -0.00204845 0.00522698
v 0.01272727 -0.00204845 0.00522698
v 0.01454545 -0.00204845 0.00522698
v 0.01636364 -0.00401818 0.00501074
v 0.01818182 -0.00401818 0.00501074
v 0.02000000 -0.00401818 0.00501074
v 0.02181818 -0.00401818 0.00501074
v 0.02727273 -0.00574397 0.00469355
v 0.02909091 -0.00556248 0.00476550
v 0.03090909 -0.00530773 0.00487196
v 0.02363636 -0.00401818 0.00501074
v 0.02545455 -0.00401555 0.00501204
v 0.02727273 -0.00395652 0.00504200
v 0.02909091 -0.00383150 0.00510840
v 0.03090909 -0.00365603 0.00520693
v 0.01636364 -0.00204845 0.00522698
v 0.01818182 -0.00204845 0.00522698
v 0.02000000 -0.00204845 0.00522698
v 0.02181818 -0.00204845 0.00522698
v 0.02363636 -0.00204845 0.00522698
v 0.02545455 -0.00204711 0.00522821
v 0.02727273 -0.00201702 0.00525658
v 0.02909091 -0.00195328 0.00531955
v 0.03090909 -0.00186383 0.00541321
v -0.09636363 -0.00000000 -0.00293524
v -0.09636363 0.00132165 -0.00287884
v -0.09454545 -0.00000000 -0.00311593
v -0.09272727 -0.00000000 -0.00315191
v -0.09818182 -0.00000000 -0.00205244
v -0.09636363 0.00259251 -0.00271181
v -0.09454545 0.00148738 -0.00305538
v -0.09272727 0.00162199 -0.00308822
v -0.09090909 -0.00000000 -0.00309282
v -0.08909091 -0.00000000 -0.00296650
v -0.09090909 0.00173741 -0.00302650
v -0.08909091 0.00183403 -0.00289802
v -0.08727273 0.00191224 -0.00273056
v -0.08545455 0.00197240 -0.00255194
v -0.08363637 0.00201490 -0.00238994
v -0.09818182 0.00083059 -0.00201300
v -0.09818182 0.00162927 -0.00189621
v -0.09818182 0.00236533 -0.00170654
v -0.09454545 0.00291760 -0.00287608
v -0.09272727 0.00318164 -0.00289961
v -0.09636363 0.00376373 -0.00244056
v -0.09454545 0.00423570 -0.00258491
v -0.09636363 0.00479033 -0.00207553
v -0.09272727 0.00461902 -0.00259331
v -0.09454545 0.00539103 -0.00219306
v -0.09090909 0.00340805 -0.00283007
v -0.08909091 0.00359759 -0.00269520
v -0.08727273 0.00375099 -0.00252270
v -0.08545455 0.00386900 -0.00234029
v -0.08363637 0.00395237 -0.00217569
v -0.09090909 0.00494772 -0.00251110
v -0.08909091 0.00522288 -0.00236585
v -0.08727273 0.00544559 -0.00218515
v -0.09818182 0.00301049 -0.00145130
v -0.09818182 0.00353996 -0.00114028
v -0.09636363 0.00563283 -0.00163073
v -0.08545455 0.00561692 -0.00199659
v -0.08363637 0.00573796 -0.00182776
v -0.08181818 0.00204013 -0.00227236
v -0.08000000 0.00204845 -0.00222698
v -0.07818182 0.00204845 -0.00222698
v -0.07636364 0.00204845 -0.00222698
v -0.07454546 0.00204845 -0.00222698
v -0.07272727 0.00204845 -0.00222698
v -0.07090909 0.00204845 -0.00222698
v -0.06909091 0.00204845 -0.00222698
v -0.06727273 0.00204845 -0.00222698
v -0.08181818 0.00400185 -0.00205660
v -0.08000000 0.00401818 -0.00201074
v -0.07818182 0.00401818 -0.00201074
v -0.07636364 0.00401818 -0.00201074
v -0.07454546 0.00401818 -0.00201074
v -0.07272727 0.00401818 -0.00201074
v -0.07090909 0.00401818 -0.00201074
v -0.06909091 0.00401818 -0.00201074
v -0.06727273 0.00401818 -0.00201074
v -0.10000000 -0.00000000 -0.00080000
v -0.10000000 0.00015607 -0.00078463
v -0.10000000 0.00030615 -0.00073910
v -0.10000000 0.00044446 -0.00066518
v -0.10000000 0.00056569 -0.00056569
v -0.10000000 0.00066518 -0.00044446
v -0.10000000 0.00000000 0.00000000
v -0.10000000 0.00073910 -0.00030615
v -0.10000000 0.00078463 -0.00015607
v -0.10000000 0.00080000 0.00000000
v -0.10000000 0.00078463 0.00015607
v -0.10000000 0.00066518 0.00044446
v -0.10000000 0.00030615 0.00073910
v -0.10000000 0.00056569 0.00056569
v -0.10000000 0.00044446 0.00066518
v -0.10000000 0.00073910 0.00030615
v -0.10000000 0.00000000 0.00080000
v -0.10000000 0.00015607 0.00078463
v -0.09818182 0.00393340 -0.00078544
v -0.09818182 0.00417567 -0.00040041
v -0.09818182 0.00425748 0.00000000
v -0.09818182 0.00417567 0.00040041
v -0.09818182 0.00353996 0.00114028
v -0.09818182 0.00393340 0.00078544
v -0.09272727 0.00587890 -0.00218111
v -0.09090909 0.00629726 -0.00208183
v -0.09454545 0.00633918 -0.00171559
v -0.09272727 0.00691286 -0.00167884
v -0.09636363 0.00625886 -0.00112327
v -0.09454545 0.00704372 -0.00117085
v -0.09272727 0.00768116 -0.00110581
v -0.08909091 0.00664747 -0.00192262
v -0.08727273 0.00693092 -0.00173089
v -0.08545455 0.00714898 -0.00153405
v -0.09090909 0.00740479 -0.00155876
v -0.08909091 0.00781660 -0.00138253
v -0.09090909 0.00822776 -0.00096199
v -0.08363637 0.00730303 -0.00135952
v -0.08727273 0.00814990 -0.00117736
v -0.08545455 0.00840631 -0.00097045
v -0.08181818 0.00580978 -0.00170622
v -0.08000000 0.00583349 -0.00165958
v -0.07818182 0.00583349 -0.00165958
v -0.07636364 0.00583349 -0.00165958
v -0.08181818 0.00739445 -0.00123470
v -0.08000000 0.00742462 -0.00118701
v -0.07818182 0.00742462 -0.00118701
v -0.07636364 0.00742462 -0.00118701
v -0.07454546 0.00583349 -0.00165958
v -0.07272727 0.00583349 -0.00165958
v -0.07090909 0.00583349 -0.00165958
v -0.06909091 0.00583349 -0.00165958
v -0.06727273 0.00583349 -0.00165958
v -0.07454546 0.00742462 -0.00118701
v -0.07272727 0.00742462 -0.00118701
v -0.07090909 0.00742462 -0.00118701
v -0.06909091 0.00742462 -0.00118701
v -0.06727273 0.00742462 -0.00118701
v -0.09636363 0.00664437 -0.00057264
v -0.09636363 0.00677454 0.00000000
v -0.09454545 0.00747757 -0.00057977
v -0.09272727 0.00815427 -0.00048403
v -0.09454545 0.00762406 0.00003494
v -0.09272727 0.00831402 0.00016260
v -0.08909091 0.00868534 -0.00076636
v -0.08363637 0.00858746 -0.00078898
v -0.09636363 0.00664437 0.00057264
v -0.09636363 0.00625886 0.00112327
v -0.09454545 0.00704372 0.00124072
v -0.09454545 0.00747757 0.00064964
v -0.09272727 0.00815427 0.00080923
v -0.08727273 0.00905568 -0.00054585
v -0.09090909 0.00873455 -0.00031447
v -0.08909091 0.00922031 -0.00009777
v -0.08545455 0.00934059 -0.00032743
v -0.08363637 0.00954187 -0.00013805
v -0.08727273 0.00961346 0.00013938
v -0.09090909 0.00890567 0.00035894
v -0.08909091 0.00940094 0.00059754
v -0.08545455 0.00991592 0.00037028
v -0.08363637 0.01012960 0.00056825
v -0.09090909 0.00873455 0.00103235
v -0.08909091 0.00922031 0.00129285
v -0.08727273 0.00980180 0.00085199
v -0.08545455 0.01011018 0.00109587
v -0.08363637 0.01032805 0.00130278
v -0.08181818 0.00869496 -0.00066015
v -0.08000000 0.00873043 -0.00061117
v -0.07818182 0.00873043 -0.00061117
v -0.07636364 0.00873043 -0.00061117
v -0.08181818 0.00966132 -0.00000465
v -0.08000000 0.00970074 0.00004580
v -0.07818182 0.00970074 0.00004580
v -0.07636364 0.00970074 0.00004580
v -0.07454546 0.00873043 -0.00061117
v -0.07272727 0.00873043 -0.00061117
v -0.07090909 0.00873043 -0.00061117
v -0.06909091 0.00873043 -0.00061117
v -0.06727273 0.00873043 -0.00061117
v -0.07454546 0.00970074 0.00004580
v -0.07272727 0.00970074 0.00004580
v -0.07090909 0.00970074 0.00004580
v -0.06909091 0.00970074 0.00004580
v -0.06727273 0.00970074 0.00004580
v -0.08181818 0.01025640 0.00070661
v -0.08000000 0.01029825 0.00075866
v -0.07818182 0.01029825 0.00075866
v -0.07636364 0.01029825 0.00075866
v -0.07454546 0.01029825 0.00075866
v -0.07272727 0.01029825 0.00075866
v -0.07090909 0.01029825 0.00075866
v -0.06909091 0.01029825 0.00075866
v -0.06727273 0.01029825 0.00075866
v -0.06545454 0.00204845 -0.00222698
v -0.06363636 0.00204845 -0.00222698
v -0.06181818 0.00204845 -0.00222698
v -0.06000000 0.00204845 -0.00222698
v -0.05818182 0.00204845 -0.00222698
v -0.05636363 0.00204845 -0.00222698
v -0.05454545 0.00204845 -0.00222698
v -0.05272727 0.00204845 -0.00222698
v -0.05090909 0.00204845 -0.00222698
v -0.06545454 0.00401818 -0.00201074
v -0.06363636 0.00401818 -0.00201074
v -0.06181818 0.00401818 -0.00201074
v -0.06000000 0.00401818 -0.00201074
v -0.05818182 0.00401818 -0.00201074
v -0.05636363 0.00401818 -0.00201074
v -0.05454545 0.00401818 -0.00201074
v -0.05272727 0.00401818 -0.00201074
v -0.05090909 0.00401818 -0.00201074
v -0.04909091 0.00204845 -0.00222698
v -0.04727273 0.00204845 -0.00222698
v -0.04545455 0.00204845 -0.00222698
v -0.04363636 0.00204845 -0.00222698
v -0.04181818 0.00204845 -0.00222698
v -0.04000000 0.00204845 -0.00222698
v -0.03818182 0.00204845 -0.00222698
v -0.03636364 0.00204845 -0.00222698
v -0.03454546 0.00204845 -0.00222698
v -0.04909091 0.00401818 -0.00201074
v -0.04727273 0.00401818 -0.00201074
v -0.04545455 0.00401818 -0.00201074
v -0.04363636 0.00401818 -0.00201074
v -0.04181818 0.00401818 -0.00201074
v -0.04000000 0.00401818 -0.00201074
v -0.03818182 0.00401818 -0.00201074
v -0.03636364 0.00401818 -0.00201074
v -0.03454546 0.00401818 -0.00201074
v -0.06545454 0.00583349 -0.00165958
v -0.06363636 0.00583349 -0.00165958
v -0.06181818 0.00583349 -0.00165958
v -0.06000000 0.00583349 -0.00165958
v -0.06545454 0.00742462 -0.00118701
v -0.06363636 0.00742462 -0.00118701
v -0.06181818 0.00742462 -0.00118701
v -0.06000000 0.00742462 -0.00118701
v -0.05818182 0.00583349 -0.00165958
v -0.05636363 0.00583349 -0.00165958
v -0.05454545 0.00583349 -0.00165958
v -0.05272727 0.00583349 -0.00165958
v -0.05090909 0.00583349 -0.00165958
v -0.05818182 0.00742462 -0.00118701
v -0.05636363 0.00742462 -0.00118701
v -0.05454545 0.00742462 -0.00118701
v -0.05272727 0.00742462 -0.00118701
v -0.05090909 0.00742462 -0.00118701
v -0.04909091 0.00583349 -0.00165958
v -0.04727273 0.00583349 -0.00165958
v -0.04545455 0.00583349 -0.00165958
v -0.04363636 0.00583349 -0.00165958
v -0.04909091 0.00742462 -0.00118701
v -0.04727273 0.00742462 -0.00118701
v -0.04545455 0.00742462 -0.00118701
v -0.04363636 0.00742462 -0.00118701
v -0.04181818 0.00583349 -0.00165958
v -0.04000000 0.00583349 -0.00165958
v -0.03818182 0.00583349 -0.00165958
v -0.03636364 0.00583349 -0.00165958
v -0.03454546 0.00583349 -0.00165958
v -0.04181818 0.00742462 -0.00118701
v -0.04000000 0.00742462 -0.00118701
v -0.03818182 0.00742462 -0.00118701
v -0.03636364 0.00742462 -0.00118701
v -0.03454546 0.00742462 -0.00118701
v -0.06545454 0.00873043 -0.00061117
v -0.06363636 0.00873043 -0.00061117
v -0.06181818 0.00873043 -0.00061117
v -0.06000000 0.00873043 -0.00061117
v -0.06545454 0.00970074 0.00004580
v -0.06363636 0.00970074 0.00004580
v -0.06181818 0.00970074 0.00004580
v -0.06000000 0.00970074 0.00004580
v -0.05818182 0.00873043 -0.00061117
v -0.05636363 0.00873043 -0.00061117
v -0.05454545 0.00873043 -0.00061117
v -0.05272727 0.00873043 -0.00061117
v -0.05090909 0.00873043 -0.00061117
v -0.05818182 0.00970074 0.00004580
v -0.05636363 0.00970074 0.00004580
v -0.05454545 0.00970074 0.00004580
v -0.05272727 0.00970074 0.00004580
v -0.05090909 0.00970074 0.00004580
v -0.06545454 0.01029825 0.00075866
v -0.06363636 0.01029825 0.00075866
v -0.06181818 0.01029825 0.00075866
v -0.06000000 0.01029825 0.00075866
v -0.05818182 0.01029825 0.00075866
v -0.05636363 0.01029825 0.00075866
v -0.05454545 0.01029825 0.00075866
v -0.05272727 0.01029825 0.00075866
v -0.05090909 0.01029825 0.00075866
v -0.04909091 0.00873043 -0.00061117
v -0.04727273 0.00873043 -0.00061117
v -0.04545455 0.00873043 -0.00061117
v -0.04363636 0.00873043 -0.00061117
v -0.04909091 0.00970074 0.00004580
v -0.04727273 0.00970074 0.00004580
v -0.04545455 0.00970074 0.00004580
v -0.04363636 0.00970074 0.00004580
v -0.04181818 0.00873043 -0.00061117
v -0.04000000 0.00873043 -0.00061117
v -0.03818182 0.00873043 -0.00061117
v -0.03636364 0.00873043 -0.00061117
v -0.03454546 0.00873043 -0.00061117
v -0.04181818 0.00970074 0.00004580
v -0.04000000 0.00970074 0.00004580
v -0.03818182 0.00970074 0.00004580
v -0.03636364 0.00970074 0.00004580
v -0.03454546 0.00970074 0.00004580
v -0.04909091 0.01029825 0.00075866
v -0.04727273 0.01029825 0.00075866
v -0.04545455 0.01029825 0.00075866
v -0.04363636 0.01029825 0.00075866
v -0.04181818 0.01029825 0.00075866
v -0.04000000 0.01029825 0.00075866
v -0.03818182 0.01029825 0.00075866
v -0.03636364 0.01029825 0.00075866
v -0.03454546 0.01029825 0.00075866
v -0.09818182 0.00000000 0.00205244
v -0.09818182 0.00083059 0.00201300
v -0.09818182 0.00236533 0.00170654
v -0.09818182 0.00162927 0.00189621
v -0.09636363 0.00000000 0.00293524
v -0.09636363 0.00132165 0.00287884
v -0.09454545 0.00000000 0.00318580
v -0.09272727 0.00000000 0.00347711
v -0.09636363 0.00259251 0.00271181
v -0.09454545 0.00148738 0.00312526
v -0.09272727 0.00162199 0.00341342
v -0.09818182 0.00301049 0.00145130
v -0.09636363 0.00563283 0.00163073
v -0.09636363 0.00479033 0.00207553
v -0.09454545 0.00539103 0.00226293
v -0.09636363 0.00376373 0.00244056
v -0.09454545 0.00291760 0.00294595
v -0.09454545 0.00423570 0.00265478
v -0.09272727 0.00318164 0.00322481
v -0.09272727 0.00461902 0.00291852
v -0.09090909 0.00494772 0.00322898
v -0.09090909 0.00000000 0.00381071
v -0.08909091 0.00000000 0.00416158
v -0.08727273 0.00000000 0.00450473
v -0.09090909 0.00173741 0.00374438
v -0.08909091 0.00183403 0.00409310
v -0.08727273 0.00191224 0.00443455
v -0.08545455 0.00000000 0.00481516
v -0.08363637 0.00000000 0.00506784
v -0.08545455 0.00197240 0.00474369
v -0.08363637 0.00201490 0.00499550
v -0.09090909 0.00340805 0.00354796
v -0.08909091 0.00359759 0.00389029
v -0.08727273 0.00375099 0.00422669
v -0.08545455 0.00386900 0.00453204
v -0.08909091 0.00522288 0.00356093
v -0.08727273 0.00544559 0.00388914
v -0.08545455 0.00561692 0.00418834
v -0.08363637 0.00573796 0.00443332
v -0.08363637 0.00395237 0.00478125
v -0.08181818 0.00000000 0.00523779
v -0.08000000 0.00000000 0.00530000
v -0.07818182 0.00000000 0.00530000
v -0.07636364 0.00000000 0.00530000
v -0.08181818 0.00204013 0.00516494
v -0.08000000 0.00204845 0.00522698
v -0.07818182 0.00204845 0.00522698
v -0.07636364 0.00204845 0.00522698
v -0.07454546 0.00000000 0.00530000
v -0.07272727 0.00000000 0.00530000
v -0.07090909 0.00000000 0.00530000
v -0.06909091 0.00000000 0.00530000
v -0.06727273 0.00000000 0.00530000
v -0.07454546 0.00204845 0.00522698
v -0.07272727 0.00204845 0.00522698
v -0.07090909 0.00204845 0.00522698
v -0.06909091 0.00204845 0.00522698
v -0.06727273 0.00204845 0.00522698
v -0.08181818 0.00400185 0.00494918
v -0.08000000 0.00401818 0.00501074
v -0.07818182 0.00401818 0.00501074
v -0.07636364 0.00401818 0.00501074
v -0.07454546 0.00401818 0.00501074
v -0.07272727 0.00401818 0.00501074
v -0.07090909 0.00401818 0.00501074
v -0.06909091 0.00401818 0.00501074
v -0.06727273 0.00401818 0.00501074
v -0.09454545 0.00633918 0.00178546
v -0.09272727 0.00691286 0.00200404
v -0.09272727 0.00768116 0.00143101
v -0.09090909 0.00822776 0.00167987
v -0.09090909 0.00740479 0.00227664
v -0.08909091 0.00868534 0.00196144
v -0.09272727 0.00587890 0.00250631
v -0.09090909 0.00629726 0.00279971
v -0.08909091 0.00664747 0.00311770
v -0.08727273 0.00693092 0.00343487
v -0.08909091 0.00781660 0.00257762
v -0.08727273 0.00814990 0.00288135
v -0.08545455 0.00840631 0.00316220
v -0.08363637 0.00858746 0.00339454
v -0.08727273 0.00961346 0.00156461
v -0.08545455 0.00991592 0.00182147
v -0.08727273 0.00905568 0.00224984
v -0.08363637 0.01012960 0.00203731
v -0.08545455 0.00934059 0.00251918
v -0.08363637 0.00954187 0.00274361
v -0.08181818 0.01045734 0.00144629
v -0.08000000 0.01050000 0.00150000
v -0.07818182 0.01050000 0.00150000
v -0.07636364 0.01050000 0.00150000
v -0.08181818 0.01025640 0.00218598
v -0.08000000 0.01029825 0.00224134
v -0.07818182 0.01029825 0.00224134
v -0.07636364 0.01029825 0.00224134
v -0.07454546 0.01050000 0.00150000
v -0.07272727 0.01050000 0.00150000
v -0.07090909 0.01050000 0.00150000
v -0.06909091 0.01050000 0.00150000
v -0.06727273 0.01050000 0.00150000
v -0.07454546 0.01029825 0.00224134
v -0.07272727 0.01029825 0.00224134
v -0.07090909 0.01029825 0.00224134
v -0.06909091 0.01029825 0.00224134
v -0.06727273 0.01029825 0.00224134
v -0.08181818 0.00966132 0.00289724
v -0.08000000 0.00970074 0.00295420
v -0.07818182 0.00970074 0.00295420
v -0.07636364 0.00970074 0.00295420
v -0.07454546 0.00970074 0.00295420
v -0.07272727 0.00970074 0.00295420
v -0.07090909 0.00970074 0.00295420
v -0.06909091 0.00970074 0.00295420
v -0.06727273 0.00970074 0.00295420
v -0.08545455 0.00714898 0.00372580
v -0.08363637 0.00730303 0.00396508
v -0.08181818 0.00580978 0.00459881
v -0.08181818 0.00869496 0.00355274
v -0.08181818 0.00739445 0.00412729
v -0.08000000 0.00742462 0.00418701
v -0.07818182 0.00742462 0.00418701
v -0.07636364 0.00742462 0.00418701
v -0.07454546 0.00742462 0.00418701
v -0.07272727 0.00742462 0.00418701
v -0.07090909 0.00742462 0.00418701
v -0.06909091 0.00742462 0.00418701
v -0.06727273 0.00742462 0.00418701
v -0.08000000 0.00583349 0.00465958
v -0.07818182 0.00583349 0.00465958
v -0.07636364 0.00583349 0.00465958
v -0.07454546 0.00583349 0.00465958
v -0.07272727 0.00583349 0.00465958
v -0.07090909 0.00583349 0.00465958
v -0.06909091 0.00583349 0.00465958
v -0.06727273 0.00583349 0.00465958
v -0.08000000 0.00873043 0.00361117
v -0.07818182 0.00873043 0.00361117
v -0.07636364 0.00873043 0.00361117
v -0.07454546 0.00873043 0.00361117
v -0.07272727 0.00873043 0.00361117
v -0.07090909 0.00873043 0.00361117
v -0.06909091 0.00873043 0.00361117
v -0.06727273 0.00873043 0.00361117
v -0.06545454 0.00000000 0.00530000
v -0.06363636 0.00000000 0.00530000
v -0.06181818 0.00000000 0.00530000
v -0.06000000 0.00000000 0.00530000
v -0.06545454 0.00204845 0.00522698
v -0.06363636 0.00204845 0.00522698
v -0.06181818 0.00204845 0.00522698
v -0.06000000 0.00204845 0.00522698
v -0.05818182 0.00000000 0.00530000
v -0.05636363 0.00000000 0.00530000
v -0.05454545 0.00000000 0.00530000
v -0.05272727 0.00000000 0.00530000
v -0.05090909 0.00000000 0.00530000
v -0.05818182 0.00204845 0.00522698
v -0.05636363 0.00204845 0.00522698
v -0.05454545 0.00204845 0.00522698
v -0.05272727 0.00204845 0.00522698
v -0.05090909 0.00204845 0.00522698
v -0.06545454 0.00401818 0.00501074
v -0.06363636 0.00401818 0.00501074
v -0.06181818 0.00401818 0.00501074
v -0.06000000 0.00401818 0.00501074
v -0.05818182 0.00401818 0.00501074
v -0.05636363 0.00401818 0.00501074
v -0.05454545 0.00401818 0.00501074
v -0.05272727 0.00401818 0.00501074
v -0.05090909 0.00401818 0.00501074
v -0.04909091 0.00000000 0.00530000
v -0.04727273 0.00000000 0.00530000
v -0.04545455 0.00000000 0.00530000
v -0.04363636 0.00000000 0.00530000
v -0.04909091 0.00204845 0.00522698
v -0.04727273 0.00204845 0.00522698
v -0.04545455 0.00204845 0.00522698
v -0.04363636 0.00204845 0.00522698
v -0.04181818 0.00000000 0.00530000
v -0.04000000 0.00000000 0.00530000
v -0.03818182 0.00000000 0.00530000
v -0.03636364 0.00000000 0.00530000
v -0.03454546 0.00000000 0.00530000
v -0.04181818 0.00204845 0.00522698
v -0.04000000 0.00204845 0.00522698
v -0.03818182 0.00204845 0.00522698
v -0.03636364 0.00204845 0.00522698
v -0.03454546 0.00204845 0.00522698
v -0.04909091 0.00401818 0.00501074
v -0.04727273 0.00401818 0.00501074
v -0.04545455 0.00401818 0.00501074
v -0.04363636 0.00401818 0.00501074
v -0.04181818 0.00401818 0.00501074
v -0.04000000 0.00401818 0.00501074
v -0.03818182 0.00401818 0.00501074
v -0.03636364 0.00401818 0.00501074
v -0.03454546 0.00401818 0.00501074
v -0.06545454 0.01050000 0.00150000
v -0.06363636 0.01050000 0.00150000
v -0.06181818 0.01050000 0.00150000
v -0.06000000 0.01050000 0.00150000
v -0.06545454 0.01029825 0.00224134
v -0.06363636 0.01029825 0.00224134
v -0.06181818 0.01029825 0.00224134
v -0.06000000 0.01029825 0.00224134
v -0.05818182 0.01050000 0.00150000
v -0.05636363 0.01050000 0.00150000
v -0.05454545 0.01050000 0.00150000
v -0.05272727 0.01050000 0.00150000
v -0.05090909 0.01050000 0.00150000
v -0.05818182 0.01029825 0.00224134
v -0.05636363 0.01029825 0.00224134
v -0.05454545 0.01029825 0.00224134
v -0.05272727 0.01029825 0.00224134
v -0.05090909 0.01029825 0.00224134
v -0.06545454 0.00970074 0.00295420
v -0.06363636 0.00970074 0.00295420
v -0.06181818 0.00970074 0.00295420
v -0.06000000 0.00970074 0.00295420
v -0.05818182 0.00970074 0.00295420
v -0.05636363 0.00970074 0.00295420
v -0.05454545 0.00970074 0.00295420
v -0.05272727 0.00970074 0.00295420
v -0.05090909 0.00970074 0.00295420
v -0.04909091 0.01050000 0.00150000
v -0.04727273 0.01050000 0.00150000
v -0.04545455 0.01050000 0.00150000
v -0.04363636 0.01050000 0.00150000
v -0.04909091 0.01029825 0.00224134
v -0.04727273 0.01029825 0.00224134
v -0.04545455 0.01029825 0.00224134
v -0.04363636 0.01029825 0.00224134
v -0.04181818 0.01050000 0.00150000
v -0.04000000 0.01050000 0.00150000
v -0.03818182 0.01050000 0.00150000
v -0.03636364 0.01050000 0.00150000
v -0.03454546 0.01050000 0.00150000
v -0.04181818 0.01029825 0.00224134
v -0.04000000 0.01029825 0.00224134
v -0.03818182 0.01029825 0.00224134
v -0.03636364 0.01029825 0.00224134
v -0.03454546 0.01029825 0.00224134
v -0.04909091 0.00970074 0.00295420
v -0.04727273 0.00970074 0.00295420
v -0.04545455 0.00970074 0.00295420
v -0.04363636 0.00970074 0.00295420
v -0.04181818 0.00970074 0.00295420
v -0.04000000 0.00970074 0.00295420
v -0.03818182 0.00970074 0.00295420
v -0.03636364 0.00970074 0.00295420
v -0.03454546 0.00970074 0.00295420
v -0.06545454 0.00742462 0.00418701
v -0.06363636 0.00742462 0.00418701
v -0.06181818 0.00742462 0.00418701
v -0.06000000 0.00742462 0.00418701
v -0.05818182 0.00742462 0.00418701
v -0.05636363 0.00742462 0.00418701
v -0.05454545 0.00742462 0.00418701
v -0.05272727 0.00742462 0.00418701
v -0.05090909 0.00742462 0.00418701
v -0.06545454 0.00583349 0.00465958
v -0.06363636 0.00583349 0.00465958
v -0.06181818 0.00583349 0.00465958
v -0.06000000 0.00583349 0.00465958
v -0.05818182 0.00583349 0.00465958
v -0.05636363 0.00583349 0.00465958
v -0.05454545 0.00583349 0.00465958
v -0.05272727 0.00583349 0.00465958
v -0.05090909 0.00583349 0.00465958
v -0.06545454 0.00873043 0.00361117
v -0.06363636 0.00873043 0.00361117
v -0.06181818 0.00873043 0.00361117
v -0.06000000 0.00873043 0.00361117
v -0.05818182 0.00873043 0.00361117
v -0.05636363 0.00873043 0.00361117
v -0.05454545 0.00873043 0.00361117
v -0.05272727 0.00873043 0.00361117
v -0.05090909 0.00873043 0.00361117
v -0.04909091 0.00742462 0.00418701
v -0.04727273 0.00742462 0.00418701
v -0.04545455 0.00742462 0.00418701
v -0.04363636 0.00742462 0.00418701
v -0.04181818 0.00742462 0.00418701
v -0.04000000 0.00742462 0.00418701
v -0.03818182 0.00742462 0.00418701
v -0.03636364 0.00742462 0.00418701
v -0.03454546 0.00742462 0.00418701
v -0.04909091 0.00583349 0.00465958
v -0.04727273 0.00583349 0.00465958
v -0.04545455 0.00583349 0.00465958
v -0.04363636 0.00583349 0.00465958
v -0.04181818 0.00583349 0.00465958
v -0.04000000 0.00583349 0.00465958
v -0.03818182 0.00583349 0.00465958
v -0.03636364 0.00583349 0.00465958
v -0.03454546 0.00583349 0.00465958
v -0.04909091 0.00873043 0.00361117
v -0.04727273 0.00873043 0.00361117
v -0.04545455 0.00873043 0.00361117
v -0.04363636 0.00873043 0.00361117
v -0.04181818 0.00873043 0.00361117
v -0.04000000 0.00873043 0.00361117
v -0.03818182 0.00873043 0.00361117
v -0.03636364 0.00873043 0.00361117
v -0.03454546 0.00873043 0.00361117
v -0.03272727 0.00204845 -0.00222698
v -0.03090909 0.00204845 -0.00222698
v -0.02909091 0.00204845 -0.00222698
v -0.02727273 0.00204845 -0.00222698
v -0.02545455 0.00204845 -0.00222698
v -0.02363636 0.00204845 -0.00222698
v -0.02181818 0.00204845 -0.00222698
v -0.02000000 0.00204845 -0.00222698
v -0.01818182 0.00204845 -0.00222698
v -0.03272727 0.00401818 -0.00201074
v -0.03090909 0.00401818 -0.00201074
v -0.02909091 0.00401818 -0.00201074
v -0.02727273 0.00401818 -0.00201074
v -0.02545455 0.00401818 -0.00201074
v -0.02363636 0.00401818 -0.00201074
v -0.02181818 0.00401818 -0.00201074
v -0.02000000 0.00401818 -0.00201074
v -0.01818182 0.00401818 -0.00201074
v -0.01636364 0.00204845 -0.00222698
v -0.01454545 0.00204845 -0.00222698
v -0.01272727 0.00204845 -0.00222698
v -0.01090909 0.00204845 -0.00222698
v -0.00909091 0.00204845 -0.00222698
v -0.00727273 0.00204845 -0.00222698
v -0.00545455 0.00204845 -0.00222698
v -0.00363636 0.00204845 -0.00222698
v -0.00181818 0.00204845 -0.00222698
v -0.01636364 0.00401818 -0.00201074
v -0.01454545 0.00401818 -0.00201074
v -0.01272727 0.00401818 -0.00201074
v -0.01090909 0.00401818 -0.00201074
v -0.00909091 0.00401818 -0.00201074
v -0.00727273 0.00401818 -0.00201074
v -0.00545455 0.00401818 -0.00201074
v -0.00363636 0.00401818 -0.00201074
v -0.00181818 0.00401818 -0.00201074
v -0.03272727 0.00583349 -0.00165958
v -0.03090909 0.00583349 -0.00165958
v -0.02909091 0.00583349 -0.00165958
v -0.02727273 0.00583349 -0.00165958
v -0.03272727 0.00742462 -0.00118701
v -0.03090909 0.00742462 -0.00118701
v -0.02909091 0.00742462 -0.00118701
v -0.02727273 0.00742462 -0.00118701
v -0.02545455 0.00583349 -0.00165958
v -0.02363636 0.00583349 -0.00165958
v -0.02181818 0.00583349 -0.00165958
v -0.02000000 0.00583349 -0.00165958
v -0.01818182 0.00583349 -0.00165958
v -0.02545455 0.00742462 -0.00118701
v -0.02363636 0.00742462 -0.00118701
v -0.02181818 0.00742462 -0.00118701
v -0.02000000 0.00742462 -0.00118701
v -0.01818182 0.00742462 -0.00118701
v -0.01636364 0.00583349 -0.00165958
v -0.01454545 0.00583349 -0.00165958
v -0.01272727 0.00583349 -0.00165958
v -0.01090909 0.00583349 -0.00165958
v -0.01636364 0.00742462 -0.00118701
v -0.01454545 0.00742462 -0.00118701
v -0.01272727 0.00742462 -0.00118701
v -0.01090909 0.00742462 -0.00118701
v -0.00909091 0.00583349 -0.00165958
v -0.00727273 0.00583349 -0.00165958
v -0.00545455 0.00583349 -0.00165958
v -0.00363636 0.00583349 -0.00165958
v -0.00181818 0.00583349 -0.00165958
v -0.00909091 0.00742462 -0.00118701
v -0.00727273 0.00742462 -0.00118701
v -0.00545455 0.00742462 -0.00118701
v -0.00363636 0.00742462 -0.00118701
v -0.00181818 0.00742462 -0.00118701
v -0.03272727 0.00873043 -0.00061117
v -0.03090909 0.00873043 -0.00061117
v -0.02909091 0.00873043 -0.00061117
v -0.02727273 0.00873043 -0.00061117
v -0.03272727 0.00970074 0.00004580
v -0.03090909 0.00970074 0.00004580
v -0.02909091 0.00970074 0.00004580
v -0.02727273 0.00970074 0.00004580
v -0.02545455 0.00873043 -0.00061117
v -0.02363636 0.00873043 -0.00061117
v -0.02181818 0.00873043 -0.00061117
v -0.02000000 0.00873043 -0.00061117
v -0.01818182 0.00873043 -0.00061117
v -0.02545455 0.00970074 0.00004580
v -0.02363636 0.00970074 0.00004580
v -0.02181818 0.00970074 0.00004580
v -0.02000000 0.00970074 0.00004580
v -0.01818182 0.00970074 0.00004580
v -0.03272727 0.01029825 0.00075866
v -0.03090909 0.01029825 0.00075866
v -0.02909091 0.01029825 0.00075866
v -0.02727273 0.01029825 0.00075866
v -0.02545455 0.01029825 0.00075866
v -0.02363636 0.01029825 0.00075866
v -0.02181818 0.01029825 0.00075866
v -0.02000000 0.01029825 0.00075866
v -0.01818182 0.01029825 0.00075866
v -0.01636364 0.00873043 -0.00061117
v -0.01454545 0.00873043 -0.00061117
v -0.01272727 0.00873043 -0.00061117
v -0.01090909 0.00873043 -0.00061117
v -0.01636364 0.00970074 0.00004580
v -0.01454545 0.00970074 0.00004580
v -0.01272727 0.00970074 0.00004580
v -0.01090909 0.00970074 0.00004580
v -0.00909091 0.00873043 -0.00061117
v -0.00727273 0.00873043 -0.00061117
v -0.00545455 0.00873043 -0.00061117
v -0.00363636 0.00873043 -0.00061117
v -0.00181818 0.00873043 -0.00061117
v -0.00909091 0.00970074 0.00004580
v -0.00727273 0.00970074 0.00004580
v -0.00545455 0.00970074 0.00004580
v -0.00363636 0.00970074 0.00004580
v -0.00181818 0.00970074 0.00004580
v -0.01636364 0.01029825 0.00075866
v -0.01454545 0.01029825 0.00075866
v -0.01272727 0.01029825 0.00075866
v -0.01090909 0.01029825 0.00075866
v -0.00909091 0.01029825 0.00075866
v -0.00727273 0.01029825 0.00075866
v -0.00545455 0.01029825 0.00075866
v -0.00363636 0.01029825 0.00075866
v -0.00181818 0.01029825 0.00075866
v 0.00000000 0.00204845 -0.00222698
v 0.00181818 0.00204845 -0.00222698
v 0.00363636 0.00204845 -0.00222698
v 0.00545455 0.00204845 -0.00222698
v 0.00727273 0.00204845 -0.00222698
v 0.00909091 0.00204845 -0.00222698
v 0.01090909 0.00204845 -0.00222698
v 0.01272727 0.00204845 -0.00222698
v 0.01454545 0.00204845 -0.00222698
v 0.00000000 0.00401818 -0.00201074
v 0.00181818 0.00401818 -0.00201074
v 0.00363636 0.00401818 -0.00201074
v 0.00545455 0.00401818 -0.00201074
v 0.00727273 0.00401818 -0.00201074
v 0.00909091 0.00401818 -0.00201074
v 0.01090909 0.00401818 -0.00201074
v 0.01272727 0.00401818 -0.00201074
v 0.01454545 0.00401818 -0.00201074
v 0.01636364 0.00204845 -0.00222698
v 0.01818182 0.00204845 -0.00222698
v 0.02000000 0.00204845 -0.00222698
v 0.02181818 0.00204845 -0.00222698
v 0.02363636 0.00204845 -0.00222698
v 0.02545455 0.00204711 -0.00222333
v 0.02727273 0.00201702 -0.00213999
v 0.02909091 0.00195328 -0.00195908
v 0.03090909 0.00186383 -0.00169718
v 0.01636364 0.00401818 -0.00201074
v 0.01818182 0.00401818 -0.00201074
v 0.02000000 0.00401818 -0.00201074
v 0.02181818 0.00401818 -0.00201074
v 0.02363636 0.00401818 -0.00201074
v 0.02545455 0.00401555 -0.00200716
v 0.02727273 0.00395652 -0.00192541
v 0.02909091 0.00383150 -0.00174793
v 0.03090909 0.00365603 -0.00149091
v 0.02727273 0.00574397 -0.00157696
v 0.02909091 0.00556248 -0.00140503
v 0.03090909 0.00530773 -0.00115594
v 0.00000000 0.00583349 -0.00165958
v 0.00181818 0.00583349 -0.00165958
v 0.00363636 0.00583349 -0.00165958
v 0.00545455 0.00583349 -0.00165958
v 0.00000000 0.00742462 -0.00118701
v 0.00181818 0.00742462 -0.00118701
v 0.00363636 0.00742462 -0.00118701
v 0.00545455 0.00742462 -0.00118701
v 0.00727273 0.00583349 -0.00165958
v 0.00909091 0.00583349 -0.00165958
v 0.01090909 0.00583349 -0.00165958
v 0.01272727 0.00583349 -0.00165958
v 0.01454545 0.00583349 -0.00165958
v 0.00727273 0.00742462 -0.00118701
v 0.00909091 0.00742462 -0.00118701
v 0.01090909 0.00742462 -0.00118701
v 0.01272727 0.00742462 -0.00118701
v 0.01454545 0.00742462 -0.00118701
v 0.01636364 0.00583349 -0.00165958
v 0.01818182 0.00583349 -0.00165958
v 0.02000000 0.00583349 -0.00165958
v 0.02181818 0.00583349 -0.00165958
v 0.01636364 0.00742462 -0.00118701
v 0.01818182 0.00742462 -0.00118701
v 0.02000000 0.00742462 -0.00118701
v 0.02181818 0.00742462 -0.00118701
v 0.02363636 0.00583349 -0.00165958
v 0.02545455 0.00582967 -0.00165612
v 0.02909091 0.00707969 -0.00094357
v 0.02363636 0.00742462 -0.00118701
v 0.02545455 0.00741976 -0.00118369
v 0.02727273 0.00731069 -0.00110802
v 0.00000000 0.00873043 -0.00061117
v 0.00181818 0.00873043 -0.00061117
v 0.00363636 0.00873043 -0.00061117
v 0.00545455 0.00873043 -0.00061117
v 0.00000000 0.00970074 0.00004580
v 0.00181818 0.00970074 0.00004580
v 0.00363636 0.00970074 0.00004580
v 0.00545455 0.00970074 0.00004580
v 0.00727273 0.00873043 -0.00061117
v 0.00909091 0.00873043 -0.00061117
v 0.01090909 0.00873043 -0.00061117
v 0.01272727 0.00873043 -0.00061117
v 0.01454545 0.00873043 -0.00061117
v 0.00727273 0.00970074 0.00004580
v 0.00909091 0.00970074 0.00004580
v 0.01090909 0.00970074 0.00004580
v 0.01272727 0.00970074 0.00004580
v 0.01454545 0.00970074 0.00004580
v 0.00000000 0.01029825 0.00075866
v 0.00181818 0.01029825 0.00075866
v 0.00363636 0.01029825 0.00075866
v 0.00545455 0.01029825 0.00075866
v 0.00727273 0.01029825 0.00075866
v 0.00909091 0.01029825 0.00075866
v 0.01090909 0.01029825 0.00075866
v 0.01272727 0.01029825 0.00075866
v 0.01454545 0.01029825 0.00075866
v 0.03090909 0.00675546 -0.00070514
v 0.02909091 0.00832484 -0.00038127
v 0.02727273 0.00859646 -0.00053661
v 0.03090909 0.00794358 -0.00015585
v 0.01636364 0.00873043 -0.00061117
v 0.01818182 0.00873043 -0.00061117
v 0.02000000 0.00873043 -0.00061117
v 0.02181818 0.00873043 -0.00061117
v 0.01636364 0.00970074 0.00004580
v 0.01818182 0.00970074 0.00004580
v 0.02000000 0.00970074 0.00004580
v 0.02181818 0.00970074 0.00004580
v 0.02363636 0.00873043 -0.00061117
v 0.02545455 0.00872472 -0.00060804
v 0.02363636 0.00970074 0.00004580
v 0.02545455 0.00969439 0.00004872
v 0.02727273 0.00955188 0.00011530
v 0.01636364 0.01029825 0.00075866
v 0.01818182 0.01029825 0.00075866
v 0.02000000 0.01029825 0.00075866
v 0.02181818 0.01029825 0.00075866
v 0.02909091 0.00925006 0.00026024
v 0.03090909 0.00882643 0.00047084
v 0.03090909 0.00937009 0.00115084
v 0.02727273 0.01014022 0.00082266
v 0.02909091 0.00981982 0.00095633
v 0.02363636 0.01029825 0.00075866
v 0.02545455 0.01029151 0.00076134
v -0.03272727 0.00000000 0.00530000
v -0.03090909 0.00000000 0.00530000
v -0.02909091 0.00000000 0.00530000
v -0.02727273 0.00000000 0.00530000
v -0.03272727 0.00204845 0.00522698
v -0.03090909 0.00204845 0.00522698
v -0.02909091 0.00204845 0.00522698
v -0.02727273 0.00204845 0.00522698
v -0.02545455 0.00000000 0.00530000
v -0.02363636 0.00000000 0.00530000
v -0.02181818 0.00000000 0.00530000
v -0.02000000 0.00000000 0.00530000
v -0.01818182 0.00000000 0.00530000
v -0.02545455 0.00204845 0.00522698
v -0.02363636 0.00204845 0.00522698
v -0.02181818 0.00204845 0.00522698
v -0.02000000 0.00204845 0.00522698
v -0.01818182 0.00204845 0.00522698
v -0.03272727 0.00401818 0.00501074
v -0.03090909 0.00401818 0.00501074
v -0.02909091 0.00401818 0.00501074
v -0.02727273 0.00401818 0.00501074
v -0.02545455 0.00401818 0.00501074
v -0.02363636 0.00401818 0.00501074
v -0.02181818 0.00401818 0.00501074
v -0.02000000 0.00401818 0.00501074
v -0.01818182 0.00401818 0.00501074
v -0.01636364 0.00000000 0.00530000
v -0.01454545 0.00000000 0.00530000
v -0.01272727 0.00000000 0.00530000
v -0.01090909 0.00000000 0.00530000
v -0.01636364 0.00204845 0.00522698
v -0.01454545 0.00204845 0.00522698
v -0.01272727 0.00204845 0.00522698
v -0.01090909 0.00204845 0.00522698
v -0.00909091 0.00000000 0.00530000
v -0.00727273 0.00000000 0.00530000
v -0.00545455 0.00000000 0.00530000
v -0.00363636 0.00000000 0.00530000
v -0.00181818 0.00000000 0.00530000
v -0.00909091 0.00204845 0.00522698
v -0.00727273 0.00204845 0.00522698
v -0.00545455 0.00204845 0.00522698
v -0.00363636 0.00204845 0.00522698
v -0.00181818 0.00204845 0.00522698
v -0.01636364 0.00401818 0.00501074
v -0.01454545 0.00401818 0.00501074
v -0.01272727 0.00401818 0.00501074
v -0.01090909 0.00401818 0.00501074
v -0.00909091 0.00401818 0.00501074
v -0.00727273 0.00401818 0.00501074
v -0.00545455 0.00401818 0.00501074
v -0.00363636 0.00401818 0.00501074
v -0.00181818 0.00401818 0.00501074
v -0.03272727 0.01050000 0.00150000
v -0.03090909 0.01050000 0.00150000
v -0.02909091 0.01050000 0.00150000
v -0.02727273 0.01050000 0.00150000
v -0.03272727 0.01029825 0.00224134
v -0.03090909 0.01029825 0.00224134
v -0.02909091 0.01029825 0.00224134
v -0.02727273 0.01029825 0.00224134
v -0.02545455 0.01050000 0.00150000
v -0.02363636 0.01050000 0.00150000
v -0.02181818 0.01050000 0.00150000
v -0.02000000 0.01050000 0.00150000
v -0.01818182 0.01050000 0.00150000
v -0.02545455 0.01029825 0.00224134
v -0.02363636 0.01029825 0.00224134
v -0.02181818 0.01029825 0.00224134
v -0.02000000 0.01029825 0.00224134
v -0.01818182 0.01029825 0.00224134
v -0.03272727 0.00970074 0.00295420
v -0.03090909 0.00970074 0.00295420
v -0.02909091 0.00970074 0.00295420
v -0.02727273 0.00970074 0.00295420
v -0.02545455 0.00970074 0.00295420
v -0.02363636 0.00970074 0.00295420
v -0.02181818 0.00970074 0.00295420
v -0.02000000 0.00970074 0.00295420
v -0.01818182 0.00970074 0.00295420
v -0.01636364 0.01050000 0.00150000
v -0.01454545 0.01050000 0.00150000
v -0.01272727 0.01050000 0.00150000
v -0.01090909 0.01050000 0.00150000
v -0.01636364 0.01029825 0.00224134
v -0.01454545 0.01029825 0.00224134
v -0.01272727 0.01029825 0.00224134
v -0.01090909 0.01029825 0.00224134
v -0.00909091 0.01050000 0.00150000
v -0.00727273 0.01050000 0.00150000
v -0.00545455 0.01050000 0.00150000
v -0.00363636 0.01050000 0.00150000
v -0.00181818 0.01050000 0.00150000
v -0.00909091 0.01029825 0.00224134
v -0.00727273 0.01029825 0.00224134
v -0.00545455 0.01029825 0.00224134
v -0.00363636 0.01029825 0.00224134
v -0.00181818 0.01029825 0.00224134
v -0.01636364 0.00970074 0.00295420
v -0.01454545 0.00970074 0.00295420
v -0.01272727 0.00970074 0.00295420
v -0.01090909 0.00970074 0.00295420
v -0.00909091 0.00970074 0.00295420
v -0.00727273 0.00970074 0.00295420
v -0.00545455 0.00970074 0.00295420
v -0.00363636 0.00970074 0.00295420
v -0.00181818 0.00970074 0.00295420
v -0.03272727 0.00742462 0.00418701
v -0.03090909 0.00742462 0.00418701
v -0.02909091 0.00742462 0.00418701
v -0.02727273 0.00742462 0.00418701
v -0.02545455 0.00742462 0.00418701
v -0.02363636 0.00742462 0.00418701
v -0.02181818 0.00742462 0.00418701
v -0.02000000 0.00742462 0.00418701
v -0.01818182 0.00742462 0.00418701
v -0.03272727 0.00583349 0.00465958
v -0.03090909 0.00583349 0.00465958
v -0.02909091 0.00583349 0.00465958
v -0.02727273 0.00583349 0.00465958
v -0.02545455 0.00583349 0.00465958
v -0.02363636 0.00583349 0.00465958
v -0.02181818 0.00583349 0.00465958
v -0.02000000 0.00583349 0.00465958
v -0.01818182 0.00583349 0.00465958
v -0.03272727 0.00873043 0.00361117
v -0.03090909 0.00873043 0.00361117
v -0.02909091 0.00873043 0.00361117
v -0.02727273 0.00873043 0.00361117
v -0.02545455 0.00873043 0.00361117
v -0.02363636 0.00873043 0.00361117
v -0.02181818 0.00873043 0.00361117
v -0.02000000 0.00873043 0.00361117
v -0.01818182 0.00873043 0.00361117
v -0.01636364 0.00742462 0.00418701
v -0.01454545 0.00742462 0.00418701
v -0.01272727 0.00742462 0.00418701
v -0.01090909 0.00742462 0.00418701
v -0.00909091 0.00742462 0.00418701
v -0.00727273 0.00742462 0.00418701
v -0.00545455 0.00742462 0.00418701
v -0.00363636 0.00742462 0.00418701
v -0.00181818 0.00742462 0.00418701
v -0.01636364 0.00583349 0.00465958
v -0.01454545 0.00583349 0.00465958
v -0.01272727 0.00583349 0.00465958
v -0.01090909 0.00583349 0.00465958
v -0.00909091 0.00583349 0.00465958
v -0.00727273 0.00583349 0.00465958
v -0.00545455 0.00583349 0.00465958
v -0.00363636 0.00583349 0.00465958
v -0.00181818 0.00583349 0.00465958
v -0.01636364 0.00873043 0.00361117
v -0.01454545 0.00873043 0.00361117
v -0.01272727 0.00873043 0.00361117
v -0.01090909 0.00873043 0.00361117
v -0.00909091 0.00873043 0.00361117
v -0.00727273 0.00873043 0.00361117
v -0.00545455 0.00873043 0.00361117
v -0.00363636 0.00873043 0.00361117
v -0.00181818 0.00873043 0.00361117
v 0.00000000 0.00000000 0.00530000
v 0.00181818 0.00000000 0.00530000
v 0.00363636 0.00000000 0.00530000
v 0.00545455 0.00000000 0.00530000
v 0.00000000 0.00204845 0.00522698
v 0.00181818 0.00204845 0.00522698
v 0.00363636 0.00204845 0.00522698
v 0.00545455 0.00204845 0.00522698
v 0.00727273 0.00000000 0.00530000
v 0.00909091 0.00000000 0.00530000
v 0.01090909 0.00000000 0.00530000
v 0.01272727 0.00000000 0.00530000
v 0.01454545 0.00000000 0.00530000
v 0.00727273 0.00204845 0.00522698
v 0.00909091 0.00204845 0.00522698
v 0.01090909 0.00204845 0.00522698
v 0.01272727 0.00204845 0.00522698
v 0.01454545 0.00204845 0.00522698
v 0.00000000 0.00401818 0.00501074
v 0.00181818 0.00401818 0.00501074
v 0.00363636 0.00401818 0.00501074
v 0.00545455 0.00401818 0.00501074
v 0.00727273 0.00401818 0.00501074
v 0.00909091 0.00401818 0.00501074
v 0.01090909 0.00401818 0.00501074
v 0.01272727 0.00401818 0.00501074
v 0.01454545 0.00401818 0.00501074
v 0.01636364 0.00000000 0.00530000
v 0.01818182 0.00000000 0.00530000
v 0.02000000 0.00000000 0.00530000
v 0.02181818 0.00000000 0.00530000
v 0.01636364 0.00204845 0.00522698
v 0.01818182 0.00204845 0.00522698
v 0.02000000 0.00204845 0.00522698
v 0.02181818 0.00204845 0.00522698
v 0.02363636 0.00000000 0.00530000
v 0.02545455 0.00000000 0.00530120
v 0.02727273 0.00000000 0.00532903
v 0.02909091 0.00000000 0.00539085
v 0.03090909 0.00000000 0.00548286
v 0.02363636 0.00204845 0.00522698
v 0.02545455 0.00204711 0.00522821
v 0.02727273 0.00201702 0.00525658
v 0.02909091 0.00195328 0.00531955
v 0.03090909 0.00186383 0.00541321
v 0.01636364 0.00401818 0.00501074
v 0.01818182 0.00401818 0.00501074
v 0.02000000 0.00401818 0.00501074
v 0.02181818 0.00401818 0.00501074
v 0.02363636 0.00401818 0.00501074
v 0.02545455 0.00401555 0.00501204
v 0.02727273 0.00395652 0.00504200
v 0.02909091 0.00383150 0.00510840
v 0.03090909 0.00365603 0.00520693
v 0.02727273 0.00574397 0.00469355
v 0.02909091 0.00556248 0.00476550
v 0.03090909 0.00530773 0.00487196
v 0.00000000 0.01050000 0.00150000
v 0.00181818 0.01050000 0.00150000
v 0.00363636 0.01050000 0.00150000
v 0.00545455 0.01050000 0.00150000
v 0.00000000 0.01029825 0.00224134
v 0.00181818 0.01029825 0.00224134
v 0.00363636 0.01029825 0.00224134
v 0.00545455 0.01029825 0.00224134
v 0.00727273 0.01050000 0.00150000
v 0.00909091 0.01050000 0.00150000
v 0.01090909 0.01050000 0.00150000
v 0.01272727 0.01050000 0.00150000
v 0.01454545 0.01050000 0.00150000
v 0.00727273 0.01029825 0.00224134
v 0.00909091 0.01029825 0.00224134
v 0.01090909 0.01029825 0.00224134
v 0.01272727 0.01029825 0.00224134
v 0.01454545 0.01029825 0.00224134
v 0.00000000 0.00970074 0.00295420
v 0.00181818 0.00970074 0.00295420
v 0.00363636 0.00970074 0.00295420
v 0.00545455 0.00970074 0.00295420
v 0.00727273 0.00970074 0.00295420
v 0.00909091 0.00970074 0.00295420
v 0.01090909 0.00970074 0.00295420
v 0.01272727 0.00970074 0.00295420
v 0.01454545 0.00970074 0.00295420
v 0.01636364 0.01050000 0.00150000
v 0.01818182 0.01050000 0.00150000
v 0.02000000 0.01050000 0.00150000
v 0.02181818 0.01050000 0.00150000
v 0.01636364 0.01029825 0.00224134
v 0.01818182 0.01029825 0.00224134
v 0.02000000 0.01029825 0.00224134
v 0.02181818 0.01029825 0.00224134
v 0.02909091 0.01001220 0.00168024
v 0.03090909 0.00955366 0.00185801
v 0.02727273 0.01014022 0.00229393
v 0.02909091 0.00981982 0.00240414
v 0.02363636 0.01050000 0.00150000
v 0.02545455 0.01049313 0.00150244
v 0.02727273 0.01033888 0.00155830
v 0.02363636 0.01029825 0.00224134
v 0.02545455 0.01029151 0.00224354
v 0.01636364 0.00970074 0.00295420
v 0.01818182 0.00970074 0.00295420
v 0.02000000 0.00970074 0.00295420
v 0.02181818 0.00970074 0.00295420
v 0.02363636 0.00970074 0.00295420
v 0.02545455 0.00969439 0.00295616
v 0.03090909 0.00937009 0.00256518
v 0.02909091 0.00925006 0.00310023
v 0.03090909 0.00882643 0.00324518
v 0.02727273 0.00955188 0.00300129
v 0.00000000 0.00742462 0.00418701
v 0.00181818 0.00742462 0.00418701
v 0.00363636 0.00742462 0.00418701
v 0.00545455 0.00742462 0.00418701
v 0.00727273 0.00742462 0.00418701
v 0.00909091 0.00742462 0.00418701
v 0.01090909 0.00742462 0.00418701
v 0.01272727 0.00742462 0.00418701
v 0.01454545 0.00742462 0.00418701
v 0.00000000 0.00583349 0.00465958
v 0.00181818 0.00583349 0.00465958
v 0.00363636 0.00583349 0.00465958
v 0.00545455 0.00583349 0.00465958
v 0.00727273 0.00583349 0.00465958
v 0.00909091 0.00583349 0.00465958
v 0.01090909 0.00583349 0.00465958
v 0.01272727 0.00583349 0.00465958
v 0.01454545 0.00583349 0.00465958
v 0.00000000 0.00873043 0.00361117
v 0.00181818 0.00873043 0.00361117
v 0.00363636 0.00873043 0.00361117
v 0.00545455 0.00873043 0.00361117
v 0.00727273 0.00873043 0.00361117
v 0.00909091 0.00873043 0.00361117
v 0.01090909 0.00873043 0.00361117
v 0.01272727 0.00873043 0.00361117
v 0.01454545 0.00873043 0.00361117
v 0.01636364 0.00742462 0.00418701
v 0.01818182 0.00742462 0.00418701
v 0.02000000 0.00742462 0.00418701
v 0.02181818 0.00742462 0.00418701
v 0.02909091 0.00707969 0.00430404
v 0.03090909 0.00675546 0.00442116
v 0.03090909 0.00794358 0.00387187
v 0.02909091 0.00832484 0.00374174
v 0.02727273 0.00859646 0.00365320
v 0.02363636 0.00742462 0.00418701
v 0.02545455 0.00741976 0.00418857
v 0.02727273 0.00731069 0.00422461
v 0.01636364 0.00583349 0.00465958
v 0.01818182 0.00583349 0.00465958
v 0.02000000 0.00583349 0.00465958
v 0.02181818 0.00583349 0.00465958
v 0.02363636 0.00583349 0.00465958
v 0.02545455 0.00582967 0.00466099
v 0.01636364 0.00873043 0.00361117
v 0.01818182 0.00873043 0.00361117
v 0.02000000 0.00873043 0.00361117
v 0.02181818 0.00873043 0.00361117
v 0.02363636 0.00873043 0.00361117
v 0.02545455 0.00872472 0.00361292
v 0.07935294 -0.01885159 0.00560982
v 0.07935294 -0.01775781 0.00523463
v 0.07770588 -0.01804510 0.00560982
v 0.08429412 -0.02082261 0.00560982
v 0.08594117 -0.02124349 0.00560982
v 0.08758824 -0.02150299 0.00560982
v 0.09252941 -0.02032535 0.00519466
v 0.09417647 -0.02032535 0.00515105
v 0.09582353 -0.02032535 0.00509360
v 0.08923529 -0.02157728 0.00560962
v 0.09088235 -0.02157728 0.00559765
v 0.09252941 -0.02157728 0.00556822
v 0.08923529 -0.02032535 0.00523445
v 0.09088235 -0.02032535 0.00522294
v 0.09582353 -0.02157728 0.00546305
v 0.09417647 -0.02157728 0.00552284
v 0.08429412 -0.01961447 0.00523463
v 0.08100000 -0.01960067 0.00560982
v 0.08264706 -0.02026634 0.00560982
v 0.08264706 -0.01909047 0.00523463
v 0.08594117 -0.02001093 0.00523463
v 0.08758824 -0.02025537 0.00523463
v 0.08429412 -0.01765255 0.00488886
v 0.08758824 -0.01822936 0.00488886
v 0.08594117 -0.01800936 0.00488886
v 0.08100000 -0.01846343 0.00523463
v 0.08923529 -0.01829233 0.00488868
v 0.09088235 -0.01829233 0.00487761
v 0.09252941 -0.01829233 0.00485038
v 0.09417647 -0.01829233 0.00480841
v 0.09582353 -0.01829233 0.00475310
v 0.07111765 -0.01476476 0.00560982
v 0.07935294 -0.01598161 0.00488886
v 0.07605882 -0.01720718 0.00560982
v 0.07605882 -0.01620881 0.00523463
v 0.07441176 -0.01636382 0.00560982
v 0.07770588 -0.01699811 0.00523463
v 0.07605882 -0.01458754 0.00488886
v 0.07770588 -0.01529790 0.00488886
v 0.07441176 -0.01541438 0.00523463
v 0.07276471 -0.01554102 0.00560982
v 0.07276471 -0.01463932 0.00523463
v 0.07935294 -0.01359124 0.00458579
v 0.07605882 -0.01240569 0.00458579
v 0.07441176 -0.01179766 0.00458579
v 0.07770588 -0.01300979 0.00458579
v 0.06782353 -0.01322586 0.00556585
v 0.07111765 -0.01390810 0.00523463
v 0.06947059 -0.01401128 0.00559930
v 0.06947059 -0.01319834 0.00522411
v 0.06782353 -0.01245849 0.00519067
v 0.06617647 -0.01168940 0.00513654
v 0.07111765 -0.01251696 0.00488886
v 0.06947059 -0.01187819 0.00487834
v 0.06617647 -0.01240940 0.00551173
v 0.07441176 -0.01387258 0.00488886
v 0.07276471 -0.01317504 0.00488886
v 0.08429412 -0.01501226 0.00458579
v 0.08264706 -0.01461121 0.00458579
v 0.08594117 -0.01531570 0.00458579
v 0.08758824 -0.01550279 0.00458579
v 0.08923529 -0.01555635 0.00458561
v 0.09088235 -0.01555635 0.00457492
v 0.09252941 -0.01555635 0.00454862
v 0.09417647 -0.01555635 0.00450808
v 0.09582353 -0.01555635 0.00445466
v 0.08264706 -0.01718097 0.00488886
v 0.08100000 -0.01661664 0.00488886
v 0.08100000 -0.01413129 0.00458579
v 0.08429412 -0.01179506 0.00433706
v 0.08594117 -0.01203347 0.00433706
v 0.08758824 -0.01218047 0.00433706
v 0.08923529 -0.01222255 0.00433689
v 0.09088235 -0.01222255 0.00432651
v 0.09252941 -0.01222255 0.00430097
v 0.09417647 -0.01222255 0.00426160
v 0.09582353 -0.01222255 0.00420973
v 0.03272727 -0.00748642 0.00012585
v 0.03272727 -0.00636668 -0.00040754
v 0.03454546 -0.00594203 -0.00006556
v 0.03272727 -0.00831846 0.00073438
v 0.03454546 -0.00776364 0.00103816
v 0.03454546 -0.00698709 0.00044998
v 0.03636364 -0.00647933 0.00080273
v 0.03818182 -0.00599687 0.00117028
v 0.03272727 -0.00344562 -0.00117055
v 0.03272727 -0.00175656 -0.00137085
v 0.03454546 -0.00163940 -0.00099665
v 0.03272727 -0.00500226 -0.00084528
v 0.03454546 -0.00466863 -0.00048866
v 0.03454546 -0.00321580 -0.00080305
v 0.03636364 -0.00298211 -0.00040459
v 0.03636364 -0.00432935 -0.00010167
v 0.03636364 -0.00551022 0.00030599
v 0.03818182 -0.00509992 0.00069233
v 0.03818182 -0.00400698 0.00030008
v 0.04000000 -0.00473983 0.00107865
v 0.04000000 -0.00372406 0.00070101
v 0.04181818 -0.00350312 0.00108549
v 0.03636364 -0.00152027 -0.00059113
v 0.03818182 -0.00276006 0.00000862
v 0.03818182 -0.00140706 -0.00017086
v 0.04000000 -0.00256517 0.00042039
v 0.04181818 -0.00241299 0.00081453
v 0.04363636 -0.00231903 0.00117485
v 0.04000000 -0.00130771 0.00024759
v 0.04181818 -0.00123013 0.00064768
v 0.04363636 -0.00118223 0.00101283
v 0.03272727 -0.00883083 0.00139469
v 0.03272727 -0.00900384 0.00208138
v 0.03272727 -0.00883083 0.00276807
v 0.03454546 -0.00824184 0.00167637
v 0.03454546 -0.00840330 0.00234009
v 0.03636364 -0.00764289 0.00198439
v 0.03636364 -0.00719945 0.00136946
v 0.03818182 -0.00666337 0.00171557
v 0.03818182 -0.00707379 0.00230725
v 0.04000000 -0.00619288 0.00206379
v 0.04181818 -0.00582547 0.00240141
v 0.03636364 -0.00779263 0.00262390
v 0.03454546 -0.00824184 0.00300381
v 0.03272727 -0.00831846 0.00342837
v 0.03636364 -0.00764289 0.00326341
v 0.03818182 -0.00721238 0.00292257
v 0.03818182 -0.00707379 0.00353790
v 0.04000000 -0.00657433 0.00263344
v 0.04181818 -0.00618429 0.00295146
v 0.04000000 -0.00670312 0.00322585
v 0.04181818 -0.00630544 0.00352350
v 0.04363636 -0.00594347 0.00324981
v 0.04545455 -0.00588771 0.00352002
v 0.03454546 -0.00776364 0.00364202
v 0.03272727 -0.00748642 0.00403691
v 0.03636364 -0.00719945 0.00387835
v 0.03454546 -0.00698709 0.00423020
v 0.03272727 -0.00636668 0.00457030
v 0.03818182 -0.00666337 0.00412957
v 0.03636364 -0.00647933 0.00444507
v 0.04000000 -0.00657433 0.00381826
v 0.04181818 -0.00618429 0.00409553
v 0.04363636 -0.00605991 0.00380526
v 0.04727273 -0.00595495 0.00381636
v 0.04545455 -0.00600305 0.00406378
v 0.04000000 -0.00619288 0.00438791
v 0.04181818 -0.00582547 0.00464559
v 0.04363636 -0.00594347 0.00436071
v 0.04727273 -0.00607161 0.00435090
v 0.04545455 -0.00588771 0.00460754
v 0.03454546 -0.00594203 0.00474574
v 0.03818182 -0.00599687 0.00467486
v 0.04727273 -0.00595495 0.00488543
v 0.06288236 -0.00906100 0.00462965
v 0.06288236 -0.01089757 0.00574079
v 0.06288236 -0.01068818 0.00535061
v 0.05958823 -0.00885716 0.00513432
v 0.06288236 -0.01006805 0.00497542
v 0.06123529 -0.00921802 0.00487302
v 0.05958823 -0.00903068 0.00552450
v 0.06123529 -0.00978580 0.00524821
v 0.06123529 -0.00997751 0.00563839
v 0.05090909 -0.00593186 0.00401279
v 0.04909091 -0.00609735 0.00415183
v 0.05090909 -0.00629723 0.00451186
v 0.05272727 -0.00615762 0.00438928
v 0.05506327 -0.00582791 0.00441421
v 0.05504632 -0.00581024 0.00440413
v 0.05525415 -0.00614622 0.00465800
v 0.05958823 -0.00750874 0.00441336
v 0.05794118 -0.00744490 0.00463605
v 0.06123529 -0.00829600 0.00452725
v 0.06288236 -0.00770575 0.00432657
v 0.06288236 -0.00605437 0.00407785
v 0.05794118 -0.00670023 0.00429028
v 0.05629412 -0.00587149 0.00416030
v 0.05958823 -0.00638566 0.00411029
v 0.05629412 -0.00652405 0.00450608
v 0.06123529 -0.00705517 0.00422418
v 0.04909091 -0.00621680 0.00467818
v 0.04909091 -0.00609735 0.00520454
v 0.05090909 -0.00642060 0.00503087
v 0.05272727 -0.00653690 0.00488190
v 0.05560688 -0.00655059 0.00496645
v 0.05562304 -0.00656565 0.00498541
v 0.05575410 -0.00670314 0.00515810
v 0.05454545 -0.00640421 0.00476082
v 0.05528883 -0.00623457 0.00472367
v 0.05533985 -0.00634638 0.00480330
v 0.05090909 -0.00629723 0.00554989
v 0.05272727 -0.00666496 0.00539422
v 0.05454545 -0.00679867 0.00524742
v 0.05581589 -0.00676547 0.00523237
v 0.05454545 -0.00693187 0.00575347
v 0.05958823 -0.00834326 0.00475914
v 0.05794118 -0.00790346 0.00501124
v 0.05794118 -0.00805830 0.00540142
v 0.05629412 -0.00692589 0.00488126
v 0.05629412 -0.00706158 0.00527145
v 0.05597137 -0.00683899 0.00532153
v 0.05652835 -0.00708778 0.00562219
v 0.05653072 -0.00708857 0.00562425
v 0.05629412 -0.00698322 0.00549678
v 0.05636363 -0.00701413 0.00553434
v 0.05636363 -0.00706487 0.00559385
v 0.05645787 -0.00705597 0.00558545
v 0.05660935 -0.00711300 0.00568650
v 0.04000000 -0.00557344 0.00153880
v 0.04181818 -0.00445862 0.00145015
v 0.04181818 -0.00524279 0.00189448
v 0.04363636 -0.00503863 0.00222347
v 0.04363636 -0.00428500 0.00179203
v 0.04363636 -0.00336670 0.00143795
v 0.04545455 -0.00333512 0.00174629
v 0.04545455 -0.00424480 0.00209292
v 0.04727273 -0.00429328 0.00241347
v 0.04727273 -0.00337321 0.00207273
v 0.04363636 -0.00559862 0.00271571
v 0.04545455 -0.00499136 0.00251528
v 0.04727273 -0.00504836 0.00282867
v 0.04545455 -0.00554610 0.00299715
v 0.04727273 -0.00560944 0.00330237
v 0.04545455 -0.00229727 0.00148872
v 0.04727273 -0.00232350 0.00181953
v 0.04545455 -0.00117114 0.00133011
v 0.04727273 -0.00118451 0.00166361
v 0.04909091 -0.00439594 0.00277041
v 0.04909091 -0.00516908 0.00317925
v 0.05090909 -0.00454005 0.00314970
v 0.05272727 -0.00471284 0.00353733
v 0.04909091 -0.00345387 0.00243488
v 0.05090909 -0.00356709 0.00281884
v 0.05272727 -0.00370285 0.00321075
v 0.05440805 -0.00327263 0.00345407
v 0.05446629 -0.00337625 0.00348621
v 0.05464706 -0.00335661 0.00347393
v 0.04909091 -0.00237907 0.00218555
v 0.04909091 -0.00121284 0.00203202
v 0.05090909 -0.00125260 0.00242161
v 0.05090909 -0.00245706 0.00257300
v 0.05272727 -0.00255057 0.00296808
v 0.05431586 -0.00223191 0.00326159
v 0.05448519 -0.00268752 0.00335216
v 0.05449221 -0.00264972 0.00334561
v 0.05440109 -0.00238163 0.00329627
v 0.05464706 -0.00231207 0.00328911
v 0.05438393 -0.00145879 0.00318796
v 0.05272727 -0.00130027 0.00281864
v 0.05439778 -0.00134811 0.00317766
v 0.05437760 -0.00129889 0.00317153
v 0.05428179 -0.00113361 0.00314495
v 0.05464706 -0.00117869 0.00317530
v 0.05431128 -0.00019886 0.00311680
v 0.05431068 -0.00016790 0.00311553
v 0.05629412 -0.00270235 0.00342369
v 0.05794118 -0.00157210 0.00343985
v 0.05629412 -0.00137765 0.00330987
v 0.03272727 -0.00500226 0.00500804
v 0.03454546 -0.00466863 0.00516884
v 0.03636364 -0.00551022 0.00494181
v 0.03818182 -0.00509992 0.00515282
v 0.03272727 -0.00344562 0.00533331
v 0.03454546 -0.00321580 0.00548323
v 0.03636364 -0.00432935 0.00534948
v 0.03818182 -0.00400698 0.00554506
v 0.03636364 -0.00298211 0.00565240
v 0.04000000 -0.00557344 0.00491290
v 0.04181818 -0.00524279 0.00515252
v 0.04363636 -0.00559862 0.00489481
v 0.04545455 -0.00554610 0.00513040
v 0.04000000 -0.00473983 0.00537306
v 0.04181818 -0.00445862 0.00559685
v 0.04727273 -0.00560944 0.00539942
v 0.04363636 -0.00503863 0.00538705
v 0.04545455 -0.00499136 0.00561227
v 0.04000000 -0.00372406 0.00575070
v 0.03272727 -0.00175656 0.00553361
v 0.03454546 -0.00163940 0.00567683
v 0.04909091 -0.00574358 0.00364570
v 0.05090909 -0.00533853 0.00355284
v 0.05272727 -0.00554171 0.00393527
v 0.05476369 -0.00508357 0.00403526
v 0.05464706 -0.00449255 0.00381156
v 0.05454545 -0.00490157 0.00391929
v 0.05475551 -0.00479763 0.00392432
v 0.05479182 -0.00502087 0.00401092
v 0.05481133 -0.00492963 0.00397227
v 0.05454545 -0.00576364 0.00431237
v 0.05500245 -0.00564434 0.00432593
v 0.05498209 -0.00560270 0.00430497
v 0.05457592 -0.00426720 0.00372984
v 0.05464706 -0.00427216 0.00372266
v 0.05455487 -0.00423093 0.00371500
v 0.05454545 -0.00385114 0.00359671
v 0.05461669 -0.00385705 0.00361105
v 0.05460212 -0.00381702 0.00360074
v 0.05454545 -0.00363518 0.00355351
v 0.05794118 -0.00569808 0.00398721
v 0.05794118 -0.00447695 0.00373848
v 0.05629412 -0.00499329 0.00385723
v 0.05958823 -0.00501718 0.00386156
v 0.06123529 -0.00554321 0.00397545
v 0.05629412 -0.00392320 0.00360851
v 0.05958823 -0.00345589 0.00367674
v 0.05794118 -0.00308378 0.00355366
v 0.06123529 -0.00381823 0.00379063
v 0.06288236 -0.00417032 0.00389303
v 0.04909091 -0.00574358 0.00571066
v 0.05958823 -0.00176180 0.00356293
v 0.06123529 -0.00194652 0.00367682
v 0.06288236 -0.00212601 0.00377922
v 0.06123529 -0.00000000 0.00363839
v 0.06288236 -0.00000000 0.00374079
v 0.07111765 -0.01064480 0.00458579
v 0.06782353 -0.00953531 0.00454182
v 0.06617647 -0.00894668 0.00448769
v 0.06947059 -0.01010157 0.00457526
v 0.07276471 -0.01120445 0.00458579
v 0.07770588 -0.01022173 0.00433706
v 0.07935294 -0.01067857 0.00433706
v 0.07605882 -0.00974708 0.00433706
v 0.07276471 -0.00880328 0.00433706
v 0.07441176 -0.00926936 0.00433706
v 0.06782353 -0.01121234 0.00484489
v 0.06452941 -0.01089221 0.00506402
v 0.06617647 -0.01052018 0.00479077
v 0.06452941 -0.01156311 0.00543921
v 0.06452941 -0.00980273 0.00471825
v 0.06452941 -0.00833654 0.00441518
v 0.06782353 -0.00749185 0.00429310
v 0.07111765 -0.00836356 0.00433706
v 0.06947059 -0.00793675 0.00432654
v 0.06452941 -0.00654998 0.00416645
v 0.06617647 -0.00702936 0.00423897
v 0.07935294 -0.00735553 0.00415224
v 0.07605882 -0.00671391 0.00415224
v 0.07276471 -0.00606380 0.00415224
v 0.07441176 -0.00638485 0.00415224
v 0.07770588 -0.00704085 0.00415224
v 0.08100000 -0.01110289 0.00433706
v 0.08264706 -0.01147996 0.00433706
v 0.08429412 -0.00812458 0.00415224
v 0.08100000 -0.00764780 0.00415224
v 0.08264706 -0.00790753 0.00415224
v 0.08594117 -0.00828880 0.00415224
v 0.08758824 -0.00839005 0.00415224
v 0.09417647 -0.00841904 0.00407846
v 0.09582353 -0.00841904 0.00402773
v 0.08923529 -0.00841904 0.00415208
v 0.09088235 -0.00841904 0.00414192
v 0.09252941 -0.00841904 0.00411695
v 0.06452941 -0.00451170 0.00398163
v 0.06617647 -0.00484191 0.00405415
v 0.06782353 -0.00516047 0.00410828
v 0.06947059 -0.00546693 0.00414172
v 0.07111765 -0.00576092 0.00415224
v 0.07111765 -0.00293689 0.00403843
v 0.07276471 -0.00309130 0.00403843
v 0.07605882 -0.00342272 0.00403843
v 0.07441176 -0.00325497 0.00403843
v 0.07935294 -0.00374982 0.00403843
v 0.07770588 -0.00358939 0.00403843
v 0.06452941 -0.00230005 0.00386782
v 0.06782353 -0.00263079 0.00399446
v 0.06617647 -0.00246838 0.00394034
v 0.06947059 -0.00278702 0.00402791
v 0.06452941 -0.00000000 0.00382939
v 0.06617647 -0.00000000 0.00390191
v 0.06782353 -0.00000000 0.00395603
v 0.06947059 -0.00000000 0.00398948
v 0.07111765 -0.00000000 0.00400000
v 0.07276471 -0.00000000 0.00400000
v 0.07441176 -0.00000000 0.00400000
v 0.07605882 -0.00000000 0.00400000
v 0.07770588 -0.00000000 0.00400000
v 0.07935294 -0.00000000 0.00400000
v 0.08100000 -0.00389882 0.00403843
v 0.08264706 -0.00403123 0.00403843
v 0.08429412 -0.00414187 0.00403843
v 0.08594117 -0.00422559 0.00403843
v 0.08758824 -0.00427721 0.00403843
v 0.08923529 -0.00429199 0.00403827
v 0.09088235 -0.00429199 0.00402825
v 0.09252941 -0.00429199 0.00400363
v 0.09417647 -0.00429199 0.00396567
v 0.09582353 -0.00429199 0.00391566
v 0.08100000 -0.00000000 0.00400000
v 0.08264706 -0.00000000 0.00400000
v 0.08429412 -0.00000000 0.00400000
v 0.08594117 -0.00000000 0.00400000
v 0.08758824 -0.00000000 0.00400000
v 0.08923529 -0.00000000 0.00399984
v 0.09088235 -0.00000000 0.00398987
v 0.09252941 -0.00000000 0.00396537
v 0.09417647 -0.00000000 0.00392759
v 0.09582353 -0.00000000 0.00387782
v 0.10100000 -0.02064336 0.00328810
v 0.10295162 -0.02063069 0.00331588
v 0.10490323 -0.02061766 0.00336598
v 0.10685484 -0.02060427 0.00343657
v 0.10880645 -0.02059053 0.00352582
v 0.10100000 -0.01950000 0.00320000
v 0.10295162 -0.01950000 0.00322861
v 0.10490323 -0.01950000 0.00327956
v 0.10100000 -0.01835664 0.00328810
v 0.10295162 -0.01836931 0.00331588
v 0.10490323 -0.01838234 0.00336598
v 0.10685484 -0.01950000 0.00335102
v 0.10880645 -0.01950000 0.00344115
v 0.10685484 -0.01839573 0.00343657
v 0.10880645 -0.01840947 0.00352582
v 0.10100000 -0.02249336 0.00394199
v 0.10295162 -0.02246020 0.00396359
v 0.10490323 -0.02242608 0.00400740
v 0.10100000 -0.02301891 0.00444377
v 0.10295162 -0.02297992 0.00446063
v 0.10490323 -0.02293981 0.00449961
v 0.10100000 -0.02167481 0.00354377
v 0.10295162 -0.02165071 0.00356913
v 0.10490323 -0.02162592 0.00361677
v 0.10685484 -0.02239102 0.00407157
v 0.10685484 -0.02289860 0.00455886
v 0.10880645 -0.02285631 0.00463656
v 0.10880645 -0.02235504 0.00415429
v 0.11075807 -0.02231816 0.00425371
v 0.11270968 -0.02228039 0.00436802
v 0.10685484 -0.02160045 0.00368486
v 0.10880645 -0.02157431 0.00377155
v 0.11075807 -0.02154751 0.00387503
v 0.11270968 -0.02152007 0.00399345
v 0.11075807 -0.02057644 0.00363190
v 0.11270968 -0.02056201 0.00375297
v 0.10100000 -0.02320000 0.00500000
v 0.10295162 -0.02315901 0.00501161
v 0.10490323 -0.02311683 0.00504523
v 0.09747059 -0.02200000 0.00577164
v 0.10076471 -0.02200000 0.00558649
v 0.09911764 -0.02200000 0.00568418
v 0.10100000 -0.02301891 0.00555623
v 0.10295162 -0.02297992 0.00556259
v 0.10490323 -0.02293981 0.00559085
v 0.10100000 -0.02193961 0.00551845
v 0.10100000 -0.02200000 0.00557130
v 0.10076471 -0.02157728 0.00521244
v 0.10076471 -0.02032535 0.00485277
v 0.09747059 -0.02032535 0.00502375
v 0.09911764 -0.02032535 0.00494299
v 0.10100000 -0.02157728 0.00519784
v 0.10100000 -0.02139843 0.00514703
v 0.10100000 -0.02032535 0.00483874
v 0.09747059 -0.02157728 0.00539037
v 0.09911764 -0.02157728 0.00530633
v 0.10685484 -0.02307350 0.00509903
v 0.10880645 -0.02302903 0.00517117
v 0.11075807 -0.02281295 0.00473088
v 0.11270968 -0.02276854 0.00483999
v 0.10685484 -0.02289860 0.00563919
v 0.10880645 -0.02285631 0.00570578
v 0.11075807 -0.02298344 0.00525983
v 0.11270968 -0.02293675 0.00536318
v 0.09911764 -0.01829233 0.00460814
v 0.10076471 -0.01829233 0.00452130
v 0.10100000 -0.01829233 0.00450779
v 0.10100000 -0.01790147 0.00446675
v 0.11075807 -0.01950000 0.00354812
v 0.11270968 -0.01950000 0.00367011
v 0.10880645 -0.01742569 0.00377155
v 0.11075807 -0.01842356 0.00363190
v 0.11270968 -0.01843799 0.00375297
v 0.11075807 -0.01745249 0.00387503
v 0.11270968 -0.01747993 0.00399345
v 0.10100000 -0.02003491 0.00479191
v 0.09747059 -0.01829233 0.00468587
v 0.11466129 -0.02224174 0.00449536
v 0.11661290 -0.02220223 0.00463393
v 0.11466129 -0.02054725 0.00388721
v 0.11661290 -0.02053216 0.00403277
v 0.11466129 -0.02149199 0.00412500
v 0.11661290 -0.02146328 0.00426783
v 0.11856452 -0.02143397 0.00442011
v 0.12051613 -0.02140405 0.00458002
v 0.11856452 -0.02051675 0.00418784
v 0.12051613 -0.02050102 0.00435057
v 0.12246774 -0.02048503 0.00452199
v 0.11466129 -0.02272310 0.00496205
v 0.11661290 -0.02267666 0.00509525
v 0.11856452 -0.02216188 0.00478188
v 0.12051613 -0.02212070 0.00493738
v 0.11466129 -0.02288897 0.00547938
v 0.11661290 -0.02284014 0.00560662
v 0.11856452 -0.02262923 0.00523773
v 0.12051613 -0.02258082 0.00538769
v 0.11856452 -0.02279027 0.00574305
v 0.12246774 -0.02207883 0.00510147
v 0.12246774 -0.02253160 0.00554616
v 0.12441935 -0.02203879 0.00533736
v 0.12637097 -0.02200086 0.00566153
v 0.12246774 -0.02137363 0.00474857
v 0.12441935 -0.02134454 0.00498870
v 0.12441935 -0.02046973 0.00476485
v 0.12637097 -0.02045524 0.00509559
v 0.12637097 -0.02131698 0.00531687
v 0.12832259 -0.02129027 0.00571973
v 0.12832259 -0.02044120 0.00550092
v 0.11466129 -0.01950000 0.00380527
v 0.11661290 -0.01950000 0.00395178
v 0.11856452 -0.01950000 0.00410781
v 0.12051613 -0.01950000 0.00427151
v 0.11466129 -0.01845275 0.00388721
v 0.11661290 -0.01846784 0.00403277
v 0.11466129 -0.01750801 0.00412500
v 0.11661290 -0.01753671 0.00426783
v 0.11856452 -0.01848325 0.00418784
v 0.12051613 -0.01849898 0.00435057
v 0.11856452 -0.01756603 0.00442011
v 0.12051613 -0.01759595 0.00458002
v 0.12246774 -0.01950000 0.00444391
v 0.12246774 -0.01851497 0.00452199
v 0.12441935 -0.01950000 0.00468772
v 0.12637097 -0.01950000 0.00501934
v 0.12832259 -0.01950000 0.00542552
v 0.12441935 -0.01853027 0.00476485
v 0.12246774 -0.01762637 0.00474857
v 0.12441935 -0.01765546 0.00498870
v 0.12637097 -0.01854476 0.00509559
v 0.12832259 -0.01855880 0.00550092
v 0.12637097 -0.01768302 0.00531687
v 0.12832259 -0.01770973 0.00571973
v 0.10900000 -0.01222255 0.00350335
v 0.10100000 -0.01732519 0.00354377
v 0.10295162 -0.01734929 0.00356913
v 0.10490323 -0.01737408 0.00361677
v 0.10100000 -0.01650664 0.00394199
v 0.10295162 -0.01653980 0.00396359
v 0.10490323 -0.01657392 0.00400740
v 0.10490323 -0.01649111 0.00408674
v 0.10200594 -0.01623048 0.00423353
v 0.10208289 -0.01623666 0.00422977
v 0.10241176 -0.01626291 0.00421365
v 0.10295162 -0.01630688 0.00418635
v 0.10100000 -0.01615165 0.00428093
v 0.10363873 -0.01637094 0.00415231
v 0.10357225 -0.01636462 0.00415572
v 0.10405882 -0.01641066 0.00413072
v 0.10405882 -0.01555635 0.00404208
v 0.10076471 -0.01555635 0.00423075
v 0.09911764 -0.01555635 0.00431463
v 0.09747059 -0.01555635 0.00438972
v 0.10241176 -0.01555635 0.00413945
v 0.10685484 -0.01739955 0.00368486
v 0.10656638 -0.01672206 0.00400435
v 0.10685484 -0.01677429 0.00399071
v 0.10664298 -0.01673569 0.00400084
v 0.10880645 -0.01716280 0.00390043
v 0.10900000 -0.01720470 0.00389154
v 0.10811636 -0.01702419 0.00393319
v 0.10792360 -0.01698631 0.00394193
v 0.10735294 -0.01687358 0.00396774
v 0.10514103 -0.01651635 0.00407459
v 0.10512877 -0.01651502 0.00407524
v 0.10583144 -0.01659060 0.00403792
v 0.10570588 -0.01657711 0.00404457
v 0.10900000 -0.01664861 0.00416415
v 0.10900000 -0.01659954 0.00421147
v 0.10900000 -0.01614800 0.00464592
v 0.11075807 -0.01668184 0.00425371
v 0.11270968 -0.01671962 0.00436802
v 0.10900000 -0.01555635 0.00372721
v 0.10570588 -0.01555635 0.00394001
v 0.10735294 -0.01555635 0.00383459
v 0.10900000 -0.01613109 0.00469837
v 0.10900000 -0.01597549 0.00517996
v 0.11075807 -0.01618705 0.00473088
v 0.11270968 -0.01623146 0.00483999
v 0.10900000 -0.01599240 0.00523242
v 0.10900000 -0.01614800 0.00571401
v 0.10900000 -0.01619706 0.00576133
v 0.11075807 -0.01601656 0.00525983
v 0.11270968 -0.01606325 0.00536318
v 0.09911764 -0.01222255 0.00407376
v 0.10076471 -0.01222255 0.00399231
v 0.10405882 -0.01222255 0.00380910
v 0.10241176 -0.01222255 0.00390365
v 0.09747059 -0.01222255 0.00414668
v 0.10570588 -0.01222255 0.00370999
v 0.10735294 -0.01222255 0.00360763
v 0.11466129 -0.01675826 0.00449536
v 0.11661290 -0.01679777 0.00463393
v 0.11466129 -0.01627689 0.00496205
v 0.11661290 -0.01632334 0.00509525
v 0.11856452 -0.01683812 0.00478188
v 0.12051613 -0.01687930 0.00493738
v 0.11466129 -0.01611103 0.00547938
v 0.11661290 -0.01615986 0.00560662
v 0.11856452 -0.01637077 0.00523773
v 0.12051613 -0.01641918 0.00538769
v 0.11856452 -0.01620973 0.00574305
v 0.12246774 -0.01692117 0.00510147
v 0.12441935 -0.01696121 0.00533736
v 0.12246774 -0.01646840 0.00554616
v 0.12637097 -0.01699914 0.00566153
v 0.10100000 -0.00764336 0.00328810
v 0.10298387 -0.00763048 0.00331653
v 0.10496774 -0.00761723 0.00336799
v 0.10100000 -0.00650000 0.00320000
v 0.10298387 -0.00650000 0.00322928
v 0.10496774 -0.00650000 0.00328160
v 0.10570588 -0.00841904 0.00353907
v 0.10570588 -0.00816531 0.00353260
v 0.10582870 -0.00811128 0.00352386
v 0.10900000 -0.00841904 0.00333702
v 0.10735294 -0.00841904 0.00343898
v 0.10680979 -0.00767662 0.00345330
v 0.10695161 -0.00761377 0.00344311
v 0.10695161 -0.00760360 0.00344057
v 0.10697287 -0.00760345 0.00344155
v 0.10698069 -0.00758742 0.00344068
v 0.10900000 -0.00758914 0.00353588
v 0.10900000 -0.00755418 0.00353316
v 0.10735294 -0.00682273 0.00339881
v 0.10695161 -0.00650000 0.00335506
v 0.10695161 -0.00591530 0.00340036
v 0.10750965 -0.00650000 0.00338112
v 0.10731769 -0.00629893 0.00338777
v 0.10735294 -0.00633578 0.00338656
v 0.10900000 -0.00650000 0.00345129
v 0.10900000 -0.00646503 0.00345402
v 0.10177421 -0.00916436 0.00379672
v 0.10211301 -0.00910894 0.00377630
v 0.10298387 -0.00896133 0.00372131
v 0.10241176 -0.00905933 0.00375794
v 0.10390242 -0.00878020 0.00366140
v 0.10405882 -0.00874895 0.00365100
v 0.10100000 -0.00929061 0.00384335
v 0.10900000 -0.00983596 0.00462996
v 0.10900000 -0.00985204 0.00464546
v 0.10900000 -0.00935141 0.00416369
v 0.10900000 -0.00932638 0.00415139
v 0.11091936 -0.00931507 0.00426262
v 0.11290322 -0.00927659 0.00438009
v 0.10900000 -0.01001900 0.00516233
v 0.10900000 -0.01002454 0.00517951
v 0.11091936 -0.00980932 0.00473936
v 0.11290322 -0.00976408 0.00485155
v 0.10900000 -0.00985757 0.00569637
v 0.10900000 -0.00985204 0.00571356
v 0.11091936 -0.00997962 0.00526784
v 0.11290322 -0.00993206 0.00537416
v 0.10076471 -0.00841904 0.00381514
v 0.09747059 -0.00841904 0.00396608
v 0.09911764 -0.00841904 0.00389478
v 0.10100000 -0.00867481 0.00354377
v 0.10298387 -0.00865031 0.00356974
v 0.10100000 -0.00841904 0.00380275
v 0.10464878 -0.00862914 0.00361084
v 0.10496774 -0.00849311 0.00358588
v 0.10100000 -0.00782945 0.00378734
v 0.10512272 -0.00841904 0.00357338
v 0.10900000 -0.00857167 0.00378135
v 0.10900000 -0.00854013 0.00377346
v 0.11091936 -0.00854527 0.00388427
v 0.11290322 -0.00851731 0.00400594
v 0.11091936 -0.00757526 0.00364136
v 0.11290322 -0.00756056 0.00376573
v 0.11091936 -0.00650000 0.00355766
v 0.11290322 -0.00650000 0.00368295
v 0.11488710 -0.00923721 0.00451086
v 0.11687097 -0.00919694 0.00465299
v 0.11488710 -0.00971778 0.00497693
v 0.11687097 -0.00967045 0.00511359
v 0.11885484 -0.00915581 0.00480458
v 0.12083871 -0.00911382 0.00496369
v 0.11488710 -0.00988338 0.00549358
v 0.11687097 -0.00983360 0.00562417
v 0.11885484 -0.00962209 0.00525961
v 0.12083871 -0.00957273 0.00541307
v 0.11885484 -0.00978276 0.00576402
v 0.12282258 -0.00907133 0.00513739
v 0.12282258 -0.00952278 0.00558107
v 0.12480645 -0.00903086 0.00539724
v 0.12679033 -0.00899217 0.00574719
v 0.11488710 -0.00754552 0.00390350
v 0.11687097 -0.00753014 0.00405277
v 0.11488710 -0.00848870 0.00414098
v 0.11687097 -0.00845944 0.00428746
v 0.11885484 -0.00842956 0.00444346
v 0.12083871 -0.00839905 0.00460705
v 0.11885484 -0.00751443 0.00421161
v 0.12083871 -0.00749839 0.00437808
v 0.11488710 -0.00650000 0.00382168
v 0.11687097 -0.00650000 0.00397191
v 0.11885484 -0.00650000 0.00413172
v 0.12083871 -0.00650000 0.00429919
v 0.12282258 -0.00748216 0.00455922
v 0.12282258 -0.00650000 0.00448132
v 0.12282258 -0.00836818 0.00478528
v 0.12480645 -0.00833877 0.00504942
v 0.12480645 -0.00746670 0.00482610
v 0.12679033 -0.00745193 0.00518275
v 0.12679033 -0.00831067 0.00540345
v 0.12877420 -0.00743747 0.00561463
v 0.12480645 -0.00650000 0.00474915
v 0.12679033 -0.00650000 0.00510670
v 0.12877420 -0.00650000 0.00553946
v 0.10100000 -0.00535664 0.00328810
v 0.10298387 -0.00536952 0.00331653
v 0.10496774 -0.00538277 0.00336799
v 0.10496774 -0.00488447 0.00349195
v 0.10434112 -0.00468907 0.00352326
v 0.10405882 -0.00460065 0.00353736
v 0.10405882 -0.00429199 0.00352938
v 0.10677300 -0.00574514 0.00340694
v 0.10660649 -0.00558839 0.00341292
v 0.10555571 -0.00509175 0.00346305
v 0.10570588 -0.00514485 0.00345557
v 0.10639901 -0.00539260 0.00342035
v 0.10900000 -0.00541086 0.00353588
v 0.10540768 -0.00503919 0.00347042
v 0.10900000 -0.00429199 0.00323459
v 0.10570588 -0.00429199 0.00343382
v 0.10735294 -0.00429199 0.00333513
v 0.10405882 -0.00000000 0.00349339
v 0.10900000 -0.00000000 0.00320000
v 0.10570588 -0.00000000 0.00339828
v 0.10735294 -0.00000000 0.00330006
v 0.10394906 -0.00456703 0.00354265
v 0.10324291 -0.00435299 0.00357614
v 0.09911764 -0.00429199 0.00378456
v 0.10076471 -0.00429199 0.00370603
v 0.09747059 -0.00429199 0.00385486
v 0.10100000 -0.00432519 0.00354377
v 0.10156272 -0.00410258 0.00366301
v 0.10298387 -0.00434969 0.00356974
v 0.10298387 -0.00430949 0.00358934
v 0.10286320 -0.00429199 0.00359556
v 0.10243636 -0.00422787 0.00361865
v 0.10241176 -0.00422419 0.00361997
v 0.10100000 -0.00429199 0.00369382
v 0.10100000 -0.00402148 0.00369152
v 0.10305578 -0.00432161 0.00358567
v 0.10900000 -0.00537931 0.00354378
v 0.10900000 -0.00442833 0.00378135
v 0.10900000 -0.00440329 0.00379366
v 0.11091936 -0.00542474 0.00364136
v 0.11290322 -0.00543944 0.00376573
v 0.11091936 -0.00445473 0.00388427
v 0.11290322 -0.00448269 0.00400594
v 0.10900000 -0.00364859 0.00416369
v 0.10900000 -0.00363252 0.00417919
v 0.10900000 -0.00314796 0.00464546
v 0.11091936 -0.00368493 0.00426262
v 0.11290322 -0.00372341 0.00438009
v 0.10900000 -0.00314243 0.00466265
v 0.10900000 -0.00297546 0.00517951
v 0.10900000 -0.00298100 0.00519670
v 0.11091936 -0.00319068 0.00473936
v 0.11290322 -0.00323592 0.00485155
v 0.10900000 -0.00314796 0.00571356
v 0.10900000 -0.00316404 0.00572906
v 0.11091936 -0.00302038 0.00526784
v 0.11290322 -0.00306794 0.00537416
v 0.09747059 -0.00000000 0.00381731
v 0.10076471 -0.00000000 0.00366919
v 0.09911764 -0.00000000 0.00374735
v 0.10241176 -0.00000000 0.00358411
v 0.11488710 -0.00545448 0.00390350
v 0.11687097 -0.00546986 0.00405277
v 0.11488710 -0.00451130 0.00414098
v 0.11687097 -0.00454056 0.00428746
v 0.11885484 -0.00548557 0.00421161
v 0.12083871 -0.00550161 0.00437808
v 0.11885484 -0.00457044 0.00444346
v 0.12083871 -0.00460095 0.00460705
v 0.11488710 -0.00376279 0.00451086
v 0.11687097 -0.00380306 0.00465299
v 0.12282258 -0.00551784 0.00455922
v 0.11488710 -0.00328222 0.00497693
v 0.11687097 -0.00332955 0.00511359
v 0.11885484 -0.00384419 0.00480458
v 0.12083871 -0.00388618 0.00496369
v 0.11488710 -0.00311662 0.00549358
v 0.11687097 -0.00316640 0.00562417
v 0.11885484 -0.00337791 0.00525961
v 0.12083871 -0.00342727 0.00541307
v 0.11885484 -0.00321724 0.00576402
v 0.12480645 -0.00553330 0.00482610
v 0.12282258 -0.00463182 0.00478528
v 0.12480645 -0.00466123 0.00504942
v 0.12679033 -0.00554807 0.00518275
v 0.12877420 -0.00556253 0.00561463
v 0.12679033 -0.00468933 0.00540345
v 0.12282258 -0.00392867 0.00513739
v 0.12480645 -0.00396915 0.00539724
v 0.12282258 -0.00347722 0.00558107
v 0.12679033 -0.00400783 0.00574719
v 0.07935294 -0.01922092 0.00600000
v 0.07935294 -0.01885159 0.00639018
v 0.07605882 -0.01754429 0.00600000
v 0.07770588 -0.01839862 0.00600000
v 0.07770588 -0.01804510 0.00639018
v 0.07935294 -0.01775781 0.00676537
v 0.08758824 -0.02192426 0.00600000
v 0.08429412 -0.02123055 0.00600000
v 0.08264706 -0.02066338 0.00600000
v 0.08594117 -0.02165967 0.00600000
v 0.08429412 -0.02082261 0.00639018
v 0.08594117 -0.02124349 0.00639018
v 0.08758824 -0.02150299 0.00639018
v 0.08923529 -0.02200000 0.00599980
v 0.09088235 -0.02200000 0.00598734
v 0.09252941 -0.02200000 0.00595671
v 0.09417647 -0.02200000 0.00590949
v 0.09582353 -0.02200000 0.00584727
v 0.09417647 -0.02157728 0.00629614
v 0.09582353 -0.02157728 0.00623149
v 0.08923529 -0.02157728 0.00638997
v 0.09088235 -0.02157728 0.00637703
v 0.09252941 -0.02157728 0.00634520
v 0.08923529 -0.02032535 0.00676515
v 0.09252941 -0.02032535 0.00671876
v 0.09088235 -0.02032535 0.00675174
v 0.09582353 -0.02032535 0.00660095
v 0.09417647 -0.02032535 0.00666793
v 0.08100000 -0.01998467 0.00600000
v 0.08100000 -0.01960067 0.00639018
v 0.08264706 -0.02026634 0.00639018
v 0.08429412 -0.01961447 0.00676537
v 0.08264706 -0.01909047 0.00676537
v 0.08594117 -0.02001093 0.00676537
v 0.08758824 -0.02025537 0.00676537
v 0.08100000 -0.01846343 0.00676537
v 0.08429412 -0.01765255 0.00711114
v 0.08758824 -0.01822936 0.00711114
v 0.08594117 -0.01800936 0.00711114
v 0.08923529 -0.01829233 0.00711091
v 0.09088235 -0.01829233 0.00709707
v 0.09252941 -0.01829233 0.00706304
v 0.09417647 -0.01829233 0.00701057
v 0.09582353 -0.01829233 0.00694144
v 0.07111765 -0.01505402 0.00600000
v 0.07111765 -0.01476476 0.00639018
v 0.07441176 -0.01668441 0.00600000
v 0.07605882 -0.01720718 0.00639018
v 0.07441176 -0.01636382 0.00639018
v 0.07605882 -0.01620881 0.00676537
v 0.07770588 -0.01699811 0.00676537
v 0.07276471 -0.01584549 0.00600000
v 0.07276471 -0.01554102 0.00639018
v 0.07441176 -0.01541438 0.00676537
v 0.07276471 -0.01463932 0.00676537
v 0.07935294 -0.01598161 0.00711114
v 0.07605882 -0.01458754 0.00711114
v 0.07770588 -0.01529790 0.00711114
v 0.06782353 -0.01348497 0.00595604
v 0.06947059 -0.01428578 0.00598948
v 0.06782353 -0.01322586 0.00634622
v 0.06947059 -0.01401128 0.00637966
v 0.07111765 -0.01390810 0.00676537
v 0.06947059 -0.01319834 0.00675484
v 0.06617647 -0.01265252 0.00590191
v 0.06617647 -0.01240940 0.00629209
v 0.06452941 -0.01178965 0.00582939
v 0.06782353 -0.01245849 0.00672140
v 0.06617647 -0.01168940 0.00666727
v 0.07111765 -0.01251696 0.00711114
v 0.06947059 -0.01187819 0.00710062
v 0.07441176 -0.01387258 0.00711114
v 0.07276471 -0.01317504 0.00711114
v 0.07935294 -0.01359124 0.00741421
v 0.07605882 -0.01240569 0.00741421
v 0.07441176 -0.01179766 0.00741421
v 0.07770588 -0.01300979 0.00741421
v 0.08264706 -0.01718097 0.00711114
v 0.08100000 -0.01661664 0.00711114
v 0.08429412 -0.01501226 0.00741421
v 0.08264706 -0.01461121 0.00741421
v 0.08594117 -0.01531570 0.00741421
v 0.08758824 -0.01550279 0.00741421
v 0.08923529 -0.01555635 0.00741398
v 0.09088235 -0.01555635 0.00739976
v 0.09252941 -0.01555635 0.00736480
v 0.09417647 -0.01555635 0.00731091
v 0.09582353 -0.01555635 0.00723989
v 0.08100000 -0.01413129 0.00741421
v 0.08429412 -0.01179506 0.00766294
v 0.08594117 -0.01203347 0.00766294
v 0.08758824 -0.01218047 0.00766294
v 0.08923529 -0.01222255 0.00766270
v 0.09088235 -0.01222255 0.00764818
v 0.09252941 -0.01222255 0.00761245
v 0.09417647 -0.01222255 0.00755738
v 0.09582353 -0.01222255 0.00748481
v 0.06288236 -0.01068818 0.00613097
v 0.05958823 -0.00885716 0.00591468
v 0.06123529 -0.00978580 0.00602857
v 0.06288236 -0.01006805 0.00650615
v 0.06123529 -0.00921802 0.00640376
v 0.06288236 -0.00906100 0.00685193
v 0.05090909 -0.00593186 0.00604896
v 0.05272727 -0.00653690 0.00590653
v 0.05454545 -0.00679867 0.00625951
v 0.05272727 -0.00615762 0.00639916
v 0.05454545 -0.00640421 0.00674611
v 0.05958823 -0.00834326 0.00628987
v 0.05734274 -0.00726495 0.00599305
v 0.05794118 -0.00790346 0.00579160
v 0.05777436 -0.00735164 0.00615362
v 0.05785905 -0.00736644 0.00617755
v 0.05794118 -0.00744490 0.00616679
v 0.05794118 -0.00737973 0.00619705
v 0.05818182 -0.00741961 0.00625746
v 0.05958823 -0.00763147 0.00658479
v 0.05818182 -0.00746117 0.00640066
v 0.05855616 -0.00747735 0.00635343
v 0.05875118 -0.00750826 0.00640304
v 0.05980201 -0.00766285 0.00663095
v 0.05972650 -0.00765223 0.00661618
v 0.05994128 -0.00767749 0.00666006
v 0.06123529 -0.00829600 0.00674953
v 0.05996373 -0.00768012 0.00666379
v 0.06000000 -0.00768424 0.00666987
v 0.06075744 -0.00774177 0.00680442
v 0.06123529 -0.00778240 0.00687498
v 0.05712879 -0.00722309 0.00591255
v 0.05636363 -0.00720328 0.00609386
v 0.05636363 -0.00706487 0.00659387
v 0.05818182 -0.00731780 0.00689466
v 0.06146675 -0.00780153 0.00691095
v 0.06181818 -0.00782924 0.00696590
v 0.06187212 -0.00783071 0.00697501
v 0.06000000 -0.00753979 0.00714690
v 0.06289306 -0.00786699 0.00712060
v 0.06288236 -0.00786662 0.00711902
v 0.06301187 -0.00787064 0.00713814
v 0.06181818 -0.00771314 0.00733566
v 0.06334611 -0.00788336 0.00717995
v 0.06363636 -0.00789631 0.00721035
v 0.06363636 -0.00782017 0.00744597
v 0.06181818 -0.00726562 0.00779841
v 0.06363636 -0.00736644 0.00790184
v 0.05636363 -0.00665496 0.00707467
v 0.05818182 -0.00689322 0.00736967
v 0.05636363 -0.00598931 0.00751777
v 0.05818182 -0.00620373 0.00780745
v 0.06000000 -0.00710232 0.00761597
v 0.06181818 -0.00653888 0.00822488
v 0.06363636 -0.00662962 0.00832197
v 0.06000000 -0.00639192 0.00804826
v 0.04727273 -0.00504836 0.00587312
v 0.04181818 -0.00350312 0.00596150
v 0.04363636 -0.00428500 0.00581849
v 0.04545455 -0.00424480 0.00603464
v 0.04727273 -0.00429328 0.00628832
v 0.04363636 -0.00336670 0.00617257
v 0.04545455 -0.00333512 0.00638126
v 0.04727273 -0.00337321 0.00662907
v 0.03818182 -0.00276006 0.00583653
v 0.03636364 -0.00152027 0.00583894
v 0.03818182 -0.00140706 0.00601601
v 0.04000000 -0.00256517 0.00603131
v 0.04181818 -0.00241299 0.00623246
v 0.04363636 -0.00231903 0.00643568
v 0.04545455 -0.00229727 0.00663883
v 0.04727273 -0.00232350 0.00688226
v 0.04000000 -0.00130771 0.00620411
v 0.04181818 -0.00123013 0.00639932
v 0.04363636 -0.00118223 0.00659770
v 0.04545455 -0.00117114 0.00679744
v 0.04727273 -0.00118451 0.00703818
v 0.04909091 -0.00516908 0.00617711
v 0.05090909 -0.00533853 0.00650890
v 0.04909091 -0.00439594 0.00658596
v 0.05272727 -0.00554171 0.00685317
v 0.05090909 -0.00454005 0.00691205
v 0.05454545 -0.00576364 0.00719457
v 0.05272727 -0.00471284 0.00725111
v 0.05454545 -0.00490157 0.00758764
v 0.04909091 -0.00345387 0.00692149
v 0.05090909 -0.00356709 0.00724290
v 0.05272727 -0.00370285 0.00757769
v 0.05454545 -0.00385114 0.00791022
v 0.05636363 -0.00509349 0.00790615
v 0.04909091 -0.00237907 0.00717081
v 0.05090909 -0.00245706 0.00748875
v 0.05272727 -0.00255057 0.00782036
v 0.04909091 -0.00121284 0.00732434
v 0.05090909 -0.00125260 0.00764014
v 0.05272727 -0.00130027 0.00796979
v 0.05818182 -0.00527584 0.00819116
v 0.06000000 -0.00543588 0.00842717
v 0.06181818 -0.00556086 0.00859868
v 0.06363636 -0.00563803 0.00869022
v 0.06181818 -0.00436914 0.00890546
v 0.06363636 -0.00442977 0.00899243
v 0.05636363 -0.00400193 0.00822489
v 0.05818182 -0.00414520 0.00850607
v 0.06000000 -0.00427095 0.00873813
v 0.06000000 -0.00294188 0.00896920
v 0.06181818 -0.00300952 0.00913341
v 0.06363636 -0.00305128 0.00921699
v 0.05454545 -0.00265271 0.00814993
v 0.05454545 -0.00135234 0.00829754
v 0.05636363 -0.00275657 0.00846174
v 0.05818182 -0.00285526 0.00874006
v 0.05818182 -0.00145560 0.00888416
v 0.06000000 -0.00149976 0.00911149
v 0.05636363 -0.00140529 0.00860758
v 0.06181818 -0.00153424 0.00927379
v 0.06363636 -0.00155553 0.00935528
v 0.06452941 -0.01156311 0.00621957
v 0.06452941 -0.01089221 0.00659476
v 0.06782353 -0.01121234 0.00706718
v 0.06617647 -0.01052018 0.00701305
v 0.07111765 -0.01064480 0.00741421
v 0.06452941 -0.00980273 0.00694053
v 0.06782353 -0.00953531 0.00737025
v 0.06617647 -0.00894668 0.00731612
v 0.06947059 -0.01010157 0.00740369
v 0.07276471 -0.01120445 0.00741421
v 0.07770588 -0.01022173 0.00766294
v 0.07935294 -0.01067857 0.00766294
v 0.07605882 -0.00974708 0.00766294
v 0.07276471 -0.00880328 0.00766294
v 0.07441176 -0.00926936 0.00766294
v 0.06452941 -0.00833654 0.00724360
v 0.06429593 -0.00788458 0.00728419
v 0.06420410 -0.00788578 0.00727523
v 0.06452941 -0.00788097 0.00730703
v 0.06545454 -0.00786679 0.00739717
v 0.06543450 -0.00786700 0.00739550
v 0.06565407 -0.00785505 0.00741501
v 0.06545454 -0.00784404 0.00746616
v 0.06618737 -0.00782295 0.00746276
v 0.06617647 -0.00782359 0.00746181
v 0.06665751 -0.00776125 0.00750801
v 0.06697118 -0.00772490 0.00753347
v 0.06727273 -0.00768860 0.00755810
v 0.06788655 -0.00759170 0.00761074
v 0.06782353 -0.00760132 0.00760565
v 0.06808904 -0.00756357 0.00762437
v 0.06545454 -0.00738893 0.00791441
v 0.06727273 -0.00733962 0.00789785
v 0.07111765 -0.00836356 0.00766294
v 0.06947059 -0.00793675 0.00765242
v 0.06833015 -0.00753400 0.00763677
v 0.06909091 -0.00743966 0.00767598
v 0.06916837 -0.00742733 0.00768019
v 0.06947059 -0.00738199 0.00769393
v 0.06981007 -0.00733427 0.00770625
v 0.06909091 -0.00722861 0.00788060
v 0.07047924 -0.00724082 0.00773050
v 0.07090909 -0.00718425 0.00774271
v 0.07111765 -0.00714979 0.00774913
v 0.07090909 -0.00706084 0.00786272
v 0.07135601 -0.00711044 0.00775645
v 0.07180852 -0.00703706 0.00777024
v 0.07935294 -0.00735553 0.00784776
v 0.07272727 -0.00689524 0.00779120
v 0.07276471 -0.00688825 0.00779214
v 0.07272727 -0.00684124 0.00784423
v 0.07292832 -0.00685655 0.00779740
v 0.07315047 -0.00681458 0.00780447
v 0.07417285 -0.00662936 0.00782911
v 0.07441176 -0.00657868 0.00783534
v 0.07448804 -0.00656155 0.00783785
v 0.07454546 -0.00654983 0.00783933
v 0.07449734 -0.00655955 0.00783816
v 0.07605882 -0.00671391 0.00784776
v 0.07486323 -0.00647504 0.00784776
v 0.07584452 -0.00626387 0.00786257
v 0.07608753 -0.00621327 0.00786527
v 0.07605882 -0.00621941 0.00786486
v 0.07636364 -0.00615710 0.00786911
v 0.07770588 -0.00704085 0.00784776
v 0.07721284 -0.00595778 0.00788183
v 0.07770165 -0.00584654 0.00788713
v 0.07770588 -0.00584563 0.00788717
v 0.08100000 -0.01110289 0.00766294
v 0.08264706 -0.01147996 0.00766294
v 0.08429412 -0.00812458 0.00784776
v 0.08100000 -0.00764780 0.00784776
v 0.08264706 -0.00790753 0.00784776
v 0.08594117 -0.00828880 0.00784776
v 0.08758824 -0.00839005 0.00784776
v 0.08923529 -0.00841904 0.00784752
v 0.09088235 -0.00841904 0.00783276
v 0.09252941 -0.00841904 0.00779647
v 0.09582353 -0.00841904 0.00766681
v 0.09417647 -0.00841904 0.00774053
v 0.06545454 -0.00664986 0.00832752
v 0.06727273 -0.00660548 0.00830348
v 0.06909091 -0.00650558 0.00827844
v 0.07090909 -0.00635459 0.00825247
v 0.07272727 -0.00615695 0.00822564
v 0.07454546 -0.00591712 0.00819802
v 0.07818182 -0.00574081 0.00789363
v 0.07860084 -0.00563579 0.00789973
v 0.07931197 -0.00546204 0.00790740
v 0.07935294 -0.00545264 0.00790782
v 0.08000000 -0.00530138 0.00791622
v 0.08000000 -0.00528117 0.00791686
v 0.08000000 -0.00380835 0.00796157
v 0.08000000 -0.00153168 0.00798490
v 0.08100000 -0.00389882 0.00796157
v 0.08264706 -0.00403123 0.00796157
v 0.08429412 -0.00414187 0.00796157
v 0.08594117 -0.00422559 0.00796157
v 0.08758824 -0.00427721 0.00796157
v 0.08923529 -0.00429199 0.00796133
v 0.09088235 -0.00429199 0.00794643
v 0.09252941 -0.00429199 0.00790979
v 0.09417647 -0.00429199 0.00785331
v 0.09582353 -0.00429199 0.00777888
v 0.06545454 -0.00565524 0.00868962
v 0.06727273 -0.00561750 0.00865902
v 0.06545454 -0.00444329 0.00898678
v 0.06727273 -0.00441364 0.00895080
v 0.06909091 -0.00553254 0.00862715
v 0.07090909 -0.00540413 0.00859409
v 0.06909091 -0.00434689 0.00891332
v 0.07090909 -0.00424600 0.00887445
v 0.07090909 -0.00292470 0.00908278
v 0.07636364 -0.00563952 0.00816968
v 0.07272727 -0.00523606 0.00855994
v 0.07454546 -0.00503209 0.00852479
v 0.07636364 -0.00479602 0.00848872
v 0.07818182 -0.00532861 0.00814070
v 0.08000000 -0.00498882 0.00811114
v 0.07818182 -0.00453161 0.00845183
v 0.08000000 -0.00424264 0.00841421
v 0.07272727 -0.00411394 0.00883430
v 0.07454546 -0.00395369 0.00879296
v 0.07636364 -0.00376821 0.00875055
v 0.07818182 -0.00356046 0.00870718
v 0.08000000 -0.00333342 0.00866294
v 0.06545454 -0.00306059 0.00920759
v 0.06727273 -0.00304017 0.00916761
v 0.06909091 -0.00299419 0.00912597
v 0.07272727 -0.00283373 0.00903816
v 0.07636364 -0.00259559 0.00894511
v 0.07454546 -0.00272335 0.00899223
v 0.07818182 -0.00245249 0.00889691
v 0.08000000 -0.00229610 0.00884776
v 0.07454546 -0.00138835 0.00911494
v 0.07636364 -0.00132322 0.00906492
v 0.07818182 -0.00125027 0.00901375
v 0.08000000 -0.00117054 0.00896157
v 0.06545454 -0.00156028 0.00934357
v 0.06727273 -0.00154987 0.00930112
v 0.06909091 -0.00152642 0.00925692
v 0.07090909 -0.00149100 0.00921107
v 0.07272727 -0.00144462 0.00916370
v 0.10100000 -0.02249336 0.00605801
v 0.10295162 -0.02246020 0.00605964
v 0.10490323 -0.02242608 0.00608307
v 0.10076471 -0.02157728 0.00596054
v 0.09747059 -0.02157728 0.00615291
v 0.09911764 -0.02157728 0.00606204
v 0.10076471 -0.02032535 0.00632021
v 0.10100000 -0.02163767 0.00589191
v 0.10100000 -0.02157728 0.00594475
v 0.10100000 -0.02050420 0.00625304
v 0.10100000 -0.02032535 0.00630385
v 0.09747059 -0.02032535 0.00651953
v 0.09911764 -0.02032535 0.00642538
v 0.10100000 -0.02167481 0.00645623
v 0.10295162 -0.02165071 0.00645409
v 0.10490323 -0.02162592 0.00647369
v 0.10100000 -0.02064336 0.00671190
v 0.10295162 -0.02063069 0.00670735
v 0.10490323 -0.02061766 0.00672449
v 0.10685484 -0.02239102 0.00612648
v 0.10880645 -0.02235504 0.00618805
v 0.11075807 -0.02281295 0.00578878
v 0.11270968 -0.02276854 0.00588637
v 0.11075807 -0.02231816 0.00626595
v 0.11270968 -0.02228039 0.00635834
v 0.10685484 -0.02160045 0.00651320
v 0.10880645 -0.02157431 0.00657079
v 0.10685484 -0.02060427 0.00676149
v 0.10880645 -0.02059053 0.00681652
v 0.11075807 -0.02154751 0.00664463
v 0.11270968 -0.02152007 0.00673290
v 0.11075807 -0.02057644 0.00688776
v 0.11270968 -0.02056201 0.00697338
v 0.10100000 -0.01950000 0.00680000
v 0.10295162 -0.01950000 0.00679462
v 0.10490323 -0.01950000 0.00681090
v 0.09747059 -0.01829233 0.00685741
v 0.10076471 -0.01829233 0.00665168
v 0.09911764 -0.01829233 0.00676023
v 0.10100000 -0.01858277 0.00658797
v 0.10100000 -0.01835664 0.00671190
v 0.10100000 -0.01829233 0.00663480
v 0.10295162 -0.01836931 0.00670735
v 0.10490323 -0.01838234 0.00672449
v 0.10209349 -0.01791021 0.00659693
v 0.10217264 -0.01789512 0.00659286
v 0.10241176 -0.01784806 0.00658018
v 0.10295162 -0.01773751 0.00655048
v 0.10345840 -0.01761755 0.00652431
v 0.10362847 -0.01757746 0.00651551
v 0.10405882 -0.01747311 0.00649251
v 0.10100000 -0.01811960 0.00665314
v 0.10685484 -0.01950000 0.00684704
v 0.10685484 -0.01839573 0.00676149
v 0.10880645 -0.01840947 0.00681652
v 0.10880645 -0.01742569 0.00657079
v 0.11075807 -0.01842356 0.00688776
v 0.11075807 -0.01745249 0.00664463
v 0.11270968 -0.01747993 0.00673290
v 0.10880645 -0.01950000 0.00690119
v 0.11075807 -0.01950000 0.00697154
v 0.11270968 -0.01950000 0.00705625
v 0.11270968 -0.01843799 0.00697338
v 0.11466129 -0.02272310 0.00599671
v 0.11661290 -0.02267666 0.00611799
v 0.12051613 -0.02273937 0.00588686
v 0.11856452 -0.02262923 0.00624837
v 0.11466129 -0.02224174 0.00646340
v 0.11661290 -0.02220223 0.00657931
v 0.12051613 -0.02258082 0.00638602
v 0.11856452 -0.02216188 0.00670423
v 0.12051613 -0.02212070 0.00683633
v 0.11466129 -0.02149199 0.00683377
v 0.12246774 -0.02268761 0.00603910
v 0.12441935 -0.02248452 0.00577669
v 0.12441935 -0.02263811 0.00626370
v 0.12637097 -0.02243994 0.00609582
v 0.12832259 -0.02196409 0.00606053
v 0.12246774 -0.02253160 0.00653204
v 0.12441935 -0.02248452 0.00675071
v 0.12637097 -0.02259123 0.00657724
v 0.12832259 -0.02239672 0.00648996
v 0.11661290 -0.02146328 0.00694541
v 0.11466129 -0.02054725 0.00707156
v 0.11661290 -0.02053216 0.00718046
v 0.11856452 -0.02143397 0.00706600
v 0.12051613 -0.02140405 0.00719370
v 0.11856452 -0.02051675 0.00729826
v 0.12051613 -0.02050102 0.00742314
v 0.12246774 -0.02207883 0.00697672
v 0.12441935 -0.02203879 0.00719004
v 0.12832259 -0.02254579 0.00696599
v 0.12637097 -0.02243994 0.00705866
v 0.12832259 -0.02239672 0.00744203
v 0.12637097 -0.02200086 0.00749295
v 0.12832259 -0.02196409 0.00787146
v 0.12246774 -0.02137363 0.00732963
v 0.12441935 -0.02134454 0.00753870
v 0.12246774 -0.02048503 0.00755621
v 0.12441935 -0.02046973 0.00776255
v 0.12637097 -0.02131698 0.00783760
v 0.11466129 -0.01750801 0.00683377
v 0.11466129 -0.01950000 0.00715350
v 0.11661290 -0.01950000 0.00726146
v 0.11856452 -0.01950000 0.00737830
v 0.12051613 -0.01950000 0.00750220
v 0.11466129 -0.01845275 0.00707156
v 0.11661290 -0.01846784 0.00718046
v 0.11661290 -0.01753671 0.00694541
v 0.11856452 -0.01848325 0.00729826
v 0.12051613 -0.01849898 0.00742314
v 0.11856452 -0.01756603 0.00706600
v 0.12051613 -0.01759595 0.00719370
v 0.12246774 -0.01950000 0.00763428
v 0.12441935 -0.01950000 0.00783968
v 0.12246774 -0.01762637 0.00732963
v 0.12246774 -0.01851497 0.00755621
v 0.12441935 -0.01853027 0.00776255
v 0.12441935 -0.01765546 0.00753870
v 0.12637097 -0.01768302 0.00783760
v 0.12832259 -0.02129027 0.00821226
v 0.12637097 -0.02045524 0.00805889
v 0.12832259 -0.02044120 0.00843107
v 0.12637097 -0.01950000 0.00813514
v 0.12832259 -0.01950000 0.00850647
v 0.12637097 -0.01854476 0.00805889
v 0.12832259 -0.01855880 0.00843107
v 0.12832259 -0.01770973 0.00821226
v 0.10448136 -0.01736872 0.00646945
v 0.10478851 -0.01732504 0.00644935
v 0.10490323 -0.01730883 0.00644183
v 0.10490323 -0.01737408 0.00647369
v 0.10241176 -0.01555635 0.00682084
v 0.10405882 -0.01555635 0.00669139
v 0.10659520 -0.01703361 0.00633070
v 0.10685484 -0.01699026 0.00631299
v 0.10735294 -0.01689909 0.00627983
v 0.10748898 -0.01687435 0.00627085
v 0.10808186 -0.01676718 0.00623166
v 0.10874805 -0.01664388 0.00618621
v 0.10878873 -0.01664002 0.00618307
v 0.10880645 -0.01663835 0.00618170
v 0.10880645 -0.01664495 0.00618805
v 0.10900000 -0.01661859 0.00616689
v 0.11075807 -0.01668184 0.00626595
v 0.11075807 -0.01618705 0.00578878
v 0.11270968 -0.01623146 0.00588637
v 0.10509542 -0.01727828 0.00642959
v 0.10570588 -0.01717879 0.00638949
v 0.10615803 -0.01710476 0.00635962
v 0.10685484 -0.01739955 0.00651320
v 0.11270968 -0.01671962 0.00635834
v 0.10900000 -0.01555635 0.00627279
v 0.10570588 -0.01555635 0.00655569
v 0.10735294 -0.01555635 0.00641556
v 0.09747059 -0.01555635 0.00715356
v 0.10076471 -0.01555635 0.00694222
v 0.09911764 -0.01555635 0.00705373
v 0.10900000 -0.01222255 0.00649665
v 0.10570588 -0.01222255 0.00678571
v 0.10735294 -0.01222255 0.00664252
v 0.09747059 -0.01222255 0.00739661
v 0.09911764 -0.01222255 0.00729461
v 0.10076471 -0.01222255 0.00718066
v 0.10241176 -0.01222255 0.00705663
v 0.10405882 -0.01222255 0.00692437
v 0.11466129 -0.01627689 0.00599671
v 0.11661290 -0.01632334 0.00611799
v 0.12051613 -0.01626063 0.00588686
v 0.11856452 -0.01637077 0.00624837
v 0.11466129 -0.01675826 0.00646340
v 0.11661290 -0.01679777 0.00657931
v 0.11856452 -0.01683812 0.00670423
v 0.12051613 -0.01687930 0.00683633
v 0.12051613 -0.01641918 0.00638602
v 0.12246774 -0.01631238 0.00603910
v 0.12441935 -0.01651548 0.00577669
v 0.12441935 -0.01636189 0.00626370
v 0.12832259 -0.01703591 0.00606053
v 0.12637097 -0.01656006 0.00609582
v 0.12246774 -0.01646840 0.00653204
v 0.12441935 -0.01651548 0.00675071
v 0.12637097 -0.01640877 0.00657724
v 0.12832259 -0.01660328 0.00648996
v 0.12246774 -0.01692117 0.00697672
v 0.12441935 -0.01696121 0.00719004
v 0.12637097 -0.01656006 0.00705866
v 0.12832259 -0.01645421 0.00696599
v 0.12832259 -0.01660328 0.00744203
v 0.12637097 -0.01699914 0.00749295
v 0.12832259 -0.01703591 0.00787146
v 0.13027419 -0.02192752 0.00652089
v 0.13027419 -0.02126370 0.00618390
v 0.13027419 -0.02042723 0.00596753
v 0.13222581 -0.02123657 0.00669603
v 0.13222581 -0.02041297 0.00648215
v 0.13027419 -0.02250058 0.00741624
v 0.13027419 -0.02235373 0.00694553
v 0.13222581 -0.02189019 0.00702917
v 0.13222581 -0.02230983 0.00744893
v 0.13027419 -0.02235373 0.00788695
v 0.13222581 -0.02245444 0.00791425
v 0.13417742 -0.02185113 0.00757189
v 0.13417742 -0.02226391 0.00798660
v 0.13417742 -0.02120819 0.00724278
v 0.13417742 -0.02039805 0.00703147
v 0.13612904 -0.02117786 0.00781078
v 0.13612904 -0.02038210 0.00760221
v 0.13027419 -0.01950000 0.00589298
v 0.13222581 -0.01950000 0.00640845
v 0.13027419 -0.01857277 0.00596753
v 0.13027419 -0.01773630 0.00618390
v 0.13222581 -0.01858703 0.00648215
v 0.13222581 -0.01776343 0.00669603
v 0.13417742 -0.01950000 0.00695866
v 0.13612904 -0.01950000 0.00753035
v 0.13417742 -0.01860195 0.00703147
v 0.13417742 -0.01779181 0.00724278
v 0.13612904 -0.01861790 0.00760221
v 0.13612904 -0.01782214 0.00781078
v 0.13027419 -0.02192752 0.00831159
v 0.13222581 -0.02230983 0.00837957
v 0.13612904 -0.02180937 0.00813562
v 0.13417742 -0.02240615 0.00844631
v 0.13612904 -0.02221483 0.00854495
v 0.13222581 -0.02189019 0.00879934
v 0.13417742 -0.02226391 0.00890602
v 0.13612904 -0.02235454 0.00899869
v 0.13027419 -0.02126370 0.00864858
v 0.13027419 -0.02042723 0.00886494
v 0.13808064 -0.02176397 0.00870689
v 0.13808064 -0.02216146 0.00911039
v 0.13808064 -0.02114487 0.00838667
v 0.13808064 -0.02036476 0.00818107
v 0.14003226 -0.02110853 0.00895709
v 0.14003226 -0.02034565 0.00875476
v 0.13417742 -0.02185113 0.00932073
v 0.13612904 -0.02221483 0.00945244
v 0.13612904 -0.02180937 0.00986177
v 0.13222581 -0.02123657 0.00913247
v 0.13222581 -0.02041297 0.00934635
v 0.13417742 -0.02120819 0.00964984
v 0.13612904 -0.02117786 0.01018661
v 0.13417742 -0.02039805 0.00986115
v 0.13808064 -0.02229842 0.00955768
v 0.14003226 -0.02210266 0.00966934
v 0.13808064 -0.02216146 0.01000496
v 0.14003226 -0.02223659 0.01010954
v 0.14198387 -0.02203730 0.01020822
v 0.14003226 -0.02171395 0.00927224
v 0.14198387 -0.02106814 0.00950870
v 0.14198387 -0.02032442 0.00930998
v 0.14198387 -0.02165836 0.00981821
v 0.14393549 -0.02030069 0.00983344
v 0.14393549 -0.02102300 0.01002813
v 0.13027419 -0.01950000 0.00893950
v 0.13027419 -0.01857277 0.00886494
v 0.13027419 -0.01773630 0.00864858
v 0.13808064 -0.01950000 0.00811023
v 0.14003226 -0.01950000 0.00868504
v 0.13808064 -0.01863524 0.00818107
v 0.13808064 -0.01785513 0.00838667
v 0.14003226 -0.01865434 0.00875476
v 0.14003226 -0.01789147 0.00895709
v 0.13222581 -0.01950000 0.00942005
v 0.13417742 -0.01950000 0.00993396
v 0.13222581 -0.01858703 0.00934635
v 0.13222581 -0.01776343 0.00913247
v 0.13417742 -0.01779181 0.00964984
v 0.13417742 -0.01860195 0.00986115
v 0.13612904 -0.01782214 0.01018661
v 0.14198387 -0.01950000 0.00924150
v 0.14393549 -0.01950000 0.00976636
v 0.14198387 -0.01867558 0.00930998
v 0.14198387 -0.01793186 0.00950870
v 0.14393549 -0.01869931 0.00983344
v 0.14393549 -0.01797700 0.01002813
v 0.13027419 -0.01707248 0.00652089
v 0.13222581 -0.01710981 0.00702917
v 0.13027419 -0.01664628 0.00694553
v 0.13027419 -0.01649942 0.00741624
v 0.13222581 -0.01669016 0.00744893
v 0.13027419 -0.01664628 0.00788695
v 0.13222581 -0.01654557 0.00791425
v 0.13417742 -0.01714887 0.00757189
v 0.13417742 -0.01673609 0.00798660
v 0.13027419 -0.01707248 0.00831159
v 0.13222581 -0.01669016 0.00837957
v 0.13612904 -0.01719063 0.00813562
v 0.13612904 -0.01678517 0.00854495
v 0.13417742 -0.01659385 0.00844631
v 0.13222581 -0.01710981 0.00879934
v 0.13417742 -0.01673609 0.00890602
v 0.13612904 -0.01664546 0.00899869
v 0.13808064 -0.01723603 0.00870689
v 0.13808064 -0.01683854 0.00911039
v 0.13417742 -0.01714887 0.00932073
v 0.13612904 -0.01678517 0.00945244
v 0.13612904 -0.01719063 0.00986177
v 0.14003226 -0.01728605 0.00927224
v 0.13808064 -0.01670158 0.00955768
v 0.14003226 -0.01689734 0.00966934
v 0.14198387 -0.01734164 0.00981821
v 0.13808064 -0.01683854 0.01000496
v 0.14003226 -0.01676340 0.01010954
v 0.14198387 -0.01696270 0.01020822
v 0.13612904 -0.02038210 0.01039518
v 0.13808064 -0.02176397 0.01040846
v 0.14198387 -0.02216788 0.01064055
v 0.14003226 -0.02210266 0.01054973
v 0.14393549 -0.02196426 0.01071345
v 0.14198387 -0.02203730 0.01107288
v 0.14393549 -0.02209108 0.01113699
v 0.14588709 -0.02188241 0.01117143
v 0.13808064 -0.02114487 0.01072869
v 0.14393549 -0.02159623 0.01033136
v 0.14588709 -0.02097241 0.01050202
v 0.14003226 -0.02171395 0.01094683
v 0.14003226 -0.02110853 0.01126198
v 0.13808064 -0.02036476 0.01093428
v 0.14588709 -0.02152660 0.01079821
v 0.14393549 -0.02196426 0.01156054
v 0.14588709 -0.02200501 0.01158515
v 0.14588709 -0.02188241 0.01199886
v 0.14198387 -0.02165836 0.01146289
v 0.14198387 -0.02106814 0.01177240
v 0.14003226 -0.02034565 0.01146431
v 0.14198387 -0.02032442 0.01197112
v 0.14393549 -0.02159623 0.01194263
v 0.14588709 -0.02152660 0.01237208
v 0.14393549 -0.02102300 0.01224586
v 0.14393549 -0.02030069 0.01244054
v 0.13612904 -0.01950000 0.01046704
v 0.13612904 -0.01861790 0.01039518
v 0.14588709 -0.02027409 0.01031186
v 0.14588709 -0.01950000 0.01024633
v 0.13808064 -0.01950000 0.01100513
v 0.13808064 -0.01785513 0.01072869
v 0.14588709 -0.01872591 0.01031186
v 0.14393549 -0.01740377 0.01033136
v 0.14588709 -0.01802759 0.01050202
v 0.13808064 -0.01863524 0.01093428
v 0.14003226 -0.01789147 0.01126198
v 0.14588709 -0.01747340 0.01079821
v 0.14003226 -0.01950000 0.01153403
v 0.14198387 -0.01950000 0.01203959
v 0.14003226 -0.01865434 0.01146431
v 0.14198387 -0.01793186 0.01177240
v 0.14198387 -0.01867558 0.01197112
v 0.14393549 -0.01869931 0.01244054
v 0.14393549 -0.01740377 0.01194263
v 0.14393549 -0.01797700 0.01224586
v 0.14588709 -0.01747340 0.01237208
v 0.14783871 -0.02144850 0.01120532
v 0.14783871 -0.02091567 0.01091703
v 0.14979032 -0.02083997 0.01129272
v 0.14783871 -0.02179060 0.01156860
v 0.14783871 -0.02190848 0.01197129
v 0.14783871 -0.02179060 0.01237398
v 0.14979032 -0.02177969 0.01230909
v 0.14979032 -0.02134431 0.01157066
v 0.15174194 -0.02073203 0.01166735
v 0.14979032 -0.02166812 0.01192087
v 0.15174194 -0.02119575 0.01193080
v 0.15174194 -0.02149347 0.01226277
v 0.15369354 -0.02059759 0.01203846
v 0.15369354 -0.02101071 0.01228403
v 0.15564516 -0.02044248 0.01240336
v 0.14783871 -0.02024426 0.01073193
v 0.14783871 -0.01950000 0.01066815
v 0.14979032 -0.02020446 0.01111428
v 0.14979032 -0.01950000 0.01105279
v 0.14783871 -0.01875574 0.01073193
v 0.14979032 -0.01879553 0.01111428
v 0.14979032 -0.01816003 0.01129272
v 0.14783871 -0.01808433 0.01091703
v 0.14783871 -0.01755150 0.01120532
v 0.15174194 -0.02014772 0.01149821
v 0.15369354 -0.02007704 0.01188080
v 0.15174194 -0.01950000 0.01143992
v 0.15174194 -0.01885228 0.01149821
v 0.15369354 -0.01950000 0.01182647
v 0.15369354 -0.01892296 0.01188080
v 0.14979032 -0.01765569 0.01157066
v 0.15174194 -0.01826796 0.01166735
v 0.15369354 -0.01840241 0.01203846
v 0.15174194 -0.01780425 0.01193080
v 0.15174194 -0.01750653 0.01226277
v 0.15369354 -0.01798929 0.01228403
v 0.15564516 -0.01999549 0.01225888
v 0.15564516 -0.01950000 0.01220910
v 0.15564516 -0.01900451 0.01225888
v 0.15564516 -0.01855752 0.01240336
v 0.14588709 -0.02097241 0.01266827
v 0.14588709 -0.02027409 0.01285844
v 0.14393549 -0.01950000 0.01250763
v 0.14588709 -0.01950000 0.01292396
v 0.14588709 -0.01872591 0.01285844
v 0.14588709 -0.01802759 0.01266827
v 0.14783871 -0.02144850 0.01273725
v 0.14979032 -0.02166812 0.01269731
v 0.14783871 -0.02091567 0.01302555
v 0.15174194 -0.02159606 0.01263075
v 0.15369354 -0.02127594 0.01259346
v 0.15174194 -0.02149347 0.01299874
v 0.15369354 -0.02136733 0.01293647
v 0.14979032 -0.02134431 0.01304753
v 0.14979032 -0.02083997 0.01332546
v 0.15369354 -0.02127594 0.01327948
v 0.15174194 -0.02119575 0.01333070
v 0.15564516 -0.02079721 0.01262838
v 0.15564516 -0.02102496 0.01291194
v 0.15759677 -0.02056329 0.01296190
v 0.15564516 -0.02110344 0.01322625
v 0.15759677 -0.02074997 0.01321715
v 0.15564516 -0.02102496 0.01354057
v 0.15759677 -0.02081430 0.01350010
v 0.15954839 -0.02031698 0.01328261
v 0.15954839 -0.02046042 0.01350808
v 0.15174194 -0.02073203 0.01359415
v 0.15369354 -0.02101071 0.01358891
v 0.15369354 -0.02059759 0.01383448
v 0.15564516 -0.02079721 0.01382412
v 0.15759677 -0.02074997 0.01378305
v 0.15564516 -0.02044248 0.01404915
v 0.15759677 -0.02056329 0.01403830
v 0.15954839 -0.02050984 0.01375802
v 0.15954839 -0.02046042 0.01400795
v 0.15954839 -0.02031698 0.01423342
v 0.14783871 -0.02024426 0.01321064
v 0.14979032 -0.02020446 0.01350391
v 0.14783871 -0.01950000 0.01327442
v 0.14979032 -0.01950000 0.01356540
v 0.14783871 -0.01755150 0.01273725
v 0.14783871 -0.01808433 0.01302555
v 0.15174194 -0.01740394 0.01263075
v 0.15369354 -0.01772406 0.01259346
v 0.15174194 -0.01750653 0.01299874
v 0.15369354 -0.01763267 0.01293647
v 0.14783871 -0.01875574 0.01321064
v 0.14979032 -0.01879553 0.01350391
v 0.14979032 -0.01816003 0.01332546
v 0.14979032 -0.01765569 0.01304753
v 0.15369354 -0.01772406 0.01327948
v 0.15174194 -0.01780425 0.01333070
v 0.15759677 -0.01990614 0.01262927
v 0.15759677 -0.02027253 0.01275933
v 0.15759677 -0.01950000 0.01258446
v 0.15759677 -0.01909386 0.01262927
v 0.15954839 -0.01981206 0.01298879
v 0.15954839 -0.01950000 0.01294920
v 0.15954839 -0.01918794 0.01298879
v 0.15954839 -0.02009357 0.01310367
v 0.16150001 -0.01991145 0.01343369
v 0.16150001 -0.01971631 0.01333426
v 0.15954839 -0.01890643 0.01310367
v 0.16150001 -0.01950000 0.01330000
v 0.16150001 -0.01928369 0.01333426
v 0.16150001 -0.01908855 0.01343369
v 0.15564516 -0.01820279 0.01262838
v 0.15759677 -0.01872747 0.01275933
v 0.15759677 -0.01843671 0.01296190
v 0.15564516 -0.01797504 0.01291194
v 0.15759677 -0.01825003 0.01321715
v 0.15759677 -0.01818570 0.01350010
v 0.15564516 -0.01789656 0.01322625
v 0.15564516 -0.01797504 0.01354057
v 0.15954839 -0.01868302 0.01328261
v 0.15954839 -0.01853958 0.01350808
v 0.15174194 -0.02014772 0.01376330
v 0.15369354 -0.02007704 0.01399214
v 0.15174194 -0.01950000 0.01382158
v 0.15174194 -0.01885228 0.01376330
v 0.15369354 -0.01950000 0.01404647
v 0.15369354 -0.01892296 0.01399214
v 0.15174194 -0.01826796 0.01359415
v 0.15369354 -0.01840241 0.01383448
v 0.15369354 -0.01798929 0.01358891
v 0.16150001 -0.02006631 0.01358855
v 0.16150001 -0.02016574 0.01378369
v 0.16150001 -0.02020000 0.01400000
v 0.16150001 -0.01893369 0.01358855
v 0.16150001 -0.01950000 0.01400000
v 0.15564516 -0.01999549 0.01419363
v 0.15759677 -0.02027253 0.01424087
v 0.15759677 -0.01990614 0.01437093
v 0.15564516 -0.01950000 0.01424341
v 0.15564516 -0.01900451 0.01419363
v 0.15759677 -0.01950000 0.01441575
v 0.15759677 -0.01909386 0.01437093
v 0.15954839 -0.02009357 0.01441236
v 0.16150001 -0.02016574 0.01421631
v 0.16150001 -0.02006631 0.01441145
v 0.15954839 -0.01981206 0.01452724
v 0.16150001 -0.01991145 0.01456631
v 0.16150001 -0.01971631 0.01466574
v 0.15954839 -0.01890643 0.01441236
v 0.16150001 -0.01893369 0.01441145
v 0.15954839 -0.01950000 0.01456683
v 0.15954839 -0.01918794 0.01452724
v 0.16150001 -0.01950000 0.01470000
v 0.16150001 -0.01928369 0.01466574
v 0.16150001 -0.01908855 0.01456631
v 0.15564516 -0.01820279 0.01382412
v 0.15759677 -0.01825003 0.01378305
v 0.15564516 -0.01855752 0.01404915
v 0.15759677 -0.01843671 0.01403830
v 0.15954839 -0.01849016 0.01375802
v 0.16150001 -0.01883426 0.01378369
v 0.15954839 -0.01853958 0.01400795
v 0.16150001 -0.01880000 0.01400000
v 0.15759677 -0.01872747 0.01424087
v 0.15954839 -0.01868302 0.01423342
v 0.16150001 -0.01883426 0.01421631
v 0.13808064 -0.01723603 0.01040846
v 0.14003226 -0.01689734 0.01054973
v 0.14198387 -0.01683212 0.01064055
v 0.14393549 -0.01703574 0.01071345
v 0.14003226 -0.01728605 0.01094683
v 0.14198387 -0.01696270 0.01107288
v 0.14393549 -0.01690892 0.01113699
v 0.14588709 -0.01711759 0.01117143
v 0.14198387 -0.01734164 0.01146289
v 0.14393549 -0.01703574 0.01156054
v 0.14588709 -0.01699499 0.01158515
v 0.14588709 -0.01711759 0.01199886
v 0.14783871 -0.01720940 0.01156860
v 0.14783871 -0.01709152 0.01197129
v 0.14979032 -0.01733188 0.01192087
v 0.14783871 -0.01720940 0.01237398
v 0.14979032 -0.01722031 0.01230909
v 0.14979032 -0.01733188 0.01269731
v 0.10900000 -0.00936748 0.00617983
v 0.10900000 -0.00935141 0.00619533
v 0.11091936 -0.00980932 0.00579631
v 0.11290322 -0.00976408 0.00589677
v 0.11091936 -0.00931507 0.00627306
v 0.11290322 -0.00927659 0.00636822
v 0.10900000 -0.00859671 0.00656536
v 0.10900000 -0.00857167 0.00657767
v 0.10900000 -0.00841904 0.00666298
v 0.10735294 -0.00841904 0.00681117
v 0.10900000 -0.00820933 0.00666819
v 0.10893548 -0.00817325 0.00667494
v 0.10889304 -0.00815104 0.00667935
v 0.10782921 -0.00759741 0.00678899
v 0.10893548 -0.00758961 0.00682075
v 0.11091936 -0.00854527 0.00665140
v 0.11290322 -0.00851731 0.00674237
v 0.10746902 -0.00678418 0.00684186
v 0.10734278 -0.00650000 0.00686037
v 0.10735294 -0.00648837 0.00685975
v 0.10735294 -0.00652274 0.00685889
v 0.10786156 -0.00590259 0.00682873
v 0.10076471 -0.00841904 0.00735784
v 0.10405882 -0.00841904 0.00709748
v 0.10241176 -0.00841904 0.00723185
v 0.09747059 -0.00841904 0.00757721
v 0.09911764 -0.00841904 0.00747359
v 0.10570588 -0.00841904 0.00695663
v 0.11091936 -0.00757526 0.00689432
v 0.11290322 -0.00756056 0.00698259
v 0.10893548 -0.00650000 0.00690536
v 0.11091936 -0.00650000 0.00697802
v 0.11290322 -0.00650000 0.00706536
v 0.11488710 -0.00971778 0.00601022
v 0.11687097 -0.00967045 0.00613475
v 0.12083871 -0.00973086 0.00591121
v 0.11885484 -0.00962209 0.00626843
v 0.11488710 -0.00923721 0.00647629
v 0.11687097 -0.00919694 0.00659535
v 0.12083871 -0.00957273 0.00640935
v 0.11885484 -0.00915581 0.00672347
v 0.12083871 -0.00911382 0.00685873
v 0.12480645 -0.00947520 0.00583551
v 0.12282258 -0.00967833 0.00607290
v 0.12480645 -0.00962831 0.00632135
v 0.12679033 -0.00942972 0.00618034
v 0.12877420 -0.00895434 0.00617257
v 0.12282258 -0.00952278 0.00656472
v 0.12480645 -0.00947520 0.00680718
v 0.12679033 -0.00958049 0.00666048
v 0.12877420 -0.00938525 0.00660072
v 0.12282258 -0.00907133 0.00700840
v 0.12480645 -0.00903086 0.00724546
v 0.12679033 -0.00942972 0.00714062
v 0.12877420 -0.00953373 0.00707533
v 0.12679033 -0.00899217 0.00757376
v 0.12877420 -0.00938525 0.00754994
v 0.12877420 -0.00895434 0.00797810
v 0.11488710 -0.00848870 0.00684617
v 0.12877420 -0.00828318 0.00583278
v 0.11687097 -0.00845944 0.00696088
v 0.11488710 -0.00754552 0.00708365
v 0.11687097 -0.00753014 0.00719557
v 0.11885484 -0.00842956 0.00708459
v 0.12083871 -0.00839905 0.00721536
v 0.11885484 -0.00751443 0.00731644
v 0.12083871 -0.00749839 0.00744433
v 0.11488710 -0.00650000 0.00716548
v 0.11687097 -0.00650000 0.00727644
v 0.11885484 -0.00650000 0.00739633
v 0.12083871 -0.00650000 0.00752323
v 0.12282258 -0.00836818 0.00736051
v 0.12480645 -0.00833877 0.00759328
v 0.12282258 -0.00748216 0.00758657
v 0.12480645 -0.00746670 0.00781660
v 0.12679033 -0.00831067 0.00791751
v 0.12282258 -0.00650000 0.00766447
v 0.12480645 -0.00650000 0.00789354
v 0.12877420 -0.00828318 0.00831788
v 0.12679033 -0.00745193 0.00813821
v 0.12877420 -0.00743747 0.00853604
v 0.12679033 -0.00650000 0.00821425
v 0.12877420 -0.00650000 0.00861121
v 0.10795354 -0.00579691 0.00682312
v 0.10900000 -0.00509955 0.00674537
v 0.10829033 -0.00540584 0.00680223
v 0.10863526 -0.00525761 0.00677458
v 0.10893548 -0.00541039 0.00682075
v 0.10893548 -0.00512917 0.00675050
v 0.10900000 -0.00445987 0.00658557
v 0.10900000 -0.00442833 0.00657767
v 0.11091936 -0.00445473 0.00665140
v 0.11290322 -0.00448269 0.00674237
v 0.10900000 -0.00367362 0.00620763
v 0.10900000 -0.00364859 0.00619533
v 0.11091936 -0.00368493 0.00627306
v 0.11091936 -0.00319068 0.00579631
v 0.11290322 -0.00323592 0.00589677
v 0.10900000 -0.00429199 0.00676541
v 0.11290322 -0.00372341 0.00636822
v 0.10241176 -0.00429199 0.00733974
v 0.10405882 -0.00429199 0.00720409
v 0.09747059 -0.00429199 0.00768842
v 0.09911764 -0.00429199 0.00758381
v 0.10076471 -0.00429199 0.00746695
v 0.11091936 -0.00542474 0.00689432
v 0.11290322 -0.00543944 0.00698259
v 0.10570588 -0.00429199 0.00706188
v 0.10735294 -0.00429199 0.00691502
v 0.11488710 -0.00451130 0.00684617
v 0.11488710 -0.00328222 0.00601022
v 0.11687097 -0.00332955 0.00613475
v 0.12083871 -0.00326914 0.00591121
v 0.11885484 -0.00337791 0.00626843
v 0.11488710 -0.00376279 0.00647629
v 0.11687097 -0.00380306 0.00659535
v 0.11885484 -0.00384419 0.00672347
v 0.12083871 -0.00388618 0.00685873
v 0.12083871 -0.00342727 0.00640935
v 0.12877420 -0.00471682 0.00583278
v 0.12480645 -0.00352480 0.00583551
v 0.12282258 -0.00332167 0.00607290
v 0.12480645 -0.00337169 0.00632135
v 0.12877420 -0.00404566 0.00617257
v 0.12679033 -0.00357028 0.00618034
v 0.12282258 -0.00347722 0.00656472
v 0.12480645 -0.00352480 0.00680718
v 0.12877420 -0.00361475 0.00660072
v 0.12679033 -0.00341950 0.00666048
v 0.11488710 -0.00545448 0.00708365
v 0.11687097 -0.00546986 0.00719557
v 0.11687097 -0.00454056 0.00696088
v 0.11885484 -0.00548557 0.00731644
v 0.12083871 -0.00550161 0.00744433
v 0.11885484 -0.00457044 0.00708459
v 0.12083871 -0.00460095 0.00721536
v 0.12282258 -0.00463182 0.00736051
v 0.12282258 -0.00551784 0.00758657
v 0.12480645 -0.00553330 0.00781660
v 0.12480645 -0.00466123 0.00759328
v 0.12679033 -0.00468933 0.00791751
v 0.12282258 -0.00392867 0.00700840
v 0.12480645 -0.00396915 0.00724546
v 0.12679033 -0.00357028 0.00714062
v 0.12877420 -0.00346627 0.00707533
v 0.12679033 -0.00400783 0.00757376
v 0.12877420 -0.00404566 0.00797810
v 0.12877420 -0.00361475 0.00754994
v 0.12679033 -0.00554807 0.00813821
v 0.12877420 -0.00556253 0.00853604
v 0.12877420 -0.00471682 0.00831788
v 0.13075806 -0.00891641 0.00665867
v 0.13075806 -0.00934066 0.00708185
v 0.13274193 -0.00887745 0.00719080
v 0.13075806 -0.00948685 0.00755096
v 0.13274193 -0.00929486 0.00760892
v 0.13472581 -0.00883652 0.00775428
v 0.13075806 -0.00825563 0.00632283
v 0.13075806 -0.00742299 0.00610720
v 0.13274193 -0.00822732 0.00685899
v 0.13274193 -0.00740811 0.00664595
v 0.13075806 -0.00650000 0.00603290
v 0.13274193 -0.00650000 0.00657254
v 0.13472581 -0.00819758 0.00742667
v 0.13472581 -0.00739247 0.00721633
v 0.13670968 -0.00737572 0.00780381
v 0.13472581 -0.00650000 0.00714385
v 0.13670968 -0.00650000 0.00773232
v 0.13274193 -0.00943869 0.00807240
v 0.13075806 -0.00934066 0.00802006
v 0.13075806 -0.00891641 0.00844325
v 0.13274193 -0.00929486 0.00853589
v 0.13472581 -0.00924674 0.00816710
v 0.13670968 -0.00879266 0.00833441
v 0.13274193 -0.00887745 0.00895400
v 0.13472581 -0.00938809 0.00862471
v 0.13670968 -0.00919519 0.00874159
v 0.13472581 -0.00924674 0.00908233
v 0.13869354 -0.00874495 0.00891650
v 0.13670968 -0.00933389 0.00919295
v 0.13472581 -0.00883652 0.00949515
v 0.13670968 -0.00919519 0.00964430
v 0.13670968 -0.00879266 0.01005148
v 0.13869354 -0.00913910 0.00931756
v 0.13869354 -0.00927491 0.00976214
v 0.14067742 -0.00907737 0.00988021
v 0.13869354 -0.00913910 0.01020672
v 0.13670968 -0.00816572 0.00801128
v 0.13075806 -0.00825563 0.00877909
v 0.13075806 -0.00742299 0.00899471
v 0.13075806 -0.00650000 0.00906901
v 0.13869354 -0.00735750 0.00839387
v 0.13869354 -0.00813105 0.00859822
v 0.14067742 -0.00733744 0.00897197
v 0.13869354 -0.00650000 0.00832346
v 0.14067742 -0.00650000 0.00890274
v 0.13274193 -0.00822732 0.00928582
v 0.13274193 -0.00740811 0.00949886
v 0.13472581 -0.00819758 0.00982276
v 0.13472581 -0.00739247 0.01003310
v 0.13274193 -0.00650000 0.00957227
v 0.13472581 -0.00650000 0.01010558
v 0.14067742 -0.00809291 0.00917290
v 0.14067742 -0.00869245 0.00948586
v 0.14266129 -0.00731519 0.00952359
v 0.14266129 -0.00805059 0.00972073
v 0.14266129 -0.00863420 0.01002779
v 0.14464515 -0.00800341 0.01022712
v 0.14464515 -0.00729039 0.01003419
v 0.14266129 -0.00650000 0.00945566
v 0.14464515 -0.00650000 0.00996771
v 0.13075806 -0.00557701 0.00610720
v 0.13075806 -0.00474437 0.00632283
v 0.13274193 -0.00559189 0.00664595
v 0.13274193 -0.00477268 0.00685899
v 0.13075806 -0.00408359 0.00665867
v 0.13472581 -0.00560753 0.00721633
v 0.13472581 -0.00480242 0.00742667
v 0.13670968 -0.00562428 0.00780381
v 0.13075806 -0.00365934 0.00708185
v 0.13274193 -0.00412255 0.00719080
v 0.13274193 -0.00370514 0.00760892
v 0.13075806 -0.00351315 0.00755096
v 0.13472581 -0.00416349 0.00775428
v 0.13670968 -0.00483428 0.00801128
v 0.13075806 -0.00557701 0.00899471
v 0.13075806 -0.00474437 0.00877909
v 0.13075806 -0.00365934 0.00802006
v 0.13075806 -0.00408359 0.00844325
v 0.13274193 -0.00370514 0.00853589
v 0.13274193 -0.00356131 0.00807240
v 0.13472581 -0.00375326 0.00816710
v 0.13670968 -0.00420734 0.00833441
v 0.13274193 -0.00412255 0.00895400
v 0.13670968 -0.00380481 0.00874159
v 0.13472581 -0.00375326 0.00908233
v 0.13472581 -0.00361191 0.00862471
v 0.13869354 -0.00564250 0.00839387
v 0.14067742 -0.00566256 0.00897197
v 0.13869354 -0.00486895 0.00859822
v 0.13869354 -0.00425505 0.00891650
v 0.13274193 -0.00559189 0.00949886
v 0.13274193 -0.00477268 0.00928582
v 0.13472581 -0.00560753 0.01003310
v 0.13472581 -0.00480242 0.00982276
v 0.13670968 -0.00366611 0.00919295
v 0.13472581 -0.00416349 0.00949515
v 0.13670968 -0.00380481 0.00964430
v 0.13670968 -0.00420734 0.01005148
v 0.14067742 -0.00490709 0.00917290
v 0.14266129 -0.00568481 0.00952359
v 0.14464515 -0.00570961 0.01003419
v 0.14266129 -0.00494941 0.00972073
v 0.14266129 -0.00436580 0.01002779
v 0.14464515 -0.00499659 0.01022712
v 0.13869354 -0.00386090 0.00931756
v 0.14067742 -0.00430755 0.00948586
v 0.13869354 -0.00372508 0.00976214
v 0.14067742 -0.00392262 0.00988021
v 0.13869354 -0.00386090 0.01020672
v 0.14067742 -0.00921001 0.01031735
v 0.13869354 -0.00874495 0.01060778
v 0.14067742 -0.00907737 0.01075449
v 0.14266129 -0.00900890 0.01041471
v 0.14266129 -0.00913802 0.01084362
v 0.14464515 -0.00893257 0.01090626
v 0.14266129 -0.00900890 0.01127252
v 0.14464515 -0.00905776 0.01132599
v 0.14464515 -0.00893257 0.01174573
v 0.13670968 -0.00816572 0.01037461
v 0.13670968 -0.00737572 0.01058208
v 0.13670968 -0.00650000 0.01065357
v 0.14464515 -0.00856927 0.01052761
v 0.13869354 -0.00813105 0.01092606
v 0.14067742 -0.00869245 0.01114883
v 0.13869354 -0.00735750 0.01113041
v 0.13869354 -0.00650000 0.01120082
v 0.14067742 -0.00809291 0.01146179
v 0.14067742 -0.00733744 0.01166272
v 0.14266129 -0.00863420 0.01165944
v 0.14266129 -0.00805059 0.01196650
v 0.14464515 -0.00856927 0.01212438
v 0.14464515 -0.00800341 0.01242487
v 0.14266129 -0.00731519 0.01216364
v 0.14067742 -0.00650000 0.01173196
v 0.14266129 -0.00650000 0.01223158
v 0.14662904 -0.00884729 0.01134004
v 0.14662904 -0.00896809 0.01174953
v 0.14861290 -0.00875002 0.01170478
v 0.14662904 -0.00884729 0.01215903
v 0.14861290 -0.00886581 0.01210263
v 0.15059677 -0.00872224 0.01242461
v 0.14662904 -0.00726268 0.01048924
v 0.14662904 -0.00795070 0.01067746
v 0.14662904 -0.00849672 0.01097063
v 0.14861290 -0.00841398 0.01134588
v 0.14861290 -0.00789059 0.01106106
v 0.14662904 -0.00650000 0.01042438
v 0.14861290 -0.00723108 0.01087819
v 0.14861290 -0.00650000 0.01081518
v 0.15059677 -0.00718671 0.01124941
v 0.15059677 -0.00650000 0.01118893
v 0.15059677 -0.00581329 0.01124941
v 0.15059677 -0.00829783 0.01169830
v 0.15059677 -0.00780620 0.01142492
v 0.15258065 -0.00769574 0.01178491
v 0.15059677 -0.00861348 0.01204276
v 0.15258065 -0.00814580 0.01204351
v 0.15258065 -0.00843475 0.01236935
v 0.15258065 -0.00712864 0.01161889
v 0.15258065 -0.00650000 0.01156168
v 0.15258065 -0.00587136 0.01161889
v 0.15456451 -0.00756376 0.01213837
v 0.15456451 -0.00796415 0.01237943
v 0.15456451 -0.00705925 0.01198361
v 0.15654838 -0.00698094 0.01234053
v 0.15456451 -0.00650000 0.01193027
v 0.15456451 -0.00594075 0.01198361
v 0.15654838 -0.00650000 0.01229156
v 0.15654838 -0.00601906 0.01234053
v 0.14464515 -0.00729039 0.01261780
v 0.14464515 -0.00650000 0.01268428
v 0.14861290 -0.00875002 0.01250047
v 0.14662904 -0.00849672 0.01252844
v 0.14861290 -0.00841398 0.01285937
v 0.14662904 -0.00795070 0.01282160
v 0.14662904 -0.00726268 0.01300983
v 0.15258065 -0.00853432 0.01273055
v 0.15059677 -0.00861348 0.01280645
v 0.14861290 -0.00789059 0.01314420
v 0.15059677 -0.00829783 0.01315092
v 0.15258065 -0.00843475 0.01309175
v 0.15258065 -0.00814580 0.01341760
v 0.15059677 -0.00780620 0.01342430
v 0.14861290 -0.00723108 0.01332707
v 0.14662904 -0.00650000 0.01307468
v 0.14861290 -0.00650000 0.01339008
v 0.15456451 -0.00822121 0.01268318
v 0.15456451 -0.00830978 0.01301989
v 0.15654838 -0.00798018 0.01298290
v 0.15654838 -0.00775912 0.01270399
v 0.15654838 -0.00741480 0.01248264
v 0.15853226 -0.00725340 0.01281506
v 0.15853226 -0.00753697 0.01301508
v 0.15654838 -0.00805635 0.01329207
v 0.15456451 -0.00822121 0.01335661
v 0.15853226 -0.00771903 0.01326713
v 0.15853226 -0.00778176 0.01354653
v 0.16051613 -0.00730395 0.01331063
v 0.16051613 -0.00744510 0.01353451
v 0.15853226 -0.00689609 0.01268663
v 0.16051613 -0.00680708 0.01301888
v 0.15853226 -0.00650000 0.01264238
v 0.15853226 -0.00610391 0.01268663
v 0.16051613 -0.00650000 0.01297958
v 0.16051613 -0.00619292 0.01301888
v 0.16051613 -0.00708410 0.01313296
v 0.16249999 -0.00691145 0.01343369
v 0.16249999 -0.00671631 0.01333426
v 0.16249999 -0.00650000 0.01330000
v 0.16051613 -0.00591590 0.01313296
v 0.16249999 -0.00628369 0.01333426
v 0.16249999 -0.00608855 0.01343369
v 0.15258065 -0.00769574 0.01367619
v 0.15059677 -0.00718671 0.01359981
v 0.15258065 -0.00712864 0.01384221
v 0.15059677 -0.00650000 0.01366029
v 0.15059677 -0.00581329 0.01359981
v 0.15258065 -0.00587136 0.01384221
v 0.15258065 -0.00650000 0.01389942
v 0.15654838 -0.00798018 0.01360125
v 0.15456451 -0.00796415 0.01366036
v 0.15456451 -0.00756376 0.01390142
v 0.15654838 -0.00775912 0.01388016
v 0.15654838 -0.00741480 0.01410151
v 0.15853226 -0.00771903 0.01382592
v 0.16051613 -0.00749373 0.01378269
v 0.15853226 -0.00753697 0.01407797
v 0.16051613 -0.00744510 0.01403086
v 0.15853226 -0.00725340 0.01427800
v 0.16051613 -0.00730395 0.01425475
v 0.15456451 -0.00705925 0.01405618
v 0.15456451 -0.00650000 0.01410951
v 0.15456451 -0.00594075 0.01405618
v 0.16249999 -0.00706631 0.01358855
v 0.16249999 -0.00716574 0.01378369
v 0.16249999 -0.00720000 0.01400000
v 0.16249999 -0.00593369 0.01358855
v 0.16249999 -0.00583426 0.01378369
v 0.16249999 -0.00650000 0.01400000
v 0.15654838 -0.00698094 0.01424362
v 0.15654838 -0.00650000 0.01429259
v 0.15654838 -0.00601906 0.01424362
v 0.15853226 -0.00689609 0.01440642
v 0.16249999 -0.00716574 0.01421631
v 0.16249999 -0.00706631 0.01441145
v 0.16051613 -0.00708410 0.01443242
v 0.16249999 -0.00691145 0.01456631
v 0.16051613 -0.00680708 0.01454649
v 0.16249999 -0.00671631 0.01466574
v 0.15853226 -0.00610391 0.01440642
v 0.16249999 -0.00583426 0.01421631
v 0.16249999 -0.00593369 0.01441145
v 0.15853226 -0.00650000 0.01445067
v 0.16051613 -0.00619292 0.01454649
v 0.16051613 -0.00650000 0.01458580
v 0.16249999 -0.00650000 0.01470000
v 0.16249999 -0.00628369 0.01466574
v 0.16051613 -0.00591590 0.01443242
v 0.16249999 -0.00608855 0.01456631
v 0.13670968 -0.00562428 0.01058208
v 0.13670968 -0.00483428 0.01037461
v 0.14464515 -0.00443073 0.01052761
v 0.13869354 -0.00564250 0.01113041
v 0.13869354 -0.00486895 0.01092606
v 0.14067742 -0.00378999 0.01031735
v 0.13869354 -0.00425505 0.01060778
v 0.14067742 -0.00392262 0.01075449
v 0.14266129 -0.00399110 0.01041471
v 0.14067742 -0.00430755 0.01114883
v 0.14266129 -0.00386198 0.01084362
v 0.14464515 -0.00406743 0.01090626
v 0.14266129 -0.00399110 0.01127252
v 0.14464515 -0.00394224 0.01132599
v 0.14067742 -0.00566256 0.01166272
v 0.14067742 -0.00490709 0.01146179
v 0.14266129 -0.00436580 0.01165944
v 0.14266129 -0.00568481 0.01216364
v 0.14266129 -0.00494941 0.01196650
v 0.14464515 -0.00443073 0.01212438
v 0.14464515 -0.00499659 0.01242487
v 0.14464515 -0.00406743 0.01174573
v 0.14662904 -0.00573732 0.01048924
v 0.14662904 -0.00504930 0.01067746
v 0.14861290 -0.00576892 0.01087819
v 0.14861290 -0.00510941 0.01106106
v 0.14662904 -0.00450328 0.01097063
v 0.14861290 -0.00458602 0.01134588
v 0.14662904 -0.00415271 0.01134004
v 0.15059677 -0.00519380 0.01142492
v 0.15258065 -0.00530426 0.01178491
v 0.15059677 -0.00470217 0.01169830
v 0.15059677 -0.00438652 0.01204276
v 0.15258065 -0.00485420 0.01204351
v 0.15258065 -0.00456525 0.01236935
v 0.14662904 -0.00403191 0.01174953
v 0.14861290 -0.00424998 0.01170478
v 0.14662904 -0.00415271 0.01215903
v 0.14861290 -0.00413419 0.01210263
v 0.15059677 -0.00427776 0.01242461
v 0.15456451 -0.00543624 0.01213837
v 0.15456451 -0.00503585 0.01237943
v 0.14464515 -0.00570961 0.01261780
v 0.14662904 -0.00573732 0.01300983
v 0.14662904 -0.00450328 0.01252844
v 0.14662904 -0.00504930 0.01282160
v 0.14861290 -0.00458602 0.01285937
v 0.15258065 -0.00446568 0.01273055
v 0.15059677 -0.00438652 0.01280645
v 0.14861290 -0.00510941 0.01314420
v 0.14861290 -0.00576892 0.01332707
v 0.15059677 -0.00519380 0.01342430
v 0.15059677 -0.00470217 0.01315092
v 0.15258065 -0.00456525 0.01309175
v 0.15258065 -0.00485420 0.01341760
v 0.14861290 -0.00424998 0.01250047
v 0.15654838 -0.00558520 0.01248264
v 0.15654838 -0.00524088 0.01270399
v 0.15456451 -0.00477879 0.01268318
v 0.15456451 -0.00469022 0.01301989
v 0.15654838 -0.00501982 0.01298290
v 0.15853226 -0.00574660 0.01281506
v 0.15853226 -0.00546303 0.01301508
v 0.15654838 -0.00494365 0.01329207
v 0.15456451 -0.00477879 0.01335661
v 0.15853226 -0.00528097 0.01326713
v 0.15853226 -0.00521824 0.01354653
v 0.16051613 -0.00569605 0.01331063
v 0.16051613 -0.00555490 0.01353451
v 0.15258065 -0.00530426 0.01367619
v 0.15456451 -0.00543624 0.01390142
v 0.15654838 -0.00558520 0.01410151
v 0.15654838 -0.00524088 0.01388016
v 0.15456451 -0.00503585 0.01366036
v 0.15654838 -0.00501982 0.01360125
v 0.15853226 -0.00528097 0.01382592
v 0.16051613 -0.00550627 0.01378269
v 0.15853226 -0.00546303 0.01407797
v 0.16249999 -0.00580000 0.01400000
v 0.16051613 -0.00555490 0.01403086
v 0.15853226 -0.00574660 0.01427800
v 0.16051613 -0.00569605 0.01425475
v 0.03272727 -0.00000000 -0.00143849
v 0.03454546 -0.00000000 -0.00106202
v 0.03272727 0.00175656 -0.00137085
v 0.03454546 0.00163940 -0.00099665
v 0.03272727 0.00344562 -0.00117055
v 0.03636364 -0.00000000 -0.00065412
v 0.03818182 -0.00000000 -0.00023147
v 0.03818182 0.00140706 -0.00017086
v 0.03636364 0.00152027 -0.00059113
v 0.03818182 0.00276006 0.00000862
v 0.04000000 -0.00000000 0.00018925
v 0.04181818 -0.00000000 0.00059134
v 0.04000000 0.00130771 0.00024759
v 0.04181818 0.00123013 0.00064768
v 0.04363636 -0.00000000 0.00095812
v 0.04545455 -0.00000000 0.00127656
v 0.04363636 0.00118223 0.00101283
v 0.04000000 0.00256517 0.00042039
v 0.04181818 0.00241299 0.00081453
v 0.04363636 0.00231903 0.00117485
v 0.03454546 0.00321580 -0.00080305
v 0.03636364 0.00298211 -0.00040459
v 0.03636364 0.00432935 -0.00010167
v 0.03272727 0.00500226 -0.00084528
v 0.03454546 0.00466863 -0.00048866
v 0.03818182 0.00400698 0.00030008
v 0.03636364 0.00551022 0.00030599
v 0.03818182 0.00509992 0.00069233
v 0.04000000 0.00372406 0.00070101
v 0.04181818 0.00350312 0.00108549
v 0.04000000 0.00473983 0.00107865
v 0.03272727 0.00636668 -0.00040754
v 0.03454546 0.00594203 -0.00006556
v 0.03272727 0.00748642 0.00012585
v 0.03454546 0.00698709 0.00044998
v 0.03636364 0.00647933 0.00080273
v 0.03818182 0.00599687 0.00117028
v 0.03272727 0.00831846 0.00073438
v 0.03454546 0.00776364 0.00103816
v 0.04727273 -0.00000000 0.00161097
v 0.04545455 0.00117114 0.00133011
v 0.04727273 0.00118451 0.00166361
v 0.04545455 0.00229727 0.00148872
v 0.04727273 0.00232350 0.00181953
v 0.04363636 0.00336670 0.00143795
v 0.04545455 0.00333512 0.00174629
v 0.04363636 0.00428500 0.00179203
v 0.04727273 0.00337321 0.00207273
v 0.04545455 0.00424480 0.00209292
v 0.04727273 0.00429328 0.00241347
v 0.04181818 0.00445862 0.00145015
v 0.04000000 0.00557344 0.00153880
v 0.04181818 0.00524279 0.00189448
v 0.04363636 0.00503863 0.00222347
v 0.04545455 0.00499136 0.00251528
v 0.04727273 0.00504836 0.00282867
v 0.04363636 0.00559862 0.00271571
v 0.04545455 0.00554610 0.00299715
v 0.04727273 0.00560944 0.00330237
v 0.04909091 -0.00000000 0.00198018
v 0.05090909 -0.00000000 0.00237049
v 0.04909091 0.00121284 0.00203202
v 0.05090909 0.00125260 0.00242161
v 0.04909091 0.00237907 0.00218555
v 0.05272727 -0.00000000 0.00276818
v 0.05272727 0.00130027 0.00281864
v 0.05430992 -0.00000000 0.00310886
v 0.05464706 -0.00000000 0.00313687
v 0.05428044 0.00091632 0.00313628
v 0.05430035 0.00117003 0.00314992
v 0.05428448 0.00113395 0.00314517
v 0.05464706 0.00117869 0.00317530
v 0.05437676 0.00134751 0.00317314
v 0.05090909 0.00245706 0.00257300
v 0.05272727 0.00255057 0.00296808
v 0.05431238 0.00204047 0.00323817
v 0.05432194 0.00223338 0.00326210
v 0.05464706 0.00231207 0.00328911
v 0.05445116 0.00258257 0.00332909
v 0.05447391 0.00264869 0.00334170
v 0.05629412 -0.00000000 0.00327145
v 0.05794118 -0.00000000 0.00340142
v 0.05958823 -0.00000000 0.00352450
v 0.05629412 0.00137765 0.00330987
v 0.05794118 0.00157210 0.00343985
v 0.05629412 0.00270235 0.00342369
v 0.04909091 0.00345387 0.00243488
v 0.05090909 0.00356709 0.00281884
v 0.05440363 0.00314331 0.00342639
v 0.05441291 0.00327433 0.00345447
v 0.05464706 0.00335661 0.00347393
v 0.05272727 0.00370285 0.00321075
v 0.04909091 0.00439594 0.00277041
v 0.05090909 0.00454005 0.00314970
v 0.04909091 0.00516908 0.00317925
v 0.05272727 0.00471284 0.00353733
v 0.03272727 0.00000000 0.00560124
v 0.03454546 0.00000000 0.00574220
v 0.03272727 0.00175656 0.00553361
v 0.03454546 0.00163940 0.00567683
v 0.03272727 0.00344562 0.00533331
v 0.03454546 0.00321580 0.00548323
v 0.03636364 0.00298211 0.00565240
v 0.03636364 0.00432935 0.00534948
v 0.03818182 0.00400698 0.00554506
v 0.03272727 0.00500226 0.00500804
v 0.03454546 0.00466863 0.00516884
v 0.03636364 0.00551022 0.00494181
v 0.03818182 0.00509992 0.00515282
v 0.04000000 0.00372406 0.00575070
v 0.04000000 0.00557344 0.00491290
v 0.04181818 0.00524279 0.00515252
v 0.04363636 0.00559862 0.00489481
v 0.04545455 0.00554610 0.00513040
v 0.04000000 0.00473983 0.00537306
v 0.04181818 0.00445862 0.00559685
v 0.04363636 0.00503863 0.00538705
v 0.04545455 0.00499136 0.00561227
v 0.04727273 0.00560944 0.00539942
v 0.05958823 0.00176180 0.00356293
v 0.06123529 0.00194652 0.00367682
v 0.06288236 0.00212601 0.00377922
v 0.05454545 0.00367211 0.00356090
v 0.05454545 0.00385114 0.00359671
v 0.05461255 0.00385670 0.00361022
v 0.05460852 0.00389423 0.00362046
v 0.05455103 0.00418503 0.00370018
v 0.05455526 0.00423110 0.00371503
v 0.05464706 0.00427216 0.00372266
v 0.04909091 0.00574358 0.00364570
v 0.05090909 0.00533853 0.00355284
v 0.05464706 0.00448299 0.00380770
v 0.05454545 0.00490157 0.00391929
v 0.05479328 0.00492773 0.00396867
v 0.05478089 0.00504242 0.00401649
v 0.05272727 0.00554171 0.00393527
v 0.05477191 0.00508780 0.00403593
v 0.05478577 0.00514989 0.00406618
v 0.05454545 0.00576364 0.00431237
v 0.05794118 0.00308378 0.00355366
v 0.05958823 0.00345589 0.00367674
v 0.05629412 0.00392320 0.00360851
v 0.06123529 0.00381823 0.00379063
v 0.06288236 0.00417032 0.00389303
v 0.05794118 0.00447695 0.00373848
v 0.05629412 0.00499329 0.00385723
v 0.05958823 0.00501718 0.00386156
v 0.05794118 0.00569808 0.00398721
v 0.06123529 0.00554321 0.00397545
v 0.04909091 0.00574358 0.00571066
v 0.03636364 0.00719945 0.00136946
v 0.03818182 0.00666337 0.00171557
v 0.03818182 0.00707379 0.00230725
v 0.03454546 0.00824184 0.00167637
v 0.03454546 0.00840330 0.00234009
v 0.03636364 0.00764289 0.00198439
v 0.04000000 0.00619288 0.00206379
v 0.04181818 0.00582547 0.00240141
v 0.03818182 0.00721238 0.00292257
v 0.03818182 0.00707379 0.00353790
v 0.03636364 0.00779263 0.00262390
v 0.03454546 0.00824184 0.00300381
v 0.03272727 0.00831846 0.00342837
v 0.03636364 0.00764289 0.00326341
v 0.04181818 0.00618429 0.00295146
v 0.04000000 0.00657433 0.00263344
v 0.04181818 0.00630544 0.00352350
v 0.04000000 0.00670312 0.00322585
v 0.04363636 0.00594347 0.00324981
v 0.04545455 0.00588771 0.00352002
v 0.03272727 0.00883083 0.00139469
v 0.03272727 0.00900384 0.00208138
v 0.03272727 0.00883083 0.00276807
v 0.03636364 0.00719945 0.00387835
v 0.03272727 0.00636668 0.00457030
v 0.03454546 0.00698709 0.00423020
v 0.03636364 0.00647933 0.00444507
v 0.03818182 0.00666337 0.00412957
v 0.03454546 0.00776364 0.00364202
v 0.03272727 0.00748642 0.00403691
v 0.04181818 0.00618429 0.00409553
v 0.04000000 0.00657433 0.00381826
v 0.04363636 0.00605991 0.00380526
v 0.04727273 0.00595495 0.00381636
v 0.04545455 0.00600305 0.00406378
v 0.04000000 0.00619288 0.00438791
v 0.04181818 0.00582547 0.00464559
v 0.04363636 0.00594347 0.00436071
v 0.04727273 0.00607161 0.00435090
v 0.04545455 0.00588771 0.00460754
v 0.03454546 0.00594203 0.00474574
v 0.03818182 0.00599687 0.00467486
v 0.04727273 0.00595495 0.00488543
v 0.05090909 0.00593186 0.00401279
v 0.04909091 0.00609735 0.00415183
v 0.05090909 0.00629723 0.00451186
v 0.05272727 0.00615762 0.00438928
v 0.05506092 0.00582761 0.00441374
v 0.05504741 0.00581087 0.00440422
v 0.05513177 0.00597738 0.00452152
v 0.05519624 0.00608267 0.00459896
v 0.06288236 0.00605437 0.00407785
v 0.05629412 0.00587149 0.00416030
v 0.05958823 0.00638566 0.00411029
v 0.05629412 0.00652405 0.00450608
v 0.05794118 0.00670023 0.00429028
v 0.06123529 0.00705517 0.00422418
v 0.05958823 0.00750874 0.00441336
v 0.05794118 0.00744490 0.00463605
v 0.06288236 0.00770575 0.00432657
v 0.06123529 0.00829600 0.00452725
v 0.04909091 0.00621680 0.00467818
v 0.04909091 0.00609735 0.00520454
v 0.05090909 0.00642060 0.00503087
v 0.05454545 0.00640421 0.00476082
v 0.05535293 0.00635432 0.00480436
v 0.05272727 0.00653690 0.00488190
v 0.05559291 0.00654867 0.00496375
v 0.05568848 0.00664389 0.00507849
v 0.05090909 0.00629723 0.00554989
v 0.05272727 0.00666496 0.00539422
v 0.05454545 0.00679867 0.00524742
v 0.05582654 0.00677206 0.00523324
v 0.05454545 0.00693187 0.00575347
v 0.05629412 0.00692589 0.00488126
v 0.05629412 0.00706158 0.00527145
v 0.05629412 0.00698345 0.00549613
v 0.05636363 0.00701356 0.00553367
v 0.05636363 0.00706487 0.00559385
v 0.05653480 0.00708868 0.00562330
v 0.05661076 0.00711383 0.00568661
v 0.05794118 0.00790346 0.00501124
v 0.05958823 0.00834326 0.00475914
v 0.05794118 0.00805830 0.00540142
v 0.06288236 0.00906100 0.00462965
v 0.05958823 0.00885716 0.00513432
v 0.06123529 0.00921802 0.00487302
v 0.06288236 0.01006805 0.00497542
v 0.05958823 0.00903068 0.00552450
v 0.06123529 0.00978580 0.00524821
v 0.06123529 0.00997751 0.00563839
v 0.06288236 0.01068818 0.00535061
v 0.06288236 0.01089757 0.00574079
v 0.06452941 0.00230005 0.00386782
v 0.06617647 0.00246838 0.00394034
v 0.06782353 0.00263079 0.00399446
v 0.06947059 0.00278702 0.00402791
v 0.07111765 0.00293689 0.00403843
v 0.06452941 0.00451170 0.00398163
v 0.06617647 0.00484191 0.00405415
v 0.06782353 0.00516047 0.00410828
v 0.06947059 0.00546693 0.00414172
v 0.07111765 0.00576092 0.00415224
v 0.07276471 0.00309130 0.00403843
v 0.07441176 0.00325497 0.00403843
v 0.07605882 0.00342272 0.00403843
v 0.07770588 0.00358939 0.00403843
v 0.07935294 0.00374982 0.00403843
v 0.08100000 0.00389882 0.00403843
v 0.08264706 0.00403123 0.00403843
v 0.08429412 0.00414187 0.00403843
v 0.08594117 0.00422559 0.00403843
v 0.08758824 0.00427721 0.00403843
v 0.08923529 0.00429199 0.00403827
v 0.09088235 0.00429199 0.00402825
v 0.09252941 0.00429199 0.00400363
v 0.09417647 0.00429199 0.00396567
v 0.09582353 0.00429199 0.00391566
v 0.06452941 0.00654998 0.00416645
v 0.06617647 0.00702936 0.00423897
v 0.06782353 0.00749185 0.00429310
v 0.06452941 0.00833654 0.00441518
v 0.06947059 0.00793675 0.00432654
v 0.07111765 0.00836356 0.00433706
v 0.07276471 0.00606380 0.00415224
v 0.07441176 0.00638485 0.00415224
v 0.07605882 0.00671391 0.00415224
v 0.07770588 0.00704085 0.00415224
v 0.07935294 0.00735553 0.00415224
v 0.06617647 0.00894668 0.00448769
v 0.06782353 0.00953531 0.00454182
v 0.06947059 0.01010157 0.00457526
v 0.07111765 0.01064480 0.00458579
v 0.07276471 0.00880328 0.00433706
v 0.07441176 0.00926936 0.00433706
v 0.07605882 0.00974708 0.00433706
v 0.07276471 0.01120445 0.00458579
v 0.07770588 0.01022173 0.00433706
v 0.07935294 0.01067857 0.00433706
v 0.06452941 0.00980273 0.00471825
v 0.06617647 0.01052018 0.00479077
v 0.06782353 0.01121234 0.00484489
v 0.06452941 0.01089221 0.00506402
v 0.06452941 0.01156311 0.00543921
v 0.08100000 0.00764780 0.00415224
v 0.08264706 0.00790753 0.00415224
v 0.08429412 0.00812458 0.00415224
v 0.08594117 0.00828880 0.00415224
v 0.08758824 0.00839005 0.00415224
v 0.09417647 0.00841904 0.00407846
v 0.09582353 0.00841904 0.00402773
v 0.08923529 0.00841904 0.00415208
v 0.09088235 0.00841904 0.00414192
v 0.09252941 0.00841904 0.00411695
v 0.08100000 0.01110289 0.00433706
v 0.08264706 0.01147996 0.00433706
v 0.07441176 0.01179766 0.00458579
v 0.07605882 0.01240569 0.00458579
v 0.07770588 0.01300979 0.00458579
v 0.07935294 0.01359124 0.00458579
v 0.06617647 0.01168940 0.00513654
v 0.06782353 0.01245849 0.00519067
v 0.06947059 0.01187819 0.00487834
v 0.07111765 0.01251696 0.00488886
v 0.06617647 0.01240940 0.00551173
v 0.06782353 0.01322586 0.00556585
v 0.06947059 0.01319834 0.00522411
v 0.07111765 0.01390810 0.00523463
v 0.06947059 0.01401128 0.00559930
v 0.07276471 0.01317504 0.00488886
v 0.07441176 0.01387258 0.00488886
v 0.07111765 0.01476476 0.00560982
v 0.07605882 0.01458754 0.00488886
v 0.07770588 0.01529790 0.00488886
v 0.07276471 0.01463932 0.00523463
v 0.07441176 0.01541438 0.00523463
v 0.07276471 0.01554102 0.00560982
v 0.07935294 0.01598161 0.00488886
v 0.07605882 0.01620881 0.00523463
v 0.07441176 0.01636382 0.00560982
v 0.07605882 0.01720718 0.00560982
v 0.07770588 0.01699811 0.00523463
v 0.08429412 0.01179506 0.00433706
v 0.08594117 0.01203347 0.00433706
v 0.08758824 0.01218047 0.00433706
v 0.08100000 0.01413129 0.00458579
v 0.08923529 0.01222255 0.00433689
v 0.09088235 0.01222255 0.00432651
v 0.09252941 0.01222255 0.00430097
v 0.09417647 0.01222255 0.00426160
v 0.09582353 0.01222255 0.00420973
v 0.08264706 0.01461121 0.00458579
v 0.08429412 0.01501226 0.00458579
v 0.08594117 0.01531570 0.00458579
v 0.08758824 0.01550279 0.00458579
v 0.08923529 0.01555635 0.00458561
v 0.09088235 0.01555635 0.00457492
v 0.09252941 0.01555635 0.00454862
v 0.09417647 0.01555635 0.00450808
v 0.09582353 0.01555635 0.00445466
v 0.08100000 0.01661664 0.00488886
v 0.08264706 0.01718097 0.00488886
v 0.07935294 0.01775781 0.00523463
v 0.07770588 0.01804510 0.00560982
v 0.07935294 0.01885159 0.00560982
v 0.08429412 0.01765255 0.00488886
v 0.08594117 0.01800936 0.00488886
v 0.08758824 0.01822936 0.00488886
v 0.08100000 0.01846343 0.00523463
v 0.08264706 0.01909047 0.00523463
v 0.08429412 0.01961447 0.00523463
v 0.08100000 0.01960067 0.00560982
v 0.08264706 0.02026634 0.00560982
v 0.08594117 0.02001093 0.00523463
v 0.08758824 0.02025537 0.00523463
v 0.08923529 0.01829233 0.00488868
v 0.09088235 0.01829233 0.00487761
v 0.09252941 0.01829233 0.00485038
v 0.09417647 0.01829233 0.00480841
v 0.09582353 0.01829233 0.00475310
v 0.08429412 0.02082261 0.00560982
v 0.08594117 0.02124349 0.00560982
v 0.08758824 0.02150299 0.00560982
v 0.09252941 0.02032535 0.00519466
v 0.09417647 0.02032535 0.00515105
v 0.09582353 0.02032535 0.00509360
v 0.08923529 0.02032535 0.00523445
v 0.09088235 0.02032535 0.00522294
v 0.08923529 0.02157728 0.00560962
v 0.09088235 0.02157728 0.00559765
v 0.09252941 0.02157728 0.00556822
v 0.09582353 0.02157728 0.00546305
v 0.09417647 0.02157728 0.00552284
v 0.10405882 0.00429199 0.00352938
v 0.10405882 0.00460025 0.00353735
v 0.10419958 0.00464469 0.00353021
v 0.10496774 0.00488518 0.00349177
v 0.10100000 0.00535664 0.00328810
v 0.10298387 0.00536952 0.00331653
v 0.10496774 0.00538277 0.00336799
v 0.10900000 0.00429199 0.00323459
v 0.10570588 0.00429199 0.00343382
v 0.10735294 0.00429199 0.00333513
v 0.10570588 0.00514440 0.00345556
v 0.10610336 0.00528796 0.00343506
v 0.10639515 0.00539258 0.00342021
v 0.10900000 0.00541086 0.00353588
v 0.10900000 0.00544582 0.00353316
v 0.10900000 0.00000000 0.00500000
v 0.09911764 0.00429199 0.00378456
v 0.10076471 0.00429199 0.00370603
v 0.09747059 0.00429199 0.00385486
v 0.10100000 0.00432519 0.00354377
v 0.10298387 0.00434969 0.00356974
v 0.10283945 0.00428832 0.00359684
v 0.10286374 0.00429199 0.00359553
v 0.10298387 0.00430950 0.00358933
v 0.10238416 0.00422005 0.00362136
v 0.10241176 0.00422399 0.00361997
v 0.10100000 0.00402153 0.00369150
v 0.10100000 0.00429199 0.00369382
v 0.10100000 0.00488157 0.00370923
v 0.10324267 0.00435298 0.00357613
v 0.10900000 0.00316404 0.00462996
v 0.10900000 0.00314796 0.00464546
v 0.10900000 0.00364859 0.00416369
v 0.10900000 0.00367362 0.00415139
v 0.11091936 0.00368493 0.00426262
v 0.11290322 0.00372341 0.00438009
v 0.10900000 0.00442833 0.00378135
v 0.10900000 0.00445987 0.00377346
v 0.11091936 0.00445473 0.00388427
v 0.11290322 0.00448269 0.00400594
v 0.11091936 0.00542474 0.00364136
v 0.11290322 0.00543944 0.00376573
v 0.10900000 0.00298100 0.00516233
v 0.10900000 0.00297546 0.00517951
v 0.11091936 0.00319068 0.00473936
v 0.11290322 0.00323592 0.00485155
v 0.10900000 0.00314243 0.00569637
v 0.10900000 0.00314796 0.00571356
v 0.11091936 0.00302038 0.00526784
v 0.11290322 0.00306794 0.00537416
v 0.11488710 0.00376279 0.00451086
v 0.11687097 0.00380306 0.00465299
v 0.11488710 0.00545448 0.00390350
v 0.11687097 0.00546986 0.00405277
v 0.11488710 0.00451130 0.00414098
v 0.11687097 0.00454056 0.00428746
v 0.11885484 0.00457044 0.00444346
v 0.12083871 0.00460095 0.00460705
v 0.11885484 0.00548557 0.00421161
v 0.12083871 0.00550161 0.00437808
v 0.12282258 0.00551784 0.00455922
v 0.11488710 0.00328222 0.00497693
v 0.11687097 0.00332955 0.00511359
v 0.11885484 0.00384419 0.00480458
v 0.12083871 0.00388618 0.00496369
v 0.11488710 0.00311662 0.00549358
v 0.11687097 0.00316640 0.00562417
v 0.11885484 0.00337791 0.00525961
v 0.12083871 0.00342727 0.00541307
v 0.11885484 0.00321724 0.00576402
v 0.12282258 0.00392867 0.00513739
v 0.12282258 0.00347722 0.00558107
v 0.12480645 0.00396915 0.00539724
v 0.12679033 0.00400783 0.00574719
v 0.12282258 0.00463182 0.00478528
v 0.12480645 0.00466123 0.00504942
v 0.12480645 0.00553330 0.00482610
v 0.12679033 0.00554807 0.00518275
v 0.12679033 0.00468933 0.00540345
v 0.12877420 0.00556253 0.00561463
v 0.10100000 0.00650000 0.00320000
v 0.10298387 0.00650000 0.00322928
v 0.10496774 0.00650000 0.00328160
v 0.10100000 0.00764336 0.00328810
v 0.10298387 0.00763048 0.00331653
v 0.10496774 0.00761723 0.00336799
v 0.10695161 0.00591862 0.00340011
v 0.10695161 0.00650000 0.00335506
v 0.10735294 0.00633550 0.00338655
v 0.10750841 0.00650000 0.00338107
v 0.10900000 0.00650000 0.00345129
v 0.10739161 0.00674166 0.00339438
v 0.10735294 0.00682201 0.00339879
v 0.10900000 0.00653497 0.00345402
v 0.10700160 0.00753868 0.00343788
v 0.10695161 0.00760360 0.00344057
v 0.10697029 0.00760347 0.00344143
v 0.10696078 0.00760808 0.00344213
v 0.10695161 0.00761255 0.00344280
v 0.10900000 0.00758914 0.00353588
v 0.10589942 0.00807837 0.00351862
v 0.10570588 0.00816447 0.00353258
v 0.10561924 0.00820194 0.00353856
v 0.10570588 0.00841904 0.00353907
v 0.10900000 0.00841904 0.00333702
v 0.10735294 0.00841904 0.00343898
v 0.10076471 0.00841904 0.00381514
v 0.09747059 0.00841904 0.00396608
v 0.09911764 0.00841904 0.00389478
v 0.10100000 0.00867481 0.00354377
v 0.10298387 0.00865031 0.00356974
v 0.10100000 0.00841904 0.00380275
v 0.10496774 0.00849290 0.00358582
v 0.10482491 0.00855348 0.00359695
v 0.10464735 0.00862916 0.00361080
v 0.11091936 0.00650000 0.00355766
v 0.11290322 0.00650000 0.00368295
v 0.10900000 0.00762069 0.00354378
v 0.10512232 0.00841904 0.00357341
v 0.10900000 0.00857167 0.00378135
v 0.10900000 0.00859671 0.00379366
v 0.11091936 0.00757526 0.00364136
v 0.11290322 0.00756056 0.00376573
v 0.11091936 0.00854527 0.00388427
v 0.11290322 0.00851731 0.00400594
v 0.10298387 0.00896065 0.00372098
v 0.10266949 0.00901420 0.00374106
v 0.10241176 0.00905889 0.00375792
v 0.10209930 0.00910970 0.00377670
v 0.10418991 0.00872176 0.00364188
v 0.10405882 0.00874872 0.00365099
v 0.10351147 0.00885631 0.00368661
v 0.10100000 0.00896240 0.00382778
v 0.10113231 0.00926794 0.00383489
v 0.10100000 0.00928998 0.00384304
v 0.10900000 0.00935141 0.00416369
v 0.10900000 0.00936748 0.00417919
v 0.10900000 0.00985204 0.00464546
v 0.11091936 0.00931507 0.00426262
v 0.11290322 0.00927659 0.00438009
v 0.10900000 0.00985757 0.00466265
v 0.10900000 0.01002454 0.00517951
v 0.10900000 0.01001900 0.00519670
v 0.11091936 0.00980932 0.00473936
v 0.11290322 0.00976408 0.00485155
v 0.10900000 0.00985204 0.00571356
v 0.10900000 0.00983596 0.00572906
v 0.11091936 0.00997962 0.00526784
v 0.11290322 0.00993206 0.00537416
v 0.11488710 0.00650000 0.00382168
v 0.11687097 0.00650000 0.00397191
v 0.11885484 0.00650000 0.00413172
v 0.12083871 0.00650000 0.00429919
v 0.11488710 0.00754552 0.00390350
v 0.11687097 0.00753014 0.00405277
v 0.11488710 0.00848870 0.00414098
v 0.11687097 0.00845944 0.00428746
v 0.11885484 0.00751443 0.00421161
v 0.12083871 0.00749839 0.00437808
v 0.11885484 0.00842956 0.00444346
v 0.12083871 0.00839905 0.00460705
v 0.12282258 0.00650000 0.00448132
v 0.12282258 0.00748216 0.00455922
v 0.12480645 0.00650000 0.00474915
v 0.12679033 0.00650000 0.00510670
v 0.12877420 0.00650000 0.00553946
v 0.12480645 0.00746670 0.00482610
v 0.12282258 0.00836818 0.00478528
v 0.12480645 0.00833877 0.00504942
v 0.12679033 0.00745193 0.00518275
v 0.12877420 0.00743747 0.00561463
v 0.12679033 0.00831067 0.00540345
v 0.11488710 0.00923721 0.00451086
v 0.11687097 0.00919694 0.00465299
v 0.11488710 0.00971778 0.00497693
v 0.11687097 0.00967045 0.00511359
v 0.11885484 0.00915581 0.00480458
v 0.12083871 0.00911382 0.00496369
v 0.11488710 0.00988338 0.00549358
v 0.11687097 0.00983360 0.00562417
v 0.11885484 0.00962209 0.00525961
v 0.12083871 0.00957273 0.00541307
v 0.11885484 0.00978276 0.00576402
v 0.12282258 0.00907133 0.00513739
v 0.12480645 0.00903086 0.00539724
v 0.12282258 0.00952278 0.00558107
v 0.12679033 0.00899217 0.00574719
v 0.10900000 0.01222255 0.00350335
v 0.09911764 0.01222255 0.00407376
v 0.10076471 0.01222255 0.00399231
v 0.10405882 0.01222255 0.00380910
v 0.10241176 0.01222255 0.00390365
v 0.09747059 0.01222255 0.00414668
v 0.10570588 0.01222255 0.00370999
v 0.10735294 0.01222255 0.00360763
v 0.10405882 0.01555635 0.00404208
v 0.10076471 0.01555635 0.00423075
v 0.09911764 0.01555635 0.00431463
v 0.09747059 0.01555635 0.00438972
v 0.10241176 0.01555635 0.00413945
v 0.10100000 0.01650664 0.00394199
v 0.10295162 0.01653980 0.00396359
v 0.10490323 0.01649227 0.00408563
v 0.10490323 0.01657392 0.00400740
v 0.10100000 0.01732519 0.00354377
v 0.10295162 0.01734929 0.00356913
v 0.10490323 0.01737408 0.00361677
v 0.10241176 0.01626270 0.00421363
v 0.10295162 0.01630777 0.00418550
v 0.10285958 0.01630023 0.00419016
v 0.10112956 0.01616242 0.00427418
v 0.10100000 0.01615208 0.00428051
v 0.10182229 0.01621650 0.00424145
v 0.10405882 0.01641042 0.00413069
v 0.10446740 0.01645024 0.00410861
v 0.10460504 0.01646370 0.00410118
v 0.10900000 0.01555635 0.00372721
v 0.10570588 0.01555635 0.00394001
v 0.10735294 0.01555635 0.00383459
v 0.10570588 0.01657709 0.00404457
v 0.10582853 0.01659054 0.00403782
v 0.10685484 0.01739955 0.00368486
v 0.10639014 0.01669300 0.00401111
v 0.10685484 0.01677619 0.00398978
v 0.10760918 0.01692465 0.00395561
v 0.10735294 0.01687322 0.00396771
v 0.10825483 0.01705450 0.00392515
v 0.10880645 0.01716355 0.00390006
v 0.10900000 0.01720455 0.00389153
v 0.10900000 0.01664861 0.00416415
v 0.10900000 0.01619706 0.00459860
v 0.10900000 0.01614800 0.00464592
v 0.10900000 0.01672504 0.00412659
v 0.11075807 0.01668184 0.00425371
v 0.11270968 0.01671962 0.00436802
v 0.10900000 0.01599240 0.00512751
v 0.10900000 0.01597549 0.00517996
v 0.11075807 0.01618705 0.00473088
v 0.11270968 0.01623146 0.00483999
v 0.10900000 0.01613109 0.00566155
v 0.10900000 0.01614800 0.00571401
v 0.11075807 0.01601656 0.00525983
v 0.11270968 0.01606325 0.00536318
v 0.11466129 0.01675826 0.00449536
v 0.11661290 0.01679777 0.00463393
v 0.11466129 0.01627689 0.00496205
v 0.11661290 0.01632334 0.00509525
v 0.11856452 0.01683812 0.00478188
v 0.12051613 0.01687930 0.00493738
v 0.11466129 0.01611103 0.00547938
v 0.11661290 0.01615986 0.00560662
v 0.11856452 0.01637077 0.00523773
v 0.12051613 0.01641918 0.00538769
v 0.11856452 0.01620973 0.00574305
v 0.12246774 0.01692117 0.00510147
v 0.12246774 0.01646840 0.00554616
v 0.12441935 0.01696121 0.00533736
v 0.12637097 0.01699914 0.00566153
v 0.10100000 0.01835664 0.00328810
v 0.10295162 0.01836931 0.00331588
v 0.10490323 0.01838234 0.00336598
v 0.10100000 0.01950000 0.00320000
v 0.10295162 0.01950000 0.00322861
v 0.10490323 0.01950000 0.00327956
v 0.10685484 0.01839573 0.00343657
v 0.10880645 0.01840947 0.00352582
v 0.10685484 0.01950000 0.00335102
v 0.10880645 0.01950000 0.00344115
v 0.10100000 0.02064336 0.00328810
v 0.10295162 0.02063069 0.00331588
v 0.10490323 0.02061766 0.00336598
v 0.10685484 0.02060427 0.00343657
v 0.10880645 0.02059053 0.00352582
v 0.09911764 0.01829233 0.00460814
v 0.10076471 0.01829233 0.00452130
v 0.10100000 0.01829233 0.00450779
v 0.10100000 0.01858277 0.00455462
v 0.10880645 0.01742569 0.00377155
v 0.11075807 0.01745249 0.00387503
v 0.11270968 0.01747993 0.00399345
v 0.11075807 0.01842356 0.00363190
v 0.11270968 0.01843799 0.00375297
v 0.11075807 0.01950000 0.00354812
v 0.11270968 0.01950000 0.00367011
v 0.09747059 0.01829233 0.00468587
v 0.10100000 0.02167481 0.00354377
v 0.10295162 0.02165071 0.00356913
v 0.10490323 0.02162592 0.00361677
v 0.10295162 0.02246020 0.00396359
v 0.10490323 0.02242608 0.00400740
v 0.10100000 0.02249336 0.00394199
v 0.10100000 0.02301891 0.00444377
v 0.10295162 0.02297992 0.00446063
v 0.10490323 0.02293981 0.00449961
v 0.10685484 0.02160045 0.00368486
v 0.10880645 0.02157431 0.00377155
v 0.11075807 0.02057644 0.00363190
v 0.11270968 0.02056201 0.00375297
v 0.11075807 0.02154751 0.00387503
v 0.11270968 0.02152007 0.00399345
v 0.10685484 0.02239102 0.00407157
v 0.10880645 0.02235504 0.00415429
v 0.10685484 0.02289860 0.00455886
v 0.10880645 0.02285631 0.00463656
v 0.11075807 0.02231816 0.00425371
v 0.11270968 0.02228039 0.00436802
v 0.10076471 0.02032535 0.00485277
v 0.09747059 0.02032535 0.00502375
v 0.09911764 0.02032535 0.00494299
v 0.10076471 0.02157728 0.00521244
v 0.10100000 0.02032535 0.00483874
v 0.10100000 0.02050420 0.00488955
v 0.10100000 0.02157728 0.00519784
v 0.09747059 0.02157728 0.00539037
v 0.09911764 0.02157728 0.00530633
v 0.10100000 0.02163767 0.00525069
v 0.10100000 0.02320000 0.00500000
v 0.10295162 0.02315901 0.00501161
v 0.10490323 0.02311683 0.00504523
v 0.09747059 0.02200000 0.00577164
v 0.10076471 0.02200000 0.00558649
v 0.09911764 0.02200000 0.00568418
v 0.10100000 0.02200000 0.00557130
v 0.10100000 0.02193961 0.00562414
v 0.10100000 0.02301891 0.00555623
v 0.10295162 0.02297992 0.00556259
v 0.10490323 0.02293981 0.00559085
v 0.10685484 0.02307350 0.00509903
v 0.10880645 0.02302903 0.00517117
v 0.11075807 0.02281295 0.00473088
v 0.11270968 0.02276854 0.00483999
v 0.10685484 0.02289860 0.00563919
v 0.10880645 0.02285631 0.00570578
v 0.11075807 0.02298344 0.00525983
v 0.11270968 0.02293675 0.00536318
v 0.11466129 0.01845275 0.00388721
v 0.11661290 0.01846784 0.00403277
v 0.11466129 0.01750801 0.00412500
v 0.11661290 0.01753671 0.00426783
v 0.11856452 0.01756603 0.00442011
v 0.12051613 0.01759595 0.00458002
v 0.11856452 0.01848325 0.00418784
v 0.12051613 0.01849898 0.00435057
v 0.11466129 0.01950000 0.00380527
v 0.11661290 0.01950000 0.00395178
v 0.11856452 0.01950000 0.00410781
v 0.12051613 0.01950000 0.00427151
v 0.12246774 0.01851497 0.00452199
v 0.12246774 0.01950000 0.00444391
v 0.12246774 0.01762637 0.00474857
v 0.12441935 0.01765546 0.00498870
v 0.12441935 0.01853027 0.00476485
v 0.12637097 0.01854476 0.00509559
v 0.12637097 0.01768302 0.00531687
v 0.12832259 0.01770973 0.00571973
v 0.12832259 0.01855880 0.00550092
v 0.12441935 0.01950000 0.00468772
v 0.12637097 0.01950000 0.00501934
v 0.12832259 0.01950000 0.00542552
v 0.11466129 0.02054725 0.00388721
v 0.11661290 0.02053216 0.00403277
v 0.11466129 0.02149199 0.00412500
v 0.11661290 0.02146328 0.00426783
v 0.11856452 0.02051675 0.00418784
v 0.12051613 0.02050102 0.00435057
v 0.11856452 0.02143397 0.00442011
v 0.12051613 0.02140405 0.00458002
v 0.11466129 0.02224174 0.00449536
v 0.11661290 0.02220223 0.00463393
v 0.12246774 0.02048503 0.00452199
v 0.11466129 0.02272310 0.00496205
v 0.11661290 0.02267666 0.00509525
v 0.11856452 0.02216188 0.00478188
v 0.12051613 0.02212070 0.00493738
v 0.11466129 0.02288897 0.00547938
v 0.11661290 0.02284014 0.00560662
v 0.11856452 0.02262923 0.00523773
v 0.12051613 0.02258082 0.00538769
v 0.11856452 0.02279027 0.00574305
v 0.12441935 0.02046973 0.00476485
v 0.12246774 0.02137363 0.00474857
v 0.12441935 0.02134454 0.00498870
v 0.12637097 0.02045524 0.00509559
v 0.12832259 0.02044120 0.00550092
v 0.12637097 0.02131698 0.00531687
v 0.12832259 0.02129027 0.00571973
v 0.12246774 0.02207883 0.00510147
v 0.12441935 0.02203879 0.00533736
v 0.12246774 0.02253160 0.00554616
v 0.12637097 0.02200086 0.00566153
v 0.03636364 0.00000000 0.00590192
v 0.03818182 0.00000000 0.00607661
v 0.03818182 0.00140706 0.00601601
v 0.03636364 0.00152027 0.00583894
v 0.03818182 0.00276006 0.00583653
v 0.04000000 0.00000000 0.00626246
v 0.04000000 0.00130771 0.00620411
v 0.04181818 0.00000000 0.00645566
v 0.04181818 0.00123013 0.00639932
v 0.04363636 0.00000000 0.00665240
v 0.04545455 0.00000000 0.00685099
v 0.04363636 0.00118223 0.00659770
v 0.04545455 0.00117114 0.00679744
v 0.04000000 0.00256517 0.00603131
v 0.04181818 0.00241299 0.00623246
v 0.04363636 0.00231903 0.00643568
v 0.04545455 0.00229727 0.00663883
v 0.04727273 0.00232350 0.00688226
v 0.04727273 0.00000000 0.00709083
v 0.04727273 0.00118451 0.00703818
v 0.04181818 0.00350312 0.00596150
v 0.04363636 0.00336670 0.00617257
v 0.04363636 0.00428500 0.00581849
v 0.04545455 0.00424480 0.00603464
v 0.04727273 0.00429328 0.00628832
v 0.04545455 0.00333512 0.00638126
v 0.04727273 0.00337321 0.00662907
v 0.04727273 0.00504836 0.00587312
v 0.04909091 0.00000000 0.00737618
v 0.04909091 0.00121284 0.00732434
v 0.05090909 0.00000000 0.00769126
v 0.05090909 0.00125260 0.00764014
v 0.05272727 0.00130027 0.00796979
v 0.04909091 0.00237907 0.00717081
v 0.05090909 0.00245706 0.00748875
v 0.05272727 0.00255057 0.00782036
v 0.04909091 0.00516908 0.00617711
v 0.04909091 0.00439594 0.00658596
v 0.05090909 0.00533853 0.00650890
v 0.05272727 0.00554171 0.00685317
v 0.04909091 0.00345387 0.00692149
v 0.05090909 0.00356709 0.00724290
v 0.05272727 0.00370285 0.00757769
v 0.05454545 0.00385114 0.00791022
v 0.05090909 0.00454005 0.00691205
v 0.05272727 0.00471284 0.00725111
v 0.05454545 0.00576364 0.00719457
v 0.05454545 0.00490157 0.00758764
v 0.05636363 0.00509349 0.00790615
v 0.05272727 0.00000000 0.00802025
v 0.05454545 0.00000000 0.00834738
v 0.05454545 0.00135234 0.00829754
v 0.05454545 0.00265271 0.00814993
v 0.05636363 0.00000000 0.00865683
v 0.05818182 0.00000000 0.00893281
v 0.05636363 0.00140529 0.00860758
v 0.05636363 0.00275657 0.00846174
v 0.05818182 0.00145560 0.00888416
v 0.05818182 0.00285526 0.00874006
v 0.06000000 0.00149976 0.00911149
v 0.06000000 0.00000000 0.00915953
v 0.06181818 0.00000000 0.00932118
v 0.06363636 0.00000000 0.00940198
v 0.06181818 0.00153424 0.00927379
v 0.06363636 0.00155553 0.00935528
v 0.05636363 0.00400193 0.00822489
v 0.05818182 0.00414520 0.00850607
v 0.06000000 0.00294188 0.00896920
v 0.06000000 0.00427095 0.00873813
v 0.05818182 0.00527584 0.00819116
v 0.06000000 0.00543588 0.00842717
v 0.06181818 0.00436914 0.00890546
v 0.06363636 0.00442977 0.00899243
v 0.06181818 0.00556086 0.00859868
v 0.06363636 0.00563803 0.00869022
v 0.06181818 0.00300952 0.00913341
v 0.06363636 0.00305128 0.00921699
v 0.05090909 0.00593186 0.00604896
v 0.05272727 0.00653690 0.00590653
v 0.05454545 0.00679867 0.00625951
v 0.05272727 0.00615762 0.00639916
v 0.05454545 0.00640421 0.00674611
v 0.05636363 0.00720328 0.00609386
v 0.05636363 0.00706487 0.00659387
v 0.05740752 0.00727674 0.00600311
v 0.05794118 0.00790346 0.00579160
v 0.05777772 0.00735351 0.00615389
v 0.05794118 0.00744490 0.00616679
v 0.05794118 0.00738051 0.00619669
v 0.05818182 0.00741805 0.00625209
v 0.05850483 0.00746675 0.00632724
v 0.05958823 0.00834326 0.00628987
v 0.05818182 0.00746117 0.00640066
v 0.05958823 0.00763164 0.00658472
v 0.05982980 0.00766631 0.00663490
v 0.05994093 0.00767732 0.00666003
v 0.06000000 0.00768442 0.00666928
v 0.06004974 0.00768820 0.00667760
v 0.06123529 0.00778139 0.00687523
v 0.06123529 0.00829600 0.00674953
v 0.05636363 0.00665496 0.00707467
v 0.05818182 0.00689322 0.00736967
v 0.05636363 0.00598931 0.00751777
v 0.05818182 0.00620373 0.00780745
v 0.06000000 0.00710232 0.00761597
v 0.05818182 0.00731780 0.00689466
v 0.06000000 0.00753979 0.00714690
v 0.06181818 0.00783260 0.00695519
v 0.06239687 0.00785022 0.00704269
v 0.06247244 0.00785265 0.00705409
v 0.06288236 0.00786469 0.00711946
v 0.06181818 0.00771314 0.00733566
v 0.06334391 0.00788251 0.00717983
v 0.06363636 0.00789669 0.00720918
v 0.06363636 0.00782017 0.00744597
v 0.06181818 0.00726562 0.00779841
v 0.06363636 0.00736644 0.00790184
v 0.05958823 0.00885716 0.00591468
v 0.06123529 0.00978580 0.00602857
v 0.06123529 0.00921802 0.00640376
v 0.06288236 0.00906100 0.00685193
v 0.06288236 0.01006805 0.00650615
v 0.06288236 0.01068818 0.00613097
v 0.06000000 0.00639192 0.00804826
v 0.06181818 0.00653888 0.00822488
v 0.06363636 0.00662962 0.00832197
v 0.08000000 0.00000000 0.00800000
v 0.08000000 0.00227667 0.00797667
v 0.08000000 0.00380835 0.00796157
v 0.07837800 0.00569787 0.00789420
v 0.07818182 0.00574341 0.00789207
v 0.08000000 0.00530438 0.00791435
v 0.07882133 0.00559301 0.00790019
v 0.07935294 0.00546127 0.00790755
v 0.08100000 0.00000000 0.00800000
v 0.08264706 0.00000000 0.00800000
v 0.08429412 0.00000000 0.00800000
v 0.08594117 0.00000000 0.00800000
v 0.08758824 0.00000000 0.00800000
v 0.08923529 0.00000000 0.00799976
v 0.09088235 0.00000000 0.00798481
v 0.09252941 0.00000000 0.00794805
v 0.09417647 0.00000000 0.00789139
v 0.09582353 0.00000000 0.00781673
v 0.08100000 0.00389882 0.00796157
v 0.08264706 0.00403123 0.00796157
v 0.08429412 0.00414187 0.00796157
v 0.08594117 0.00422559 0.00796157
v 0.08758824 0.00427721 0.00796157
v 0.08923529 0.00429199 0.00796133
v 0.09088235 0.00429199 0.00794643
v 0.09252941 0.00429199 0.00790979
v 0.09417647 0.00429199 0.00785331
v 0.09582353 0.00429199 0.00777888
v 0.07636364 0.00000000 0.00910537
v 0.07454546 0.00138835 0.00911494
v 0.07636364 0.00132322 0.00906492
v 0.07818182 0.00000000 0.00905320
v 0.08000000 0.00000000 0.00900000
v 0.07818182 0.00125027 0.00901375
v 0.08000000 0.00117054 0.00896157
v 0.07272727 0.00283373 0.00903816
v 0.07636364 0.00259559 0.00894511
v 0.07454546 0.00272335 0.00899223
v 0.07818182 0.00245249 0.00889691
v 0.08000000 0.00229610 0.00884776
v 0.06545454 0.00000000 0.00938948
v 0.06727273 0.00000000 0.00934621
v 0.06909091 0.00000000 0.00930113
v 0.07090909 0.00000000 0.00925438
v 0.06545454 0.00156028 0.00934357
v 0.06727273 0.00154987 0.00930112
v 0.06909091 0.00152642 0.00925692
v 0.07090909 0.00149100 0.00921107
v 0.07272727 0.00000000 0.00920609
v 0.07454546 0.00000000 0.00915638
v 0.07272727 0.00144462 0.00916370
v 0.07090909 0.00292470 0.00908278
v 0.06909091 0.00434689 0.00891332
v 0.07090909 0.00424600 0.00887445
v 0.06545454 0.00444329 0.00898678
v 0.06727273 0.00441364 0.00895080
v 0.06545454 0.00565524 0.00868962
v 0.06727273 0.00561750 0.00865902
v 0.06909091 0.00553254 0.00862715
v 0.07090909 0.00540413 0.00859409
v 0.08000000 0.00424264 0.00841421
v 0.07272727 0.00411394 0.00883430
v 0.07454546 0.00395369 0.00879296
v 0.07636364 0.00376821 0.00875055
v 0.07818182 0.00356046 0.00870718
v 0.08000000 0.00333342 0.00866294
v 0.07454546 0.00503209 0.00852479
v 0.07636364 0.00479602 0.00848872
v 0.07636364 0.00563952 0.00816968
v 0.07272727 0.00523606 0.00855994
v 0.08000000 0.00498882 0.00811114
v 0.07818182 0.00453161 0.00845183
v 0.07818182 0.00532861 0.00814070
v 0.06545454 0.00306059 0.00920759
v 0.06727273 0.00304017 0.00916761
v 0.06909091 0.00299419 0.00912597
v 0.06909091 0.00722861 0.00788060
v 0.07090909 0.00706084 0.00786272
v 0.07111765 0.00715031 0.00774910
v 0.07090909 0.00718558 0.00774142
v 0.07209590 0.00699765 0.00777271
v 0.06452941 0.00787995 0.00730717
v 0.06502741 0.00787443 0.00735004
v 0.06511274 0.00787359 0.00735738
v 0.06545454 0.00786935 0.00738940
v 0.06452941 0.00833654 0.00724360
v 0.06545454 0.00784404 0.00746616
v 0.06782353 0.00760068 0.00760573
v 0.06794639 0.00758307 0.00761441
v 0.06808702 0.00756302 0.00762432
v 0.06618877 0.00782291 0.00746275
v 0.06617647 0.00782359 0.00746181
v 0.06727273 0.00769193 0.00755485
v 0.06767083 0.00762672 0.00759090
v 0.06545454 0.00738893 0.00791441
v 0.06727273 0.00733962 0.00789785
v 0.06909091 0.00744162 0.00767408
v 0.06947059 0.00738229 0.00769391
v 0.06993732 0.00732018 0.00770777
v 0.06947059 0.00793675 0.00765242
v 0.07028043 0.00727280 0.00771964
v 0.07111765 0.00836356 0.00766294
v 0.07636364 0.00615891 0.00786806
v 0.07634985 0.00616182 0.00786787
v 0.07486604 0.00647561 0.00784776
v 0.07605882 0.00622191 0.00786477
v 0.07272727 0.00684124 0.00784423
v 0.07425600 0.00661357 0.00783028
v 0.07420232 0.00662504 0.00782880
v 0.07245193 0.00694036 0.00778299
v 0.07272727 0.00689547 0.00779098
v 0.07276471 0.00688841 0.00779213
v 0.07454546 0.00655070 0.00783884
v 0.07441176 0.00657897 0.00783532
v 0.07462961 0.00653146 0.00784115
v 0.07605882 0.00671391 0.00784776
v 0.07672967 0.00607752 0.00787313
v 0.07770588 0.00585103 0.00788699
v 0.07770588 0.00704085 0.00784776
v 0.07935294 0.00735553 0.00784776
v 0.06452941 0.01156311 0.00621957
v 0.06452941 0.01089221 0.00659476
v 0.06617647 0.00894668 0.00731612
v 0.06452941 0.00980273 0.00694053
v 0.06782353 0.00953531 0.00737025
v 0.06947059 0.01010157 0.00740369
v 0.06617647 0.01052018 0.00701305
v 0.06782353 0.01121234 0.00706718
v 0.07111765 0.01064480 0.00741421
v 0.07276471 0.00880328 0.00766294
v 0.07441176 0.00926936 0.00766294
v 0.07605882 0.00974708 0.00766294
v 0.07276471 0.01120445 0.00741421
v 0.07770588 0.01022173 0.00766294
v 0.07935294 0.01067857 0.00766294
v 0.08100000 0.00764780 0.00784776
v 0.08264706 0.00790753 0.00784776
v 0.08429412 0.00812458 0.00784776
v 0.08594117 0.00828880 0.00784776
v 0.08758824 0.00839005 0.00784776
v 0.08923529 0.00841904 0.00784752
v 0.09088235 0.00841904 0.00783276
v 0.09252941 0.00841904 0.00779647
v 0.09582353 0.00841904 0.00766681
v 0.09417647 0.00841904 0.00774053
v 0.08100000 0.01110289 0.00766294
v 0.08264706 0.01147996 0.00766294
v 0.06545454 0.00664986 0.00832752
v 0.06727273 0.00660548 0.00830348
v 0.06909091 0.00650558 0.00827844
v 0.07090909 0.00635459 0.00825247
v 0.07272727 0.00615695 0.00822564
v 0.07454546 0.00591712 0.00819802
v 0.06452941 0.01178965 0.00582939
v 0.06617647 0.01265252 0.00590191
v 0.06617647 0.01240940 0.00629209
v 0.06617647 0.01168940 0.00666727
v 0.06782353 0.01245849 0.00672140
v 0.06782353 0.01348497 0.00595604
v 0.06947059 0.01428578 0.00598948
v 0.06782353 0.01322586 0.00634622
v 0.06947059 0.01319834 0.00675484
v 0.06947059 0.01401128 0.00637966
v 0.07111765 0.01390810 0.00676537
v 0.06947059 0.01187819 0.00710062
v 0.07111765 0.01251696 0.00711114
v 0.07441176 0.01179766 0.00741421
v 0.07605882 0.01240569 0.00741421
v 0.07770588 0.01300979 0.00741421
v 0.07276471 0.01317504 0.00711114
v 0.07441176 0.01387258 0.00711114
v 0.07935294 0.01359124 0.00741421
v 0.07111765 0.01505402 0.00600000
v 0.07111765 0.01476476 0.00639018
v 0.07276471 0.01584549 0.00600000
v 0.07276471 0.01463932 0.00676537
v 0.07276471 0.01554102 0.00639018
v 0.07441176 0.01541438 0.00676537
v 0.07441176 0.01668441 0.00600000
v 0.07441176 0.01636382 0.00639018
v 0.07605882 0.01620881 0.00676537
v 0.07605882 0.01720718 0.00639018
v 0.07770588 0.01699811 0.00676537
v 0.07605882 0.01458754 0.00711114
v 0.07770588 0.01529790 0.00711114
v 0.07935294 0.01598161 0.00711114
v 0.08429412 0.01179506 0.00766294
v 0.08594117 0.01203347 0.00766294
v 0.08758824 0.01218047 0.00766294
v 0.08100000 0.01413129 0.00741421
v 0.08923529 0.01222255 0.00766270
v 0.09088235 0.01222255 0.00764818
v 0.09252941 0.01222255 0.00761245
v 0.09417647 0.01222255 0.00755738
v 0.09582353 0.01222255 0.00748481
v 0.08264706 0.01461121 0.00741421
v 0.08429412 0.01501226 0.00741421
v 0.08594117 0.01531570 0.00741421
v 0.08758824 0.01550279 0.00741421
v 0.08100000 0.01661664 0.00711114
v 0.08264706 0.01718097 0.00711114
v 0.08923529 0.01555635 0.00741398
v 0.09088235 0.01555635 0.00739976
v 0.09252941 0.01555635 0.00736480
v 0.09417647 0.01555635 0.00731091
v 0.09582353 0.01555635 0.00723989
v 0.07605882 0.01754429 0.00600000
v 0.07770588 0.01839862 0.00600000
v 0.07770588 0.01804510 0.00639018
v 0.07935294 0.01775781 0.00676537
v 0.07935294 0.01922092 0.00600000
v 0.07935294 0.01885159 0.00639018
v 0.08100000 0.01846343 0.00676537
v 0.08100000 0.01998467 0.00600000
v 0.08264706 0.01909047 0.00676537
v 0.08100000 0.01960067 0.00639018
v 0.08264706 0.02026634 0.00639018
v 0.08429412 0.01961447 0.00676537
v 0.08594117 0.02001093 0.00676537
v 0.08758824 0.02025537 0.00676537
v 0.08429412 0.01765255 0.00711114
v 0.08594117 0.01800936 0.00711114
v 0.08758824 0.01822936 0.00711114
v 0.08923529 0.01829233 0.00711091
v 0.09088235 0.01829233 0.00709707
v 0.09252941 0.01829233 0.00706304
v 0.09417647 0.01829233 0.00701057
v 0.09582353 0.01829233 0.00694144
v 0.08264706 0.02066338 0.00600000
v 0.08429412 0.02123055 0.00600000
v 0.08594117 0.02165967 0.00600000
v 0.08429412 0.02082261 0.00639018
v 0.08594117 0.02124349 0.00639018
v 0.08758824 0.02150299 0.00639018
v 0.08758824 0.02192426 0.00600000
v 0.09417647 0.02157728 0.00629614
v 0.09582353 0.02157728 0.00623149
v 0.08923529 0.02032535 0.00676515
v 0.09252941 0.02032535 0.00671876
v 0.09088235 0.02032535 0.00675174
v 0.08923529 0.02157728 0.00638997
v 0.09088235 0.02157728 0.00637703
v 0.09252941 0.02157728 0.00634520
v 0.09582353 0.02032535 0.00660095
v 0.09417647 0.02032535 0.00666793
v 0.08923529 0.02200000 0.00599980
v 0.09088235 0.02200000 0.00598734
v 0.09252941 0.02200000 0.00595671
v 0.09417647 0.02200000 0.00590949
v 0.09582353 0.02200000 0.00584727
v 0.10900000 0.00000000 0.00680000
v 0.10241176 0.00000000 0.00737617
v 0.10405882 0.00000000 0.00724008
v 0.09747059 0.00000000 0.00772597
v 0.10076471 0.00000000 0.00750379
v 0.09911764 0.00000000 0.00762102
v 0.10570588 0.00000000 0.00709742
v 0.10735294 0.00000000 0.00695009
v 0.10900000 0.00363252 0.00617983
v 0.10900000 0.00364859 0.00619533
v 0.11091936 0.00319068 0.00579631
v 0.11290322 0.00323592 0.00589677
v 0.11091936 0.00368493 0.00627306
v 0.10900000 0.00429199 0.00676541
v 0.11290322 0.00372341 0.00636822
v 0.10900000 0.00440329 0.00656536
v 0.10900000 0.00442833 0.00657767
v 0.10900000 0.00509962 0.00674537
v 0.10893548 0.00512897 0.00675044
v 0.10861081 0.00526718 0.00677623
v 0.10828712 0.00540582 0.00680214
v 0.10893548 0.00541039 0.00682075
v 0.11091936 0.00445473 0.00665140
v 0.11290322 0.00448269 0.00674237
v 0.10241176 0.00429199 0.00733974
v 0.10405882 0.00429199 0.00720409
v 0.09747059 0.00429199 0.00768842
v 0.09911764 0.00429199 0.00758381
v 0.10076471 0.00429199 0.00746695
v 0.10570588 0.00429199 0.00706188
v 0.10735294 0.00429199 0.00691502
v 0.11091936 0.00542474 0.00689432
v 0.11290322 0.00543944 0.00698259
v 0.11488710 0.00328222 0.00601022
v 0.11687097 0.00332955 0.00613475
v 0.12083871 0.00326914 0.00591121
v 0.11885484 0.00337791 0.00626843
v 0.11488710 0.00376279 0.00647629
v 0.11687097 0.00380306 0.00659535
v 0.12083871 0.00342727 0.00640935
v 0.11885484 0.00384419 0.00672347
v 0.12083871 0.00388618 0.00685873
v 0.11488710 0.00451130 0.00684617
v 0.12480645 0.00352480 0.00583551
v 0.12282258 0.00332167 0.00607290
v 0.12480645 0.00337169 0.00632135
v 0.12679033 0.00357028 0.00618034
v 0.12877420 0.00404566 0.00617257
v 0.12282258 0.00347722 0.00656472
v 0.12480645 0.00352480 0.00680718
v 0.12877420 0.00361475 0.00660072
v 0.12679033 0.00341950 0.00666048
v 0.12877420 0.00471682 0.00583278
v 0.11687097 0.00454056 0.00696088
v 0.11488710 0.00545448 0.00708365
v 0.11687097 0.00546986 0.00719557
v 0.11885484 0.00457044 0.00708459
v 0.12083871 0.00460095 0.00721536
v 0.11885484 0.00548557 0.00731644
v 0.12083871 0.00550161 0.00744433
v 0.12282258 0.00392867 0.00700840
v 0.12480645 0.00396915 0.00724546
v 0.12679033 0.00357028 0.00714062
v 0.12877420 0.00346627 0.00707533
v 0.12877420 0.00361475 0.00754994
v 0.12679033 0.00400783 0.00757376
v 0.12877420 0.00404566 0.00797810
v 0.12282258 0.00463182 0.00736051
v 0.12480645 0.00466123 0.00759328
v 0.12282258 0.00551784 0.00758657
v 0.12480645 0.00553330 0.00781660
v 0.12679033 0.00468933 0.00791751
v 0.12877420 0.00471682 0.00831788
v 0.12679033 0.00554807 0.00813821
v 0.12877420 0.00556253 0.00853604
v 0.10769584 0.00609124 0.00683860
v 0.10734271 0.00650000 0.00686036
v 0.10735294 0.00652281 0.00685889
v 0.10735294 0.00648839 0.00685975
v 0.10765570 0.00721193 0.00681404
v 0.10774967 0.00742495 0.00680015
v 0.10782681 0.00759743 0.00678893
v 0.10893548 0.00758961 0.00682075
v 0.10836709 0.00787886 0.00673333
v 0.10900000 0.00854013 0.00658557
v 0.10900000 0.00857167 0.00657767
v 0.10893548 0.00817350 0.00667488
v 0.10900000 0.00820941 0.00666819
v 0.10900000 0.00841904 0.00666298
v 0.10735294 0.00841904 0.00681117
v 0.11091936 0.00854527 0.00665140
v 0.11290322 0.00851731 0.00674237
v 0.10076471 0.00841904 0.00735784
v 0.10405882 0.00841904 0.00709748
v 0.10241176 0.00841904 0.00723185
v 0.09747059 0.00841904 0.00757721
v 0.09911764 0.00841904 0.00747359
v 0.10893548 0.00650000 0.00690536
v 0.11091936 0.00650000 0.00697802
v 0.11290322 0.00650000 0.00706536
v 0.10570588 0.00841904 0.00695663
v 0.11091936 0.00757526 0.00689432
v 0.11290322 0.00756056 0.00698259
v 0.10900000 0.00932638 0.00620763
v 0.10900000 0.00935141 0.00619533
v 0.11091936 0.00931507 0.00627306
v 0.11091936 0.00980932 0.00579631
v 0.11290322 0.00976408 0.00589677
v 0.11290322 0.00927659 0.00636822
v 0.11488710 0.00848870 0.00684617
v 0.12877420 0.00828318 0.00583278
v 0.11488710 0.00650000 0.00716548
v 0.11687097 0.00650000 0.00727644
v 0.11885484 0.00650000 0.00739633
v 0.12083871 0.00650000 0.00752323
v 0.11488710 0.00754552 0.00708365
v 0.11687097 0.00753014 0.00719557
v 0.11687097 0.00845944 0.00696088
v 0.11885484 0.00751443 0.00731644
v 0.12083871 0.00749839 0.00744433
v 0.11885484 0.00842956 0.00708459
v 0.12083871 0.00839905 0.00721536
v 0.12282258 0.00650000 0.00766447
v 0.12480645 0.00650000 0.00789354
v 0.12282258 0.00836818 0.00736051
v 0.12282258 0.00748216 0.00758657
v 0.12480645 0.00746670 0.00781660
v 0.12480645 0.00833877 0.00759328
v 0.12679033 0.00831067 0.00791751
v 0.11488710 0.00971778 0.00601022
v 0.11687097 0.00967045 0.00613475
v 0.12083871 0.00973086 0.00591121
v 0.11885484 0.00962209 0.00626843
v 0.11488710 0.00923721 0.00647629
v 0.11687097 0.00919694 0.00659535
v 0.11885484 0.00915581 0.00672347
v 0.12083871 0.00911382 0.00685873
v 0.12083871 0.00957273 0.00640935
v 0.12480645 0.00947520 0.00583551
v 0.12282258 0.00967833 0.00607290
v 0.12480645 0.00962831 0.00632135
v 0.12877420 0.00895434 0.00617257
v 0.12679033 0.00942972 0.00618034
v 0.12282258 0.00952278 0.00656472
v 0.12480645 0.00947520 0.00680718
v 0.12877420 0.00938525 0.00660072
v 0.12679033 0.00958049 0.00666048
v 0.12282258 0.00907133 0.00700840
v 0.12480645 0.00903086 0.00724546
v 0.12679033 0.00942972 0.00714062
v 0.12877420 0.00953373 0.00707533
v 0.12679033 0.00899217 0.00757376
v 0.12877420 0.00938525 0.00754994
v 0.12877420 0.00895434 0.00797810
v 0.12679033 0.00650000 0.00821425
v 0.12877420 0.00650000 0.00861121
v 0.12679033 0.00745193 0.00813821
v 0.12877420 0.00743747 0.00853604
v 0.12877420 0.00828318 0.00831788
v 0.13075806 0.00408359 0.00665867
v 0.13075806 0.00474437 0.00632283
v 0.13075806 0.00557701 0.00610720
v 0.13274193 0.00477268 0.00685899
v 0.13274193 0.00559189 0.00664595
v 0.13075806 0.00365934 0.00708185
v 0.13274193 0.00412255 0.00719080
v 0.13075806 0.00351315 0.00755096
v 0.13274193 0.00370514 0.00760892
v 0.13472581 0.00416349 0.00775428
v 0.13472581 0.00480242 0.00742667
v 0.13472581 0.00560753 0.00721633
v 0.13670968 0.00562428 0.00780381
v 0.13274193 0.00356131 0.00807240
v 0.13075806 0.00365934 0.00802006
v 0.13075806 0.00408359 0.00844325
v 0.13274193 0.00370514 0.00853589
v 0.13472581 0.00375326 0.00816710
v 0.13670968 0.00420734 0.00833441
v 0.13274193 0.00412255 0.00895400
v 0.13472581 0.00361191 0.00862471
v 0.13670968 0.00380481 0.00874159
v 0.13472581 0.00375326 0.00908233
v 0.13670968 0.00483428 0.00801128
v 0.13075806 0.00474437 0.00877909
v 0.13075806 0.00557701 0.00899471
v 0.13869354 0.00425505 0.00891650
v 0.13869354 0.00564250 0.00839387
v 0.13869354 0.00486895 0.00859822
v 0.14067742 0.00566256 0.00897197
v 0.13670968 0.00366611 0.00919295
v 0.13472581 0.00416349 0.00949515
v 0.13670968 0.00380481 0.00964430
v 0.13670968 0.00420734 0.01005148
v 0.13274193 0.00477268 0.00928582
v 0.13274193 0.00559189 0.00949886
v 0.13472581 0.00480242 0.00982276
v 0.13472581 0.00560753 0.01003310
v 0.13869354 0.00386090 0.00931756
v 0.14067742 0.00430755 0.00948586
v 0.13869354 0.00372508 0.00976214
v 0.14067742 0.00392262 0.00988021
v 0.13869354 0.00386090 0.01020672
v 0.14067742 0.00490709 0.00917290
v 0.14266129 0.00568481 0.00952359
v 0.14266129 0.00494941 0.00972073
v 0.14266129 0.00436580 0.01002779
v 0.14464515 0.00499659 0.01022712
v 0.14464515 0.00570961 0.01003419
v 0.13075806 0.00650000 0.00603290
v 0.13274193 0.00650000 0.00657254
v 0.13075806 0.00742299 0.00610720
v 0.13075806 0.00825563 0.00632283
v 0.13274193 0.00740811 0.00664595
v 0.13274193 0.00822732 0.00685899
v 0.13472581 0.00650000 0.00714385
v 0.13670968 0.00650000 0.00773232
v 0.13472581 0.00739247 0.00721633
v 0.13472581 0.00819758 0.00742667
v 0.13670968 0.00737572 0.00780381
v 0.13075806 0.00891641 0.00665867
v 0.13075806 0.00934066 0.00708185
v 0.13274193 0.00887745 0.00719080
v 0.13274193 0.00929486 0.00760892
v 0.13075806 0.00948685 0.00755096
v 0.13472581 0.00883652 0.00775428
v 0.13075806 0.00650000 0.00906901
v 0.13670968 0.00816572 0.00801128
v 0.13075806 0.00742299 0.00899471
v 0.13075806 0.00825563 0.00877909
v 0.13869354 0.00650000 0.00832346
v 0.14067742 0.00650000 0.00890274
v 0.13869354 0.00735750 0.00839387
v 0.14067742 0.00733744 0.00897197
v 0.13869354 0.00813105 0.00859822
v 0.13274193 0.00650000 0.00957227
v 0.13472581 0.00650000 0.01010558
v 0.13274193 0.00740811 0.00949886
v 0.13274193 0.00822732 0.00928582
v 0.13472581 0.00739247 0.01003310
v 0.13472581 0.00819758 0.00982276
v 0.14266129 0.00650000 0.00945566
v 0.14464515 0.00650000 0.00996771
v 0.14067742 0.00809291 0.00917290
v 0.14067742 0.00869245 0.00948586
v 0.14266129 0.00731519 0.00952359
v 0.14464515 0.00729039 0.01003419
v 0.14266129 0.00805059 0.00972073
v 0.14266129 0.00863420 0.01002779
v 0.14464515 0.00800341 0.01022712
v 0.13075806 0.00934066 0.00802006
v 0.13075806 0.00891641 0.00844325
v 0.13274193 0.00929486 0.00853589
v 0.13274193 0.00943869 0.00807240
v 0.13472581 0.00924674 0.00816710
v 0.13670968 0.00879266 0.00833441
v 0.13274193 0.00887745 0.00895400
v 0.13472581 0.00938809 0.00862471
v 0.13670968 0.00919519 0.00874159
v 0.13472581 0.00924674 0.00908233
v 0.13869354 0.00874495 0.00891650
v 0.13670968 0.00933389 0.00919295
v 0.13472581 0.00883652 0.00949515
v 0.13670968 0.00919519 0.00964430
v 0.13670968 0.00879266 0.01005148
v 0.13869354 0.00913910 0.00931756
v 0.13869354 0.00927491 0.00976214
v 0.14067742 0.00907737 0.00988021
v 0.13869354 0.00913910 0.01020672
v 0.13670968 0.00483428 0.01037461
v 0.13670968 0.00562428 0.01058208
v 0.14067742 0.00378999 0.01031735
v 0.13869354 0.00425505 0.01060778
v 0.14067742 0.00392262 0.01075449
v 0.14266129 0.00399110 0.01041471
v 0.14067742 0.00430755 0.01114883
v 0.14266129 0.00386198 0.01084362
v 0.14464515 0.00406743 0.01090626
v 0.14266129 0.00399110 0.01127252
v 0.14464515 0.00394224 0.01132599
v 0.14464515 0.00443073 0.01052761
v 0.13869354 0.00486895 0.01092606
v 0.13869354 0.00564250 0.01113041
v 0.14464515 0.00406743 0.01174573
v 0.14067742 0.00490709 0.01146179
v 0.14067742 0.00566256 0.01166272
v 0.14266129 0.00436580 0.01165944
v 0.14266129 0.00494941 0.01196650
v 0.14464515 0.00443073 0.01212438
v 0.14464515 0.00499659 0.01242487
v 0.14266129 0.00568481 0.01216364
v 0.14662904 0.00415271 0.01134004
v 0.14662904 0.00504930 0.01067746
v 0.14662904 0.00573732 0.01048924
v 0.14662904 0.00450328 0.01097063
v 0.14861290 0.00458602 0.01134588
v 0.14861290 0.00510941 0.01106106
v 0.14861290 0.00576892 0.01087819
v 0.14662904 0.00403191 0.01174953
v 0.14861290 0.00424998 0.01170478
v 0.14662904 0.00415271 0.01215903
v 0.14861290 0.00413419 0.01210263
v 0.15059677 0.00427776 0.01242461
v 0.15059677 0.00470217 0.01169830
v 0.15059677 0.00519380 0.01142492
v 0.15258065 0.00530426 0.01178491
v 0.15059677 0.00438652 0.01204276
v 0.15258065 0.00485420 0.01204351
v 0.15258065 0.00456525 0.01236935
v 0.15456451 0.00503585 0.01237943
v 0.15456451 0.00543624 0.01213837
v 0.14464515 0.00570961 0.01261780
v 0.14861290 0.00424998 0.01250047
v 0.14662904 0.00450328 0.01252844
v 0.14662904 0.00504930 0.01282160
v 0.14861290 0.00458602 0.01285937
v 0.14662904 0.00573732 0.01300983
v 0.15258065 0.00446568 0.01273055
v 0.15059677 0.00438652 0.01280645
v 0.14861290 0.00510941 0.01314420
v 0.14861290 0.00576892 0.01332707
v 0.15059677 0.00470217 0.01315092
v 0.15258065 0.00456525 0.01309175
v 0.15258065 0.00485420 0.01341760
v 0.15059677 0.00519380 0.01342430
v 0.15456451 0.00477879 0.01268318
v 0.15456451 0.00469022 0.01301989
v 0.15654838 0.00501982 0.01298290
v 0.15654838 0.00524088 0.01270399
v 0.15654838 0.00558520 0.01248264
v 0.15853226 0.00574660 0.01281506
v 0.15853226 0.00546303 0.01301508
v 0.15654838 0.00494365 0.01329207
v 0.15456451 0.00477879 0.01335661
v 0.15853226 0.00528097 0.01326713
v 0.15853226 0.00521824 0.01354653
v 0.16051613 0.00569605 0.01331063
v 0.16051613 0.00555490 0.01353451
v 0.15258065 0.00530426 0.01367619
v 0.15456451 0.00503585 0.01366036
v 0.15654838 0.00501982 0.01360125
v 0.15456451 0.00543624 0.01390142
v 0.15654838 0.00524088 0.01388016
v 0.15654838 0.00558520 0.01410151
v 0.15853226 0.00528097 0.01382592
v 0.16051613 0.00550627 0.01378269
v 0.15853226 0.00546303 0.01407797
v 0.16051613 0.00555490 0.01403086
v 0.15853226 0.00574660 0.01427800
v 0.16051613 0.00569605 0.01425475
v 0.13670968 0.00650000 0.01065357
v 0.13670968 0.00737572 0.01058208
v 0.13670968 0.00816572 0.01037461
v 0.13869354 0.00650000 0.01120082
v 0.14464515 0.00856927 0.01052761
v 0.13869354 0.00735750 0.01113041
v 0.13869354 0.00813105 0.01092606
v 0.14067742 0.00869245 0.01114883
v 0.14067742 0.00650000 0.01173196
v 0.14266129 0.00650000 0.01223158
v 0.14067742 0.00733744 0.01166272
v 0.14067742 0.00809291 0.01146179
v 0.14266129 0.00863420 0.01165944
v 0.14266129 0.00731519 0.01216364
v 0.14266129 0.00805059 0.01196650
v 0.14464515 0.00856927 0.01212438
v 0.14464515 0.00800341 0.01242487
v 0.14067742 0.00921001 0.01031735
v 0.13869354 0.00874495 0.01060778
v 0.14067742 0.00907737 0.01075449
v 0.14266129 0.00900890 0.01041471
v 0.14266129 0.00913802 0.01084362
v 0.14464515 0.00893257 0.01090626
v 0.14266129 0.00900890 0.01127252
v 0.14464515 0.00905776 0.01132599
v 0.14464515 0.00893257 0.01174573
v 0.14662904 0.00650000 0.01042438
v 0.14861290 0.00650000 0.01081518
v 0.14861290 0.00723108 0.01087819
v 0.15059677 0.00581329 0.01124941
v 0.15059677 0.00650000 0.01118893
v 0.15059677 0.00718671 0.01124941
v 0.14662904 0.00726268 0.01048924
v 0.14662904 0.00795070 0.01067746
v 0.14861290 0.00789059 0.01106106
v 0.14662904 0.00849672 0.01097063
v 0.14861290 0.00841398 0.01134588
v 0.15258065 0.00587136 0.01161889
v 0.15258065 0.00650000 0.01156168
v 0.15258065 0.00712864 0.01161889
v 0.15059677 0.00780620 0.01142492
v 0.15258065 0.00769574 0.01178491
v 0.15059677 0.00829783 0.01169830
v 0.15059677 0.00861348 0.01204276
v 0.15258065 0.00814580 0.01204351
v 0.15258065 0.00843475 0.01236935
v 0.15456451 0.00594075 0.01198361
v 0.15456451 0.00650000 0.01193027
v 0.15654838 0.00601906 0.01234053
v 0.15654838 0.00650000 0.01229156
v 0.15456451 0.00705925 0.01198361
v 0.15654838 0.00698094 0.01234053
v 0.15456451 0.00756376 0.01213837
v 0.15456451 0.00796415 0.01237943
v 0.14662904 0.00884729 0.01134004
v 0.14662904 0.00896809 0.01174953
v 0.14861290 0.00875002 0.01170478
v 0.14662904 0.00884729 0.01215903
v 0.14861290 0.00886581 0.01210263
v 0.15059677 0.00872224 0.01242461
v 0.14464515 0.00650000 0.01268428
v 0.14464515 0.00729039 0.01261780
v 0.14662904 0.00650000 0.01307468
v 0.14861290 0.00650000 0.01339008
v 0.14861290 0.00723108 0.01332707
v 0.14662904 0.00726268 0.01300983
v 0.14662904 0.00795070 0.01282160
v 0.14662904 0.00849672 0.01252844
v 0.14861290 0.00841398 0.01285937
v 0.15258065 0.00853432 0.01273055
v 0.15059677 0.00861348 0.01280645
v 0.14861290 0.00789059 0.01314420
v 0.15059677 0.00780620 0.01342430
v 0.15059677 0.00829783 0.01315092
v 0.15258065 0.00843475 0.01309175
v 0.15258065 0.00814580 0.01341760
v 0.15853226 0.00610391 0.01268663
v 0.15853226 0.00650000 0.01264238
v 0.16051613 0.00619292 0.01301888
v 0.16051613 0.00650000 0.01297958
v 0.15853226 0.00689609 0.01268663
v 0.16051613 0.00680708 0.01301888
v 0.16051613 0.00591590 0.01313296
v 0.16249999 0.00650000 0.01330000
v 0.16249999 0.00608855 0.01343369
v 0.16249999 0.00628369 0.01333426
v 0.16051613 0.00708410 0.01313296
v 0.16249999 0.00671631 0.01333426
v 0.16249999 0.00691145 0.01343369
v 0.15654838 0.00741480 0.01248264
v 0.15654838 0.00775912 0.01270399
v 0.15456451 0.00822121 0.01268318
v 0.15456451 0.00830978 0.01301989
v 0.15654838 0.00798018 0.01298290
v 0.15853226 0.00725340 0.01281506
v 0.15853226 0.00753697 0.01301508
v 0.15654838 0.00805635 0.01329207
v 0.15456451 0.00822121 0.01335661
v 0.15853226 0.00771903 0.01326713
v 0.15853226 0.00778176 0.01354653
v 0.16051613 0.00730395 0.01331063
v 0.16051613 0.00744510 0.01353451
v 0.15059677 0.00581329 0.01359981
v 0.15059677 0.00650000 0.01366029
v 0.15258065 0.00587136 0.01384221
v 0.15258065 0.00650000 0.01389942
v 0.15059677 0.00718671 0.01359981
v 0.15258065 0.00712864 0.01384221
v 0.15258065 0.00769574 0.01367619
v 0.15456451 0.00594075 0.01405618
v 0.15456451 0.00650000 0.01410951
v 0.15456451 0.00705925 0.01405618
v 0.16249999 0.00593369 0.01358855
v 0.16249999 0.00583426 0.01378369
v 0.16249999 0.00580000 0.01400000
v 0.16249999 0.00650000 0.01400000
v 0.16249999 0.00706631 0.01358855
v 0.16249999 0.00716574 0.01378369
v 0.16249999 0.00720000 0.01400000
v 0.15654838 0.00601906 0.01424362
v 0.15654838 0.00650000 0.01429259
v 0.15654838 0.00698094 0.01424362
v 0.15853226 0.00610391 0.01440642
v 0.16249999 0.00583426 0.01421631
v 0.16249999 0.00593369 0.01441145
v 0.15853226 0.00650000 0.01445067
v 0.16051613 0.00591590 0.01443242
v 0.16249999 0.00608855 0.01456631
v 0.16051613 0.00619292 0.01454649
v 0.16051613 0.00650000 0.01458580
v 0.16249999 0.00628369 0.01466574
v 0.16249999 0.00650000 0.01470000
v 0.15853226 0.00689609 0.01440642
v 0.16249999 0.00716574 0.01421631
v 0.16249999 0.00706631 0.01441145
v 0.16051613 0.00680708 0.01454649
v 0.16249999 0.00671631 0.01466574
v 0.16051613 0.00708410 0.01443242
v 0.16249999 0.00691145 0.01456631
v 0.15456451 0.00796415 0.01366036
v 0.15456451 0.00756376 0.01390142
v 0.15654838 0.00741480 0.01410151
v 0.15654838 0.00775912 0.01388016
v 0.15654838 0.00798018 0.01360125
v 0.15853226 0.00771903 0.01382592
v 0.16051613 0.00749373 0.01378269
v 0.15853226 0.00753697 0.01407797
v 0.16051613 0.00744510 0.01403086
v 0.15853226 0.00725340 0.01427800
v 0.16051613 0.00730395 0.01425475
v 0.14861290 0.00875002 0.01250047
v 0.10900000 0.01222255 0.00649665
v 0.10570588 0.01222255 0.00678571
v 0.10735294 0.01222255 0.00664252
v 0.09747059 0.01222255 0.00739661
v 0.09911764 0.01222255 0.00729461
v 0.10076471 0.01222255 0.00718066
v 0.10241176 0.01222255 0.00705663
v 0.10405882 0.01222255 0.00692437
v 0.10241176 0.01555635 0.00682084
v 0.10405882 0.01555635 0.00669139
v 0.10447150 0.01736860 0.00646936
v 0.10490323 0.01730663 0.00644076
v 0.10462870 0.01734570 0.00645878
v 0.10490323 0.01737408 0.00647369
v 0.10900000 0.01555635 0.00627279
v 0.10570588 0.01555635 0.00655569
v 0.10735294 0.01555635 0.00641556
v 0.10900000 0.01659954 0.00614846
v 0.10880645 0.01663793 0.00618129
v 0.10874312 0.01664379 0.00618605
v 0.10880645 0.01664495 0.00618805
v 0.10885839 0.01663277 0.00617743
v 0.10900000 0.01661865 0.00616689
v 0.10685484 0.01698836 0.00631206
v 0.10735294 0.01689945 0.00627979
v 0.10829656 0.01672486 0.00621565
v 0.11075807 0.01618705 0.00578878
v 0.11270968 0.01623146 0.00588637
v 0.11075807 0.01668184 0.00626595
v 0.10570588 0.01717913 0.00638945
v 0.10519217 0.01726080 0.00642229
v 0.10645106 0.01705450 0.00633882
v 0.10685484 0.01739955 0.00651320
v 0.11270968 0.01671962 0.00635834
v 0.09747059 0.01555635 0.00715356
v 0.10076471 0.01555635 0.00694222
v 0.09911764 0.01555635 0.00705373
v 0.11466129 0.01627689 0.00599671
v 0.11661290 0.01632334 0.00611799
v 0.12051613 0.01626063 0.00588686
v 0.11856452 0.01637077 0.00624837
v 0.11466129 0.01675826 0.00646340
v 0.11661290 0.01679777 0.00657931
v 0.12051613 0.01641918 0.00638602
v 0.11856452 0.01683812 0.00670423
v 0.12051613 0.01687930 0.00683633
v 0.12246774 0.01631238 0.00603910
v 0.12441935 0.01651548 0.00577669
v 0.12441935 0.01636189 0.00626370
v 0.12637097 0.01656006 0.00609582
v 0.12832259 0.01703591 0.00606053
v 0.12246774 0.01646840 0.00653204
v 0.12441935 0.01651548 0.00675071
v 0.12637097 0.01640877 0.00657724
v 0.12832259 0.01660328 0.00648996
v 0.12246774 0.01692117 0.00697672
v 0.12441935 0.01696121 0.00719004
v 0.12637097 0.01656006 0.00705866
v 0.12832259 0.01645421 0.00696599
v 0.12832259 0.01660328 0.00744203
v 0.12637097 0.01699914 0.00749295
v 0.12832259 0.01703591 0.00787146
v 0.09747059 0.01829233 0.00685741
v 0.10076471 0.01829233 0.00665168
v 0.09911764 0.01829233 0.00676023
v 0.10295162 0.01773553 0.00654999
v 0.10241176 0.01784839 0.00658014
v 0.10271797 0.01778369 0.00656287
v 0.10405882 0.01747325 0.00649250
v 0.10100000 0.01811902 0.00665300
v 0.10173193 0.01797884 0.00661521
v 0.10100000 0.01829233 0.00663480
v 0.10100000 0.01835664 0.00671190
v 0.10295162 0.01836931 0.00670735
v 0.10490323 0.01838234 0.00672449
v 0.10100000 0.01950000 0.00680000
v 0.10295162 0.01950000 0.00679462
v 0.10490323 0.01950000 0.00681090
v 0.10100000 0.02003491 0.00635068
v 0.10880645 0.01742569 0.00657079
v 0.10685484 0.01839573 0.00676149
v 0.10880645 0.01840947 0.00681652
v 0.11075807 0.01745249 0.00664463
v 0.11270968 0.01747993 0.00673290
v 0.11075807 0.01842356 0.00688776
v 0.10685484 0.01950000 0.00684704
v 0.11270968 0.01843799 0.00697338
v 0.10880645 0.01950000 0.00690119
v 0.11075807 0.01950000 0.00697154
v 0.11270968 0.01950000 0.00705625
v 0.10076471 0.02032535 0.00632021
v 0.10076471 0.02157728 0.00596054
v 0.09747059 0.02157728 0.00615291
v 0.09911764 0.02157728 0.00606204
v 0.10100000 0.02032535 0.00630385
v 0.10100000 0.02139843 0.00599556
v 0.10100000 0.02157728 0.00594475
v 0.09747059 0.02032535 0.00651953
v 0.09911764 0.02032535 0.00642538
v 0.10100000 0.02064336 0.00671190
v 0.10295162 0.02063069 0.00670735
v 0.10490323 0.02061766 0.00672449
v 0.10100000 0.02167481 0.00645623
v 0.10295162 0.02165071 0.00645409
v 0.10490323 0.02162592 0.00647369
v 0.10295162 0.02246020 0.00605964
v 0.10490323 0.02242608 0.00608307
v 0.10100000 0.02249336 0.00605801
v 0.10685484 0.02060427 0.00676149
v 0.10880645 0.02059053 0.00681652
v 0.10685484 0.02160045 0.00651320
v 0.10880645 0.02157431 0.00657079
v 0.11075807 0.02057644 0.00688776
v 0.11075807 0.02154751 0.00664463
v 0.11270968 0.02152007 0.00673290
v 0.10685484 0.02239102 0.00612648
v 0.10880645 0.02235504 0.00618805
v 0.11075807 0.02231816 0.00626595
v 0.11075807 0.02281295 0.00578878
v 0.11270968 0.02276854 0.00588637
v 0.11270968 0.02228039 0.00635834
v 0.11270968 0.02056201 0.00697338
v 0.11466129 0.01750801 0.00683377
v 0.11661290 0.01753671 0.00694541
v 0.11466129 0.01845275 0.00707156
v 0.11661290 0.01846784 0.00718046
v 0.11856452 0.01756603 0.00706600
v 0.12051613 0.01759595 0.00719370
v 0.11856452 0.01848325 0.00729826
v 0.12051613 0.01849898 0.00742314
v 0.11466129 0.01950000 0.00715350
v 0.11661290 0.01950000 0.00726146
v 0.11856452 0.01950000 0.00737830
v 0.12051613 0.01950000 0.00750220
v 0.12246774 0.01762637 0.00732963
v 0.12441935 0.01765546 0.00753870
v 0.12246774 0.01851497 0.00755621
v 0.12441935 0.01853027 0.00776255
v 0.12637097 0.01768302 0.00783760
v 0.12246774 0.01950000 0.00763428
v 0.12441935 0.01950000 0.00783968
v 0.11466129 0.02149199 0.00683377
v 0.11466129 0.02272310 0.00599671
v 0.11661290 0.02267666 0.00611799
v 0.12051613 0.02273937 0.00588686
v 0.11856452 0.02262923 0.00624837
v 0.11466129 0.02224174 0.00646340
v 0.11661290 0.02220223 0.00657931
v 0.11856452 0.02216188 0.00670423
v 0.12051613 0.02212070 0.00683633
v 0.12051613 0.02258082 0.00638602
v 0.12246774 0.02268761 0.00603910
v 0.12441935 0.02248452 0.00577669
v 0.12441935 0.02263811 0.00626370
v 0.12637097 0.02243994 0.00609582
v 0.12832259 0.02196409 0.00606053
v 0.12246774 0.02253160 0.00653204
v 0.12441935 0.02248452 0.00675071
v 0.12832259 0.02239672 0.00648996
v 0.12637097 0.02259123 0.00657724
v 0.11466129 0.02054725 0.00707156
v 0.11661290 0.02053216 0.00718046
v 0.11661290 0.02146328 0.00694541
v 0.11856452 0.02051675 0.00729826
v 0.12051613 0.02050102 0.00742314
v 0.11856452 0.02143397 0.00706600
v 0.12051613 0.02140405 0.00719370
v 0.12246774 0.02137363 0.00732963
v 0.12246774 0.02048503 0.00755621
v 0.12441935 0.02046973 0.00776255
v 0.12441935 0.02134454 0.00753870
v 0.12637097 0.02131698 0.00783760
v 0.12246774 0.02207883 0.00697672
v 0.12441935 0.02203879 0.00719004
v 0.12637097 0.02243994 0.00705866
v 0.12832259 0.02239672 0.00744203
v 0.12832259 0.02254579 0.00696599
v 0.12637097 0.02200086 0.00749295
v 0.12832259 0.02196409 0.00787146
v 0.12832259 0.01770973 0.00821226
v 0.12637097 0.01854476 0.00805889
v 0.12832259 0.01855880 0.00843107
v 0.12637097 0.01950000 0.00813514
v 0.12832259 0.01950000 0.00850647
v 0.12637097 0.02045524 0.00805889
v 0.12832259 0.02044120 0.00843107
v 0.12832259 0.02129027 0.00821226
v 0.13027419 0.01707248 0.00652089
v 0.13027419 0.01664628 0.00694553
v 0.13027419 0.01649942 0.00741624
v 0.13222581 0.01710981 0.00702917
v 0.13027419 0.01664628 0.00788695
v 0.13222581 0.01654557 0.00791425
v 0.13222581 0.01669016 0.00744893
v 0.13417742 0.01714887 0.00757189
v 0.13417742 0.01673609 0.00798660
v 0.13027419 0.01707248 0.00831159
v 0.13222581 0.01669016 0.00837957
v 0.13417742 0.01659385 0.00844631
v 0.13612904 0.01719063 0.00813562
v 0.13612904 0.01678517 0.00854495
v 0.13222581 0.01710981 0.00879934
v 0.13612904 0.01664546 0.00899869
v 0.13417742 0.01673609 0.00890602
v 0.13808064 0.01723603 0.00870689
v 0.13808064 0.01683854 0.00911039
v 0.13417742 0.01714887 0.00932073
v 0.13612904 0.01678517 0.00945244
v 0.13612904 0.01719063 0.00986177
v 0.14003226 0.01728605 0.00927224
v 0.13808064 0.01670158 0.00955768
v 0.14003226 0.01689734 0.00966934
v 0.14198387 0.01734164 0.00981821
v 0.13808064 0.01683854 0.01000496
v 0.14003226 0.01676340 0.01010954
v 0.14198387 0.01696270 0.01020822
v 0.13027419 0.01773630 0.00618390
v 0.13027419 0.01857277 0.00596753
v 0.13222581 0.01776343 0.00669603
v 0.13222581 0.01858703 0.00648215
v 0.13027419 0.01950000 0.00589298
v 0.13222581 0.01950000 0.00640845
v 0.13417742 0.01779181 0.00724278
v 0.13417742 0.01860195 0.00703147
v 0.13612904 0.01782214 0.00781078
v 0.13612904 0.01861790 0.00760221
v 0.13417742 0.01950000 0.00695866
v 0.13612904 0.01950000 0.00753035
v 0.13027419 0.02042723 0.00596753
v 0.13027419 0.02126370 0.00618390
v 0.13222581 0.02041297 0.00648215
v 0.13222581 0.02123657 0.00669603
v 0.13027419 0.02192752 0.00652089
v 0.13417742 0.02039805 0.00703147
v 0.13417742 0.02120819 0.00724278
v 0.13612904 0.02038210 0.00760221
v 0.13612904 0.02117786 0.00781078
v 0.13027419 0.02235373 0.00694553
v 0.13222581 0.02189019 0.00702917
v 0.13027419 0.02250058 0.00741624
v 0.13222581 0.02230983 0.00744893
v 0.13027419 0.02235373 0.00788695
v 0.13222581 0.02245444 0.00791425
v 0.13417742 0.02185113 0.00757189
v 0.13417742 0.02226391 0.00798660
v 0.13027419 0.01773630 0.00864858
v 0.13027419 0.01857277 0.00886494
v 0.13027419 0.01950000 0.00893950
v 0.13808064 0.01785513 0.00838667
v 0.13808064 0.01863524 0.00818107
v 0.14003226 0.01789147 0.00895709
v 0.14003226 0.01865434 0.00875476
v 0.13808064 0.01950000 0.00811023
v 0.14003226 0.01950000 0.00868504
v 0.13222581 0.01776343 0.00913247
v 0.13222581 0.01858703 0.00934635
v 0.13417742 0.01779181 0.00964984
v 0.13612904 0.01782214 0.01018661
v 0.13417742 0.01860195 0.00986115
v 0.13222581 0.01950000 0.00942005
v 0.13417742 0.01950000 0.00993396
v 0.14198387 0.01793186 0.00950870
v 0.14198387 0.01867558 0.00930998
v 0.14393549 0.01797700 0.01002813
v 0.14393549 0.01869931 0.00983344
v 0.14198387 0.01950000 0.00924150
v 0.14393549 0.01950000 0.00976636
v 0.13027419 0.02042723 0.00886494
v 0.13027419 0.02126370 0.00864858
v 0.13027419 0.02192752 0.00831159
v 0.13222581 0.02230983 0.00837957
v 0.13612904 0.02180937 0.00813562
v 0.13417742 0.02240615 0.00844631
v 0.13612904 0.02221483 0.00854495
v 0.13222581 0.02189019 0.00879934
v 0.13417742 0.02226391 0.00890602
v 0.13612904 0.02235454 0.00899869
v 0.13808064 0.02036476 0.00818107
v 0.13808064 0.02114487 0.00838667
v 0.14003226 0.02034565 0.00875476
v 0.14003226 0.02110853 0.00895709
v 0.13808064 0.02176397 0.00870689
v 0.13808064 0.02216146 0.00911039
v 0.13222581 0.02041297 0.00934635
v 0.13222581 0.02123657 0.00913247
v 0.13417742 0.02120819 0.00964984
v 0.13417742 0.02039805 0.00986115
v 0.13612904 0.02117786 0.01018661
v 0.13417742 0.02185113 0.00932073
v 0.13612904 0.02221483 0.00945244
v 0.13612904 0.02180937 0.00986177
v 0.14198387 0.02032442 0.00930998
v 0.14003226 0.02171395 0.00927224
v 0.14198387 0.02106814 0.00950870
v 0.14198387 0.02165836 0.00981821
v 0.14393549 0.02030069 0.00983344
v 0.14393549 0.02102300 0.01002813
v 0.13808064 0.02229842 0.00955768
v 0.14003226 0.02210266 0.00966934
v 0.13808064 0.02216146 0.01000496
v 0.14198387 0.02203730 0.01020822
v 0.14003226 0.02223659 0.01010954
v 0.13808064 0.01723603 0.01040846
v 0.14003226 0.01689734 0.01054973
v 0.14198387 0.01683212 0.01064055
v 0.14393549 0.01703574 0.01071345
v 0.14198387 0.01696270 0.01107288
v 0.14003226 0.01728605 0.01094683
v 0.14393549 0.01690892 0.01113699
v 0.14588709 0.01711759 0.01117143
v 0.14198387 0.01734164 0.01146289
v 0.14393549 0.01703574 0.01156054
v 0.14588709 0.01699499 0.01158515
v 0.14588709 0.01711759 0.01199886
v 0.14783871 0.01720940 0.01156860
v 0.14783871 0.01709152 0.01197129
v 0.14979032 0.01733188 0.01192087
v 0.14783871 0.01720940 0.01237398
v 0.14979032 0.01722031 0.01230909
v 0.14979032 0.01733188 0.01269731
v 0.13612904 0.01861790 0.01039518
v 0.13612904 0.01950000 0.01046704
v 0.13808064 0.01785513 0.01072869
v 0.14393549 0.01740377 0.01033136
v 0.14588709 0.01802759 0.01050202
v 0.14588709 0.01872591 0.01031186
v 0.14003226 0.01789147 0.01126198
v 0.13808064 0.01863524 0.01093428
v 0.14588709 0.01747340 0.01079821
v 0.14588709 0.01950000 0.01024633
v 0.14588709 0.02027409 0.01031186
v 0.13808064 0.01950000 0.01100513
v 0.14198387 0.01793186 0.01177240
v 0.14003226 0.01865434 0.01146431
v 0.14198387 0.01867558 0.01197112
v 0.14393549 0.01740377 0.01194263
v 0.14393549 0.01797700 0.01224586
v 0.14588709 0.01747340 0.01237208
v 0.14393549 0.01869931 0.01244054
v 0.14003226 0.01950000 0.01153403
v 0.14198387 0.01950000 0.01203959
v 0.13612904 0.02038210 0.01039518
v 0.13808064 0.02114487 0.01072869
v 0.14588709 0.02097241 0.01050202
v 0.14393549 0.02159623 0.01033136
v 0.13808064 0.02036476 0.01093428
v 0.14003226 0.02171395 0.01094683
v 0.14003226 0.02110853 0.01126198
v 0.14588709 0.02152660 0.01079821
v 0.13808064 0.02176397 0.01040846
v 0.14003226 0.02210266 0.01054973
v 0.14198387 0.02216788 0.01064055
v 0.14393549 0.02196426 0.01071345
v 0.14198387 0.02203730 0.01107288
v 0.14393549 0.02209108 0.01113699
v 0.14588709 0.02188241 0.01117143
v 0.14003226 0.02034565 0.01146431
v 0.14198387 0.02165836 0.01146289
v 0.14198387 0.02106814 0.01177240
v 0.14198387 0.02032442 0.01197112
v 0.14393549 0.02030069 0.01244054
v 0.14393549 0.02102300 0.01224586
v 0.14393549 0.02159623 0.01194263
v 0.14588709 0.02152660 0.01237208
v 0.14393549 0.02196426 0.01156054
v 0.14588709 0.02200501 0.01158515
v 0.14588709 0.02188241 0.01199886
v 0.14783871 0.01875574 0.01073193
v 0.14783871 0.01808433 0.01091703
v 0.14783871 0.01755150 0.01120532
v 0.14979032 0.01816003 0.01129272
v 0.14979032 0.01879553 0.01111428
v 0.14783871 0.01950000 0.01066815
v 0.14783871 0.02024426 0.01073193
v 0.14979032 0.01950000 0.01105279
v 0.14979032 0.02020446 0.01111428
v 0.14979032 0.01765569 0.01157066
v 0.15174194 0.01826796 0.01166735
v 0.15174194 0.01780425 0.01193080
v 0.15174194 0.01750653 0.01226277
v 0.15369354 0.01798929 0.01228403
v 0.15369354 0.01840241 0.01203846
v 0.15174194 0.01885228 0.01149821
v 0.15174194 0.01950000 0.01143992
v 0.15369354 0.01892296 0.01188080
v 0.15369354 0.01950000 0.01182647
v 0.15174194 0.02014772 0.01149821
v 0.15369354 0.02007704 0.01188080
v 0.15564516 0.01855752 0.01240336
v 0.15564516 0.01900451 0.01225888
v 0.15564516 0.01950000 0.01220910
v 0.15564516 0.01999549 0.01225888
v 0.14783871 0.02091567 0.01091703
v 0.14979032 0.02083997 0.01129272
v 0.14783871 0.02144850 0.01120532
v 0.14979032 0.02134431 0.01157066
v 0.15174194 0.02073203 0.01166735
v 0.14979032 0.02166812 0.01192087
v 0.15369354 0.02059759 0.01203846
v 0.15369354 0.02101071 0.01228403
v 0.15174194 0.02119575 0.01193080
v 0.15174194 0.02149347 0.01226277
v 0.14783871 0.02179060 0.01156860
v 0.14783871 0.02190848 0.01197129
v 0.14783871 0.02179060 0.01237398
v 0.14979032 0.02177969 0.01230909
v 0.15564516 0.02044248 0.01240336
v 0.14588709 0.01802759 0.01266827
v 0.14588709 0.01872591 0.01285844
v 0.14393549 0.01950000 0.01250763
v 0.14588709 0.01950000 0.01292396
v 0.14588709 0.02027409 0.01285844
v 0.14588709 0.02097241 0.01266827
v 0.14783871 0.01755150 0.01273725
v 0.14783871 0.01808433 0.01302555
v 0.15174194 0.01740394 0.01263075
v 0.15369354 0.01772406 0.01259346
v 0.15174194 0.01750653 0.01299874
v 0.15369354 0.01763267 0.01293647
v 0.14979032 0.01765569 0.01304753
v 0.14783871 0.01875574 0.01321064
v 0.14979032 0.01816003 0.01332546
v 0.14979032 0.01879553 0.01350391
v 0.15369354 0.01772406 0.01327948
v 0.15174194 0.01780425 0.01333070
v 0.14783871 0.01950000 0.01327442
v 0.14979032 0.01950000 0.01356540
v 0.14783871 0.02024426 0.01321064
v 0.14979032 0.02020446 0.01350391
v 0.15564516 0.01797504 0.01291194
v 0.15564516 0.01820279 0.01262838
v 0.15759677 0.01843671 0.01296190
v 0.15759677 0.01872747 0.01275933
v 0.15564516 0.01789656 0.01322625
v 0.15564516 0.01797504 0.01354057
v 0.15759677 0.01825003 0.01321715
v 0.15759677 0.01818570 0.01350010
v 0.15954839 0.01868302 0.01328261
v 0.15954839 0.01853958 0.01350808
v 0.15759677 0.01909386 0.01262927
v 0.15759677 0.01950000 0.01258446
v 0.15759677 0.01990614 0.01262927
v 0.15759677 0.02027253 0.01275933
v 0.15954839 0.01918794 0.01298879
v 0.15954839 0.01950000 0.01294920
v 0.15954839 0.01981206 0.01298879
v 0.15954839 0.01890643 0.01310367
v 0.16150001 0.01950000 0.01330000
v 0.16150001 0.01908855 0.01343369
v 0.16150001 0.01928369 0.01333426
v 0.15954839 0.02009357 0.01310367
v 0.16150001 0.01971631 0.01333426
v 0.16150001 0.01991145 0.01343369
v 0.15369354 0.01798929 0.01358891
v 0.15174194 0.01826796 0.01359415
v 0.15369354 0.01840241 0.01383448
v 0.15174194 0.01885228 0.01376330
v 0.15174194 0.01950000 0.01382158
v 0.15369354 0.01892296 0.01399214
v 0.15369354 0.01950000 0.01404647
v 0.15174194 0.02014772 0.01376330
v 0.15369354 0.02007704 0.01399214
v 0.15564516 0.01820279 0.01382412
v 0.15759677 0.01825003 0.01378305
v 0.15564516 0.01855752 0.01404915
v 0.15759677 0.01843671 0.01403830
v 0.15954839 0.01849016 0.01375802
v 0.16150001 0.01883426 0.01378369
v 0.15954839 0.01853958 0.01400795
v 0.16150001 0.01880000 0.01400000
v 0.15759677 0.01872747 0.01424087
v 0.15954839 0.01868302 0.01423342
v 0.16150001 0.01883426 0.01421631
v 0.16150001 0.01893369 0.01358855
v 0.16150001 0.01950000 0.01400000
v 0.16150001 0.02006631 0.01358855
v 0.16150001 0.02016574 0.01378369
v 0.16150001 0.02020000 0.01400000
v 0.15564516 0.01900451 0.01419363
v 0.15564516 0.01950000 0.01424341
v 0.15759677 0.01909386 0.01437093
v 0.15759677 0.01950000 0.01441575
v 0.15564516 0.01999549 0.01419363
v 0.15759677 0.01990614 0.01437093
v 0.15759677 0.02027253 0.01424087
v 0.15954839 0.01890643 0.01441236
v 0.16150001 0.01893369 0.01441145
v 0.15954839 0.01918794 0.01452724
v 0.15954839 0.01950000 0.01456683
v 0.16150001 0.01908855 0.01456631
v 0.16150001 0.01928369 0.01466574
v 0.16150001 0.01950000 0.01470000
v 0.15954839 0.02009357 0.01441236
v 0.16150001 0.02016574 0.01421631
v 0.16150001 0.02006631 0.01441145
v 0.15954839 0.01981206 0.01452724
v 0.16150001 0.01971631 0.01466574
v 0.16150001 0.01991145 0.01456631
v 0.14783871 0.02091567 0.01302555
v 0.14783871 0.02144850 0.01273725
v 0.14979032 0.02166812 0.01269731
v 0.15174194 0.02159606 0.01263075
v 0.15369354 0.02127594 0.01259346
v 0.15174194 0.02149347 0.01299874
v 0.15369354 0.02136733 0.01293647
v 0.14979032 0.02083997 0.01332546
v 0.14979032 0.02134431 0.01304753
v 0.15369354 0.02127594 0.01327948
v 0.15174194 0.02119575 0.01333070
v 0.15564516 0.02079721 0.01262838
v 0.15564516 0.02102496 0.01291194
v 0.15759677 0.02056329 0.01296190
v 0.15759677 0.02074997 0.01321715
v 0.15564516 0.02102496 0.01354057
v 0.15759677 0.02081430 0.01350010
v 0.15564516 0.02110344 0.01322625
v 0.15954839 0.02031698 0.01328261
v 0.15954839 0.02046042 0.01350808
v 0.15174194 0.02073203 0.01359415
v 0.15369354 0.02059759 0.01383448
v 0.15369354 0.02101071 0.01358891
v 0.15564516 0.02079721 0.01382412
v 0.15759677 0.02074997 0.01378305
v 0.15564516 0.02044248 0.01404915
v 0.15759677 0.02056329 0.01403830
v 0.15954839 0.02050984 0.01375802
v 0.15954839 0.02046042 0.01400795
v 0.15954839 0.02031698 0.01423342
f 14 2 97
f 4 8 3
f 7 3 51
f 4 7 5
f 5 91 1
f 4 1 2
f 4 5 1
f 5 6 105
f 5 7 6
f 4 3 7
f 7 54 6
f 14 10 8
f 11 15 16
f 56 10 11
f 9 10 56
f 9 3 8
f 9 8 10
f 11 10 15
f 12 13 57
f 11 16 12
f 12 16 13
f 4 2 8
f 14 8 2
f 14 15 10
f 14 99 15
f 15 108 16
f 109 13 16
f 15 99 108
f 108 109 16
f 57 13 17
f 89 17 18
f 63 18 19
f 64 19 20
f 65 20 25
f 109 21 13
f 21 22 17
f 22 23 18
f 23 24 19
f 24 30 20
f 21 17 13
f 22 18 17
f 23 19 18
f 19 24 20
f 70 25 26
f 71 26 27
f 72 27 28
f 73 28 29
f 30 31 25
f 31 32 26
f 32 33 27
f 33 34 28
f 30 25 20
f 31 26 25
f 32 27 26
f 33 28 27
f 34 29 28
f 37 36 56
f 37 56 35
f 40 12 57
f 40 35 12
f 38 40 57
f 37 35 39
f 37 42 36
f 40 44 39
f 38 44 40
f 40 39 35
f 45 41 49
f 43 39 48
f 37 43 42
f 37 39 43
f 43 46 42
f 44 48 39
f 38 45 44
f 44 45 49
f 43 48 47
f 47 48 317
f 43 47 46
f 44 49 48
f 49 317 48
f 9 50 3
f 50 51 3
f 36 52 50
f 50 52 53
f 50 53 51
f 51 53 55
f 7 51 54
f 51 55 54
f 54 55 154
f 9 56 36
f 56 11 35
f 9 36 50
f 11 12 35
f 36 42 52
f 42 59 52
f 52 59 58
f 52 58 53
f 46 323 59
f 59 62 58
f 59 323 62
f 55 60 155
f 53 60 55
f 53 58 60
f 58 62 61
f 58 61 60
f 42 46 59
f 38 57 89
f 89 63 66
f 63 64 67
f 64 65 68
f 65 70 69
f 38 66 45
f 38 89 66
f 63 67 66
f 64 68 67
f 65 69 68
f 70 71 75
f 71 72 76
f 72 73 77
f 73 74 78
f 70 75 69
f 71 76 75
f 72 77 76
f 73 78 77
f 74 79 78
f 45 80 41
f 80 81 337
f 80 337 41
f 81 338 337
f 81 82 338
f 82 83 339
f 83 84 340
f 82 339 338
f 339 83 340
f 45 66 80
f 80 66 67
f 80 67 81
f 81 67 68
f 82 68 69
f 83 69 75
f 81 68 82
f 82 69 83
f 84 85 345
f 85 86 346
f 84 345 340
f 85 346 345
f 86 347 346
f 86 87 347
f 87 88 348
f 87 348 347
f 88 349 348
f 84 75 76
f 85 76 77
f 83 75 84
f 84 76 85
f 85 77 86
f 86 77 78
f 87 78 79
f 86 78 87
f 87 79 88
f 57 17 89
f 89 18 63
f 63 19 64
f 64 20 65
f 65 25 70
f 70 26 71
f 71 27 72
f 72 28 73
f 73 29 74
f 91 92 1
f 1 92 98
f 91 96 92
f 91 90 96
f 96 95 93
f 96 94 92
f 92 94 100
f 96 93 94
f 95 110 93
f 95 122 110
f 96 90 95
f 2 98 97
f 2 1 98
f 14 97 99
f 99 97 102
f 98 101 97
f 99 102 103
f 99 103 108
f 108 103 104
f 92 100 98
f 98 100 101
f 100 115 101
f 101 116 102
f 97 101 102
f 102 117 103
f 104 103 118
f 105 107 90
f 5 105 91
f 91 105 90
f 105 6 152
f 105 152 107
f 90 106 95
f 90 107 106
f 95 106 122
f 108 104 109
f 93 110 111
f 93 112 94
f 94 112 114
f 93 111 112
f 110 113 111
f 110 122 123
f 110 123 113
f 113 124 1162
f 111 113 1164
f 111 1165 112
f 111 1164 1165
f 113 1162 1164
f 112 1165 1170
f 113 123 124
f 1162 124 1166
f 100 94 114
f 100 114 115
f 101 115 116
f 102 116 117
f 103 117 118
f 112 1170 114
f 114 1171 115
f 115 119 116
f 114 1170 1171
f 115 1171 119
f 117 116 120
f 116 119 120
f 117 121 118
f 117 120 121
f 107 162 106
f 106 161 122
f 122 158 123
f 123 160 124
f 124 159 1166
f 122 161 158
f 123 158 160
f 159 1218 1166
f 124 160 159
f 104 134 125
f 125 135 126
f 126 136 127
f 127 137 128
f 128 142 129
f 129 143 130
f 130 144 131
f 131 145 132
f 132 146 133
f 109 125 21
f 21 126 22
f 109 104 125
f 21 125 126
f 22 127 23
f 23 128 24
f 22 126 127
f 23 127 128
f 24 128 129
f 24 129 30
f 30 130 31
f 31 131 32
f 30 129 130
f 31 130 131
f 32 132 33
f 33 133 34
f 32 131 132
f 33 132 133
f 104 118 134
f 125 134 135
f 126 135 136
f 127 136 137
f 128 137 142
f 118 138 134
f 134 139 135
f 118 121 138
f 134 138 139
f 135 140 136
f 136 141 137
f 135 139 140
f 136 140 141
f 137 141 147
f 129 142 143
f 130 143 144
f 131 144 145
f 132 145 146
f 137 147 142
f 142 148 143
f 143 149 144
f 142 147 148
f 143 148 149
f 144 150 145
f 145 151 146
f 144 149 150
f 145 150 151
f 54 153 6
f 6 153 152
f 54 154 153
f 55 155 154
f 153 164 152
f 153 154 165
f 154 155 166
f 60 156 155
f 60 61 156
f 61 393 157
f 61 157 156
f 155 156 167
f 107 152 163
f 152 164 163
f 107 163 162
f 153 165 164
f 154 166 165
f 106 162 161
f 160 1224 159
f 159 1224 1218
f 158 1224 160
f 158 161 1224
f 162 1224 161
f 162 163 1224
f 163 164 1224
f 164 165 1224
f 165 166 1224
f 166 167 1224
f 155 167 166
f 156 168 167
f 157 169 168
f 156 157 168
f 157 396 169
f 396 403 170
f 167 168 1224
f 168 169 1224
f 169 170 1224
f 170 171 1224
f 171 172 1224
f 172 1234 1224
f 396 170 169
f 170 403 171
f 171 404 172
f 172 405 1234
f 74 29 173
f 209 173 174
f 210 174 175
f 211 175 176
f 212 176 181
f 34 177 29
f 177 178 173
f 178 179 174
f 179 180 175
f 180 186 176
f 177 173 29
f 178 174 173
f 179 175 174
f 180 176 175
f 217 181 182
f 218 182 183
f 219 183 184
f 220 184 185
f 186 187 181
f 187 188 182
f 188 189 183
f 189 190 184
f 186 181 176
f 187 182 181
f 182 188 183
f 189 184 183
f 190 185 184
f 221 185 191
f 236 191 192
f 237 192 193
f 238 193 194
f 239 194 199
f 190 195 185
f 195 196 191
f 196 197 192
f 197 198 193
f 198 204 194
f 195 191 185
f 196 192 191
f 197 193 192
f 198 194 193
f 244 199 200
f 245 200 201
f 246 201 202
f 247 202 203
f 204 205 199
f 205 206 200
f 206 207 201
f 207 208 202
f 204 199 194
f 205 200 199
f 206 201 200
f 207 202 201
f 208 203 202
f 74 209 79
f 209 210 213
f 210 211 214
f 211 212 215
f 212 217 216
f 209 213 79
f 210 214 213
f 211 215 214
f 212 216 215
f 217 218 222
f 218 219 223
f 219 220 224
f 220 221 225
f 217 222 216
f 218 223 222
f 223 219 224
f 220 225 224
f 221 226 225
f 88 227 349
f 227 228 442
f 349 227 442
f 228 443 442
f 228 229 443
f 229 230 444
f 230 231 445
f 229 444 443
f 230 445 444
f 88 79 213
f 227 213 214
f 88 213 227
f 227 214 228
f 228 214 215
f 229 215 216
f 230 216 222
f 228 215 229
f 229 216 230
f 231 232 450
f 232 233 451
f 231 450 445
f 232 451 450
f 451 233 452
f 233 234 452
f 234 235 453
f 234 453 452
f 235 454 453
f 231 222 223
f 232 223 224
f 230 222 231
f 231 223 232
f 232 224 233
f 233 224 225
f 234 225 226
f 233 225 234
f 234 226 235
f 74 173 209
f 209 174 210
f 210 175 211
f 211 176 212
f 212 181 217
f 217 182 218
f 218 183 219
f 219 184 220
f 220 185 221
f 221 236 226
f 236 237 240
f 237 238 241
f 238 239 242
f 239 244 243
f 236 240 226
f 237 241 240
f 238 242 241
f 239 243 242
f 244 245 249
f 245 246 250
f 246 247 251
f 247 248 252
f 244 249 243
f 245 250 249
f 246 251 250
f 247 252 251
f 248 253 252
f 235 254 454
f 254 255 469
f 254 469 454
f 255 470 469
f 255 256 470
f 256 257 471
f 257 258 472
f 256 471 470
f 471 257 472
f 235 226 240
f 254 240 241
f 235 240 254
f 254 241 255
f 255 241 242
f 256 242 243
f 257 243 249
f 255 242 256
f 256 243 257
f 258 259 477
f 259 260 478
f 258 477 472
f 259 478 477
f 260 479 478
f 260 261 479
f 261 262 480
f 261 480 479
f 262 481 480
f 258 249 250
f 259 250 251
f 257 249 258
f 258 250 259
f 259 251 260
f 260 251 252
f 261 252 253
f 260 252 261
f 261 253 262
f 221 191 236
f 236 192 237
f 237 193 238
f 238 194 239
f 239 199 244
f 244 200 245
f 245 201 246
f 246 202 247
f 247 203 248
f 133 272 263
f 263 273 264
f 264 274 265
f 265 275 266
f 266 280 267
f 267 281 268
f 268 282 269
f 269 283 270
f 270 284 271
f 34 263 177
f 177 264 178
f 34 133 263
f 177 263 264
f 178 265 179
f 179 266 180
f 178 264 265
f 179 265 266
f 180 266 267
f 180 267 186
f 186 268 187
f 187 269 188
f 186 267 268
f 187 268 269
f 188 270 189
f 189 271 190
f 188 269 270
f 189 270 271
f 133 146 272
f 263 272 273
f 264 273 274
f 265 274 275
f 266 275 280
f 146 276 272
f 272 277 273
f 146 151 276
f 272 276 277
f 273 278 274
f 274 279 275
f 273 277 278
f 274 278 279
f 275 279 285
f 267 280 281
f 268 281 282
f 269 282 283
f 270 283 284
f 275 285 280
f 280 286 281
f 281 287 282
f 280 285 286
f 281 286 287
f 282 288 283
f 283 289 284
f 282 287 288
f 283 288 289
f 271 299 290
f 290 300 291
f 291 301 292
f 292 302 293
f 293 307 294
f 294 308 295
f 295 309 296
f 296 310 297
f 297 311 298
f 190 290 195
f 195 291 196
f 190 271 290
f 195 290 291
f 196 292 197
f 197 293 198
f 196 291 292
f 197 292 293
f 198 293 294
f 198 294 204
f 204 295 205
f 205 296 206
f 204 294 295
f 205 295 296
f 206 297 207
f 207 298 208
f 206 296 297
f 207 297 298
f 271 284 299
f 290 299 300
f 291 300 301
f 292 301 302
f 293 302 307
f 284 303 299
f 299 304 300
f 284 289 303
f 299 303 304
f 300 305 301
f 301 306 302
f 300 304 305
f 301 305 306
f 302 306 312
f 294 307 308
f 295 308 309
f 296 309 310
f 297 310 311
f 302 312 307
f 307 313 308
f 308 314 309
f 307 312 313
f 308 313 314
f 309 315 310
f 310 316 311
f 309 314 315
f 310 315 316
f 47 326 46
f 47 317 327
f 47 327 326
f 49 318 317
f 49 41 318
f 41 319 318
f 327 317 320
f 318 320 317
f 318 319 322
f 318 322 320
f 319 321 322
f 322 331 320
f 322 321 332
f 321 333 332
f 326 325 323
f 62 323 324
f 323 325 324
f 62 393 61
f 62 324 393
f 328 329 325
f 325 395 324
f 325 329 395
f 46 326 323
f 327 328 326
f 327 320 330
f 326 328 325
f 327 330 328
f 320 331 330
f 331 335 330
f 322 332 331
f 333 365 332
f 331 332 336
f 332 365 336
f 328 330 334
f 328 334 329
f 330 335 334
f 331 336 335
f 335 402 334
f 335 336 410
f 41 337 319
f 337 338 341
f 338 339 342
f 339 340 343
f 340 345 344
f 337 341 319
f 338 342 341
f 339 343 342
f 343 340 344
f 319 341 321
f 345 346 350
f 346 347 351
f 347 348 352
f 348 349 353
f 345 350 344
f 346 351 350
f 347 352 351
f 348 353 352
f 349 354 353
f 341 355 321
f 341 342 355
f 342 356 355
f 342 343 356
f 343 344 357
f 344 350 358
f 343 357 356
f 357 344 358
f 321 355 333
f 355 356 374
f 355 374 333
f 356 366 374
f 356 357 366
f 357 358 367
f 358 359 368
f 357 367 366
f 358 368 367
f 350 351 359
f 351 352 360
f 350 359 358
f 351 360 359
f 352 361 360
f 352 353 361
f 353 354 362
f 353 362 361
f 354 363 362
f 359 360 369
f 360 361 370
f 359 369 368
f 360 370 369
f 361 371 370
f 361 362 371
f 362 363 372
f 362 372 371
f 363 373 372
f 333 364 365
f 336 411 410
f 365 364 412
f 336 365 411
f 365 412 411
f 364 413 412
f 333 374 364
f 374 366 375
f 374 375 364
f 366 376 375
f 366 367 376
f 367 368 377
f 368 369 378
f 367 377 376
f 377 368 378
f 364 375 413
f 375 376 379
f 375 379 413
f 376 385 379
f 376 377 385
f 377 378 386
f 378 380 387
f 377 386 385
f 386 378 387
f 369 370 380
f 370 371 381
f 369 380 378
f 370 381 380
f 371 382 381
f 371 372 382
f 372 373 383
f 372 383 382
f 373 384 383
f 380 381 388
f 381 382 389
f 380 388 387
f 381 389 388
f 382 390 389
f 382 383 390
f 383 384 391
f 383 391 390
f 384 392 391
f 393 394 396
f 324 394 393
f 324 395 394
f 395 398 394
f 393 396 157
f 396 394 403
f 394 398 403
f 395 329 399
f 334 397 329
f 395 399 398
f 329 397 399
f 399 397 400
f 399 406 398
f 399 400 406
f 397 402 401
f 397 401 400
f 334 402 397
f 335 410 402
f 402 410 414
f 402 414 401
f 398 404 403
f 398 406 404
f 404 406 405
f 171 403 404
f 172 404 405
f 405 1457 1234
f 409 1457 405
f 406 409 405
f 400 409 406
f 400 407 409
f 400 401 407
f 414 408 401
f 401 408 407
f 409 1461 1457
f 409 407 1461
f 407 408 1463
f 407 1463 1461
f 408 1464 1463
f 411 415 410
f 411 412 416
f 412 417 416
f 412 413 417
f 413 418 417
f 410 415 414
f 411 416 415
f 414 415 419
f 415 416 420
f 416 417 421
f 417 418 422
f 408 419 1464
f 414 419 408
f 415 420 419
f 416 421 420
f 417 422 421
f 419 420 1478
f 419 1478 1464
f 420 1479 1478
f 420 421 1479
f 421 1480 1479
f 421 422 1480
f 418 423 422
f 422 423 1484
f 422 1484 1480
f 423 1485 1484
f 413 379 418
f 379 385 424
f 379 424 418
f 385 425 424
f 385 386 425
f 386 387 426
f 387 388 427
f 386 426 425
f 387 427 426
f 418 424 423
f 424 425 433
f 425 426 434
f 426 427 435
f 427 428 436
f 388 389 428
f 389 390 429
f 388 428 427
f 389 429 428
f 390 430 429
f 390 391 430
f 391 392 431
f 391 431 430
f 392 432 431
f 428 429 437
f 429 430 438
f 430 431 439
f 431 432 440
f 424 433 423
f 425 434 433
f 426 435 434
f 435 427 436
f 423 433 1485
f 433 434 1497
f 433 1497 1485
f 434 1498 1497
f 434 435 1498
f 435 436 1499
f 436 437 1500
f 435 1499 1498
f 436 1500 1499
f 428 437 436
f 429 438 437
f 430 439 438
f 431 440 439
f 432 441 440
f 437 438 1505
f 438 439 1506
f 437 1505 1500
f 438 1506 1505
f 439 1507 1506
f 439 440 1507
f 440 441 1508
f 440 1508 1507
f 441 1509 1508
f 349 442 354
f 442 443 446
f 443 444 447
f 444 445 448
f 445 450 449
f 442 446 354
f 443 447 446
f 444 448 447
f 445 449 448
f 450 451 455
f 451 452 456
f 452 453 457
f 453 454 458
f 450 455 449
f 451 456 455
f 456 452 457
f 453 458 457
f 454 459 458
f 354 446 363
f 446 447 460
f 363 446 460
f 447 461 460
f 447 448 461
f 448 449 462
f 449 455 463
f 448 462 461
f 449 463 462
f 363 460 373
f 460 461 496
f 460 496 373
f 461 497 496
f 461 462 497
f 462 463 498
f 463 464 499
f 462 498 497
f 463 499 498
f 455 456 464
f 456 457 465
f 455 464 463
f 456 465 464
f 465 457 466
f 457 458 466
f 458 459 467
f 458 467 466
f 459 468 467
f 464 465 500
f 465 466 501
f 464 500 499
f 465 501 500
f 466 502 501
f 466 467 502
f 467 468 503
f 467 503 502
f 468 504 503
f 454 469 459
f 469 470 473
f 470 471 474
f 471 472 475
f 472 477 476
f 469 473 459
f 470 474 473
f 471 475 474
f 472 476 475
f 477 478 482
f 478 479 483
f 479 480 484
f 480 481 485
f 477 482 476
f 478 483 482
f 479 484 483
f 480 485 484
f 481 486 485
f 459 473 468
f 473 474 487
f 473 487 468
f 474 488 487
f 474 475 488
f 475 476 489
f 476 482 490
f 475 489 488
f 489 476 490
f 468 487 504
f 487 488 523
f 487 523 504
f 488 524 523
f 488 489 524
f 489 490 525
f 490 491 526
f 489 525 524
f 490 526 525
f 482 483 491
f 483 484 492
f 482 491 490
f 483 492 491
f 484 493 492
f 484 485 493
f 485 486 494
f 485 494 493
f 486 495 494
f 491 492 527
f 492 493 528
f 491 527 526
f 492 528 527
f 493 529 528
f 493 494 529
f 494 495 530
f 494 530 529
f 495 531 530
f 373 496 384
f 496 497 505
f 496 505 384
f 497 506 505
f 497 498 506
f 498 499 507
f 499 500 508
f 498 507 506
f 499 508 507
f 384 505 392
f 505 506 514
f 392 505 514
f 506 515 514
f 506 507 515
f 507 508 516
f 508 509 517
f 507 516 515
f 508 517 516
f 500 501 509
f 501 502 510
f 500 509 508
f 501 510 509
f 510 502 511
f 502 503 511
f 503 504 512
f 503 512 511
f 504 513 512
f 509 510 518
f 510 511 519
f 509 518 517
f 510 519 518
f 519 511 520
f 511 512 520
f 512 513 521
f 512 521 520
f 513 522 521
f 504 523 513
f 523 524 532
f 523 532 513
f 524 533 532
f 524 525 533
f 525 526 534
f 526 527 535
f 525 534 533
f 526 535 534
f 513 532 522
f 532 533 541
f 532 541 522
f 533 542 541
f 533 534 542
f 534 535 543
f 535 536 544
f 534 543 542
f 543 535 544
f 527 528 536
f 528 529 537
f 527 536 535
f 528 537 536
f 529 538 537
f 529 530 538
f 530 531 539
f 530 539 538
f 531 540 539
f 536 537 545
f 537 538 546
f 536 545 544
f 537 546 545
f 538 547 546
f 538 539 547
f 539 540 548
f 539 548 547
f 540 549 548
f 392 514 432
f 514 515 550
f 514 550 432
f 515 551 550
f 515 516 551
f 516 517 552
f 517 518 553
f 516 552 551
f 517 553 552
f 432 550 441
f 550 551 559
f 551 552 560
f 552 553 561
f 553 554 562
f 518 519 554
f 519 520 555
f 518 554 553
f 519 555 554
f 555 520 556
f 520 521 556
f 521 522 557
f 521 557 556
f 522 558 557
f 554 555 563
f 555 556 564
f 556 557 565
f 557 558 566
f 550 559 441
f 551 560 559
f 552 561 560
f 553 562 561
f 441 559 1509
f 559 560 1600
f 559 1600 1509
f 560 1601 1600
f 560 561 1601
f 561 562 1602
f 562 563 1603
f 561 1602 1601
f 562 1603 1602
f 554 563 562
f 555 564 563
f 564 556 565
f 557 566 565
f 558 567 566
f 563 564 1608
f 564 565 1609
f 563 1608 1603
f 564 1609 1608
f 565 1610 1609
f 565 566 1610
f 566 567 1611
f 566 1611 1610
f 567 1612 1611
f 522 541 558
f 541 542 568
f 541 568 558
f 542 569 568
f 542 543 569
f 543 544 570
f 544 545 571
f 543 570 569
f 544 571 570
f 558 568 567
f 568 569 577
f 569 570 578
f 570 571 579
f 571 572 580
f 545 546 572
f 546 547 573
f 545 572 571
f 546 573 572
f 547 574 573
f 547 548 574
f 548 549 575
f 548 575 574
f 549 576 575
f 572 573 581
f 573 574 582
f 574 575 583
f 575 576 584
f 568 577 567
f 569 578 577
f 570 579 578
f 571 580 579
f 567 577 1612
f 577 578 1627
f 577 1627 1612
f 578 1628 1627
f 578 579 1628
f 579 580 1629
f 580 581 1630
f 579 1629 1628
f 580 1630 1629
f 572 581 580
f 573 582 581
f 574 583 582
f 575 584 583
f 576 585 584
f 581 582 1635
f 582 583 1636
f 581 1635 1630
f 582 1636 1635
f 583 1637 1636
f 583 584 1637
f 584 585 1638
f 584 1638 1637
f 585 1639 1638
f 248 203 586
f 622 586 587
f 623 587 588
f 624 588 589
f 625 589 594
f 208 590 203
f 590 591 586
f 591 592 587
f 592 593 588
f 593 599 589
f 590 586 203
f 586 591 587
f 592 588 587
f 593 589 588
f 630 594 595
f 631 595 596
f 632 596 597
f 633 597 598
f 599 600 594
f 600 601 595
f 601 602 596
f 602 603 597
f 599 594 589
f 600 595 594
f 601 596 595
f 602 597 596
f 603 598 597
f 634 598 604
f 649 604 605
f 650 605 606
f 651 606 607
f 652 607 612
f 603 608 598
f 608 609 604
f 609 610 605
f 610 611 606
f 611 617 607
f 608 604 598
f 609 605 604
f 610 606 605
f 611 607 606
f 657 612 613
f 658 613 614
f 659 614 615
f 660 615 616
f 617 618 612
f 618 619 613
f 619 620 614
f 620 621 615
f 607 617 612
f 618 613 612
f 619 614 613
f 620 615 614
f 621 616 615
f 248 622 253
f 622 623 626
f 623 624 627
f 624 625 628
f 625 630 629
f 622 626 253
f 623 627 626
f 624 628 627
f 625 629 628
f 630 631 635
f 631 632 636
f 632 633 637
f 633 634 638
f 630 635 629
f 631 636 635
f 632 637 636
f 633 638 637
f 634 639 638
f 262 640 481
f 640 641 874
f 641 642 875
f 640 874 481
f 874 641 875
f 642 643 876
f 643 644 877
f 642 876 875
f 643 877 876
f 262 253 626
f 640 626 627
f 641 627 628
f 262 626 640
f 640 627 641
f 642 628 629
f 643 629 635
f 641 628 642
f 642 629 643
f 644 645 882
f 645 646 883
f 644 882 877
f 645 883 882
f 646 884 883
f 646 647 884
f 647 648 885
f 884 647 885
f 648 886 885
f 644 635 636
f 645 636 637
f 643 635 644
f 644 636 645
f 645 637 646
f 646 637 638
f 647 638 639
f 646 638 647
f 647 639 648
f 248 586 622
f 622 587 623
f 623 588 624
f 624 589 625
f 625 594 630
f 630 595 631
f 631 596 632
f 632 597 633
f 633 598 634
f 634 649 639
f 649 650 653
f 650 651 654
f 651 652 655
f 652 657 656
f 649 653 639
f 650 654 653
f 651 655 654
f 652 656 655
f 657 658 662
f 658 659 663
f 659 660 664
f 660 661 665
f 656 657 662
f 658 663 662
f 659 664 663
f 660 665 664
f 661 666 665
f 648 667 886
f 667 668 901
f 668 669 902
f 667 901 886
f 668 902 901
f 669 670 903
f 670 671 904
f 669 903 902
f 670 904 903
f 648 639 653
f 667 653 654
f 668 654 655
f 648 653 667
f 667 654 668
f 669 655 656
f 670 656 662
f 668 655 669
f 669 656 670
f 671 672 909
f 672 673 910
f 904 671 909
f 672 910 909
f 673 911 910
f 673 674 911
f 674 675 912
f 674 912 911
f 675 913 912
f 671 662 663
f 672 663 664
f 670 662 671
f 671 663 672
f 672 664 673
f 673 664 665
f 674 665 666
f 673 665 674
f 674 666 675
f 634 604 649
f 649 605 650
f 650 606 651
f 651 607 652
f 652 612 657
f 657 613 658
f 658 614 659
f 659 615 660
f 660 616 661
f 298 685 676
f 676 686 677
f 677 687 678
f 678 688 679
f 679 693 680
f 680 694 681
f 681 695 682
f 682 696 683
f 683 697 684
f 208 676 590
f 590 677 591
f 208 298 676
f 590 676 677
f 591 677 678
f 591 678 592
f 592 679 593
f 592 678 679
f 593 679 680
f 593 680 599
f 599 681 600
f 600 682 601
f 599 680 681
f 600 681 682
f 601 683 602
f 602 684 603
f 601 682 683
f 602 683 684
f 298 311 685
f 676 685 686
f 677 686 687
f 678 687 688
f 679 688 693
f 311 689 685
f 685 690 686
f 311 316 689
f 685 689 690
f 686 690 691
f 686 691 687
f 687 692 688
f 687 691 692
f 688 692 698
f 680 693 694
f 681 694 695
f 682 695 696
f 683 696 697
f 688 698 693
f 693 699 694
f 694 700 695
f 693 698 699
f 694 699 700
f 695 701 696
f 696 702 697
f 695 700 701
f 696 701 702
f 684 712 703
f 703 713 704
f 704 714 705
f 705 715 706
f 706 720 707
f 707 721 708
f 708 722 709
f 709 723 710
f 710 724 711
f 603 703 608
f 608 704 609
f 603 684 703
f 608 703 704
f 609 704 705
f 609 705 610
f 610 706 611
f 610 705 706
f 611 706 707
f 611 707 617
f 617 708 618
f 618 709 619
f 617 707 708
f 618 708 709
f 619 710 620
f 620 711 621
f 619 709 710
f 620 710 711
f 684 697 712
f 703 712 713
f 704 713 714
f 705 714 715
f 706 715 720
f 697 716 712
f 712 717 713
f 697 702 716
f 712 716 717
f 713 717 718
f 713 718 714
f 714 719 715
f 714 718 719
f 715 719 725
f 707 720 721
f 708 721 722
f 709 722 723
f 710 723 724
f 715 725 720
f 720 726 721
f 721 727 722
f 720 725 726
f 721 726 727
f 722 728 723
f 723 729 724
f 722 727 728
f 723 728 729
f 661 616 730
f 762 730 731
f 763 731 732
f 764 732 733
f 765 733 738
f 621 734 616
f 734 735 730
f 735 736 731
f 736 737 732
f 737 743 733
f 734 730 616
f 735 731 730
f 736 732 731
f 737 733 732
f 770 738 739
f 771 739 740
f 772 740 741
f 773 741 742
f 743 744 738
f 744 745 739
f 745 746 740
f 746 747 741
f 743 738 733
f 744 739 738
f 745 740 739
f 740 746 741
f 747 742 741
f 774 742 748
f 789 748 749
f 790 749 750
f 791 750 751
f 792 751 756
f 747 752 742
f 752 753 748
f 753 754 749
f 754 755 750
f 755 759 751
f 752 748 742
f 753 749 748
f 754 750 749
f 755 751 750
f 759 756 751
f 797 756 757
f 798 757 758
f 759 760 756
f 760 757 756
f 757 848 758
f 760 848 757
f 758 849 761
f 758 848 849
f 761 850 816
f 761 849 850
f 661 762 666
f 762 763 766
f 763 764 767
f 764 765 768
f 765 770 769
f 762 766 666
f 763 767 766
f 764 768 767
f 765 769 768
f 770 771 775
f 771 772 776
f 772 773 777
f 773 774 778
f 770 775 769
f 771 776 775
f 772 777 776
f 773 778 777
f 774 779 778
f 675 780 913
f 780 781 1018
f 781 782 1019
f 780 1018 913
f 1018 781 1019
f 782 783 1020
f 783 784 1021
f 782 1020 1019
f 783 1021 1020
f 675 666 766
f 780 766 767
f 781 767 768
f 675 766 780
f 780 767 781
f 782 768 769
f 783 769 775
f 781 768 782
f 782 769 783
f 784 785 1026
f 785 786 1027
f 784 1026 1021
f 785 1027 1026
f 786 1028 1027
f 786 787 1028
f 787 788 1029
f 1028 787 1029
f 788 1030 1029
f 784 775 776
f 785 776 777
f 783 775 784
f 784 776 785
f 785 777 786
f 786 777 778
f 787 778 779
f 786 778 787
f 787 779 788
f 661 730 762
f 762 731 763
f 763 732 764
f 764 733 765
f 765 738 770
f 770 739 771
f 771 740 772
f 772 741 773
f 773 742 774
f 774 789 779
f 789 790 793
f 790 791 794
f 791 792 795
f 792 797 796
f 789 793 779
f 790 794 793
f 791 795 794
f 792 796 795
f 797 799 796
f 797 798 799
f 798 813 800
f 798 800 799
f 813 801 800
f 813 814 801
f 814 808 801
f 788 802 1030
f 802 803 1045
f 803 804 1046
f 802 1045 1030
f 803 1046 1045
f 804 805 1047
f 805 806 1048
f 804 1047 1046
f 805 1048 1047
f 806 1053 1048
f 788 779 793
f 802 793 794
f 803 794 795
f 788 793 802
f 802 794 803
f 804 795 796
f 805 796 799
f 803 795 804
f 804 796 805
f 805 799 806
f 806 807 1053
f 807 810 1054
f 1053 807 1054
f 810 1055 1054
f 806 799 800
f 807 800 801
f 806 800 807
f 807 801 810
f 801 808 810
f 808 811 810
f 808 809 811
f 810 811 1055
f 811 812 1058
f 811 809 812
f 774 748 789
f 789 749 790
f 790 750 791
f 791 751 792
f 792 756 797
f 797 757 798
f 798 758 813
f 813 761 814
f 813 758 761
f 814 761 816
f 814 816 815
f 814 815 808
f 815 809 808
f 711 826 817
f 817 827 818
f 818 828 819
f 819 829 820
f 820 834 821
f 821 835 822
f 822 836 823
f 823 837 824
f 824 838 825
f 621 817 734
f 734 818 735
f 621 711 817
f 734 817 818
f 735 818 819
f 735 819 736
f 736 820 737
f 736 819 820
f 737 820 821
f 737 821 743
f 743 822 744
f 744 823 745
f 743 821 822
f 744 822 823
f 745 824 746
f 746 825 747
f 745 823 824
f 746 824 825
f 711 724 826
f 817 826 827
f 818 827 828
f 819 828 829
f 820 829 834
f 724 830 826
f 826 831 827
f 724 729 830
f 826 830 831
f 827 831 832
f 827 832 828
f 828 833 829
f 828 832 833
f 829 833 839
f 821 834 835
f 822 835 836
f 823 836 837
f 824 837 838
f 829 839 834
f 834 840 835
f 835 841 836
f 834 839 840
f 835 840 841
f 836 842 837
f 837 843 838
f 836 841 842
f 837 842 843
f 825 856 844
f 844 857 845
f 845 858 846
f 846 859 847
f 847 864 851
f 851 865 852
f 747 844 752
f 752 845 753
f 747 825 844
f 752 844 845
f 753 845 846
f 753 846 754
f 754 847 755
f 755 851 759
f 754 846 847
f 755 847 851
f 759 852 760
f 760 853 848
f 759 851 852
f 760 852 853
f 848 854 849
f 848 853 854
f 849 854 855
f 849 855 850
f 852 866 853
f 853 870 854
f 854 871 855
f 825 838 856
f 844 856 857
f 845 857 858
f 846 858 859
f 847 859 864
f 838 860 856
f 856 861 857
f 838 843 860
f 856 860 861
f 857 861 862
f 857 862 858
f 858 863 859
f 859 867 864
f 858 862 863
f 859 863 867
f 851 864 865
f 852 865 866
f 864 868 865
f 865 869 866
f 864 867 868
f 865 868 869
f 866 872 870
f 866 869 872
f 853 866 870
f 854 870 871
f 870 873 871
f 870 872 873
f 481 874 486
f 874 875 878
f 875 876 879
f 876 877 880
f 877 882 881
f 874 878 486
f 878 875 879
f 876 880 879
f 877 881 880
f 882 883 887
f 883 884 888
f 884 885 889
f 885 886 890
f 882 887 881
f 883 888 887
f 884 889 888
f 885 890 889
f 886 891 890
f 486 878 495
f 878 879 892
f 879 880 893
f 878 892 495
f 892 879 893
f 880 881 894
f 881 887 895
f 880 894 893
f 881 895 894
f 495 892 531
f 892 893 928
f 893 894 929
f 892 928 531
f 893 929 928
f 894 895 930
f 895 896 931
f 894 930 929
f 895 931 930
f 887 888 896
f 888 889 897
f 887 896 895
f 888 897 896
f 889 898 897
f 889 890 898
f 890 891 899
f 898 890 899
f 891 900 899
f 896 897 932
f 897 898 933
f 896 932 931
f 897 933 932
f 898 934 933
f 898 899 934
f 899 900 935
f 899 935 934
f 900 936 935
f 886 901 891
f 901 902 905
f 902 903 906
f 903 904 907
f 904 909 908
f 901 905 891
f 902 906 905
f 903 907 906
f 904 908 907
f 909 910 914
f 910 911 915
f 911 912 916
f 912 913 917
f 908 909 914
f 910 915 914
f 911 916 915
f 912 917 916
f 913 918 917
f 891 905 900
f 905 906 919
f 906 907 920
f 905 919 900
f 906 920 919
f 907 908 921
f 908 914 922
f 907 921 920
f 908 922 921
f 900 919 936
f 919 920 955
f 920 921 956
f 919 955 936
f 920 956 955
f 921 922 957
f 922 923 958
f 921 957 956
f 922 958 957
f 914 915 923
f 915 916 924
f 922 914 923
f 915 924 923
f 916 925 924
f 916 917 925
f 917 918 926
f 917 926 925
f 918 927 926
f 923 924 959
f 924 925 960
f 958 923 959
f 924 960 959
f 925 961 960
f 925 926 961
f 926 927 962
f 926 962 961
f 927 963 962
f 531 928 540
f 928 929 937
f 929 930 938
f 928 937 540
f 937 929 938
f 930 931 939
f 931 932 940
f 930 939 938
f 931 940 939
f 540 937 549
f 937 938 946
f 938 939 947
f 937 946 549
f 946 938 947
f 939 940 948
f 940 941 949
f 939 948 947
f 940 949 948
f 932 933 941
f 933 934 942
f 932 941 940
f 933 942 941
f 934 943 942
f 934 935 943
f 935 936 944
f 935 944 943
f 936 945 944
f 941 942 950
f 942 943 951
f 941 950 949
f 942 951 950
f 943 952 951
f 943 944 952
f 944 945 953
f 952 944 953
f 945 954 953
f 936 955 945
f 955 956 964
f 956 957 965
f 955 964 945
f 956 965 964
f 957 958 966
f 958 959 967
f 957 966 965
f 958 967 966
f 945 964 954
f 964 965 973
f 965 966 974
f 964 973 954
f 965 974 973
f 966 967 975
f 967 968 976
f 966 975 974
f 967 976 975
f 959 960 968
f 960 961 969
f 967 959 968
f 960 969 968
f 961 970 969
f 961 962 970
f 962 963 971
f 962 971 970
f 963 972 971
f 968 969 977
f 969 970 978
f 976 968 977
f 969 978 977
f 970 979 978
f 970 971 979
f 971 972 980
f 971 980 979
f 972 981 980
f 549 946 576
f 946 947 982
f 947 948 983
f 946 982 576
f 947 983 982
f 948 949 984
f 949 950 985
f 948 984 983
f 949 985 984
f 576 982 585
f 982 983 991
f 983 984 992
f 984 985 993
f 985 986 994
f 950 951 986
f 951 952 987
f 950 986 985
f 951 987 986
f 952 988 987
f 952 953 988
f 953 954 989
f 953 989 988
f 954 990 989
f 986 987 995
f 987 988 996
f 988 989 997
f 989 990 998
f 982 991 585
f 991 983 992
f 984 993 992
f 985 994 993
f 585 991 1639
f 991 992 2014
f 992 993 2015
f 991 2014 1639
f 992 2015 2014
f 993 994 2016
f 994 995 2017
f 993 2016 2015
f 994 2017 2016
f 986 995 994
f 987 996 995
f 988 997 996
f 989 998 997
f 990 999 998
f 995 996 2022
f 996 997 2023
f 995 2022 2017
f 996 2023 2022
f 997 2024 2023
f 997 998 2024
f 998 999 2025
f 998 2025 2024
f 999 2026 2025
f 954 973 990
f 973 974 1000
f 974 975 1001
f 973 1000 990
f 974 1001 1000
f 975 976 1002
f 976 977 1003
f 975 1002 1001
f 976 1003 1002
f 990 1000 999
f 1000 1001 1009
f 1001 1002 1010
f 1002 1003 1011
f 1003 1004 1012
f 977 978 1004
f 978 979 1005
f 1003 977 1004
f 978 1005 1004
f 979 1006 1005
f 979 980 1006
f 980 981 1007
f 980 1007 1006
f 981 1008 1007
f 1004 1005 1013
f 1005 1006 1014
f 1006 1007 1015
f 1007 1008 1016
f 1000 1009 999
f 1001 1010 1009
f 1002 1011 1010
f 1003 1012 1011
f 999 1009 2026
f 1009 1010 2041
f 1010 1011 2042
f 1009 2041 2026
f 1010 2042 2041
f 1011 1012 2043
f 1012 1013 2044
f 1011 2043 2042
f 1012 2044 2043
f 1012 1004 1013
f 1005 1014 1013
f 1006 1015 1014
f 1007 1016 1015
f 1008 1017 1016
f 1013 1014 2049
f 1014 1015 2050
f 2044 1013 2049
f 1014 2050 2049
f 1015 2051 2050
f 1015 1016 2051
f 1016 1017 2052
f 1016 2052 2051
f 1017 2053 2052
f 913 1018 918
f 1018 1019 1022
f 1019 1020 1023
f 1020 1021 1024
f 1021 1026 1025
f 1018 1022 918
f 1019 1023 1022
f 1020 1024 1023
f 1021 1025 1024
f 1026 1027 1031
f 1027 1028 1032
f 1028 1029 1033
f 1029 1030 1034
f 1026 1031 1025
f 1027 1032 1031
f 1028 1033 1032
f 1033 1029 1034
f 1030 1035 1034
f 918 1022 927
f 1022 1023 1036
f 1023 1024 1037
f 1022 1036 927
f 1036 1023 1037
f 1024 1025 1038
f 1025 1031 1039
f 1024 1038 1037
f 1025 1039 1038
f 927 1036 963
f 1036 1037 1072
f 1037 1038 1073
f 1036 1072 963
f 1037 1073 1072
f 1038 1039 1074
f 1039 1040 1075
f 1038 1074 1073
f 1039 1075 1074
f 1031 1032 1040
f 1032 1033 1041
f 1031 1040 1039
f 1032 1041 1040
f 1033 1042 1041
f 1033 1034 1042
f 1034 1035 1043
f 1042 1034 1043
f 1035 1044 1043
f 1040 1041 1076
f 1041 1042 1077
f 1040 1076 1075
f 1041 1077 1076
f 1042 1078 1077
f 1042 1043 1078
f 1043 1044 1079
f 1043 1079 1078
f 1044 1080 1079
f 1030 1045 1035
f 1045 1046 1049
f 1046 1047 1050
f 1047 1048 1051
f 1048 1053 1052
f 1045 1049 1035
f 1046 1050 1049
f 1047 1051 1050
f 1048 1052 1051
f 1053 1056 1052
f 1053 1054 1056
f 1054 1055 1057
f 1055 1058 1060
f 1054 1057 1056
f 1055 1060 1057
f 811 1058 1055
f 812 1059 1058
f 1058 1061 1060
f 1058 1059 1061
f 1059 1068 1061
f 1035 1049 1044
f 1049 1050 1062
f 1050 1051 1063
f 1049 1062 1044
f 1050 1063 1062
f 1051 1052 1064
f 1052 1056 1065
f 1051 1064 1063
f 1052 1065 1064
f 1056 1066 1065
f 1044 1062 1080
f 1062 1063 1099
f 1063 1064 1100
f 1062 1099 1080
f 1063 1100 1099
f 1064 1065 1101
f 1065 1066 1102
f 1064 1101 1100
f 1065 1102 1101
f 1066 1103 1102
f 1056 1057 1066
f 1057 1060 1067
f 1066 1057 1067
f 1060 1069 1067
f 1060 1061 1069
f 1061 1068 1070
f 1061 1070 1069
f 1070 1068 1071
f 1066 1067 1103
f 1067 1069 1104
f 1067 1104 1103
f 1069 1109 1104
f 1069 1070 1109
f 1070 1110 1109
f 1070 1071 1110
f 963 1072 972
f 1072 1073 1081
f 1073 1074 1082
f 1072 1081 972
f 1073 1082 1081
f 1074 1075 1083
f 1075 1076 1084
f 1074 1083 1082
f 1075 1084 1083
f 972 1081 981
f 1081 1082 1090
f 1082 1083 1091
f 1081 1090 981
f 1090 1082 1091
f 1083 1084 1092
f 1084 1085 1093
f 1083 1092 1091
f 1084 1093 1092
f 1076 1077 1085
f 1077 1078 1086
f 1076 1085 1084
f 1077 1086 1085
f 1078 1087 1086
f 1078 1079 1087
f 1079 1080 1088
f 1087 1079 1088
f 1080 1089 1088
f 1085 1086 1094
f 1086 1087 1095
f 1085 1094 1093
f 1086 1095 1094
f 1087 1096 1095
f 1087 1088 1096
f 1088 1089 1097
f 1096 1088 1097
f 1089 1098 1097
f 1080 1099 1089
f 1099 1100 1105
f 1100 1101 1106
f 1099 1105 1089
f 1100 1106 1105
f 1101 1102 1107
f 1102 1103 1108
f 1101 1107 1106
f 1102 1108 1107
f 1103 1112 1108
f 1089 1105 1098
f 1105 1106 1117
f 1106 1107 1118
f 1105 1117 1098
f 1106 1118 1117
f 1107 1108 1119
f 1108 1112 1120
f 1107 1119 1118
f 1108 1120 1119
f 1112 1121 1120
f 1103 1104 1112
f 1104 1109 1113
f 1104 1113 1112
f 1109 1114 1113
f 1110 1071 1111
f 1109 1110 1114
f 1110 1115 1114
f 1110 1111 1115
f 1111 1116 1115
f 1112 1113 1121
f 1113 1114 1122
f 1121 1113 1122
f 1114 1145 1122
f 1114 1115 1145
f 1115 1146 1145
f 1115 1116 1146
f 1116 1147 1146
f 981 1090 1008
f 1090 1091 1123
f 1091 1092 1124
f 1090 1123 1008
f 1091 1124 1123
f 1092 1093 1125
f 1093 1094 1126
f 1092 1125 1124
f 1093 1126 1125
f 1008 1123 1017
f 1123 1124 1132
f 1124 1125 1133
f 1125 1126 1134
f 1126 1127 1135
f 1094 1095 1127
f 1095 1096 1128
f 1094 1127 1126
f 1095 1128 1127
f 1096 1129 1128
f 1096 1097 1129
f 1097 1098 1130
f 1097 1130 1129
f 1098 1131 1130
f 1127 1128 1136
f 1128 1129 1137
f 1129 1130 1138
f 1130 1131 1139
f 1123 1132 1017
f 1124 1133 1132
f 1125 1134 1133
f 1126 1135 1134
f 1017 1132 2053
f 1132 1133 2176
f 1133 1134 2177
f 1132 2176 2053
f 1133 2177 2176
f 1134 1135 2178
f 1135 1136 2179
f 1134 2178 2177
f 1135 2179 2178
f 1127 1136 1135
f 1128 1137 1136
f 1129 1138 1137
f 1138 1130 1139
f 1131 1140 1139
f 1136 1137 2184
f 1137 1138 2185
f 1136 2184 2179
f 1137 2185 2184
f 1138 2186 2185
f 1138 1139 2186
f 1139 1140 2187
f 1139 2187 2186
f 1140 2188 2187
f 1098 1117 1131
f 1117 1118 1141
f 1118 1119 1142
f 1117 1141 1131
f 1118 1142 1141
f 1119 1120 1143
f 1120 1121 1144
f 1119 1143 1142
f 1120 1144 1143
f 1121 1148 1144
f 1131 1141 1140
f 1141 1142 1153
f 1142 1143 1154
f 1143 1144 1155
f 1144 1148 1156
f 1121 1122 1148
f 1122 1145 1149
f 1122 1149 1148
f 1145 1150 1149
f 1145 1146 1150
f 1146 1147 1151
f 1146 1151 1150
f 1148 1149 1157
f 1149 1150 1158
f 1147 1152 1151
f 1150 1151 1159
f 1151 1152 1160
f 1141 1153 1140
f 1142 1154 1153
f 1143 1155 1154
f 1144 1156 1155
f 1148 1157 1156
f 1140 1153 2188
f 1153 1154 2203
f 1154 1155 2204
f 1153 2203 2188
f 1154 2204 2203
f 1155 1156 2205
f 1156 1157 2206
f 1155 2205 2204
f 1156 2206 2205
f 1157 2211 2206
f 1149 1158 1157
f 1150 1159 1158
f 1151 1160 1159
f 1152 1161 1160
f 1157 1158 2211
f 1158 1159 2212
f 1158 2212 2211
f 1159 2213 2212
f 1159 1160 2213
f 1160 1161 2214
f 1160 2214 2213
f 1161 2215 2214
f 1162 1166 1163
f 1164 1162 1168
f 1164 1169 1165
f 1164 1168 1169
f 1162 1163 1168
f 1165 1169 1172
f 1166 1177 1163
f 1168 1163 1180
f 1168 1181 1169
f 1168 1180 1181
f 1169 1181 1187
f 1163 1167 1180
f 1177 1167 1163
f 1177 1178 1167
f 1167 1178 1182
f 1165 1172 1170
f 1170 1173 1171
f 1171 1174 119
f 1170 1172 1173
f 1171 1173 1174
f 119 1175 120
f 119 1174 1175
f 120 1176 121
f 120 1175 1176
f 1169 1187 1172
f 1172 1188 1173
f 1173 1189 1174
f 1174 1190 1175
f 1175 1191 1176
f 1166 1218 1177
f 1177 1219 1178
f 1177 1218 1219
f 1178 1219 1220
f 1178 1220 1179
f 1179 1220 1221
f 1178 1179 1182
f 1179 1221 1195
f 1222 1196 1195
f 1167 1183 1180
f 1180 1185 1181
f 1180 1183 1185
f 1181 1185 1192
f 1179 1184 1182
f 1167 1182 1183
f 1182 1186 1183
f 1183 1242 1185
f 1182 1184 1186
f 1183 1186 1242
f 1185 1242 1243
f 1172 1187 1188
f 1173 1188 1189
f 1181 1192 1187
f 1187 1193 1188
f 1188 1194 1189
f 1174 1189 1190
f 1175 1190 1191
f 1187 1192 1193
f 1188 1193 1194
f 1185 1243 1192
f 1192 1249 1193
f 1189 1198 1190
f 1189 1194 1198
f 1190 1199 1191
f 1190 1198 1199
f 1179 1195 1184
f 1195 1196 1197
f 1184 1195 1197
f 1184 1244 1186
f 1184 1197 1244
f 1196 1236 1246
f 1196 1246 1197
f 121 1200 138
f 138 1201 139
f 121 1176 1200
f 138 1200 1201
f 139 1202 140
f 140 1203 141
f 139 1201 1202
f 140 1202 1203
f 141 1203 1204
f 1176 1209 1200
f 1200 1210 1201
f 1201 1211 1202
f 1202 1212 1203
f 141 1204 147
f 147 1205 148
f 148 1206 149
f 147 1204 1205
f 148 1205 1206
f 149 1207 150
f 150 1208 151
f 149 1206 1207
f 150 1207 1208
f 1203 1213 1204
f 1204 1214 1205
f 1205 1215 1206
f 1206 1216 1207
f 1207 1217 1208
f 1176 1191 1209
f 1200 1209 1210
f 1201 1210 1211
f 1202 1211 1212
f 1203 1212 1213
f 1204 1213 1214
f 1205 1214 1215
f 1206 1215 1216
f 1207 1216 1217
f 1191 1258 1209
f 1209 1259 1210
f 1191 1199 1258
f 1209 1258 1259
f 1210 1260 1211
f 1211 1261 1212
f 1210 1259 1260
f 1211 1260 1261
f 1212 1261 1266
f 1212 1266 1213
f 1213 1267 1214
f 1214 1268 1215
f 1213 1266 1267
f 1214 1267 1268
f 1215 1269 1216
f 1216 1270 1217
f 1215 1268 1269
f 1216 1269 1270
f 1218 1224 1219
f 1219 1224 1220
f 1220 1224 1221
f 1221 1224 1222
f 1221 1222 1195
f 1222 1224 1223
f 1223 1224 1225
f 1225 1224 1226
f 1226 1224 1227
f 1224 1228 1227
f 1224 1233 1228
f 1222 1223 1196
f 1223 1225 1236
f 1223 1236 1196
f 1225 1226 1237
f 1226 1227 1238
f 1227 1228 1239
f 1224 1230 1232
f 1224 1232 1231
f 1224 1229 1233
f 1224 1231 1229
f 1224 1234 1235
f 1224 1235 1230
f 1234 1457 1235
f 1230 1235 1458
f 1231 1468 1229
f 1231 1232 1459
f 1230 1460 1232
f 1228 1233 1241
f 1233 1229 1240
f 1233 1240 1241
f 1231 1459 1468
f 1229 1468 1240
f 1225 1237 1236
f 1226 1238 1237
f 1227 1239 1238
f 1236 1237 1276
f 1236 1276 1246
f 1237 1238 1277
f 1228 1241 1239
f 1238 1239 1284
f 1239 1285 1284
f 1241 1285 1239
f 1240 1469 1241
f 1241 1469 1285
f 1192 1243 1249
f 1193 1250 1194
f 1186 1244 1245
f 1186 1245 1242
f 1197 1247 1244
f 1242 1245 1252
f 1244 1248 1245
f 1197 1246 1247
f 1244 1247 1248
f 1246 1278 1247
f 1245 1248 1254
f 1193 1249 1250
f 1242 1252 1243
f 1243 1253 1249
f 1243 1252 1253
f 1249 1256 1250
f 1194 1251 1198
f 1194 1250 1251
f 1198 1255 1199
f 1198 1251 1255
f 1249 1253 1256
f 1245 1254 1252
f 1252 1282 1253
f 1252 1254 1282
f 1253 1289 1256
f 1250 1257 1251
f 1250 1256 1257
f 1251 1283 1255
f 1251 1257 1283
f 1199 1262 1258
f 1258 1263 1259
f 1259 1264 1260
f 1260 1265 1261
f 1199 1255 1262
f 1258 1262 1263
f 1259 1263 1264
f 1260 1264 1265
f 1261 1265 1271
f 1255 1304 1262
f 1262 1305 1263
f 1255 1283 1304
f 1263 1306 1264
f 1264 1307 1265
f 1261 1271 1266
f 1266 1272 1267
f 1267 1273 1268
f 1268 1274 1269
f 1269 1275 1270
f 1266 1271 1272
f 1267 1272 1273
f 1268 1273 1274
f 1269 1274 1275
f 1265 1312 1271
f 1271 1313 1272
f 1272 1314 1273
f 1273 1315 1274
f 1274 1316 1275
f 1246 1276 1278
f 1276 1280 1278
f 1237 1277 1276
f 1238 1284 1277
f 1276 1277 1280
f 1247 1278 1279
f 1247 1279 1248
f 1248 1279 1290
f 1278 1280 1281
f 1278 1281 1279
f 1279 1281 1295
f 1248 1290 1254
f 1253 1282 1289
f 1256 1292 1257
f 1279 1295 1290
f 1277 1284 1287
f 1285 1286 1284
f 1284 1286 1287
f 1277 1287 1280
f 1280 1287 1288
f 1280 1288 1281
f 1281 1288 1299
f 1287 1526 1288
f 1287 1286 1526
f 1526 1527 1288
f 1281 1299 1295
f 1288 1527 1299
f 1254 1290 1291
f 1254 1291 1282
f 1282 1294 1289
f 1256 1289 1292
f 1257 1293 1283
f 1257 1292 1293
f 1282 1291 1294
f 1290 1296 1291
f 1289 1297 1292
f 1289 1294 1297
f 1292 1298 1293
f 1290 1295 1296
f 1295 1300 1296
f 1291 1301 1294
f 1291 1296 1301
f 1292 1297 1298
f 1294 1302 1297
f 1294 1301 1302
f 1297 1303 1298
f 1295 1299 1300
f 1296 1300 1538
f 1296 1538 1301
f 1297 1302 1303
f 1301 1539 1302
f 1262 1304 1305
f 1263 1305 1306
f 1264 1306 1307
f 1265 1307 1312
f 1271 1312 1313
f 1272 1313 1314
f 1273 1314 1315
f 1274 1315 1316
f 1283 1308 1304
f 1304 1309 1305
f 1305 1310 1306
f 1306 1311 1307
f 1283 1293 1308
f 1304 1308 1309
f 1293 1322 1308
f 1305 1309 1310
f 1306 1310 1311
f 1307 1311 1317
f 1307 1317 1312
f 1312 1318 1313
f 1313 1319 1314
f 1314 1320 1315
f 1315 1321 1316
f 1312 1317 1318
f 1313 1318 1319
f 1314 1319 1320
f 1315 1320 1321
f 1293 1298 1322
f 1308 1323 1309
f 1308 1322 1323
f 1309 1324 1310
f 1310 1325 1311
f 1309 1323 1324
f 1310 1324 1325
f 1311 1325 1326
f 1298 1544 1322
f 1322 1545 1323
f 1298 1303 1544
f 1322 1544 1545
f 1323 1546 1324
f 1324 1547 1325
f 1323 1545 1546
f 1324 1546 1547
f 1325 1547 1552
f 1311 1326 1317
f 1317 1327 1318
f 1318 1328 1319
f 1317 1326 1327
f 1318 1327 1328
f 1319 1329 1320
f 1320 1330 1321
f 1319 1328 1329
f 1320 1329 1330
f 1325 1552 1326
f 1326 1553 1327
f 1327 1554 1328
f 1326 1552 1553
f 1327 1553 1554
f 1328 1555 1329
f 1329 1556 1330
f 1328 1554 1555
f 1329 1555 1556
f 151 1331 276
f 276 1332 277
f 151 1208 1331
f 276 1331 1332
f 277 1333 278
f 278 1334 279
f 277 1332 1333
f 278 1333 1334
f 279 1334 1335
f 1208 1340 1331
f 1331 1341 1332
f 1332 1342 1333
f 1333 1343 1334
f 279 1335 285
f 285 1336 286
f 286 1337 287
f 285 1335 1336
f 286 1336 1337
f 287 1338 288
f 288 1339 289
f 287 1337 1338
f 288 1338 1339
f 1334 1344 1335
f 1335 1345 1336
f 1336 1346 1337
f 1337 1347 1338
f 1338 1348 1339
f 1208 1217 1340
f 1331 1340 1341
f 1332 1341 1342
f 1333 1342 1343
f 1334 1343 1344
f 1335 1344 1345
f 1336 1345 1346
f 1337 1346 1347
f 1338 1347 1348
f 1217 1367 1340
f 1340 1368 1341
f 1217 1270 1367
f 1340 1367 1368
f 1341 1369 1342
f 1342 1370 1343
f 1341 1368 1369
f 1342 1369 1370
f 1343 1370 1375
f 1343 1375 1344
f 1344 1376 1345
f 1345 1377 1346
f 1344 1375 1376
f 1345 1376 1377
f 1346 1378 1347
f 1347 1379 1348
f 1346 1377 1378
f 1347 1378 1379
f 289 1349 303
f 303 1350 304
f 289 1339 1349
f 303 1349 1350
f 304 1351 305
f 305 1352 306
f 304 1350 1351
f 305 1351 1352
f 306 1352 1353
f 1339 1358 1349
f 1349 1359 1350
f 1350 1360 1351
f 1351 1361 1352
f 306 1353 312
f 312 1354 313
f 313 1355 314
f 312 1353 1354
f 313 1354 1355
f 314 1356 315
f 315 1357 316
f 314 1355 1356
f 315 1356 1357
f 1352 1362 1353
f 1353 1363 1354
f 1354 1364 1355
f 1355 1365 1356
f 1356 1366 1357
f 1339 1348 1358
f 1349 1358 1359
f 1350 1359 1360
f 1351 1360 1361
f 1352 1361 1362
f 1353 1362 1363
f 1354 1363 1364
f 1355 1364 1365
f 1356 1365 1366
f 1348 1385 1358
f 1358 1386 1359
f 1348 1379 1385
f 1358 1385 1386
f 1359 1387 1360
f 1360 1388 1361
f 1359 1386 1387
f 1360 1387 1388
f 1361 1388 1393
f 1361 1393 1362
f 1362 1394 1363
f 1363 1395 1364
f 1362 1393 1394
f 1363 1394 1395
f 1364 1396 1365
f 1365 1397 1366
f 1364 1395 1396
f 1365 1396 1397
f 1270 1371 1367
f 1367 1372 1368
f 1368 1373 1369
f 1369 1374 1370
f 1270 1275 1371
f 1367 1371 1372
f 1368 1372 1373
f 1369 1373 1374
f 1370 1374 1380
f 1275 1403 1371
f 1371 1404 1372
f 1372 1405 1373
f 1373 1406 1374
f 1370 1380 1375
f 1375 1381 1376
f 1376 1382 1377
f 1377 1383 1378
f 1378 1384 1379
f 1375 1380 1381
f 1376 1381 1382
f 1377 1382 1383
f 1378 1383 1384
f 1374 1411 1380
f 1380 1412 1381
f 1381 1413 1382
f 1382 1414 1383
f 1383 1415 1384
f 1379 1389 1385
f 1385 1390 1386
f 1386 1391 1387
f 1387 1392 1388
f 1379 1384 1389
f 1385 1389 1390
f 1386 1390 1391
f 1387 1391 1392
f 1388 1392 1398
f 1384 1430 1389
f 1389 1431 1390
f 1390 1432 1391
f 1391 1433 1392
f 1388 1398 1393
f 1393 1399 1394
f 1394 1400 1395
f 1395 1401 1396
f 1396 1402 1397
f 1393 1398 1399
f 1394 1399 1400
f 1395 1400 1401
f 1396 1401 1402
f 1392 1438 1398
f 1398 1439 1399
f 1399 1440 1400
f 1400 1441 1401
f 1401 1442 1402
f 1275 1316 1403
f 1371 1403 1404
f 1372 1404 1405
f 1373 1405 1406
f 1374 1406 1411
f 1380 1411 1412
f 1381 1412 1413
f 1382 1413 1414
f 1383 1414 1415
f 1316 1407 1403
f 1403 1408 1404
f 1404 1409 1405
f 1405 1410 1406
f 1316 1321 1407
f 1403 1407 1408
f 1404 1408 1409
f 1405 1409 1410
f 1406 1410 1416
f 1406 1416 1411
f 1411 1417 1412
f 1412 1418 1413
f 1413 1419 1414
f 1414 1420 1415
f 1411 1416 1417
f 1412 1417 1418
f 1413 1418 1419
f 1414 1419 1420
f 1321 1421 1407
f 1407 1422 1408
f 1321 1330 1421
f 1407 1421 1422
f 1408 1423 1409
f 1409 1424 1410
f 1408 1422 1423
f 1409 1423 1424
f 1410 1424 1425
f 1330 1654 1421
f 1421 1655 1422
f 1330 1556 1654
f 1421 1654 1655
f 1422 1656 1423
f 1423 1657 1424
f 1422 1655 1656
f 1423 1656 1657
f 1424 1657 1662
f 1410 1425 1416
f 1416 1426 1417
f 1417 1427 1418
f 1416 1425 1426
f 1417 1426 1427
f 1418 1428 1419
f 1419 1429 1420
f 1418 1427 1428
f 1419 1428 1429
f 1424 1662 1425
f 1425 1663 1426
f 1426 1664 1427
f 1425 1662 1663
f 1426 1663 1664
f 1427 1665 1428
f 1428 1666 1429
f 1427 1664 1665
f 1428 1665 1666
f 1384 1415 1430
f 1389 1430 1431
f 1390 1431 1432
f 1391 1432 1433
f 1392 1433 1438
f 1398 1438 1439
f 1399 1439 1440
f 1400 1440 1441
f 1401 1441 1442
f 1415 1434 1430
f 1430 1435 1431
f 1431 1436 1432
f 1432 1437 1433
f 1415 1420 1434
f 1430 1434 1435
f 1431 1435 1436
f 1432 1436 1437
f 1433 1437 1443
f 1433 1443 1438
f 1438 1444 1439
f 1439 1445 1440
f 1440 1446 1441
f 1441 1447 1442
f 1438 1443 1444
f 1439 1444 1445
f 1440 1445 1446
f 1441 1446 1447
f 1420 1448 1434
f 1434 1449 1435
f 1420 1429 1448
f 1434 1448 1449
f 1435 1450 1436
f 1436 1451 1437
f 1435 1449 1450
f 1436 1450 1451
f 1437 1451 1452
f 1429 1681 1448
f 1448 1682 1449
f 1429 1666 1681
f 1448 1681 1682
f 1449 1683 1450
f 1450 1684 1451
f 1449 1682 1683
f 1450 1683 1684
f 1451 1684 1689
f 1437 1452 1443
f 1443 1453 1444
f 1444 1454 1445
f 1443 1452 1453
f 1444 1453 1454
f 1445 1455 1446
f 1446 1456 1447
f 1445 1454 1455
f 1446 1455 1456
f 1451 1689 1452
f 1452 1690 1453
f 1453 1691 1454
f 1452 1689 1690
f 1453 1690 1691
f 1454 1692 1455
f 1455 1693 1456
f 1454 1691 1692
f 1455 1692 1693
f 1235 1457 1458
f 1230 1458 1460
f 1457 1461 1458
f 1458 1462 1460
f 1232 1460 1459
f 1460 1465 1459
f 1458 1461 1462
f 1461 1463 1462
f 1463 1464 1466
f 1462 1463 1466
f 1464 1467 1466
f 1460 1462 1465
f 1462 1466 1465
f 1465 1466 1473
f 1473 1466 1467
f 1473 1467 1475
f 1467 1481 1475
f 1481 1488 1475
f 1459 1472 1468
f 1468 1470 1240
f 1459 1465 1472
f 1468 1472 1470
f 1472 1474 1470
f 1240 1470 1469
f 1470 1474 1471
f 1470 1471 1469
f 1469 1471 1524
f 1465 1473 1472
f 1473 1475 1474
f 1473 1474 1472
f 1474 1475 1476
f 1476 1475 1488
f 1474 1476 1471
f 1476 1530 1471
f 1476 1477 1530
f 1476 1488 1477
f 1530 1477 1531
f 1531 1477 1492
f 1532 1492 1493
f 1464 1478 1467
f 1478 1479 1481
f 1478 1481 1467
f 1479 1482 1481
f 1479 1480 1482
f 1482 1480 1483
f 1480 1484 1483
f 1481 1482 1488
f 1482 1483 1489
f 1483 1486 1490
f 1484 1485 1486
f 1483 1484 1486
f 1485 1487 1486
f 1486 1487 1491
f 1482 1489 1488
f 1488 1489 1477
f 1489 1490 1492
f 1483 1490 1489
f 1486 1491 1490
f 1489 1492 1477
f 1492 1490 1493
f 1490 1491 1493
f 1491 1494 1493
f 1491 1496 1494
f 1496 1495 1494
f 1487 1496 1491
f 1485 1497 1487
f 1497 1501 1487
f 1497 1498 1501
f 1498 1502 1501
f 1498 1499 1502
f 1499 1500 1503
f 1500 1505 1504
f 1499 1503 1502
f 1503 1500 1504
f 1487 1501 1496
f 1501 1502 1515
f 1502 1503 1516
f 1503 1504 1517
f 1504 1510 1518
f 1505 1506 1510
f 1506 1507 1511
f 1505 1510 1504
f 1506 1511 1510
f 1507 1512 1511
f 1507 1508 1512
f 1508 1509 1513
f 1508 1513 1512
f 1509 1514 1513
f 1510 1511 1519
f 1511 1512 1520
f 1512 1513 1521
f 1513 1514 1522
f 1501 1515 1496
f 1502 1516 1515
f 1503 1517 1516
f 1517 1504 1518
f 1496 1515 1495
f 1515 1516 1573
f 1515 1573 1495
f 1516 1584 1573
f 1516 1517 1584
f 1517 1518 1585
f 1518 1519 1586
f 1517 1585 1584
f 1518 1586 1585
f 1510 1519 1518
f 1511 1520 1519
f 1512 1521 1520
f 1513 1522 1521
f 1514 1523 1522
f 1519 1520 1587
f 1520 1521 1588
f 1519 1587 1586
f 1520 1588 1587
f 1521 1589 1588
f 1521 1522 1589
f 1522 1523 1590
f 1522 1590 1589
f 1523 1591 1590
f 1285 1469 1524
f 1285 1524 1286
f 1286 1525 1526
f 1286 1524 1525
f 1524 1530 1525
f 1471 1530 1524
f 1526 1525 1528
f 1531 1528 1525
f 1526 1528 1527
f 1299 1527 1529
f 1528 1534 1527
f 1534 1529 1527
f 1529 1535 1540
f 1530 1531 1525
f 1531 1532 1528
f 1531 1492 1532
f 1532 1493 1533
f 1532 1533 1534
f 1528 1532 1534
f 1534 1533 1535
f 1534 1535 1529
f 1540 1535 1536
f 1535 1571 1536
f 1535 1533 1571
f 1572 1537 1536
f 1299 1529 1300
f 1300 1529 1540
f 1300 1540 1538
f 1301 1538 1539
f 1302 1539 1541
f 1540 1542 1538
f 1538 1542 1539
f 1539 1542 1543
f 1539 1543 1541
f 1302 1541 1303
f 1540 1536 1542
f 1542 1537 1543
f 1542 1536 1537
f 1541 1562 1548
f 1303 1548 1544
f 1303 1541 1548
f 1544 1549 1545
f 1545 1550 1546
f 1546 1551 1547
f 1544 1548 1549
f 1545 1549 1550
f 1546 1550 1551
f 1547 1551 1557
f 1547 1557 1552
f 1552 1558 1553
f 1553 1559 1554
f 1554 1560 1555
f 1555 1561 1556
f 1552 1557 1558
f 1553 1558 1559
f 1554 1559 1560
f 1555 1560 1561
f 1541 1543 1562
f 1548 1563 1549
f 1548 1562 1563
f 1549 1564 1550
f 1550 1565 1551
f 1549 1563 1564
f 1550 1564 1565
f 1551 1565 1566
f 1543 1537 1574
f 1543 1574 1562
f 1562 1592 1563
f 1562 1574 1592
f 1563 1593 1564
f 1564 1594 1565
f 1563 1592 1593
f 1564 1593 1594
f 1565 1594 1595
f 1551 1566 1557
f 1557 1567 1558
f 1558 1568 1559
f 1557 1566 1567
f 1558 1567 1568
f 1559 1569 1560
f 1560 1570 1561
f 1559 1568 1569
f 1560 1569 1570
f 1565 1595 1566
f 1566 1596 1567
f 1567 1597 1568
f 1566 1595 1596
f 1567 1596 1597
f 1568 1598 1569
f 1569 1599 1570
f 1568 1597 1598
f 1569 1598 1599
f 1493 1494 1533
f 1494 1571 1533
f 1495 1572 1571
f 1494 1495 1571
f 1571 1572 1536
f 1495 1573 1572
f 1573 1584 1575
f 1573 1575 1572
f 1584 1576 1575
f 1584 1585 1576
f 1585 1586 1577
f 1586 1587 1578
f 1585 1577 1576
f 1577 1586 1578
f 1572 1575 1537
f 1575 1576 1574
f 1575 1574 1537
f 1576 1592 1574
f 1576 1577 1592
f 1577 1578 1593
f 1578 1579 1594
f 1577 1593 1592
f 1593 1578 1594
f 1587 1588 1579
f 1588 1589 1580
f 1587 1579 1578
f 1588 1580 1579
f 1589 1581 1580
f 1589 1590 1581
f 1590 1591 1582
f 1590 1582 1581
f 1591 1583 1582
f 1579 1580 1595
f 1580 1581 1596
f 1579 1595 1594
f 1580 1596 1595
f 1581 1597 1596
f 1581 1582 1597
f 1582 1583 1598
f 1582 1598 1597
f 1583 1599 1598
f 1509 1600 1514
f 1600 1601 1604
f 1514 1600 1604
f 1601 1605 1604
f 1601 1602 1605
f 1602 1603 1606
f 1603 1608 1607
f 1602 1606 1605
f 1603 1607 1606
f 1514 1604 1523
f 1604 1605 1618
f 1605 1606 1619
f 1606 1607 1620
f 1607 1613 1621
f 1608 1609 1613
f 1609 1610 1614
f 1608 1613 1607
f 1609 1614 1613
f 1614 1610 1615
f 1610 1611 1615
f 1611 1612 1616
f 1611 1616 1615
f 1612 1617 1616
f 1613 1614 1622
f 1614 1615 1623
f 1615 1616 1624
f 1616 1617 1625
f 1604 1618 1523
f 1605 1619 1618
f 1606 1620 1619
f 1607 1621 1620
f 1523 1618 1591
f 1618 1619 1717
f 1618 1717 1591
f 1619 1718 1717
f 1619 1620 1718
f 1620 1621 1719
f 1621 1622 1720
f 1620 1719 1718
f 1621 1720 1719
f 1613 1622 1621
f 1614 1623 1622
f 1623 1615 1624
f 1616 1625 1624
f 1617 1626 1625
f 1622 1623 1721
f 1623 1624 1722
f 1622 1721 1720
f 1623 1722 1721
f 1722 1624 1723
f 1624 1625 1723
f 1625 1626 1724
f 1625 1724 1723
f 1626 1725 1724
f 1612 1627 1617
f 1627 1628 1631
f 1627 1631 1617
f 1628 1632 1631
f 1628 1629 1632
f 1629 1630 1633
f 1630 1635 1634
f 1629 1633 1632
f 1633 1630 1634
f 1617 1631 1626
f 1631 1632 1645
f 1632 1633 1646
f 1633 1634 1647
f 1634 1640 1648
f 1635 1636 1640
f 1636 1637 1641
f 1635 1640 1634
f 1636 1641 1640
f 1637 1642 1641
f 1637 1638 1642
f 1638 1639 1643
f 1638 1643 1642
f 1639 1644 1643
f 1640 1641 1649
f 1641 1642 1650
f 1642 1643 1651
f 1643 1644 1652
f 1631 1645 1626
f 1632 1646 1645
f 1633 1647 1646
f 1634 1648 1647
f 1626 1645 1725
f 1645 1646 1744
f 1645 1744 1725
f 1646 1745 1744
f 1646 1647 1745
f 1647 1648 1746
f 1648 1649 1747
f 1647 1746 1745
f 1648 1747 1746
f 1640 1649 1648
f 1641 1650 1649
f 1642 1651 1650
f 1643 1652 1651
f 1644 1653 1652
f 1649 1650 1748
f 1650 1651 1749
f 1649 1748 1747
f 1650 1749 1748
f 1651 1750 1749
f 1651 1652 1750
f 1652 1653 1751
f 1652 1751 1750
f 1653 1752 1751
f 1556 1658 1654
f 1654 1659 1655
f 1655 1660 1656
f 1656 1661 1657
f 1556 1561 1658
f 1654 1658 1659
f 1655 1659 1660
f 1656 1660 1661
f 1657 1661 1667
f 1657 1667 1662
f 1662 1668 1663
f 1663 1669 1664
f 1664 1670 1665
f 1665 1671 1666
f 1662 1667 1668
f 1663 1668 1669
f 1664 1669 1670
f 1665 1670 1671
f 1561 1672 1658
f 1658 1673 1659
f 1561 1570 1672
f 1658 1672 1673
f 1659 1674 1660
f 1660 1675 1661
f 1659 1673 1674
f 1660 1674 1675
f 1661 1675 1676
f 1570 1726 1672
f 1672 1727 1673
f 1570 1599 1726
f 1672 1726 1727
f 1673 1728 1674
f 1674 1729 1675
f 1673 1727 1728
f 1674 1728 1729
f 1675 1729 1730
f 1661 1676 1667
f 1667 1677 1668
f 1668 1678 1669
f 1667 1676 1677
f 1668 1677 1678
f 1669 1679 1670
f 1670 1680 1671
f 1669 1678 1679
f 1670 1679 1680
f 1675 1730 1676
f 1676 1731 1677
f 1677 1732 1678
f 1676 1730 1731
f 1677 1731 1732
f 1678 1733 1679
f 1679 1734 1680
f 1678 1732 1733
f 1679 1733 1734
f 1666 1685 1681
f 1681 1686 1682
f 1682 1687 1683
f 1683 1688 1684
f 1666 1671 1685
f 1681 1685 1686
f 1682 1686 1687
f 1683 1687 1688
f 1684 1688 1694
f 1684 1694 1689
f 1689 1695 1690
f 1690 1696 1691
f 1691 1697 1692
f 1692 1698 1693
f 1689 1694 1695
f 1690 1695 1696
f 1691 1696 1697
f 1692 1697 1698
f 1671 1699 1685
f 1685 1700 1686
f 1671 1680 1699
f 1685 1699 1700
f 1686 1701 1687
f 1687 1702 1688
f 1686 1700 1701
f 1687 1701 1702
f 1688 1702 1703
f 1680 1753 1699
f 1699 1754 1700
f 1680 1734 1753
f 1699 1753 1754
f 1700 1755 1701
f 1701 1756 1702
f 1700 1754 1755
f 1701 1755 1756
f 1702 1756 1757
f 1688 1703 1694
f 1694 1704 1695
f 1695 1705 1696
f 1694 1703 1704
f 1695 1704 1705
f 1696 1706 1697
f 1697 1707 1698
f 1696 1705 1706
f 1697 1706 1707
f 1702 1757 1703
f 1703 1758 1704
f 1704 1759 1705
f 1703 1757 1758
f 1704 1758 1759
f 1705 1760 1706
f 1706 1761 1707
f 1705 1759 1760
f 1706 1760 1761
f 1591 1717 1583
f 1717 1718 1708
f 1583 1717 1708
f 1718 1709 1708
f 1718 1719 1709
f 1719 1720 1710
f 1720 1721 1711
f 1719 1710 1709
f 1720 1711 1710
f 1583 1708 1599
f 1708 1709 1726
f 1708 1726 1599
f 1709 1727 1726
f 1709 1710 1727
f 1710 1711 1728
f 1711 1712 1729
f 1710 1728 1727
f 1711 1729 1728
f 1721 1722 1712
f 1722 1723 1713
f 1721 1712 1711
f 1722 1713 1712
f 1713 1723 1714
f 1723 1724 1714
f 1724 1725 1715
f 1724 1715 1714
f 1725 1716 1715
f 1712 1713 1730
f 1713 1714 1731
f 1712 1730 1729
f 1713 1731 1730
f 1731 1714 1732
f 1714 1715 1732
f 1715 1716 1733
f 1715 1733 1732
f 1716 1734 1733
f 1725 1744 1716
f 1744 1745 1735
f 1744 1735 1716
f 1745 1736 1735
f 1745 1746 1736
f 1746 1747 1737
f 1747 1748 1738
f 1746 1737 1736
f 1737 1747 1738
f 1716 1735 1734
f 1735 1736 1753
f 1735 1753 1734
f 1736 1754 1753
f 1736 1737 1754
f 1737 1738 1755
f 1738 1739 1756
f 1737 1755 1754
f 1738 1756 1755
f 1748 1749 1739
f 1749 1750 1740
f 1748 1739 1738
f 1749 1740 1739
f 1750 1741 1740
f 1750 1751 1741
f 1751 1752 1742
f 1751 1742 1741
f 1752 1743 1742
f 1739 1740 1757
f 1740 1741 1758
f 1739 1757 1756
f 1740 1758 1757
f 1741 1759 1758
f 1741 1742 1759
f 1742 1743 1760
f 1742 1760 1759
f 1743 1761 1760
f 316 1762 689
f 689 1763 690
f 316 1357 1762
f 689 1762 1763
f 690 1763 1764
f 690 1764 691
f 691 1765 692
f 691 1764 1765
f 692 1765 1766
f 1357 1771 1762
f 1762 1772 1763
f 1763 1773 1764
f 1764 1774 1765
f 692 1766 698
f 698 1767 699
f 699 1768 700
f 698 1766 1767
f 699 1767 1768
f 700 1769 701
f 701 1770 702
f 700 1768 1769
f 701 1769 1770
f 1765 1775 1766
f 1766 1776 1767
f 1767 1777 1768
f 1768 1778 1769
f 1769 1779 1770
f 1357 1366 1771
f 1762 1771 1772
f 1763 1772 1773
f 1764 1773 1774
f 1765 1774 1775
f 1766 1775 1776
f 1767 1776 1777
f 1768 1777 1778
f 1769 1778 1779
f 1366 1798 1771
f 1771 1799 1772
f 1366 1397 1798
f 1771 1798 1799
f 1772 1799 1800
f 1772 1800 1773
f 1773 1801 1774
f 1773 1800 1801
f 1774 1801 1806
f 1774 1806 1775
f 1775 1807 1776
f 1776 1808 1777
f 1775 1806 1807
f 1776 1807 1808
f 1777 1809 1778
f 1778 1810 1779
f 1777 1808 1809
f 1778 1809 1810
f 702 1780 716
f 716 1781 717
f 702 1770 1780
f 716 1780 1781
f 717 1781 1782
f 717 1782 718
f 718 1783 719
f 718 1782 1783
f 719 1783 1784
f 1770 1789 1780
f 1780 1790 1781
f 1781 1791 1782
f 1782 1792 1783
f 719 1784 725
f 725 1785 726
f 726 1786 727
f 725 1784 1785
f 726 1785 1786
f 727 1787 728
f 728 1788 729
f 727 1786 1787
f 728 1787 1788
f 1783 1793 1784
f 1784 1794 1785
f 1785 1795 1786
f 1786 1796 1787
f 1787 1797 1788
f 1770 1779 1789
f 1780 1789 1790
f 1781 1790 1791
f 1782 1791 1792
f 1783 1792 1793
f 1784 1793 1794
f 1785 1794 1795
f 1786 1795 1796
f 1787 1796 1797
f 1779 1816 1789
f 1789 1817 1790
f 1779 1810 1816
f 1789 1816 1817
f 1790 1817 1818
f 1790 1818 1791
f 1791 1819 1792
f 1791 1818 1819
f 1792 1819 1824
f 1792 1824 1793
f 1793 1825 1794
f 1794 1826 1795
f 1793 1824 1825
f 1794 1825 1826
f 1795 1827 1796
f 1796 1828 1797
f 1795 1826 1827
f 1796 1827 1828
f 1397 1802 1798
f 1798 1803 1799
f 1799 1804 1800
f 1800 1805 1801
f 1397 1402 1802
f 1798 1802 1803
f 1799 1803 1804
f 1800 1804 1805
f 1801 1805 1811
f 1402 1834 1802
f 1802 1835 1803
f 1803 1836 1804
f 1804 1837 1805
f 1801 1811 1806
f 1806 1812 1807
f 1807 1813 1808
f 1808 1814 1809
f 1809 1815 1810
f 1806 1811 1812
f 1807 1812 1813
f 1808 1813 1814
f 1809 1814 1815
f 1805 1842 1811
f 1811 1843 1812
f 1812 1844 1813
f 1813 1845 1814
f 1814 1846 1815
f 1810 1820 1816
f 1816 1821 1817
f 1817 1822 1818
f 1818 1823 1819
f 1810 1815 1820
f 1816 1820 1821
f 1817 1821 1822
f 1818 1822 1823
f 1819 1823 1829
f 1815 1861 1820
f 1820 1862 1821
f 1821 1863 1822
f 1822 1864 1823
f 1819 1829 1824
f 1824 1830 1825
f 1825 1831 1826
f 1826 1832 1827
f 1827 1833 1828
f 1824 1829 1830
f 1825 1830 1831
f 1826 1831 1832
f 1827 1832 1833
f 1823 1869 1829
f 1829 1870 1830
f 1830 1871 1831
f 1831 1872 1832
f 1832 1873 1833
f 1402 1442 1834
f 1802 1834 1835
f 1803 1835 1836
f 1804 1836 1837
f 1805 1837 1842
f 1811 1842 1843
f 1812 1843 1844
f 1813 1844 1845
f 1814 1845 1846
f 1442 1838 1834
f 1834 1839 1835
f 1835 1840 1836
f 1836 1841 1837
f 1442 1447 1838
f 1834 1838 1839
f 1835 1839 1840
f 1836 1840 1841
f 1837 1841 1847
f 1837 1847 1842
f 1842 1848 1843
f 1843 1849 1844
f 1844 1850 1845
f 1845 1851 1846
f 1842 1847 1848
f 1843 1848 1849
f 1844 1849 1850
f 1845 1850 1851
f 1447 1852 1838
f 1838 1853 1839
f 1447 1456 1852
f 1838 1852 1853
f 1839 1853 1854
f 1839 1854 1840
f 1840 1855 1841
f 1840 1854 1855
f 1841 1855 1856
f 1456 2068 1852
f 1852 2069 1853
f 1456 1693 2068
f 1852 2068 2069
f 1853 2069 2070
f 1853 2070 1854
f 1854 2071 1855
f 1854 2070 2071
f 1855 2071 2076
f 1841 1856 1847
f 1847 1857 1848
f 1848 1858 1849
f 1847 1856 1857
f 1848 1857 1858
f 1849 1859 1850
f 1850 1860 1851
f 1849 1858 1859
f 1850 1859 1860
f 1855 2076 1856
f 1856 2077 1857
f 1857 2078 1858
f 1856 2076 2077
f 1857 2077 2078
f 1858 2079 1859
f 1859 2080 1860
f 1858 2078 2079
f 1859 2079 2080
f 1815 1846 1861
f 1820 1861 1862
f 1821 1862 1863
f 1822 1863 1864
f 1823 1864 1869
f 1829 1869 1870
f 1830 1870 1871
f 1831 1871 1872
f 1832 1872 1873
f 1846 1865 1861
f 1861 1866 1862
f 1862 1867 1863
f 1863 1868 1864
f 1846 1851 1865
f 1861 1865 1866
f 1862 1866 1867
f 1863 1867 1868
f 1864 1868 1874
f 1864 1874 1869
f 1869 1875 1870
f 1870 1876 1871
f 1871 1877 1872
f 1872 1878 1873
f 1869 1874 1875
f 1870 1875 1876
f 1871 1876 1877
f 1872 1877 1878
f 1851 1879 1865
f 1865 1880 1866
f 1851 1860 1879
f 1865 1879 1880
f 1866 1880 1881
f 1866 1881 1867
f 1867 1882 1868
f 1867 1881 1882
f 1868 1882 1883
f 1860 2095 1879
f 1879 2096 1880
f 1860 2080 2095
f 1879 2095 2096
f 1880 2096 2097
f 1880 2097 1881
f 1881 2098 1882
f 1881 2097 2098
f 1882 2098 2103
f 1868 1883 1874
f 1874 1884 1875
f 1875 1885 1876
f 1874 1883 1884
f 1875 1884 1885
f 1876 1886 1877
f 1877 1887 1878
f 1876 1885 1886
f 1877 1886 1887
f 1882 2103 1883
f 1883 2104 1884
f 1884 2105 1885
f 1883 2103 2104
f 1884 2104 2105
f 1885 2106 1886
f 1886 2107 1887
f 1885 2105 2106
f 1886 2106 2107
f 729 1888 830
f 830 1889 831
f 729 1788 1888
f 830 1888 1889
f 831 1889 1890
f 831 1890 832
f 832 1891 833
f 832 1890 1891
f 833 1891 1892
f 1788 1897 1888
f 1888 1898 1889
f 1889 1899 1890
f 1890 1900 1891
f 833 1892 839
f 839 1893 840
f 840 1894 841
f 839 1892 1893
f 840 1893 1894
f 841 1895 842
f 842 1896 843
f 841 1894 1895
f 842 1895 1896
f 1891 1901 1892
f 1892 1902 1893
f 1893 1903 1894
f 1894 1904 1895
f 1895 1905 1896
f 1788 1797 1897
f 1888 1897 1898
f 1889 1898 1899
f 1890 1899 1900
f 1891 1900 1901
f 1892 1901 1902
f 1893 1902 1903
f 1894 1903 1904
f 1895 1904 1905
f 1797 1927 1897
f 1897 1928 1898
f 1797 1828 1927
f 1897 1927 1928
f 1898 1928 1929
f 1898 1929 1899
f 1899 1930 1900
f 1899 1929 1930
f 1900 1930 1935
f 1900 1935 1901
f 1901 1936 1902
f 1902 1937 1903
f 1901 1935 1936
f 1902 1936 1937
f 1903 1938 1904
f 1904 1939 1905
f 1903 1937 1938
f 1904 1938 1939
f 843 1906 860
f 860 1907 861
f 843 1896 1906
f 860 1906 1907
f 861 1907 1908
f 861 1908 862
f 862 1909 863
f 863 1910 867
f 862 1908 1909
f 863 1909 1910
f 1896 1915 1906
f 1906 1916 1907
f 1907 1917 1908
f 1908 1918 1909
f 1909 1919 1910
f 867 1911 868
f 868 1912 869
f 867 1910 1911
f 868 1911 1912
f 869 1913 872
f 869 1912 1913
f 1910 1920 1911
f 1911 1921 1912
f 872 1914 873
f 872 1913 1914
f 1913 1912 1922
f 1913 1923 1914
f 1896 1905 1915
f 1906 1915 1916
f 1907 1916 1917
f 1908 1917 1918
f 1909 1918 1919
f 1910 1919 1920
f 1911 1920 1921
f 1905 1945 1915
f 1915 1946 1916
f 1905 1939 1945
f 1915 1945 1946
f 1916 1946 1947
f 1916 1947 1917
f 1917 1948 1918
f 1918 1953 1919
f 1917 1947 1948
f 1918 1948 1953
f 1912 1921 1922
f 1913 1922 1923
f 1922 1926 1923
f 1919 1954 1920
f 1920 1924 1921
f 1919 1953 1954
f 1920 1954 1924
f 1922 1921 1925
f 1921 1924 1925
f 1922 1925 1926
f 1828 1931 1927
f 1927 1932 1928
f 1928 1933 1929
f 1929 1934 1930
f 1828 1833 1931
f 1927 1931 1932
f 1928 1932 1933
f 1929 1933 1934
f 1930 1934 1940
f 1833 1959 1931
f 1931 1960 1932
f 1932 1961 1933
f 1933 1962 1934
f 1930 1940 1935
f 1935 1941 1936
f 1936 1942 1937
f 1937 1943 1938
f 1938 1944 1939
f 1935 1940 1941
f 1936 1941 1942
f 1937 1942 1943
f 1938 1943 1944
f 1934 1967 1940
f 1940 1968 1941
f 1941 1969 1942
f 1942 1970 1943
f 1943 1971 1944
f 1939 1949 1945
f 1945 1950 1946
f 1946 1951 1947
f 1947 1952 1948
f 1948 1956 1953
f 1939 1944 1949
f 1945 1949 1950
f 1946 1950 1951
f 1947 1951 1952
f 1948 1952 1956
f 1944 1990 1949
f 1949 1991 1950
f 1950 1992 1951
f 1951 1993 1952
f 1952 1998 1956
f 1953 1957 1954
f 1954 1958 1924
f 1953 1956 1957
f 1954 1957 1958
f 1925 1924 1955
f 1925 1986 1926
f 1925 1955 1986
f 1924 1958 1955
f 1956 1999 1957
f 1957 1988 1958
f 1833 1873 1959
f 1931 1959 1960
f 1932 1960 1961
f 1933 1961 1962
f 1934 1962 1967
f 1940 1967 1968
f 1941 1968 1969
f 1942 1969 1970
f 1943 1970 1971
f 1873 1963 1959
f 1959 1964 1960
f 1960 1965 1961
f 1961 1966 1962
f 1873 1878 1963
f 1959 1963 1964
f 1960 1964 1965
f 1961 1965 1966
f 1962 1966 1972
f 1962 1972 1967
f 1967 1973 1968
f 1968 1974 1969
f 1969 1975 1970
f 1970 1976 1971
f 1967 1972 1973
f 1968 1973 1974
f 1969 1974 1975
f 1970 1975 1976
f 1878 1977 1963
f 1963 1978 1964
f 1878 1887 1977
f 1963 1977 1978
f 1964 1978 1979
f 1964 1979 1965
f 1965 1980 1966
f 1965 1979 1980
f 1966 1980 1981
f 1887 2233 1977
f 1977 2234 1978
f 1887 2107 2233
f 1977 2233 2234
f 1978 2234 2235
f 1978 2235 1979
f 1979 2236 1980
f 1979 2235 2236
f 1980 2236 2241
f 1966 1981 1972
f 1972 1982 1973
f 1973 1983 1974
f 1972 1981 1982
f 1973 1982 1983
f 1974 1984 1975
f 1975 1985 1976
f 1974 1983 1984
f 1975 1984 1985
f 1980 2241 1981
f 1981 2242 1982
f 1982 2243 1983
f 1981 2241 2242
f 1982 2242 2243
f 1983 2244 1984
f 1984 2245 1985
f 1983 2243 2244
f 1984 2244 2245
f 1944 1971 1990
f 1949 1990 1991
f 1950 1991 1992
f 1951 1992 1993
f 1952 1993 1998
f 1956 1998 1999
f 1957 1999 1988
f 1955 1958 1987
f 1955 1989 1986
f 1955 1987 1989
f 1958 1988 1987
f 1987 2008 1989
f 1971 1994 1990
f 1990 1995 1991
f 1991 1996 1992
f 1992 1997 1993
f 1993 2000 1998
f 1971 1976 1994
f 1990 1994 1995
f 1991 1995 1996
f 1992 1996 1997
f 1993 1997 2000
f 1998 2001 1999
f 1998 2000 2001
f 1999 2002 1988
f 1999 2001 2002
f 1987 1988 2007
f 1988 2002 2007
f 1987 2007 2008
f 1976 2003 1994
f 1994 2004 1995
f 1976 1985 2003
f 1994 2003 2004
f 1995 2004 2005
f 1995 2005 1996
f 1996 2006 1997
f 1997 2012 2000
f 1996 2005 2006
f 1997 2006 2012
f 1985 2260 2003
f 2003 2261 2004
f 1985 2245 2260
f 2003 2260 2261
f 2004 2261 2262
f 2004 2262 2005
f 2005 2263 2006
f 2006 2272 2012
f 2005 2262 2263
f 2006 2263 2272
f 2000 2013 2001
f 2001 2010 2002
f 2000 2012 2013
f 2001 2013 2010
f 2008 2007 2009
f 2007 2002 2011
f 2002 2010 2011
f 2007 2011 2009
f 2011 2010 2268
f 2012 2273 2013
f 2012 2272 2273
f 2013 2274 2010
f 2013 2273 2274
f 1639 2014 1644
f 2014 2015 2018
f 2015 2016 2019
f 2014 2018 1644
f 2018 2015 2019
f 2016 2017 2020
f 2017 2022 2021
f 2016 2020 2019
f 2017 2021 2020
f 1644 2018 1653
f 2018 2019 2032
f 2019 2020 2033
f 2020 2021 2034
f 2021 2027 2035
f 2022 2023 2027
f 2023 2024 2028
f 2022 2027 2021
f 2023 2028 2027
f 2024 2029 2028
f 2024 2025 2029
f 2025 2026 2030
f 2029 2025 2030
f 2026 2031 2030
f 2027 2028 2036
f 2028 2029 2037
f 2029 2030 2038
f 2030 2031 2039
f 2018 2032 1653
f 2032 2019 2033
f 2020 2034 2033
f 2021 2035 2034
f 1653 2032 1752
f 2032 2033 2131
f 2033 2034 2132
f 2032 2131 1752
f 2033 2132 2131
f 2034 2035 2133
f 2035 2036 2134
f 2034 2133 2132
f 2035 2134 2133
f 2027 2036 2035
f 2028 2037 2036
f 2029 2038 2037
f 2030 2039 2038
f 2031 2040 2039
f 2036 2037 2135
f 2037 2038 2136
f 2036 2135 2134
f 2037 2136 2135
f 2038 2137 2136
f 2038 2039 2137
f 2039 2040 2138
f 2039 2138 2137
f 2040 2139 2138
f 2026 2041 2031
f 2041 2042 2045
f 2042 2043 2046
f 2041 2045 2031
f 2042 2046 2045
f 2043 2044 2047
f 2044 2049 2048
f 2043 2047 2046
f 2044 2048 2047
f 2031 2045 2040
f 2045 2046 2059
f 2046 2047 2060
f 2047 2048 2061
f 2048 2054 2062
f 2049 2050 2054
f 2050 2051 2055
f 2048 2049 2054
f 2050 2055 2054
f 2051 2056 2055
f 2051 2052 2056
f 2052 2053 2057
f 2052 2057 2056
f 2053 2058 2057
f 2054 2055 2063
f 2055 2056 2064
f 2056 2057 2065
f 2057 2058 2066
f 2045 2059 2040
f 2046 2060 2059
f 2047 2061 2060
f 2048 2062 2061
f 2040 2059 2139
f 2059 2060 2158
f 2060 2061 2159
f 2059 2158 2139
f 2060 2159 2158
f 2061 2062 2160
f 2062 2063 2161
f 2061 2160 2159
f 2062 2161 2160
f 2062 2054 2063
f 2055 2064 2063
f 2056 2065 2064
f 2057 2066 2065
f 2058 2067 2066
f 2063 2064 2162
f 2064 2065 2163
f 2161 2063 2162
f 2064 2163 2162
f 2065 2164 2163
f 2065 2066 2164
f 2066 2067 2165
f 2066 2165 2164
f 2067 2166 2165
f 1693 2072 2068
f 2068 2073 2069
f 2069 2074 2070
f 2070 2075 2071
f 1693 1698 2072
f 2068 2072 2073
f 2069 2073 2074
f 2070 2074 2075
f 2071 2075 2081
f 2071 2081 2076
f 2076 2082 2077
f 2077 2083 2078
f 2078 2084 2079
f 2079 2085 2080
f 2076 2081 2082
f 2077 2082 2083
f 2078 2083 2084
f 2079 2084 2085
f 1698 2086 2072
f 2072 2087 2073
f 1698 1707 2086
f 2072 2086 2087
f 2073 2087 2088
f 2073 2088 2074
f 2074 2089 2075
f 2074 2088 2089
f 2075 2089 2090
f 1707 2140 2086
f 2086 2141 2087
f 1707 1761 2140
f 2086 2140 2141
f 2087 2141 2142
f 2087 2142 2088
f 2088 2143 2089
f 2088 2142 2143
f 2089 2143 2144
f 2075 2090 2081
f 2081 2091 2082
f 2082 2092 2083
f 2081 2090 2091
f 2082 2091 2092
f 2083 2093 2084
f 2084 2094 2085
f 2083 2092 2093
f 2084 2093 2094
f 2089 2144 2090
f 2090 2145 2091
f 2091 2146 2092
f 2090 2144 2145
f 2091 2145 2146
f 2092 2147 2093
f 2093 2148 2094
f 2092 2146 2147
f 2093 2147 2148
f 2080 2099 2095
f 2095 2100 2096
f 2096 2101 2097
f 2097 2102 2098
f 2080 2085 2099
f 2095 2099 2100
f 2096 2100 2101
f 2097 2101 2102
f 2098 2102 2108
f 2098 2108 2103
f 2103 2109 2104
f 2104 2110 2105
f 2105 2111 2106
f 2106 2112 2107
f 2103 2108 2109
f 2104 2109 2110
f 2105 2110 2111
f 2106 2111 2112
f 2085 2113 2099
f 2099 2114 2100
f 2085 2094 2113
f 2099 2113 2114
f 2100 2114 2115
f 2100 2115 2101
f 2101 2116 2102
f 2101 2115 2116
f 2102 2116 2117
f 2094 2167 2113
f 2113 2168 2114
f 2094 2148 2167
f 2113 2167 2168
f 2114 2168 2169
f 2114 2169 2115
f 2115 2170 2116
f 2115 2169 2170
f 2116 2170 2171
f 2102 2117 2108
f 2108 2118 2109
f 2109 2119 2110
f 2108 2117 2118
f 2109 2118 2119
f 2110 2120 2111
f 2111 2121 2112
f 2110 2119 2120
f 2111 2120 2121
f 2116 2171 2117
f 2117 2172 2118
f 2118 2173 2119
f 2117 2171 2172
f 2118 2172 2173
f 2119 2174 2120
f 2120 2175 2121
f 2119 2173 2174
f 2120 2174 2175
f 1752 2131 1743
f 2131 2132 2122
f 2132 2133 2123
f 2131 2122 1743
f 2122 2132 2123
f 2133 2134 2124
f 2134 2135 2125
f 2133 2124 2123
f 2134 2125 2124
f 1743 2122 1761
f 2122 2123 2140
f 2123 2124 2141
f 2122 2140 1761
f 2140 2123 2141
f 2124 2125 2142
f 2125 2126 2143
f 2124 2142 2141
f 2125 2143 2142
f 2135 2136 2126
f 2136 2137 2127
f 2135 2126 2125
f 2136 2127 2126
f 2137 2128 2127
f 2137 2138 2128
f 2138 2139 2129
f 2128 2138 2129
f 2139 2130 2129
f 2126 2127 2144
f 2127 2128 2145
f 2126 2144 2143
f 2127 2145 2144
f 2128 2146 2145
f 2128 2129 2146
f 2129 2130 2147
f 2129 2147 2146
f 2130 2148 2147
f 2139 2158 2130
f 2158 2159 2149
f 2159 2160 2150
f 2158 2149 2130
f 2159 2150 2149
f 2160 2161 2151
f 2161 2162 2152
f 2160 2151 2150
f 2161 2152 2151
f 2130 2149 2148
f 2149 2150 2167
f 2150 2151 2168
f 2149 2167 2148
f 2150 2168 2167
f 2151 2152 2169
f 2152 2153 2170
f 2151 2169 2168
f 2152 2170 2169
f 2162 2163 2153
f 2163 2164 2154
f 2152 2162 2153
f 2163 2154 2153
f 2164 2155 2154
f 2164 2165 2155
f 2165 2166 2156
f 2165 2156 2155
f 2166 2157 2156
f 2153 2154 2171
f 2154 2155 2172
f 2170 2153 2171
f 2154 2172 2171
f 2155 2173 2172
f 2155 2156 2173
f 2156 2157 2174
f 2156 2174 2173
f 2157 2175 2174
f 2053 2176 2058
f 2176 2177 2180
f 2177 2178 2181
f 2176 2180 2058
f 2180 2177 2181
f 2178 2179 2182
f 2179 2184 2183
f 2178 2182 2181
f 2179 2183 2182
f 2058 2180 2067
f 2180 2181 2194
f 2181 2182 2195
f 2182 2183 2196
f 2183 2189 2197
f 2184 2185 2189
f 2185 2186 2190
f 2184 2189 2183
f 2185 2190 2189
f 2186 2191 2190
f 2186 2187 2191
f 2187 2188 2192
f 2191 2187 2192
f 2188 2193 2192
f 2189 2190 2198
f 2190 2191 2199
f 2191 2192 2200
f 2192 2193 2201
f 2180 2194 2067
f 2181 2195 2194
f 2182 2196 2195
f 2183 2197 2196
f 2067 2194 2166
f 2194 2195 2296
f 2195 2196 2297
f 2194 2296 2166
f 2195 2297 2296
f 2196 2197 2298
f 2197 2198 2299
f 2196 2298 2297
f 2197 2299 2298
f 2189 2198 2197
f 2190 2199 2198
f 2191 2200 2199
f 2200 2192 2201
f 2193 2202 2201
f 2198 2199 2300
f 2199 2200 2301
f 2198 2300 2299
f 2199 2301 2300
f 2200 2302 2301
f 2200 2201 2302
f 2201 2202 2303
f 2201 2303 2302
f 2202 2304 2303
f 2188 2203 2193
f 2203 2204 2207
f 2204 2205 2208
f 2203 2207 2193
f 2204 2208 2207
f 2205 2206 2209
f 2206 2211 2210
f 2205 2209 2208
f 2206 2210 2209
f 2211 2216 2210
f 2193 2207 2202
f 2207 2208 2221
f 2208 2209 2222
f 2209 2210 2223
f 2210 2216 2224
f 2211 2212 2216
f 2212 2213 2217
f 2216 2212 2217
f 2213 2218 2217
f 2213 2214 2218
f 2214 2215 2219
f 2214 2219 2218
f 2215 2220 2219
f 2216 2217 2225
f 2217 2218 2226
f 2219 2227 2218
f 2219 2220 2228
f 2207 2221 2202
f 2208 2222 2221
f 2209 2223 2222
f 2210 2224 2223
f 2216 2225 2224
f 2202 2221 2304
f 2221 2222 2326
f 2222 2223 2327
f 2221 2326 2304
f 2222 2327 2326
f 2223 2224 2328
f 2224 2225 2329
f 2223 2328 2327
f 2224 2329 2328
f 2225 2330 2329
f 2217 2226 2225
f 2218 2227 2226
f 2219 2228 2227
f 2220 2229 2228
f 2225 2226 2330
f 2226 2227 2331
f 2226 2331 2330
f 2227 2230 2331
f 2228 2231 2230
f 2228 2230 2227
f 2228 2229 2231
f 2229 2232 2231
f 2107 2237 2233
f 2233 2238 2234
f 2234 2239 2235
f 2235 2240 2236
f 2107 2112 2237
f 2233 2237 2238
f 2234 2238 2239
f 2235 2239 2240
f 2236 2240 2246
f 2236 2246 2241
f 2241 2247 2242
f 2242 2248 2243
f 2243 2249 2244
f 2244 2250 2245
f 2241 2246 2247
f 2242 2247 2248
f 2243 2248 2249
f 2244 2249 2250
f 2112 2251 2237
f 2237 2252 2238
f 2112 2121 2251
f 2237 2251 2252
f 2238 2252 2253
f 2238 2253 2239
f 2239 2254 2240
f 2239 2253 2254
f 2240 2254 2255
f 2121 2305 2251
f 2251 2306 2252
f 2121 2175 2305
f 2251 2305 2306
f 2252 2306 2307
f 2252 2307 2253
f 2253 2308 2254
f 2253 2307 2308
f 2254 2308 2309
f 2240 2255 2246
f 2246 2256 2247
f 2247 2257 2248
f 2246 2255 2256
f 2247 2256 2257
f 2248 2258 2249
f 2249 2259 2250
f 2248 2257 2258
f 2249 2258 2259
f 2254 2309 2255
f 2255 2310 2256
f 2256 2311 2257
f 2255 2309 2310
f 2256 2310 2311
f 2257 2312 2258
f 2258 2313 2259
f 2257 2311 2312
f 2258 2312 2313
f 2284 2320 2285
f 2245 2264 2260
f 2260 2265 2261
f 2261 2266 2262
f 2262 2267 2263
f 2263 2275 2272
f 2245 2250 2264
f 2260 2264 2265
f 2261 2265 2266
f 2262 2266 2267
f 2263 2267 2275
f 2011 2269 2009
f 2011 2268 2269
f 2268 2274 2271
f 2274 2270 2271
f 2268 2283 2269
f 2268 2271 2283
f 2272 2276 2273
f 2273 2270 2274
f 2010 2274 2268
f 2272 2275 2276
f 2273 2276 2270
f 2250 2277 2264
f 2264 2278 2265
f 2250 2259 2277
f 2264 2277 2278
f 2265 2278 2279
f 2265 2279 2266
f 2266 2280 2267
f 2267 2281 2275
f 2266 2279 2280
f 2267 2280 2281
f 2259 2332 2277
f 2277 2333 2278
f 2259 2313 2332
f 2277 2332 2333
f 2278 2333 2334
f 2278 2334 2279
f 2279 2335 2280
f 2280 2336 2281
f 2279 2334 2335
f 2280 2335 2336
f 2275 2282 2276
f 2276 2286 2270
f 2275 2281 2282
f 2276 2282 2286
f 2271 2285 2283
f 2271 2284 2285
f 2270 2284 2271
f 2270 2286 2284
f 2281 2337 2282
f 2282 2322 2286
f 2281 2336 2337
f 2282 2337 2322
f 2284 2286 2321
f 2286 2322 2321
f 2166 2296 2157
f 2296 2297 2287
f 2297 2298 2288
f 2296 2287 2157
f 2287 2297 2288
f 2298 2299 2289
f 2299 2300 2290
f 2298 2289 2288
f 2299 2290 2289
f 2157 2287 2175
f 2287 2288 2305
f 2288 2289 2306
f 2287 2305 2175
f 2288 2306 2305
f 2289 2290 2307
f 2290 2291 2308
f 2289 2307 2306
f 2290 2308 2307
f 2300 2301 2291
f 2301 2302 2292
f 2300 2291 2290
f 2301 2292 2291
f 2302 2293 2292
f 2302 2303 2293
f 2303 2304 2294
f 2293 2303 2294
f 2304 2295 2294
f 2291 2292 2309
f 2292 2293 2310
f 2291 2309 2308
f 2292 2310 2309
f 2293 2311 2310
f 2293 2294 2311
f 2294 2295 2312
f 2311 2294 2312
f 2295 2313 2312
f 2304 2326 2295
f 2326 2327 2314
f 2327 2328 2315
f 2326 2314 2295
f 2327 2315 2314
f 2328 2329 2316
f 2329 2330 2317
f 2328 2316 2315
f 2329 2317 2316
f 2330 2323 2317
f 2295 2314 2313
f 2314 2315 2332
f 2315 2316 2333
f 2314 2332 2313
f 2315 2333 2332
f 2316 2317 2334
f 2317 2323 2335
f 2316 2334 2333
f 2317 2335 2334
f 2323 2336 2335
f 2330 2331 2323
f 2331 2230 2324
f 2323 2331 2324
f 2230 2325 2324
f 2230 2231 2325
f 2318 2231 2232
f 2318 2232 2319
f 2318 2325 2231
f 2323 2324 2336
f 2324 2325 2337
f 2324 2337 2336
f 2325 2322 2337
f 2318 2322 2325
f 2319 2320 2321
f 2284 2321 2320
f 2318 2321 2322
f 2318 2319 2321
f 812 809 2418
f 812 2418 2446
f 815 2415 809
f 815 2416 2415
f 815 816 2416
f 816 2426 2416
f 2416 2417 2415
f 2417 2420 2415
f 809 2415 2418
f 2418 2415 2420
f 2418 2420 2419
f 2418 2419 2446
f 2417 2431 2420
f 2420 2431 2421
f 2420 2421 2419
f 2419 2421 2452
f 2452 2421 2422
f 2421 2432 2422
f 850 2423 2426
f 850 855 2423
f 2426 2423 2428
f 855 2424 2423
f 855 871 2424
f 2423 2425 2428
f 2423 2424 2425
f 871 4512 2424
f 871 873 4512
f 2424 4513 2425
f 2424 4512 4513
f 816 850 2426
f 2416 2426 2427
f 2416 2427 2417
f 2417 2427 2430
f 2417 2430 2431
f 2431 2430 2433
f 2426 2428 2427
f 2427 2428 2429
f 2427 2429 2430
f 2430 2438 2433
f 2430 2429 2438
f 2431 2432 2421
f 2431 2433 2432
f 2422 2432 2434
f 2422 2434 2543
f 2432 2435 2434
f 2432 2433 2435
f 2433 2440 2435
f 2433 2438 2440
f 2435 2440 2441
f 2434 2435 2436
f 2434 2436 2544
f 2435 2441 2436
f 2436 2442 2548
f 2428 2425 2437
f 2428 2437 2429
f 2429 2437 2439
f 2429 2439 2438
f 2439 2443 2438
f 2425 4513 4517
f 2425 4517 2437
f 2437 4517 4518
f 2437 4518 2439
f 2439 4522 2443
f 2439 4518 4522
f 2438 2443 2440
f 2440 2443 2444
f 2440 2444 2441
f 2436 2441 2442
f 2441 2445 2442
f 2441 2444 2445
f 2442 2445 2560
f 2443 4523 2444
f 2443 4522 4523
f 2444 4523 4526
f 2444 4526 2445
f 2445 4527 2560
f 2445 4526 4527
f 812 2446 1059
f 2446 2447 1059
f 1059 2447 1068
f 2447 2450 2448
f 1068 2447 2448
f 1068 2448 1071
f 2446 2419 2449
f 2446 2449 2447
f 2449 2419 2452
f 2449 2452 2451
f 2447 2449 2450
f 2449 2451 2450
f 2450 2451 2457
f 2451 2454 2457
f 2452 2422 2453
f 2452 2453 2451
f 2422 2543 2453
f 2543 2455 2453
f 2451 2453 2454
f 2453 2455 2454
f 2454 2455 2463
f 2463 2455 2456
f 2450 2458 2448
f 2450 2457 2458
f 2454 2461 2457
f 2458 2457 2460
f 2457 2461 2460
f 2448 2459 1071
f 2448 2458 2459
f 1071 2459 1111
f 2458 2469 2459
f 2458 2460 2469
f 2461 2462 2460
f 2454 2463 2461
f 2463 2465 2461
f 2461 2465 2462
f 2465 2476 2462
f 2463 2456 2464
f 2464 2456 2553
f 2463 2464 2465
f 2464 2553 2467
f 2465 2466 2476
f 2464 2466 2465
f 2464 2467 2466
f 2467 2478 2466
f 2467 2468 2478
f 2459 2470 1111
f 2459 2469 2470
f 2469 2471 2472
f 2469 2472 2470
f 2469 2460 2471
f 2460 2462 2471
f 1111 2470 1116
f 2471 2462 2474
f 2462 2476 2474
f 2470 2473 1116
f 2470 2472 2473
f 1116 2473 1147
f 2472 2486 2473
f 2472 2475 2486
f 2472 2471 2475
f 2471 2474 2475
f 2476 2481 2474
f 2474 2487 2475
f 2474 2481 2487
f 2476 2466 2477
f 2466 2478 2477
f 2478 2483 2477
f 2478 2468 2480
f 2468 2557 2479
f 2468 2479 2480
f 2478 2480 2483
f 2480 2479 2484
f 2476 2477 2481
f 2481 2477 2482
f 2477 2483 2482
f 2481 2482 2602
f 2480 2485 2483
f 2480 2484 2485
f 2483 2485 2604
f 2485 2484 2488
f 2486 2475 2595
f 2475 2487 2595
f 2481 2602 2487
f 2479 2614 2499
f 2614 2498 2499
f 2479 2499 2484
f 2498 2500 2499
f 2498 2501 2500
f 2499 2500 2515
f 2499 2515 2484
f 2484 2515 2488
f 2498 2616 2501
f 2501 2616 2623
f 2623 2503 2502
f 2500 2501 2518
f 2501 2623 2522
f 2623 2502 2522
f 2522 2502 2504
f 2515 2516 2488
f 2500 2517 2515
f 2500 2518 2517
f 2515 2517 2516
f 2488 2516 2608
f 2526 2517 2518
f 2527 2526 2518
f 2527 2518 2522
f 2527 2522 2519
f 2527 2519 2520
f 2527 2521 2528
f 2527 2520 2521
f 2501 2522 2518
f 2522 2504 2523
f 2522 2523 2524
f 2522 2524 2519
f 2516 2643 2608
f 2516 2525 2643
f 2517 2525 2516
f 2526 2525 2517
f 2525 3234 2643
f 2527 2529 2526
f 2527 2528 2540
f 2526 2529 3235
f 2527 2540 2529
f 2526 3235 2525
f 2540 2528 2535
f 2540 2535 2538
f 2540 2541 2536
f 2540 2538 2539
f 2540 2539 2541
f 2540 2536 3260
f 2543 2545 2455
f 2543 2544 2545
f 2543 2434 2544
f 2544 2547 2545
f 2455 2545 2456
f 2456 2545 2546
f 2545 2547 2546
f 2546 2547 2550
f 2546 2550 2554
f 2550 2551 2554
f 2544 2548 2547
f 2544 2436 2548
f 2548 2549 2547
f 2548 2558 2549
f 2547 2549 2550
f 2550 2549 2552
f 2550 2552 2551
f 2549 2559 2552
f 2456 2546 2553
f 2553 2546 2554
f 2553 2554 2556
f 2556 2554 2555
f 2554 2551 2555
f 2553 2556 2467
f 2556 2468 2467
f 2556 2555 2557
f 2556 2557 2468
f 2548 2442 2558
f 2549 2558 2559
f 2442 2560 2558
f 2558 2560 2561
f 2558 2561 2559
f 2560 4551 2561
f 2560 4527 4551
f 2551 2552 2566
f 2552 2572 2566
f 2555 2551 2562
f 2555 2562 2563
f 2555 2563 2557
f 2557 2563 2614
f 2614 2563 2615
f 2562 2564 2563
f 2615 2563 2564
f 2615 2564 2565
f 2551 2566 2562
f 2562 2566 2567
f 2562 2567 2564
f 2566 2575 2567
f 2567 2568 2564
f 2564 2568 2565
f 2565 2568 2629
f 2568 2632 2629
f 2567 2576 2568
f 2576 2578 2568
f 2568 2569 2570
f 2568 2570 2632
f 2568 2578 2569
f 2559 2561 2573
f 2552 2559 2572
f 2566 2572 2575
f 2559 2573 2572
f 2572 2573 2574
f 2572 2574 2575
f 2561 4551 4571
f 2561 4571 2573
f 2573 4572 2574
f 2573 4571 4572
f 2567 2575 2576
f 2575 2574 2583
f 2575 2583 2576
f 2576 2579 2578
f 2576 2577 2580
f 2576 2580 2579
f 2576 2583 2582
f 2576 2582 2577
f 2574 4572 4576
f 2574 4576 2583
f 2583 4576 2589
f 2583 2586 2585
f 2583 2589 2586
f 2583 2584 2582
f 2583 2585 2584
f 4576 4578 2589
f 2589 2588 2586
f 2483 2604 2482
f 2473 2593 1147
f 2473 2486 2593
f 2486 2594 2593
f 2486 2595 2594
f 1147 2593 1152
f 2593 2594 2597
f 2487 2596 2595
f 2487 2602 2596
f 2602 2606 2596
f 2594 2595 2599
f 2595 2596 2599
f 2596 2600 2599
f 2596 2606 2600
f 2593 2597 1152
f 2594 2599 2598
f 2594 2598 2597
f 1152 2597 1161
f 2599 2600 2601
f 2606 2611 2600
f 2598 2599 2601
f 2600 2611 3292
f 2600 3292 2601
f 2482 2603 2602
f 2482 2604 2603
f 2602 2603 2606
f 2604 2609 2603
f 2485 2605 2604
f 2485 2488 2605
f 2604 2605 2609
f 2605 2488 2608
f 2606 2603 2607
f 2603 2609 2607
f 2609 3286 2607
f 2605 2610 2609
f 2605 2608 2610
f 2608 3284 2610
f 2609 2610 3286
f 2606 2607 2611
f 2607 3285 2611
f 2597 2612 1161
f 2597 2598 2612
f 2598 2601 2613
f 2598 2613 2612
f 2613 2601 3293
f 1161 2612 2215
f 2612 2613 4608
f 2613 3293 4609
f 2612 4608 2215
f 2613 4609 4608
f 2479 2557 2614
f 2614 2615 2498
f 2615 2616 2498
f 2615 2565 2616
f 2616 2619 2623
f 2623 2619 2617
f 2616 2565 2619
f 2619 2626 2618
f 2565 2629 2619
f 2619 2628 2626
f 2619 2618 2620
f 2619 2620 2622
f 2619 2621 2617
f 2619 2622 2621
f 2623 2617 2625
f 2623 2624 2503
f 2623 2625 2624
f 2619 2629 2628
f 2629 2631 2630
f 2629 2630 2628
f 2629 2632 2631
f 2608 2643 3284
f 2525 3235 3234
f 3234 3237 3306
f 2529 2540 3260
f 2529 3260 3236
f 2529 3236 3235
f 3236 3260 3261
f 3234 3235 3237
f 3236 3237 3235
f 3236 3261 3238
f 3261 3276 3238
f 3236 3238 3237
f 3237 3238 3308
f 3260 3240 3242
f 3260 3242 3243
f 3260 3243 3248
f 3248 3243 3245
f 3248 3245 3246
f 3248 3246 3249
f 3248 3249 3250
f 3248 3250 3252
f 3250 3247 3252
f 3248 3252 3251
f 3261 3248 3262
f 3248 3251 3262
f 3262 3251 3253
f 3262 3253 3255
f 3266 3255 3256
f 3266 3256 3257
f 3260 2536 2537
f 3260 2537 2542
f 3260 2542 3259
f 3260 3259 3240
f 3260 3248 3261
f 3261 3262 3276
f 3276 3310 3238
f 3238 3310 3308
f 3276 3278 3310
f 3262 3255 3266
f 3262 3266 3277
f 3266 3257 3258
f 3266 3258 3263
f 3270 3263 3264
f 3270 3264 3265
f 3266 3263 3270
f 3270 3265 3268
f 3266 3270 3280
f 3270 3268 3267
f 3270 3267 3269
f 3270 3269 3271
f 3273 3271 3272
f 3270 3271 3273
f 3273 3272 3362
f 3273 3362 3361
f 3270 3274 3280
f 3270 3273 3274
f 3274 3273 3275
f 3276 3262 3277
f 3266 3280 3277
f 3276 3277 3278
f 3277 3280 3279
f 3280 3283 3279
f 3278 3277 3279
f 3274 3283 3280
f 3274 3275 3281
f 3279 3283 3324
f 3274 3281 3283
f 3275 3282 3281
f 3283 3281 3325
f 3281 3326 3325
f 3282 3326 3281
f 3282 3327 3326
f 2611 3295 3292
f 2610 3287 3286
f 2610 3284 3287
f 3287 3284 3288
f 2607 3286 3285
f 3286 3289 3285
f 2611 3285 3295
f 3285 3289 3296
f 3286 3287 3289
f 3287 3290 3289
f 3287 3288 3290
f 3289 3290 3297
f 3290 3288 3291
f 3290 3291 3298
f 2601 3292 3293
f 3292 3295 3294
f 3292 3294 3293
f 3295 3300 3294
f 3293 3294 5285
f 3294 3300 5286
f 3293 5285 4609
f 3294 5286 5285
f 3300 5290 5286
f 3285 3296 3295
f 3289 3297 3296
f 3295 3296 3300
f 3296 3301 3300
f 3296 3297 3301
f 3297 3302 3301
f 3290 3298 3297
f 3291 3299 3298
f 3297 3298 3302
f 3298 3303 3302
f 3298 3299 3303
f 3300 3301 5290
f 3301 3302 5292
f 3301 5292 5290
f 3302 5294 5292
f 3302 3303 5294
f 3303 5295 5294
f 3303 3299 3304
f 3303 3304 5295
f 3304 5303 5295
f 3234 3305 2643
f 2643 3305 3284
f 3234 3306 3305
f 3284 3305 3288
f 3306 3308 3309
f 3306 3307 3305
f 3305 3307 3288
f 3306 3309 3307
f 3306 3237 3308
f 3288 3307 3291
f 3307 3309 3313
f 3307 3313 3291
f 3291 3313 3299
f 3308 3310 3311
f 3278 3312 3310
f 3310 3312 3311
f 3308 3311 3309
f 3278 3317 3312
f 3311 3312 3315
f 3312 3317 3316
f 3309 3311 3314
f 3309 3314 3313
f 3313 3314 3318
f 3314 3315 3319
f 3311 3315 3314
f 3312 3316 3315
f 3315 3320 3319
f 3315 3316 3320
f 3316 3336 3320
f 3278 3279 3317
f 3279 3324 3317
f 3313 3318 3299
f 3314 3319 3318
f 3299 3318 3304
f 3318 3319 3321
f 3318 3321 3304
f 3319 3320 3322
f 3319 3322 3321
f 3336 3323 3320
f 3320 3323 3322
f 3304 3321 5303
f 3321 3322 5313
f 3321 5313 5303
f 3322 3323 5315
f 3322 5315 5313
f 3323 5334 5315
f 3317 3330 3316
f 3330 3336 3316
f 3330 3338 3336
f 3283 3325 3324
f 3324 3330 3317
f 3324 3331 3330
f 3324 3325 3331
f 3325 3332 3331
f 3325 3326 3332
f 3326 3327 3328
f 3326 3328 3332
f 3327 3329 3328
f 3330 3331 3338
f 3331 3332 3339
f 3338 3331 3339
f 3332 3333 3339
f 3332 3328 3333
f 3328 3329 3334
f 3328 3334 3333
f 3329 3335 3334
f 3336 3338 3337
f 3336 3337 3323
f 3338 3342 3337
f 3337 5334 3323
f 3337 3342 5335
f 3337 5335 5334
f 3342 5338 5335
f 3338 3339 3342
f 3339 3333 3340
f 3342 3339 3340
f 3333 3341 3340
f 3333 3334 3341
f 3342 3340 5338
f 3340 3341 5339
f 3340 5339 5338
f 3341 5345 5339
f 3334 3335 3343
f 3334 3343 3341
f 3335 3344 3343
f 3341 3343 5345
f 3343 3344 5346
f 3343 5346 5345
f 3344 5347 5346
f 3367 3361 3363
f 3273 3361 3367
f 3367 3363 3365
f 3367 3365 3364
f 3367 3364 3366
f 3367 3366 3369
f 3367 3369 3368
f 3273 3367 3275
f 3367 3368 3376
f 3376 3368 3370
f 3376 3370 3371
f 3377 3371 3372
f 3377 3372 3374
f 3377 3374 3373
f 3377 3375 3380
f 3377 3373 3375
f 3367 3376 3275
f 3376 3371 3377
f 3385 3380 3381
f 3385 3381 3382
f 3377 3380 3385
f 3385 3382 3383
f 3385 3383 3384
f 3385 3384 3389
f 3389 3384 3386
f 3389 3386 3387
f 3389 3387 3388
f 3389 3388 3390
f 3395 3390 3391
f 3389 3390 3395
f 3389 3395 3428
f 3395 3391 3393
f 3395 3393 3394
f 3395 3394 3396
f 3395 3396 3397
f 3395 3397 3398
f 3395 3398 3429
f 3429 3398 3399
f 3429 3399 3400
f 3406 3405 3407
f 3430 3400 3402
f 3430 3402 3401
f 3430 3401 3404
f 3430 3404 3405
f 3430 3405 3406
f 3458 3406 3408
f 3458 3408 3410
f 3458 3410 3411
f 3275 3376 3282
f 3376 3377 3425
f 3376 3425 3282
f 3377 3385 3426
f 3377 3426 3425
f 3282 3425 3327
f 3425 3426 3449
f 3426 3427 3450
f 3426 3450 3449
f 3385 3389 3427
f 3426 3385 3427
f 3389 3428 3427
f 3395 3429 3428
f 3427 3428 3453
f 3450 3427 3453
f 3428 3429 3454
f 3425 3449 3327
f 3429 3400 3430
f 3430 3406 3458
f 3458 3411 3412
f 3462 3412 3431
f 3462 3431 3432
f 3462 3432 3433
f 3462 3433 3434
f 3463 3434 3435
f 3463 3435 3436
f 3463 3436 3437
f 3428 3454 3453
f 3429 3459 3454
f 3327 3449 3329
f 3449 3450 3451
f 3450 3453 3452
f 3449 3451 3329
f 3450 3452 3451
f 3454 3455 3453
f 3453 3455 3452
f 3454 3459 3456
f 3454 3456 3455
f 3459 3466 3456
f 3329 3451 3335
f 3451 3452 3471
f 3452 3455 3472
f 3452 3472 3471
f 3455 3456 3473
f 3456 3466 3457
f 3472 3455 3473
f 3456 3457 3473
f 3466 3474 3457
f 3429 3430 3459
f 3430 3460 3459
f 3430 3458 3460
f 3458 3461 3460
f 3458 3412 3462
f 3458 3462 3461
f 3462 3434 3463
f 3462 3463 3464
f 3462 3464 3461
f 3463 3465 3464
f 3459 3460 3466
f 3460 3467 3466
f 3460 3461 3467
f 3461 3464 3468
f 3463 3437 3465
f 3464 3465 3469
f 3465 3437 3438
f 3465 3438 3470
f 3461 3468 3467
f 3466 3467 3474
f 3467 3476 3474
f 3467 3468 3476
f 3468 3475 3476
f 3464 3469 3468
f 3465 3470 3469
f 3468 3469 3475
f 3469 3470 3477
f 3451 3471 3335
f 3457 3474 3486
f 3470 3438 3478
f 3474 3476 3487
f 3476 3475 3479
f 3476 3479 3487
f 3475 3480 3479
f 3470 3478 3477
f 3469 3477 3475
f 3475 3477 3480
f 3477 3481 3480
f 3477 3478 3481
f 3478 3482 3481
f 3478 3438 5411
f 3479 3480 5460
f 3480 5439 5460
f 3478 5411 3482
f 3480 3481 5439
f 3482 5442 3481
f 3482 5411 5443
f 3481 5442 5439
f 3482 5443 5442
f 3335 3471 3344
f 3471 3472 3483
f 3472 3473 3484
f 3471 3483 3344
f 3472 3484 3483
f 3473 3457 3485
f 3473 3485 3484
f 3457 3486 3485
f 3474 3487 3486
f 3344 3483 5347
f 3483 3484 5451
f 3484 3485 5452
f 3483 5451 5347
f 3484 5452 5451
f 3485 3486 5453
f 3486 3487 5454
f 3485 5453 5452
f 3486 5454 5453
f 3487 5459 5454
f 3487 3479 5459
f 3479 5460 5459
f 873 4514 4512
f 873 1914 4514
f 4512 4515 4513
f 4512 4514 4515
f 1914 4516 4514
f 4514 4532 4515
f 4514 4516 4532
f 1914 1923 4516
f 1923 4535 4516
f 1923 1926 4535
f 4513 4515 4520
f 4513 4520 4517
f 4517 4520 4519
f 4517 4519 4518
f 4518 4524 4522
f 4518 4519 4524
f 4515 4532 4533
f 4515 4533 4520
f 4520 4521 4519
f 4519 4529 4524
f 4520 4533 4521
f 4519 4521 4529
f 4522 4525 4523
f 4522 4524 4525
f 4523 4525 4528
f 4523 4528 4526
f 4526 4552 4527
f 4526 4528 4552
f 4524 4530 4525
f 4524 4529 4530
f 4525 4531 4528
f 4525 4530 4531
f 4529 4541 4530
f 4530 4556 4531
f 4528 4554 4552
f 4528 4531 4554
f 4532 4516 4536
f 4532 4536 4534
f 4532 4534 4533
f 4533 4537 4521
f 4533 4534 4537
f 4516 4535 4536
f 4535 1926 4543
f 4535 4544 4536
f 4535 4543 4544
f 4536 4544 4538
f 4536 4538 4534
f 4529 4521 4540
f 4521 4537 4540
f 4540 4537 4542
f 4534 4538 4539
f 4534 4539 4537
f 4537 4539 4542
f 4539 4538 4548
f 4539 4563 4542
f 4539 4548 4563
f 4529 4540 4541
f 4530 4541 4556
f 4540 4562 4541
f 4540 4542 4562
f 1926 1986 4543
f 4543 4546 4544
f 4543 1986 4545
f 4543 4545 4546
f 1986 1989 4545
f 4544 4546 4547
f 4544 4547 4538
f 4538 4547 4548
f 4547 4663 4548
f 4546 4662 4547
f 4547 4662 4663
f 1989 4549 4545
f 4546 4545 4550
f 4545 4549 4550
f 1989 2008 4549
f 4546 4550 4662
f 4549 2008 4682
f 4550 4549 4665
f 4549 4682 4665
f 2008 2009 4682
f 4527 4553 4551
f 4527 4552 4553
f 4552 4554 4555
f 4552 4555 4553
f 4531 4557 4554
f 4554 4559 4555
f 4541 4558 4556
f 4541 4562 4558
f 4531 4556 4557
f 4554 4557 4559
f 4556 4558 4560
f 4556 4560 4557
f 4557 4560 4561
f 4557 4561 4559
f 4542 4564 4562
f 4562 4565 4558
f 4562 4564 4565
f 4542 4563 4564
f 4564 4563 4669
f 4564 4568 4565
f 4564 4669 4568
f 4558 4566 4560
f 4558 4565 4566
f 4669 4680 4568
f 4560 4567 4561
f 4560 4566 4567
f 4565 4568 4569
f 4565 4569 4566
f 4566 4569 4570
f 4566 4570 4567
f 4568 4681 4569
f 4569 4695 4570
f 4569 4681 4695
f 4551 4553 4573
f 4551 4573 4571
f 4571 4574 4572
f 4571 4573 4574
f 4553 4575 4573
f 4553 4555 4575
f 4573 4575 4585
f 4573 4585 4574
f 4555 4598 4575
f 4572 4574 4577
f 4572 4577 4576
f 4576 4577 4581
f 4576 4580 4578
f 4576 4582 4580
f 4576 4581 4582
f 4577 4584 4581
f 4574 4585 4586
f 4575 4599 4585
f 4574 4586 4577
f 4577 4587 4584
f 4577 4588 4587
f 4577 4586 4590
f 4577 4590 4588
f 4586 4591 4590
f 4586 4600 4591
f 4555 4559 4598
f 4559 4604 4598
f 4559 4561 4604
f 4575 4598 4599
f 4585 4599 4603
f 4598 4604 4605
f 4598 4605 4599
f 4585 4603 4586
f 4599 4605 4607
f 4586 4603 4635
f 4586 4601 4600
f 4586 4634 4601
f 4586 4635 4634
f 4599 4607 4603
f 4561 4606 4604
f 4561 4567 4606
f 4604 4606 4642
f 4604 4642 4605
f 4567 4641 4606
f 4567 4570 4641
f 4605 4647 4607
f 2215 4608 2220
f 4608 4609 4610
f 4609 5285 4611
f 4608 4610 2220
f 4609 4611 4610
f 4611 5288 4613
f 2220 4610 2229
f 4611 4612 4610
f 4611 4613 4612
f 4613 5288 4614
f 2229 4612 2232
f 4610 4612 2229
f 4613 4614 4618
f 4612 4613 4617
f 4613 4618 4617
f 4614 5289 4615
f 4618 4614 4615
f 4621 4620 4616
f 5289 4616 4615
f 4612 4617 2232
f 4618 4615 4702
f 4617 2319 2232
f 4617 4618 4686
f 4618 4702 4686
f 4620 4619 4616
f 4620 4688 4619
f 4702 4615 4619
f 4626 4622 4703
f 4626 4703 4620
f 4615 4616 4619
f 4621 4626 4620
f 4621 5305 4626
f 5305 4627 4626
f 4623 4698 4697
f 4623 4697 4622
f 4623 4628 4698
f 4628 4624 4698
f 4699 4624 4625
f 4701 4699 4625
f 4629 4625 4624
f 4701 4625 4630
f 4626 4627 4622
f 4623 5307 4628
f 4623 4627 5307
f 4623 4622 4627
f 4628 5307 5308
f 4628 5308 4629
f 4628 4629 4624
f 5312 4630 4625
f 4629 5312 4625
f 4635 4636 4634
f 4635 4637 4636
f 4635 4638 4637
f 4603 4644 4635
f 4635 4644 4638
f 4606 4641 4705
f 4605 4642 4647
f 4606 4705 4642
f 4603 4607 4644
f 4644 4639 4638
f 4644 4643 4639
f 4644 4645 4643
f 4644 4646 4645
f 4644 4648 4646
f 4607 4647 4650
f 4642 4708 4647
f 4607 4650 4644
f 4644 4650 4648
f 4650 4649 4648
f 4650 4710 4649
f 4630 4661 4704
f 5321 4661 4630
f 4563 4548 4668
f 4548 4663 4668
f 4662 4664 4663
f 4668 4663 4677
f 4663 4664 4677
f 4550 4665 4667
f 4682 4666 4665
f 4550 4667 4662
f 4665 4666 4672
f 4662 4667 4664
f 4665 4672 4667
f 4664 4667 4670
f 4563 4668 4669
f 4664 4679 4677
f 4664 4670 4679
f 4670 4693 4679
f 4670 4671 4693
f 4666 4683 4673
f 4683 4684 4673
f 4666 4673 4675
f 4667 4672 4670
f 4666 4675 4672
f 4673 4690 4685
f 4673 4684 4690
f 4684 4674 4690
f 4672 4675 4671
f 4670 4672 4671
f 4673 4685 4675
f 4668 4676 4669
f 4668 4677 4676
f 4669 4676 4680
f 4676 4677 4678
f 4676 4694 4680
f 4676 4678 4694
f 4677 4679 4678
f 4568 4680 4681
f 4682 2009 4683
f 2009 2269 4683
f 4682 4683 4666
f 4683 2269 4684
f 4684 2269 2283
f 4684 2283 4674
f 2283 2285 4674
f 4685 4689 4675
f 4671 4675 4689
f 4690 4688 4685
f 4697 4693 4671
f 4697 4671 4689
f 4687 4702 4619
f 4686 2320 2319
f 4687 4691 4702
f 4690 4687 4688
f 4686 4702 4691
f 4687 4619 4688
f 4697 4689 4622
f 4703 4622 4689
f 4688 4703 4685
f 4703 4689 4685
f 4690 4674 4687
f 4687 4674 4691
f 4691 4674 2285
f 4691 2285 2320
f 4686 4691 2320
f 4678 4679 4692
f 4692 4679 4693
f 4678 4699 4694
f 4678 4692 4699
f 4681 4680 4696
f 4680 4694 4696
f 4681 4700 4695
f 4681 4696 4700
f 4698 4692 4693
f 4697 4698 4693
f 4692 4624 4699
f 4698 4624 4692
f 4694 4701 4696
f 4694 4699 4701
f 4696 4704 4700
f 4701 4704 4696
f 4617 4686 2319
f 4620 4703 4688
f 4701 4630 4704
f 4570 4706 4641
f 4570 4695 4706
f 4641 4707 4705
f 4642 4705 4708
f 4695 4723 4706
f 4641 4706 4707
f 4695 4700 4723
f 4706 4723 4725
f 4705 4707 4728
f 4706 4725 4707
f 4647 4708 4726
f 4647 4726 4650
f 4650 4709 4710
f 4705 4728 4708
f 4650 4711 4709
f 4650 4712 4711
f 4650 4726 4712
f 4700 4724 4723
f 4700 4704 4724
f 4723 4724 4731
f 4707 4725 4732
f 4723 4731 4725
f 4707 4732 4728
f 4708 4728 4733
f 4726 4727 4712
f 4708 4733 4726
f 4726 4729 4727
f 4726 4730 4729
f 4726 4734 4730
f 4726 4733 4740
f 4726 4740 4734
f 4704 4661 4724
f 4724 4661 5362
f 4724 5362 4731
f 4725 4731 5363
f 4728 4732 4735
f 4725 5363 4732
f 4728 4735 4733
f 4733 4735 5367
f 4733 5367 4740
f 4740 4738 4734
f 4740 4739 4738
f 4740 4741 4739
f 4740 4742 4741
f 4740 5369 4742
f 5285 5286 5288
f 5286 5290 5287
f 4611 5285 5288
f 5286 5287 5288
f 5290 5291 5287
f 5288 5287 4614
f 5291 5289 5287
f 5287 5289 4614
f 5291 5298 5289
f 5290 5292 5291
f 5292 5294 5293
f 5291 5292 5293
f 5294 5296 5293
f 5294 5295 5296
f 5295 5297 5296
f 5291 5293 5298
f 5298 5293 5299
f 5299 5300 5305
f 5299 5293 5296
f 5299 5296 5300
f 5296 5297 5300
f 5297 5301 5300
f 5297 5304 5301
f 5301 5304 5302
f 5306 5300 5301
f 5301 5302 5310
f 5295 5303 5297
f 5297 5303 5304
f 5298 4616 5289
f 5298 4621 4616
f 5298 5299 4621
f 5299 5305 4621
f 5305 5300 5306
f 5305 5306 4627
f 5306 5307 4627
f 5306 5310 5307
f 5307 5310 5308
f 5308 5311 5309
f 5306 5301 5310
f 5302 5311 5310
f 5308 5310 5311
f 5308 5309 4629
f 4629 5309 5312
f 5304 5303 5313
f 5304 5313 5314
f 5313 5315 5314
f 5315 5334 5316
f 5315 5316 5314
f 5316 5334 5317
f 5304 5314 5302
f 5314 5318 5302
f 5314 5316 5318
f 5316 5319 5318
f 5302 5318 5311
f 5318 5319 5325
f 5316 5317 5319
f 5319 5320 5326
f 5319 5317 5320
f 5325 5322 5309
f 5311 5325 5309
f 5312 5309 5322
f 5312 5322 5321
f 5312 5321 4630
f 5321 5323 4661
f 4661 5323 5362
f 5321 5322 5329
f 5321 5329 5323
f 5362 5323 5324
f 5330 5324 5323
f 5318 5325 5311
f 5319 5326 5325
f 5325 5326 5322
f 5326 5329 5322
f 5326 5327 5329
f 5327 5330 5329
f 5320 5327 5326
f 5320 5337 5327
f 5327 5337 5328
f 5327 5328 5330
f 5332 5328 5350
f 5329 5330 5323
f 5330 5332 5324
f 5332 5331 5324
f 5330 5328 5332
f 5332 5350 5333
f 5332 5333 5331
f 5333 5387 5331
f 5333 5354 5387
f 5334 5335 5317
f 5335 5338 5336
f 5335 5336 5317
f 5338 5340 5336
f 5320 5317 5336
f 5336 5340 5337
f 5320 5336 5337
f 5340 5341 5337
f 5338 5339 5340
f 5339 5345 5342
f 5340 5339 5342
f 5345 5344 5342
f 5340 5342 5341
f 5342 5344 5343
f 5341 5342 5343
f 5344 5352 5343
f 5344 5348 5352
f 5345 5346 5344
f 5346 5347 5348
f 5346 5348 5344
f 5347 5349 5348
f 5348 5349 5360
f 5348 5360 5352
f 5349 5361 5360
f 5337 5341 5328
f 5341 5350 5328
f 5341 5343 5350
f 5350 5343 5351
f 5343 5352 5351
f 5352 5353 5351
f 5352 5360 5353
f 5360 5361 5356
f 5360 5356 5353
f 5361 5357 5356
f 5350 5351 5333
f 5333 5351 5354
f 5351 5353 5354
f 5353 5355 5354
f 5388 5354 5355
f 5355 5358 5408
f 5353 5356 5355
f 5356 5357 5358
f 5356 5358 5355
f 5357 5359 5358
f 4731 5362 5365
f 4731 5365 5363
f 5363 5364 4732
f 4732 5364 4735
f 5363 5366 5364
f 4735 5368 5367
f 4735 5364 5368
f 5362 5324 5365
f 5363 5365 5366
f 5324 5331 5365
f 5365 5331 5366
f 5364 5366 5385
f 5364 5385 5368
f 4740 5371 5369
f 4740 5367 5377
f 5367 5368 5390
f 4740 5377 5371
f 5377 5373 5371
f 5377 5374 5373
f 5377 5375 5374
f 5367 5390 5377
f 5377 5378 5375
f 5377 5379 5378
f 5377 5380 5379
f 5377 5391 5380
f 5377 5390 5391
f 5391 5381 5380
f 5391 5382 5381
f 5366 5331 5387
f 5366 5387 5385
f 5368 5385 5386
f 5368 5386 5390
f 5385 5388 5386
f 5390 5386 5389
f 5387 5388 5385
f 5387 5354 5388
f 5388 5408 5386
f 5386 5408 5389
f 5389 5408 5409
f 5389 5409 5400
f 5390 5389 5391
f 5396 5383 5382
f 5391 5396 5382
f 5396 5392 5383
f 5396 5393 5392
f 5393 5395 5394
f 5391 5400 5396
f 5399 5395 5393
f 5396 5399 5393
f 5399 5397 5395
f 5399 5398 5397
f 5399 5492 5398
f 5389 5400 5391
f 5396 5400 5401
f 5396 5401 5399
f 5388 5355 5408
f 5358 5409 5408
f 5358 5359 5409
f 5409 5359 5410
f 5400 5409 5410
f 5400 5410 5401
f 5483 5414 5415
f 5483 5528 5527
f 5483 5415 5528
f 5481 5418 5417
f 5481 5416 5418
f 5483 5417 5414
f 5461 5446 5462
f 5443 5411 5412
f 5439 5441 5440
f 5439 5442 5441
f 5443 5444 5442
f 5443 5412 5445
f 5442 5444 5441
f 5443 5445 5444
f 5450 5412 5476
f 5461 5440 5446
f 5440 5441 5448
f 5440 5448 5446
f 5441 5447 5448
f 5445 5412 5450
f 5444 5447 5441
f 5444 5449 5447
f 5445 5449 5444
f 5445 5450 5449
f 5450 5475 5449
f 5347 5451 5349
f 5451 5452 5455
f 5452 5453 5456
f 5451 5455 5349
f 5452 5456 5455
f 5453 5454 5457
f 5454 5459 5458
f 5456 5453 5457
f 5454 5458 5457
f 5459 5461 5458
f 5349 5455 5361
f 5455 5456 5484
f 5456 5457 5485
f 5455 5484 5361
f 5456 5485 5484
f 5457 5458 5486
f 5458 5461 5462
f 5457 5486 5485
f 5458 5462 5486
f 5459 5460 5461
f 5460 5439 5440
f 5460 5440 5461
f 5484 5485 5465
f 5485 5486 5466
f 5484 5465 5357
f 5485 5466 5465
f 5462 5463 5486
f 5462 5446 5464
f 5466 5486 5463
f 5462 5464 5463
f 5446 5472 5464
f 5480 5561 5470
f 5466 5463 5468
f 5357 5465 5359
f 5465 5466 5467
f 5465 5467 5359
f 5466 5468 5467
f 5464 5469 5463
f 5464 5472 5470
f 5464 5470 5469
f 5480 5470 5472
f 5463 5469 5468
f 5476 5412 5413
f 5475 5482 5478
f 5476 5413 5471
f 5476 5471 5482
f 5447 5474 5473
f 5446 5448 5472
f 5448 5473 5472
f 5447 5473 5448
f 5474 5477 5473
f 5449 5475 5474
f 5450 5476 5475
f 5447 5449 5474
f 5474 5475 5478
f 5475 5476 5482
f 5477 5563 5562
f 5480 5477 5562
f 5478 5563 5477
f 5478 5479 5563
f 5471 5413 5416
f 5471 5481 5483
f 5471 5416 5481
f 5482 5479 5478
f 5471 5483 5482
f 5482 5483 5479
f 5479 5483 5527
f 5481 5417 5483
f 5480 5472 5473
f 5480 5473 5477
f 5474 5478 5477
f 5361 5484 5357
f 5488 5511 5487
f 5561 5488 5487
f 5562 5517 5488
f 5488 5490 5511
f 5488 5489 5490
f 5488 5517 5520
f 5488 5520 5491
f 5488 5491 5489
f 5399 5493 5492
f 5399 5497 5493
f 5497 5494 5493
f 5497 5495 5494
f 5497 5502 5495
f 5497 5501 5502
f 5399 5505 5497
f 5506 5504 5503
f 5497 5506 5501
f 5506 5503 5501
f 5399 5401 5505
f 5497 5505 5506
f 5506 5487 5504
f 5487 5507 5500
f 5487 5499 5498
f 5487 5500 5499
f 5487 5498 5504
f 5487 5509 5508
f 5487 5508 5507
f 5487 5511 5509
f 5563 5519 5517
f 5479 5516 5515
f 5479 5513 5514
f 5479 5514 5516
f 5563 5525 5523
f 5479 5515 5525
f 5563 5518 5519
f 5563 5523 5524
f 5563 5524 5518
f 5517 5522 5521
f 5517 5519 5522
f 5517 5521 5520
f 5479 5527 5513
f 5467 5468 5558
f 5467 5558 5410
f 5468 5469 5559
f 5468 5559 5558
f 5410 5558 5401
f 5558 5559 5505
f 5558 5505 5401
f 5559 5560 5506
f 5559 5506 5505
f 5561 5562 5488
f 5470 5560 5469
f 5559 5469 5560
f 5470 5561 5560
f 5480 5562 5561
f 5560 5561 5487
f 5506 5560 5487
f 5359 5467 5410
f 5562 5563 5517
f 5479 5525 5563
f 2338 2363 2355
f 2338 2355 3131
f 2339 2405 2363
f 2338 2340 2339
f 2338 2339 2363
f 2338 3134 2340
f 2340 2371 2374
f 2339 2340 2374
f 2340 3133 2371
f 2341 3139 2356
f 2342 2343 3140
f 2341 2342 3138
f 2343 2347 3137
f 2341 2358 2342
f 2342 2358 2359
f 2342 2359 2343
f 2350 2343 2359
f 3147 2352 3148
f 2346 2781 2352
f 2350 2347 2343
f 2347 2351 2348
f 2344 2349 2348
f 2347 2348 3144
f 2348 2349 3145
f 2350 2351 2347
f 2351 2344 2348
f 2349 2345 2353
f 2346 2352 2353
f 3147 2353 2352
f 2349 2353 3146
f 3148 2352 2786
f 2344 2345 2349
f 2345 2346 2353
f 2362 2358 2354
f 2358 2361 2359
f 2361 2364 2359
f 2357 2356 2355
f 2341 2356 2354
f 2357 2354 2356
f 2355 2356 3159
f 2357 2355 2363
f 2341 2354 2358
f 2357 2363 2404
f 2360 2354 2357
f 2363 2405 2404
f 2360 2357 2404
f 2362 2361 2358
f 2360 2362 2354
f 2350 2359 2364
f 2350 2365 2351
f 2351 2366 2344
f 2350 2364 2365
f 2351 2365 2366
f 2344 2367 2345
f 2345 2368 2346
f 2345 2367 2368
f 2346 2368 2808
f 2344 2366 2367
f 2379 2378 2369
f 2369 2378 3175
f 2339 2370 2405
f 2339 2374 2370
f 2370 2374 2376
f 2376 2374 2372
f 2373 2371 3177
f 2372 2371 2373
f 2372 2373 2377
f 2372 2374 2371
f 2375 2372 2377
f 2379 2393 2377
f 2375 2377 2393
f 2370 2406 2405
f 2375 2376 2372
f 2370 2376 2380
f 2370 2380 2406
f 2378 2377 2373
f 2378 2373 3182
f 2379 2377 2378
f 2380 2675 2406
f 2380 2383 2655
f 2381 2654 2383
f 2380 2655 2675
f 2379 2385 2394
f 2394 2385 2390
f 2390 2385 2387
f 2369 2386 2385
f 2379 2369 2385
f 2369 3190 2386
f 2387 2385 2386
f 2387 2386 2384
f 2384 2386 3189
f 2389 2659 2388
f 2391 2390 2387
f 2388 2391 2387
f 2394 2390 2653
f 2391 2649 2390
f 2388 2659 2391
f 2392 2388 2384
f 2392 2384 3195
f 2389 2392 2662
f 2389 2388 2392
f 2392 3195 3197
f 2392 3197 2662
f 2388 2387 2384
f 2379 2394 2393
f 2375 2393 2381
f 2375 2383 2376
f 2376 2383 2380
f 2375 2381 2383
f 2394 2382 2393
f 2393 2382 2381
f 2394 2653 2382
f 2366 2401 2402
f 2367 2402 2403
f 2368 2403 2883
f 2405 2396 2404
f 2360 2404 2395
f 2360 2397 2362
f 2362 2398 2361
f 2360 2395 2397
f 2362 2397 2398
f 2361 2398 2399
f 2404 2396 2395
f 2405 2406 2396
f 2361 2399 2364
f 2364 2400 2365
f 2365 2401 2366
f 2364 2399 2400
f 2365 2400 2401
f 2366 2402 2367
f 2367 2403 2368
f 2407 2395 2396
f 2396 2406 2676
f 2408 2397 2395
f 2409 2398 2397
f 2408 2409 2397
f 2409 2410 2398
f 2407 2396 2676
f 2406 2675 2676
f 2407 2408 2395
f 2410 2399 2398
f 2411 2400 2399
f 2412 2401 2400
f 2410 2411 2399
f 2411 2412 2400
f 2401 2413 2402
f 2403 2402 2414
f 2412 2413 2401
f 2413 2414 2402
f 2403 2414 2919
f 2664 2663 2489
f 2493 2663 2660
f 2493 2660 2491
f 2493 2491 2496
f 2660 2662 2491
f 3197 2490 2662
f 2491 2662 2490
f 2491 2497 2496
f 2491 2490 2497
f 2489 2663 2493
f 2489 2493 2494
f 2494 2493 2496
f 2489 2494 2507
f 2492 2530 2494
f 2492 2494 2496
f 2495 2496 2497
f 2492 2496 2495
f 2495 2497 3229
f 2513 2504 2502
f 2513 2523 2504
f 2513 2502 2503
f 2505 2530 2506
f 2505 2507 2530
f 2508 2489 2507
f 2508 2664 2489
f 2508 2507 2514
f 2508 2668 2664
f 2505 2514 2507
f 2509 2514 2637
f 2505 2510 2512
f 2510 2506 2513
f 2505 2506 2510
f 2511 2510 2513
f 2511 2633 2510
f 2511 2513 2503
f 2510 2633 2512
f 2505 2512 2514
f 2508 2514 2509
f 2508 2509 2668
f 2512 2637 2514
f 2533 2519 2524
f 2533 2520 2519
f 2513 2524 2523
f 2492 2531 2530
f 2492 2532 2531
f 2533 2506 2531
f 2506 2530 2531
f 2533 2531 2534
f 2530 2507 2494
f 2492 2495 2532
f 2495 3229 3241
f 2495 3241 2532
f 2531 2532 2534
f 2534 2532 2538
f 2532 2539 2538
f 2532 3241 2537
f 2532 2541 2539
f 2532 2536 2541
f 2532 2537 2536
f 3241 2542 2537
f 2513 2506 2533
f 2513 2533 2524
f 2533 2534 2528
f 2533 2521 2520
f 2533 2528 2521
f 2534 2535 2528
f 2534 2538 2535
f 2571 2632 2570
f 2571 2570 2569
f 2571 2590 2638
f 2571 2569 2578
f 2638 2590 2640
f 2571 2578 2579
f 2571 2579 2581
f 2571 2581 2590
f 2581 2579 2580
f 2581 2580 2577
f 2581 2577 2582
f 2581 2582 2584
f 2581 2584 2587
f 2581 2587 2592
f 2581 2592 2590
f 2587 2584 2585
f 2587 2585 2586
f 2587 2586 2588
f 2587 4592 2592
f 2587 2588 4579
f 2587 4579 4592
f 4579 2588 2589
f 4579 2589 4578
f 2640 2590 2591
f 2590 2592 2591
f 2640 2591 2644
f 2592 4593 2591
f 2591 4594 2644
f 2592 4592 4593
f 2591 4593 4594
f 2511 2617 2635
f 2627 2635 2618
f 2627 2638 2635
f 2635 2622 2620
f 2635 2621 2622
f 2635 2620 2618
f 2635 2617 2621
f 2625 2617 2624
f 2511 2624 2617
f 2511 2503 2624
f 2627 2626 2628
f 2627 2618 2626
f 2627 2628 2630
f 2627 2630 2571
f 2571 2630 2631
f 2627 2571 2638
f 2571 2631 2632
f 2511 2635 2633
f 2512 2633 2636
f 2638 2634 2635
f 2635 2634 2633
f 2633 2634 2636
f 2512 2636 2637
f 2509 2687 2668
f 2509 2637 2642
f 2636 2641 2637
f 2637 2641 2642
f 2509 2642 2687
f 2638 2640 2634
f 2639 2636 2634
f 2640 2639 2634
f 2639 2641 2636
f 2642 2698 2687
f 2639 2645 2641
f 2641 2646 2642
f 2640 2644 2639
f 2641 2645 2646
f 2639 2644 2645
f 2642 2646 2698
f 2646 2702 2698
f 2644 2647 2645
f 2645 2648 2646
f 2644 4594 2647
f 2645 2647 2648
f 2646 2648 2702
f 2659 2650 2652
f 2657 2653 2649
f 2661 2651 2650
f 2664 2651 2663
f 2666 2649 2652
f 2667 2652 2650
f 2667 2666 2652
f 2657 2649 2666
f 2382 2656 2381
f 2382 2653 2658
f 2382 2658 2656
f 2383 2654 2655
f 2381 2656 2654
f 2657 2658 2653
f 2655 2678 2675
f 2656 2674 2654
f 2654 2670 2655
f 2389 2661 2659
f 2389 2662 2660
f 2389 2660 2661
f 2661 2660 2663
f 2661 2650 2659
f 2391 2659 2652
f 2390 2649 2653
f 2391 2652 2649
f 2661 2663 2651
f 2664 2669 2651
f 2651 2665 2650
f 2664 2668 2669
f 2669 2665 2651
f 2665 2667 2650
f 2657 2666 2672
f 2667 2691 2666
f 2669 2689 2665
f 2668 2688 2669
f 2665 2690 2667
f 2666 2691 2672
f 2667 2690 2691
f 2665 2689 2690
f 2657 2673 2658
f 2658 2671 2656
f 2658 2673 2671
f 2654 2674 2670
f 2655 2670 2678
f 2656 2671 2674
f 2657 2672 2673
f 2670 2712 2678
f 2670 2674 2696
f 2675 2679 2676
f 2407 2676 2677
f 2407 2680 2408
f 2408 2681 2409
f 2675 2678 2679
f 2676 2679 2677
f 2408 2680 2681
f 2409 2681 2684
f 2407 2677 2680
f 2409 2684 2410
f 2410 2685 2411
f 2411 2686 2412
f 2412 2682 2413
f 2413 2683 2414
f 2414 2683 2985
f 2410 2684 2685
f 2411 2685 2686
f 2412 2686 2682
f 2413 2682 2683
f 2678 2713 2679
f 2679 2714 2677
f 2677 2715 2680
f 2680 2716 2681
f 2685 2719 2686
f 2686 2720 2682
f 2682 2721 2683
f 2681 2717 2684
f 2684 2718 2685
f 2668 2687 2688
f 2689 2701 2690
f 2669 2688 2689
f 2690 2692 2691
f 2672 2691 2693
f 2687 2700 2688
f 2688 2699 2689
f 2687 2698 2700
f 2688 2700 2699
f 2690 2701 2692
f 2691 2692 2693
f 2689 2699 2701
f 2673 2695 2694
f 2674 2697 2696
f 2671 2694 2697
f 2670 2696 2712
f 2672 2695 2673
f 2673 2694 2671
f 2671 2697 2674
f 2672 2693 2695
f 2698 2703 2700
f 2700 2704 2699
f 2699 2705 2701
f 2692 2701 2706
f 2692 2707 2693
f 2698 2702 2703
f 2700 2703 2704
f 2699 2704 2705
f 2701 2705 2706
f 2692 2706 2707
f 2695 2709 2694
f 2693 2708 2695
f 2694 2710 2697
f 2696 2722 2712
f 2697 2711 2696
f 2693 2707 2708
f 2695 2708 2709
f 2694 2709 2710
f 2697 2710 2711
f 2696 2711 2722
f 2678 2712 2713
f 2679 2713 2714
f 2677 2714 2715
f 2680 2715 2716
f 2681 2716 2717
f 2684 2717 2718
f 2685 2718 2719
f 2686 2719 2720
f 2682 2720 2721
f 2683 2721 3065
f 2712 2723 2713
f 2713 2724 2714
f 2714 2725 2715
f 2715 2726 2716
f 2712 2722 2723
f 2713 2723 2724
f 2714 2724 2725
f 2715 2725 2726
f 2716 2726 2727
f 2716 2727 2717
f 2717 2728 2718
f 2718 2729 2719
f 2719 2730 2720
f 2720 2731 2721
f 2717 2727 2728
f 2718 2728 2729
f 2720 2730 2731
f 2719 2729 2730
f 2721 2731 3097
f 2733 2754 2753
f 2754 2734 2755
f 2732 2733 2753
f 2733 2734 2754
f 2755 2734 2735
f 2732 2737 2738
f 2732 2738 2733
f 2733 2739 2734
f 2733 2738 2739
f 2737 2741 2738
f 2738 2742 2739
f 2737 2740 2741
f 2738 2741 2742
f 2740 2866 2741
f 2740 2865 2866
f 2741 2867 2742
f 2741 2866 2867
f 2734 2743 2735
f 2734 2739 2743
f 2735 2744 2736
f 2735 2743 2744
f 2739 2745 2743
f 2743 2746 2744
f 2736 2744 2800
f 2744 2803 2800
f 2739 2742 2745
f 2743 2745 2746
f 2742 2885 2745
f 2744 2746 2803
f 2753 2754 2747
f 2754 2755 2748
f 2754 2748 2747
f 2755 2749 2748
f 2747 2748 2750
f 2748 2751 2750
f 2748 2749 2751
f 2751 2749 2752
f 2750 2751 2768
f 2751 2752 2769
f 2747 2750 2785
f 2753 2747 2807
f 2747 2785 2807
f 2755 2762 2749
f 2762 2756 2749
f 2762 2763 2756
f 2756 2763 2759
f 2759 2763 2764
f 2759 2764 2760
f 2760 2764 2765
f 2749 2756 2752
f 2756 2757 2752
f 2756 2759 2757
f 2757 2759 2758
f 2759 2760 2758
f 2760 2790 2758
f 2761 2791 2790
f 2760 2765 2761
f 2760 2761 2790
f 2755 2735 2762
f 2762 2736 2763
f 2762 2735 2736
f 2766 2764 2763
f 2764 2767 2765
f 2736 2766 2763
f 2766 2767 2764
f 2751 2769 2768
f 2769 2752 2770
f 2768 2769 2774
f 2769 2770 2775
f 2750 2768 2785
f 2768 2783 2784
f 2773 2779 2772
f 2772 2783 2777
f 2771 2787 2773
f 3148 2786 2771
f 2772 2777 2778
f 2772 2778 3491
f 2769 2775 2774
f 2768 2774 2783
f 2770 2776 2775
f 2774 2775 3488
f 2774 3488 2778
f 2775 2776 3489
f 2774 2777 2783
f 2774 2778 2777
f 2782 2787 2786
f 2779 2784 2783
f 2779 2785 2784
f 2780 2779 2787
f 2781 2782 2786
f 2782 2780 2787
f 2780 2785 2779
f 2768 2784 2785
f 2771 2786 2787
f 2781 2786 2352
f 2772 2779 2783
f 2773 2787 2779
f 2752 2757 2770
f 2757 2788 2770
f 2757 2758 2788
f 2788 2758 2789
f 2758 2790 2789
f 2790 2794 2789
f 2790 2791 2794
f 2791 2795 2794
f 2770 2788 2776
f 2788 2792 2776
f 2788 2789 2792
f 2776 2792 3490
f 2792 2789 2793
f 2789 2794 2793
f 2794 2795 3509
f 2794 3509 2793
f 3509 2795 3510
f 2732 2753 2798
f 2732 2798 2737
f 2780 2797 2798
f 2753 2807 2798
f 2737 2798 2740
f 2740 2798 2865
f 2797 2799 2798
f 2797 2876 2799
f 2798 2799 2865
f 2736 2800 2766
f 2766 2801 2767
f 2766 2800 2801
f 2800 2804 2801
f 2742 2867 2885
f 2745 2802 2746
f 2745 2885 2802
f 2800 2803 2804
f 2746 2805 2803
f 2746 2802 2805
f 2803 2806 2804
f 2803 2805 2806
f 2346 2808 2781
f 2781 2796 2782
f 2780 2807 2785
f 2782 2797 2780
f 2781 2808 2796
f 2780 2798 2807
f 2782 2796 2797
f 2761 2765 2813
f 2761 2813 2809
f 2761 2809 2791
f 2814 2810 2809
f 2815 2822 2810
f 2765 2811 2813
f 2765 2767 2811
f 2811 2812 2813
f 2813 2814 2809
f 2812 2814 2813
f 2814 2815 2810
f 2812 2817 2814
f 2814 2817 2815
f 2815 2816 2822
f 2815 2818 2816
f 2815 2817 2818
f 2818 2819 2816
f 2816 2819 2833
f 2791 2809 2820
f 2810 2821 2820
f 2791 2820 2795
f 2820 2821 2824
f 2809 2810 2820
f 2810 2822 2821
f 2821 2822 2826
f 2822 2816 2823
f 2822 2823 2826
f 2823 2827 2826
f 2823 2829 2827
f 2795 2820 2824
f 2821 2826 2825
f 2821 2825 2824
f 2795 2824 3510
f 2824 2825 3551
f 2826 2827 2828
f 2825 2826 2828
f 2827 2830 3553
f 2827 3553 2828
f 2823 2816 2833
f 2823 2833 2829
f 2829 2834 2831
f 2827 2829 2830
f 2829 2831 2830
f 2830 2831 3562
f 2831 2832 3562
f 2831 2837 2832
f 2833 2835 2834
f 2829 2833 2834
f 2834 2837 2831
f 2833 2819 2835
f 2835 2836 2834
f 2834 2836 2837
f 2832 2837 2838
f 2836 2839 2837
f 2837 2839 2838
f 2839 3681 2838
f 2767 2840 2811
f 2767 2801 2840
f 2811 2840 2841
f 2811 2841 2812
f 2812 2841 2842
f 2801 2844 2840
f 2840 2845 2841
f 2841 2848 2842
f 2812 2842 2817
f 2817 2842 2843
f 2817 2843 2818
f 2818 2843 2852
f 2842 2849 2843
f 2801 2804 2844
f 2840 2844 2845
f 2804 2846 2844
f 2841 2845 2848
f 2844 2847 2845
f 2804 2806 2846
f 2844 2846 2847
f 2845 2847 2850
f 2842 2848 2849
f 2845 2850 2848
f 2848 2851 2849
f 2843 2849 2853
f 2848 2850 2851
f 2849 2851 2858
f 2818 2852 2819
f 2852 2854 2819
f 2819 2854 2835
f 2843 2853 2852
f 2852 2857 2854
f 2852 2853 2857
f 2849 2858 2853
f 2835 2854 2855
f 2854 2857 2860
f 2835 2855 2836
f 2836 2855 2856
f 2854 2860 2855
f 2855 2860 2861
f 2836 2856 2839
f 2839 2856 3696
f 2855 2861 2856
f 2856 2861 3698
f 2856 3698 3696
f 2853 2859 2857
f 2853 2858 2859
f 2857 2859 2862
f 2858 2934 2859
f 2857 2862 2860
f 2860 2863 2861
f 2860 2862 2863
f 2859 2936 2862
f 2862 3666 2863
f 2865 2869 2866
f 2865 2868 2869
f 2866 2870 2867
f 2799 2868 2865
f 2866 2869 2870
f 2868 2874 2869
f 2869 2877 2870
f 2869 2878 2877
f 2870 2871 2894
f 2894 2871 2895
f 2877 2879 2870
f 2879 2871 2870
f 2879 2880 2871
f 2368 2883 2808
f 2808 2882 2796
f 2796 2881 2797
f 2797 2881 2876
f 2808 2883 2882
f 2796 2882 2881
f 2799 2876 2868
f 2868 2872 2873
f 2868 2873 2874
f 2869 2874 2875
f 2868 2876 2872
f 2872 2876 2884
f 2872 2884 2873
f 2873 2884 2874
f 2874 2884 2875
f 2869 2875 2878
f 2878 2879 2877
f 2875 2880 2878
f 2878 2880 2879
f 2880 2904 2871
f 2881 2884 2876
f 2875 2884 2880
f 2867 2888 2885
f 2885 2891 2802
f 2867 2896 2886
f 2867 2886 2888
f 2867 2870 2896
f 2885 2887 2893
f 2885 2888 2887
f 2885 2892 2891
f 2885 2893 2892
f 2802 2889 2890
f 2802 2891 2889
f 2886 2905 2888
f 2888 2905 2887
f 2870 2897 2896
f 2870 2894 2897
f 2894 2895 2904
f 2894 2904 2897
f 2896 2904 2886
f 2897 2904 2896
f 2895 2871 2904
f 2893 2905 2892
f 2887 2905 2893
f 2903 2889 2891
f 2903 2891 2892
f 2903 2890 2889
f 2903 2898 2890
f 2905 2903 2892
f 2802 2890 2901
f 2802 2901 2805
f 2805 2902 2806
f 2890 2898 2901
f 2805 2901 2902
f 2898 2899 2901
f 2899 2908 2901
f 2899 2900 2908
f 2901 2909 2902
f 2901 2908 2909
f 2886 2904 2905
f 2900 2906 2908
f 2906 2913 2908
f 2906 2907 2913
f 2908 2914 2909
f 2908 2913 2914
f 2907 2910 2913
f 2910 3633 2913
f 2910 2911 3633
f 2911 2912 3633
f 2913 3634 2914
f 2913 3633 3634
f 2881 2918 2884
f 2880 2884 2917
f 2884 2918 2917
f 2881 2916 2918
f 2880 2917 2920
f 2403 2919 2883
f 2883 2915 2882
f 2882 2916 2881
f 2883 2919 2915
f 2882 2915 2916
f 2904 2921 2905
f 2905 2864 2903
f 2880 2920 2904
f 2903 2972 2898
f 2904 2920 2921
f 2905 2921 2864
f 2898 2972 2899
f 2899 2972 2900
f 2903 2864 2972
f 2900 2972 2970
f 2900 2970 2971
f 2900 2971 2906
f 2906 2971 2907
f 2907 2976 2910
f 2910 2976 2911
f 2912 2977 3631
f 2911 2977 2912
f 2907 2971 2976
f 2911 2976 2977
f 3640 2977 2980
f 2806 2922 2846
f 2806 2902 2922
f 2846 2923 2847
f 2846 2922 2923
f 2847 2923 2926
f 2902 2924 2922
f 2847 2926 2850
f 2850 2927 2851
f 2902 2909 2924
f 2922 2924 2925
f 2922 2925 2923
f 2909 2928 2924
f 2923 2925 2930
f 2850 2926 2927
f 2851 2927 2933
f 2926 2931 2927
f 2923 2930 2926
f 2926 2930 2931
f 2909 2914 2928
f 2924 2928 2929
f 2924 2929 2925
f 2925 2929 2932
f 2914 3654 2928
f 2914 3634 3654
f 2928 3655 2929
f 2925 2932 2930
f 2927 2931 2935
f 2930 2932 3656
f 2930 3656 2931
f 2931 3656 3663
f 2851 2933 2858
f 2858 2933 2934
f 2927 2935 2933
f 2859 2934 2936
f 2933 3664 2934
f 2934 3664 3667
f 2933 2935 3664
f 2931 3663 2935
f 2862 2936 3666
f 2934 3667 2936
f 2921 2946 2864
f 2921 2947 2946
f 2864 2946 2995
f 2937 2938 2987
f 2937 2987 2992
f 2938 2988 2987
f 2988 2939 2990
f 2990 2939 2991
f 2991 2939 2993
f 2937 2941 2938
f 2938 2939 2988
f 2937 2940 2941
f 2938 2942 2939
f 2938 2941 2942
f 2940 3041 2941
f 2937 3073 2940
f 2941 3042 2942
f 2943 2944 2945
f 2944 2993 2939
f 2943 2945 2947
f 2945 2948 2947
f 2944 2948 2945
f 2944 2939 2950
f 2947 2948 2949
f 2947 2951 2952
f 2947 2949 2951
f 2944 2950 2948
f 2948 2950 2949
f 2949 2950 2951
f 2950 2952 2951
f 2950 2955 2952
f 2946 2954 2953
f 2947 2952 2955
f 2946 2961 2954
f 2939 2956 2950
f 2950 2956 2955
f 2939 2942 2956
f 2947 3054 2946
f 2956 2958 2955
f 2942 2957 2956
f 2956 2957 2959
f 2942 3042 3048
f 2942 3047 2957
f 2942 3048 3047
f 2956 2959 2958
f 2959 2960 2958
f 2947 2955 3054
f 2959 2957 2960
f 2946 3054 2961
f 2955 2958 3054
f 2954 2961 3000
f 2961 2962 3000
f 2919 2986 2915
f 2915 2984 2916
f 2918 2967 2917
f 2916 2964 2918
f 2916 2969 2963
f 2916 2963 2964
f 2414 2985 2919
f 2919 2985 2986
f 2916 2984 2969
f 2915 2986 2984
f 2984 2989 2969
f 2918 2964 2966
f 2918 2966 2965
f 2918 2965 2967
f 2917 2967 2968
f 2917 2968 2990
f 2917 2990 2991
f 2917 2991 2993
f 2917 2993 2943
f 2963 2987 2988
f 2969 2987 2963
f 2969 2989 2987
f 2964 2963 2988
f 2964 2988 2966
f 2965 2966 2988
f 2965 2988 2967
f 2967 2988 2968
f 2920 2947 2921
f 2920 2917 2943
f 2864 2973 2972
f 2920 2943 2947
f 2864 2994 2973
f 2864 2995 2994
f 2973 2994 2996
f 2973 2996 2974
f 2974 2996 2997
f 2972 2974 2970
f 2974 2978 2970
f 2974 2975 2978
f 2975 2979 2978
f 2972 2973 2974
f 2974 2997 2975
f 2970 2978 2971
f 2971 2978 2976
f 2978 2982 2976
f 2976 2982 2977
f 2978 2979 2982
f 2979 2983 2982
f 2977 2982 2980
f 2982 2983 4022
f 2982 4022 2980
f 2980 4022 2981
f 4022 2983 4023
f 2984 2992 2989
f 2987 2989 2992
f 2968 2988 2990
f 2986 3064 2984
f 2984 3073 2992
f 2683 3065 2985
f 2985 3063 2986
f 2937 2992 3073
f 2943 2993 2944
f 2946 2953 2995
f 2995 2996 2994
f 2998 2996 2995
f 2996 2999 2997
f 2953 2998 2995
f 2953 2954 2998
f 2998 2999 2996
f 2954 3000 2998
f 2998 3001 2999
f 2998 3000 3001
f 2962 3079 3000
f 3000 3080 3001
f 2975 3002 2979
f 2975 2997 3019
f 2975 3019 3002
f 3019 3020 3002
f 3020 3003 3002
f 3021 3006 3003
f 2979 3002 3004
f 3003 3005 3004
f 2979 3004 2983
f 3004 3005 3008
f 3002 3003 3004
f 3005 3006 3010
f 3007 3011 3010
f 3003 3006 3005
f 3006 3022 3007
f 3006 3007 3010
f 2983 3004 3008
f 3005 3009 3008
f 2983 3008 4023
f 3008 3009 4053
f 3005 3010 3009
f 3010 3011 3012
f 3009 3010 3012
f 3011 4055 3012
f 3007 3013 3011
f 3007 3031 3013
f 3013 3032 3015
f 3011 3014 4055
f 3011 3013 3014
f 3013 3015 3014
f 3015 4062 3014
f 3015 3016 4062
f 3015 3035 3016
f 2997 3017 3019
f 2997 2999 3017
f 3017 3018 3019
f 3018 3020 3019
f 3020 3023 3021
f 3020 3021 3003
f 3021 3022 3006
f 3021 3024 3022
f 3018 3023 3020
f 3021 3023 3024
f 3001 3025 2999
f 2999 3025 3017
f 3017 3026 3018
f 3017 3025 3026
f 3001 3101 3025
f 3025 3102 3026
f 3025 3101 3102
f 3018 3026 3027
f 3026 3102 3105
f 3018 3027 3023
f 3023 3028 3024
f 3023 3027 3028
f 3026 3105 3027
f 3027 3106 3028
f 3027 3105 3106
f 3022 3029 3031
f 3024 3029 3022
f 3024 3030 3029
f 3024 3028 3030
f 3029 3030 3037
f 3028 3111 3030
f 3028 3106 3111
f 3030 3111 3121
f 3007 3022 3031
f 3031 3033 3032
f 3013 3031 3032
f 3031 3029 3033
f 3033 3034 3032
f 3032 3034 3035
f 3015 3032 3035
f 3016 3035 4079
f 3035 3036 4079
f 3034 3036 3035
f 3029 3037 3033
f 3033 3037 3038
f 3030 3121 3037
f 3037 3121 3124
f 3033 3038 3034
f 3037 3124 3038
f 3034 3038 3039
f 3034 3039 3036
f 3036 3039 4181
f 3038 3124 3125
f 3038 3125 3039
f 3039 3125 4231
f 2940 3040 3041
f 2940 3073 3040
f 2941 3041 3042
f 3041 3044 3042
f 3040 3068 3041
f 3040 3066 3068
f 3040 3073 3066
f 3041 3045 3044
f 3041 3061 3045
f 3041 3062 3061
f 3042 3044 3043
f 3041 3068 3062
f 3061 3046 3045
f 3043 3044 3055
f 3045 3046 3044
f 3046 3055 3044
f 3042 3051 3048
f 2957 3047 3056
f 3047 3048 3056
f 3048 3051 3056
f 3042 3050 3051
f 3042 3053 3049
f 3042 3049 3050
f 3042 3043 3053
f 2958 2960 3054
f 2960 2957 3056
f 2961 3054 2962
f 2962 3054 3052
f 3050 3055 3051
f 3049 3053 3055
f 3043 3055 3053
f 3050 3049 3055
f 3051 3055 3056
f 2960 3056 3054
f 3052 3054 3076
f 3076 3054 3077
f 3046 3057 3059
f 3056 3058 3054
f 3056 3055 3060
f 3046 3059 3055
f 3055 3059 3060
f 3056 3060 3058
f 2986 3063 3064
f 2984 3064 3073
f 2985 3065 3063
f 3061 3062 3046
f 3064 3074 3073
f 3066 3067 3072
f 3066 3073 3074
f 3066 3074 3067
f 3066 3070 3068
f 3066 3072 3070
f 3068 3069 3075
f 3068 3070 3069
f 3071 3070 3072
f 3062 3068 3075
f 3046 3075 3069
f 3062 3075 3046
f 3046 3069 3070
f 3071 3046 3070
f 3054 3078 3077
f 2962 3052 3079
f 3052 3076 3079
f 3076 3081 3079
f 3000 3079 3080
f 3079 3082 3080
f 3076 3077 3081
f 3077 3078 3081
f 3079 3081 3082
f 3054 3083 3078
f 3054 3084 3083
f 3054 3085 3084
f 3078 3086 3081
f 3078 3083 3086
f 3081 3087 3082
f 3083 3084 3086
f 3081 3086 3087
f 3084 3091 3086
f 3084 3085 3091
f 3086 3092 3087
f 3086 3091 3092
f 3085 3088 3091
f 3088 3095 3091
f 3088 3089 3095
f 3089 3090 3095
f 3091 3096 3092
f 3091 3095 3096
f 3090 4116 3095
f 3090 3093 4116
f 3093 3094 4116
f 3095 4117 3096
f 3095 4116 4117
f 3065 3099 3063
f 3064 3063 3098
f 3065 2721 3097
f 3064 3100 3074
f 3074 3100 3067
f 3071 3072 3100
f 3067 3100 3072
f 3071 3057 3046
f 3065 3097 3099
f 3063 3099 3098
f 3064 3098 3100
f 3071 3100 3057
f 3054 4910 3085
f 3054 3058 4910
f 3085 4910 3088
f 3088 4910 3089
f 3089 4910 3090
f 3094 4910 4114
f 3090 4910 3093
f 3093 4910 3094
f 3001 3080 3101
f 3080 3103 3101
f 3101 3104 3102
f 3080 3082 3103
f 3101 3103 3104
f 3102 3107 3105
f 3105 3108 3106
f 3102 3104 3107
f 3105 3107 3108
f 3082 3109 3103
f 3082 3087 3109
f 3103 3110 3104
f 3103 3109 3110
f 3087 3112 3109
f 3104 3114 3107
f 3104 3110 3114
f 3106 3122 3111
f 3106 3108 3122
f 3107 3115 3108
f 3109 3113 3110
f 3087 3092 3112
f 3109 3112 3113
f 3092 3116 3112
f 3110 3118 3114
f 3107 3114 3115
f 3114 3119 3115
f 3110 3113 3118
f 3114 3118 3119
f 3092 3096 3116
f 3112 3117 3113
f 3112 3116 3117
f 3096 4130 3116
f 3096 4117 4130
f 3116 4131 3117
f 3113 3120 3118
f 3113 3117 3120
f 3118 4132 3119
f 3118 3120 4132
f 3111 3123 3121
f 3111 3122 3123
f 3108 3127 3122
f 3121 3123 3126
f 3122 3128 3123
f 3121 3126 3124
f 3124 4139 3125
f 3124 3126 4139
f 3123 3130 3126
f 3108 3115 3127
f 3122 3127 3128
f 3115 3129 3127
f 3123 3128 3130
f 3127 4140 3128
f 3127 3129 4140
f 3115 3119 3129
f 3119 4141 3129
f 3131 2355 3159
f 3131 3159 3132
f 3132 3159 3160
f 2338 3131 3134
f 3131 3135 3134
f 3131 3132 3135
f 2340 3134 3133
f 3134 3135 3178
f 3133 3134 3178
f 3132 3160 3136
f 3136 3160 3166
f 3132 3181 3135
f 3132 3136 3181
f 3136 3166 3186
f 3137 3144 3143
f 2356 3139 3159
f 2341 3138 3139
f 3139 3138 3161
f 3138 3141 3161
f 2342 3140 3138
f 2343 3137 3140
f 3140 3137 3142
f 3138 3140 3141
f 3140 3142 3141
f 3142 3137 3143
f 3143 3151 3165
f 3142 3143 3164
f 3141 3142 3162
f 3164 3143 3165
f 2347 3144 3137
f 2348 3145 3144
f 2349 3146 3145
f 3144 3145 3151
f 3145 3146 3152
f 3147 3146 2353
f 3147 3148 3149
f 3148 2771 3150
f 3147 3153 3146
f 3144 3151 3143
f 3151 3145 3152
f 3146 3153 3152
f 3147 3149 3153
f 3148 3150 3149
f 3150 3492 3157
f 3151 3152 3154
f 3152 3153 3156
f 3153 3155 3156
f 3151 3154 3165
f 3152 3156 3154
f 3153 3149 3155
f 3150 3158 3149
f 3155 3149 3158
f 3150 3157 3158
f 3139 3160 3159
f 3139 3161 3160
f 3141 3163 3161
f 3141 3162 3163
f 3160 3161 3166
f 3161 3163 3166
f 3142 3164 3162
f 3154 3168 3165
f 3164 3165 3169
f 3162 3164 3167
f 3163 3162 3208
f 3163 3209 3166
f 3154 3156 3170
f 3156 3155 3171
f 3155 3158 3172
f 3157 3173 3158
f 3157 3499 3174
f 3157 3174 3173
f 3162 3167 3208
f 3163 3208 3209
f 3164 3169 3167
f 3169 3165 3168
f 3154 3170 3168
f 3156 3171 3170
f 3155 3172 3171
f 3172 3158 3173
f 2378 3182 3175
f 3182 3183 3176
f 2369 3175 3190
f 3175 3182 3176
f 3175 3176 3192
f 3176 3183 3193
f 3183 3185 3193
f 2371 3133 3177
f 3133 3178 3179
f 3133 3179 3177
f 2373 3177 3182
f 3182 3177 3183
f 3183 3177 3179
f 3179 3178 3184
f 3178 3180 3184
f 3135 3180 3178
f 3135 3181 3180
f 3136 3188 3181
f 3183 3179 3185
f 3185 3179 3184
f 3180 3202 3184
f 3180 3181 3187
f 3186 3166 3209
f 3136 3186 3188
f 3180 3187 3202
f 3187 3181 3188
f 3186 3209 3204
f 3186 3207 3188
f 3204 3209 3219
f 3195 2384 3189
f 2386 3190 3189
f 3175 3192 3190
f 3190 3192 3191
f 3189 3190 3191
f 3176 3194 3192
f 3176 3193 3194
f 3191 3192 3198
f 3192 3194 3198
f 3185 3200 3193
f 3195 3189 3196
f 3196 3189 3191
f 3197 3195 3345
f 3195 3196 3345
f 3196 3191 3199
f 3199 3191 3198
f 3196 3346 3345
f 3196 3199 3346
f 3194 3193 3201
f 3194 3347 3198
f 3185 3184 3203
f 3185 3203 3200
f 3201 3193 3200
f 3194 3201 3347
f 3203 3349 3200
f 3203 3354 3349
f 3203 3184 3202
f 3187 3206 3202
f 3187 3188 3205
f 3186 3204 3207
f 3188 3207 3205
f 3203 3202 3354
f 3187 3205 3206
f 3202 3206 3354
f 3204 3219 3356
f 3204 3355 3207
f 3205 3207 3357
f 3356 3219 3413
f 3209 3208 3219
f 3167 3211 3208
f 3169 3168 3212
f 3167 3169 3210
f 3168 3170 3213
f 3169 3212 3210
f 3168 3213 3212
f 3208 3211 3219
f 3167 3210 3211
f 3170 3171 3214
f 3171 3172 3215
f 3171 3215 3214
f 3170 3214 3213
f 3172 3216 3215
f 3172 3173 3216
f 3173 3174 3217
f 3174 3524 3218
f 3174 3218 3217
f 3216 3173 3217
f 3211 3413 3219
f 3211 3210 3414
f 3212 3213 3221
f 3210 3212 3220
f 3213 3214 3222
f 3221 3213 3222
f 3211 3414 3413
f 3210 3220 3414
f 3212 3221 3220
f 3216 3217 3225
f 3217 3218 3226
f 3643 3227 3218
f 3218 3227 3226
f 3214 3215 3223
f 3216 3224 3215
f 3214 3223 3222
f 3215 3224 3223
f 3216 3225 3224
f 3225 3217 3226
f 3197 3228 2490
f 3197 3345 3228
f 2490 3230 2497
f 2490 3228 3230
f 3228 3345 3231
f 3231 3345 3346
f 3229 2497 3230
f 3228 3232 3230
f 3239 3230 3232
f 3229 3230 3239
f 3228 3231 3232
f 3231 3346 3233
f 3346 3350 3233
f 3232 3231 3254
f 3231 3233 3254
f 3233 3350 3269
f 3229 3244 3241
f 3229 3239 3244
f 3241 3240 3259
f 3241 3259 2542
f 3241 3242 3240
f 3241 3244 3242
f 3244 3243 3242
f 3244 3239 3246
f 3239 3249 3246
f 3244 3245 3243
f 3244 3246 3245
f 3239 3247 3250
f 3239 3250 3249
f 3239 3252 3247
f 3239 3232 3252
f 3232 3254 3253
f 3232 3251 3252
f 3232 3253 3251
f 3233 3264 3254
f 3254 3264 3263
f 3254 3255 3253
f 3254 3256 3255
f 3254 3257 3256
f 3254 3258 3257
f 3254 3263 3258
f 3350 3360 3269
f 3233 3265 3264
f 3233 3268 3265
f 3233 3269 3267
f 3233 3267 3268
f 3360 3271 3269
f 3360 3272 3271
f 3199 3198 3348
f 3199 3350 3346
f 3199 3348 3350
f 3198 3347 3348
f 3348 3347 3352
f 3201 3200 3353
f 3201 3351 3347
f 3200 3349 3353
f 3201 3353 3351
f 3348 3360 3350
f 3352 3347 3351
f 3348 3352 3360
f 3352 3351 3370
f 3353 3349 3379
f 3349 3354 3378
f 3354 3358 3378
f 3351 3353 3373
f 3349 3378 3379
f 3206 3205 3359
f 3206 3358 3354
f 3205 3357 3359
f 3207 3355 3357
f 3204 3356 3355
f 3206 3359 3358
f 3356 3413 3392
f 3355 3356 3409
f 3357 3355 3403
f 3392 3413 3416
f 3352 3365 3360
f 3360 3362 3272
f 3360 3361 3362
f 3360 3363 3361
f 3360 3365 3363
f 3352 3364 3365
f 3352 3366 3364
f 3352 3369 3366
f 3352 3368 3369
f 3352 3370 3368
f 3351 3371 3370
f 3351 3372 3371
f 3351 3374 3372
f 3351 3373 3374
f 3353 3379 3373
f 3358 3390 3378
f 3379 3375 3373
f 3379 3380 3375
f 3379 3381 3380
f 3379 3378 3384
f 3379 3382 3381
f 3379 3383 3382
f 3379 3384 3383
f 3378 3386 3384
f 3378 3387 3386
f 3378 3390 3388
f 3378 3388 3387
f 3358 3391 3390
f 3358 3359 3397
f 3359 3357 3402
f 3358 3393 3391
f 3358 3394 3393
f 3358 3397 3396
f 3358 3396 3394
f 3359 3398 3397
f 3357 3401 3402
f 3357 3403 3404
f 3359 3399 3398
f 3359 3400 3399
f 3359 3402 3400
f 3357 3404 3401
f 3355 3409 3403
f 3356 3392 3409
f 3403 3405 3404
f 3403 3407 3405
f 3403 3406 3407
f 3403 3408 3406
f 3403 3409 3408
f 3392 3431 3409
f 3392 3416 3434
f 3409 3410 3408
f 3409 3412 3410
f 3409 3431 3412
f 3411 3410 3412
f 3392 3432 3431
f 3392 3434 3432
f 3416 3435 3434
f 3416 3436 3435
f 3220 3417 3414
f 3222 3223 3419
f 3220 3221 3415
f 3221 3222 3418
f 3413 3414 3416
f 3414 3417 3416
f 3220 3415 3417
f 3221 3418 3415
f 3222 3419 3418
f 3223 3224 3420
f 3224 3225 3421
f 3225 3226 3422
f 3226 3227 3424
f 3227 3649 3423
f 3223 3420 3419
f 3224 3421 3420
f 3225 3422 3421
f 3226 3424 3422
f 3227 3423 3424
f 3417 3415 3440
f 3416 3417 3439
f 3418 3419 3442
f 3415 3418 3441
f 3419 3420 3443
f 3420 3421 3444
f 3421 3422 3445
f 3423 4045 3448
f 3422 3424 3446
f 3424 3423 3447
f 3433 3432 3434
f 3439 3437 3436
f 3439 3438 3437
f 3439 5411 3438
f 3416 3439 3436
f 3417 3440 3439
f 3415 3441 3440
f 3418 3442 3441
f 3419 3443 3442
f 3420 3444 3443
f 3421 3445 3444
f 3422 3446 3445
f 3446 3424 3447
f 3423 3448 3447
f 3439 3440 5419
f 3440 3441 5420
f 3441 3442 5421
f 3442 3443 5422
f 3443 3444 5423
f 3439 5419 5411
f 3440 5420 5419
f 3441 5421 5420
f 3442 5422 5421
f 3443 5423 5422
f 3444 3445 5424
f 3445 3446 5425
f 3447 3448 5427
f 3446 3447 5426
f 4122 5428 3448
f 3444 5424 5423
f 3445 5425 5424
f 3446 5426 5425
f 3447 5427 5426
f 3448 5428 5427
f 2771 2773 3492
f 2773 2772 3493
f 2775 3489 3488
f 2776 3490 3489
f 2778 3488 3495
f 3495 3488 3496
f 3488 3489 3501
f 3488 3501 3496
f 3489 3502 3501
f 3489 3490 3502
f 3502 3490 3503
f 2771 3492 3150
f 2773 3493 3492
f 2778 3495 3491
f 2772 3491 3493
f 3495 3496 3491
f 3492 3493 3499
f 3493 3491 3500
f 3491 3496 3494
f 3494 3496 3497
f 3491 3494 3500
f 3494 3497 3498
f 3496 3504 3497
f 3492 3499 3157
f 3499 3493 3500
f 3496 3501 3504
f 3501 3502 3504
f 3502 3503 3505
f 3497 3504 3498
f 3502 3505 3504
f 3503 3506 3505
f 2792 3507 3490
f 2792 2793 3507
f 3507 2793 3508
f 3490 3507 3503
f 3507 3508 3513
f 2793 3509 3508
f 3509 3510 3511
f 3509 3511 3508
f 3510 3512 3511
f 3507 3513 3503
f 3513 3508 3514
f 3508 3511 3514
f 3511 3517 3514
f 3511 3512 3517
f 3517 3512 3518
f 3503 3513 3506
f 3513 3514 3515
f 3513 3515 3506
f 3515 3514 3516
f 3514 3517 3516
f 3517 3518 3519
f 3517 3519 3516
f 3519 3518 3520
f 3499 3500 3524
f 3494 3498 3525
f 3500 3494 3526
f 3525 3498 3527
f 3494 3525 3526
f 3500 3526 3524
f 3499 3524 3174
f 3498 3504 3521
f 3504 3505 3521
f 3505 3522 3521
f 3505 3506 3522
f 3506 3523 3522
f 3498 3521 3527
f 3521 3522 3528
f 3522 3523 3530
f 3525 3527 3529
f 3525 3529 3539
f 3527 3521 3528
f 3522 3530 3528
f 3527 3528 3529
f 3529 3528 3539
f 3539 3528 3532
f 3532 3528 3530
f 3530 3523 3531
f 3535 3530 3536
f 3536 3531 3537
f 3537 3531 3538
f 3538 3531 3616
f 3531 3619 3616
f 3533 3530 3534
f 3532 3530 3533
f 3534 3530 3535
f 3536 3530 3531
f 3506 3515 3523
f 3515 3540 3523
f 3515 3516 3540
f 3540 3516 3547
f 3523 3540 3531
f 3540 3547 3541
f 3516 3519 3547
f 3540 3541 3531
f 3541 3547 3542
f 3541 3638 3619
f 3531 3541 3619
f 3541 3542 3638
f 3638 3542 3543
f 3543 3544 3545
f 3543 3542 3544
f 3545 3544 3550
f 3545 3550 3546
f 3519 3548 3547
f 3519 3520 3548
f 3520 3549 3548
f 3547 3548 3542
f 3548 3549 3544
f 3548 3544 3542
f 3544 3549 3550
f 3510 2824 3551
f 2825 3552 3551
f 2825 2828 3552
f 3510 3551 3512
f 3551 3552 3555
f 3552 3554 3556
f 3512 3551 3555
f 2828 3554 3552
f 2828 3553 3554
f 3553 3557 3554
f 3553 3561 3557
f 3512 3555 3518
f 3552 3556 3555
f 3518 3555 3560
f 3555 3556 3560
f 3556 3558 3570
f 3554 3557 3558
f 3556 3554 3558
f 3557 3566 3559
f 3558 3559 3573
f 3557 3559 3558
f 3518 3560 3520
f 3556 3570 3560
f 3553 2830 3561
f 2830 3562 3561
f 3562 3563 3561
f 3562 3564 3563
f 3557 3561 3566
f 3561 3563 3566
f 3563 3564 3568
f 3562 2832 3564
f 2832 3565 3564
f 2832 2838 3565
f 3564 3565 3569
f 3563 3567 3566
f 3563 3568 3567
f 3559 3566 3577
f 3566 3567 3577
f 3564 3569 3568
f 3568 3580 3567
f 3568 3579 3580
f 3568 3569 3579
f 3565 3679 3569
f 3569 3679 3685
f 3569 3685 3579
f 2838 3680 3565
f 3565 3680 3679
f 2838 3681 3680
f 3559 3577 3574
f 3560 3570 3571
f 3570 3573 3572
f 3520 3560 3571
f 3570 3572 3571
f 3570 3558 3573
f 3559 3574 3573
f 3573 3574 3575
f 3574 3584 3576
f 3572 3573 3575
f 3575 3574 3576
f 3577 3578 3584
f 3577 3567 3578
f 3567 3580 3578
f 3578 3582 3585
f 3579 3684 3581
f 3580 3579 3581
f 3579 3685 3684
f 3578 3580 3582
f 3580 3581 3582
f 3581 3684 3688
f 3582 3581 3583
f 3582 3583 3588
f 3581 3688 3583
f 3574 3577 3584
f 3578 3585 3584
f 3576 3584 3586
f 3584 3585 3586
f 3585 3588 3587
f 3586 3585 3587
f 3585 3582 3588
f 3588 3583 3608
f 3587 3588 3609
f 3546 3594 3589
f 2839 3696 3681
f 2861 3699 3698
f 2861 2863 3699
f 2863 3765 3699
f 3520 3571 3549
f 3571 3572 3590
f 3549 3571 3590
f 3572 3575 3591
f 3572 3591 3590
f 3549 3590 3550
f 3590 3591 3594
f 3591 3592 3595
f 3575 3576 3592
f 3575 3592 3591
f 3592 3576 3593
f 3592 3593 3597
f 3576 3586 3593
f 3593 3601 3598
f 3550 3590 3594
f 3589 3594 3595
f 3596 3595 3597
f 3591 3595 3594
f 3550 3594 3546
f 3589 3595 3596
f 3595 3592 3597
f 3597 3598 3599
f 3597 3593 3598
f 3600 3598 3604
f 3596 3597 3599
f 3599 3598 3600
f 3586 3587 3601
f 3593 3586 3601
f 3587 3609 3602
f 3587 3602 3601
f 3601 3602 3604
f 3602 3611 3605
f 3605 3611 3613
f 3600 3604 3603
f 3603 3606 3672
f 3598 3601 3604
f 3603 3604 3605
f 3602 3605 3604
f 3606 3605 3613
f 3603 3605 3606
f 3606 3607 3673
f 3606 3613 3607
f 3607 3615 3677
f 3583 3688 3708
f 3583 3708 3608
f 3708 3716 3608
f 3588 3608 3609
f 3609 3608 3610
f 3608 3716 3610
f 3610 3716 3717
f 3609 3610 3611
f 3609 3611 3602
f 3611 3610 3612
f 3613 3611 3612
f 3613 3612 3614
f 3610 3717 3612
f 3612 3717 3743
f 3612 3743 3614
f 3614 3743 3744
f 3613 3614 3607
f 3614 3744 3615
f 3607 3614 3615
f 3615 3745 3678
f 3615 3744 3745
f 3525 3539 3644
f 3525 3645 3526
f 3525 3644 3645
f 3616 3619 3617
f 3618 3619 3635
f 3617 3619 3618
f 3537 3538 3621
f 3616 3617 3621
f 3617 3618 3621
f 3618 3635 3621
f 3538 3616 3621
f 3539 3532 3644
f 3532 3533 3644
f 3533 3534 3620
f 3534 3535 3620
f 3535 3536 3620
f 3536 3537 3620
f 3635 3641 3621
f 3533 3620 3644
f 3537 3621 3620
f 3543 3627 3626
f 3543 3630 3627
f 3627 3630 3628
f 3628 3630 3629
f 3629 3630 3631
f 3624 3625 3642
f 3625 3626 3642
f 3642 3626 3627
f 3628 3629 3640
f 3627 3628 3640
f 3629 3631 3640
f 2912 3632 3633
f 3633 3639 3634
f 2912 3631 3632
f 3630 3632 3631
f 3633 3632 3639
f 3635 3619 3636
f 3636 3619 3638
f 3636 3638 3637
f 3637 3638 3622
f 3622 3638 3623
f 3624 3623 3638
f 3624 3638 3543
f 3624 3543 3625
f 3625 3543 3626
f 3635 3636 3641
f 3636 3637 3641
f 3622 3623 3641
f 3637 3622 3641
f 3623 3642 3641
f 3624 3642 3623
f 3543 3545 3630
f 3545 3632 3630
f 3545 3546 3632
f 3546 3639 3632
f 3642 3627 3640
f 3524 3526 3643
f 3526 3645 3643
f 3524 3643 3218
f 3620 3621 3652
f 3641 3653 3621
f 3631 2977 3640
f 3641 3642 3647
f 3642 3640 3648
f 3648 3640 3646
f 3642 3648 3647
f 3641 3647 3653
f 3640 2981 3646
f 3640 2980 2981
f 3644 3650 3645
f 3643 3645 3649
f 3644 3651 3650
f 3645 3650 3649
f 3643 3649 3227
f 3644 3620 3651
f 3651 3620 3652
f 3621 3653 3652
f 2928 3654 3655
f 2929 3655 3657
f 3634 3658 3654
f 3634 3639 3658
f 3654 3659 3655
f 2929 3657 2932
f 2932 3662 3656
f 2932 3657 3662
f 3656 3662 3668
f 3589 3658 3639
f 3546 3589 3639
f 3589 3596 3658
f 3596 3599 3659
f 3596 3659 3658
f 3654 3658 3659
f 3655 3659 3660
f 3657 3660 3661
f 3599 3660 3659
f 3662 3661 3672
f 3655 3660 3657
f 3657 3661 3662
f 2935 3663 3665
f 2935 3665 3664
f 3656 3668 3663
f 3664 3665 3670
f 2936 3667 3671
f 2863 3666 3765
f 2936 3671 3666
f 3664 3670 3667
f 3663 3668 3669
f 3663 3669 3665
f 3662 3672 3668
f 3665 3669 3674
f 3668 3673 3669
f 3666 3767 3765
f 3666 3671 3767
f 3667 3670 3675
f 3667 3675 3671
f 3665 3674 3670
f 3599 3600 3660
f 3600 3661 3660
f 3600 3603 3661
f 3661 3603 3672
f 3668 3672 3673
f 3669 3673 3677
f 3606 3673 3672
f 3669 3677 3674
f 3670 3674 3676
f 3670 3676 3675
f 3671 3675 3768
f 3671 3768 3767
f 3675 3676 3770
f 3675 3770 3768
f 3607 3677 3673
f 3674 3677 3678
f 3674 3678 3676
f 3615 3678 3677
f 3676 3678 3774
f 3676 3774 3770
f 3745 3774 3678
f 3679 3686 3685
f 3680 3681 3683
f 3679 3680 3682
f 3679 3682 3686
f 3680 3683 3682
f 3683 3693 3682
f 3685 3686 3687
f 3685 3687 3684
f 3686 3690 3687
f 3684 3687 3689
f 3687 3690 3691
f 3684 3689 3688
f 3687 3691 3689
f 3690 3710 3691
f 3686 3682 3692
f 3686 3692 3690
f 3682 3693 3692
f 3692 3693 3695
f 3692 3694 3690
f 3690 3694 3710
f 3692 3695 3694
f 3695 3721 3694
f 3681 3697 3683
f 3696 3697 3681
f 3696 3698 3700
f 3696 3700 3697
f 3683 3702 3693
f 3683 3697 3702
f 3697 3700 3704
f 3697 3704 3702
f 3698 3699 3701
f 3698 3701 3700
f 3699 3766 3701
f 3700 3701 3705
f 3693 3703 3695
f 3693 3702 3703
f 3702 3704 3706
f 3702 3706 3703
f 3695 3746 3721
f 3695 3703 3746
f 3703 3706 3748
f 3703 3748 3746
f 3700 3705 3704
f 3701 3772 3705
f 3704 3705 3707
f 3704 3707 3706
f 3705 3776 3707
f 3706 3707 3749
f 3688 3689 3709
f 3688 3709 3708
f 3689 3691 3711
f 3689 3711 3709
f 3708 3709 3713
f 3691 3710 3712
f 3691 3712 3711
f 3710 3718 3712
f 3709 3711 3714
f 3709 3714 3713
f 3713 3714 3724
f 3711 3712 3715
f 3711 3715 3714
f 3712 3718 3719
f 3714 3715 3725
f 3712 3719 3715
f 3694 3720 3710
f 3710 3720 3718
f 3694 3721 3720
f 3708 3713 3716
f 3716 3713 3727
f 3713 3724 3727
f 3716 3727 3717
f 3717 3727 3728
f 3718 3737 3719
f 3720 3721 3723
f 3718 3720 3722
f 3718 3722 3737
f 3720 3723 3722
f 3723 3739 3722
f 3714 3725 3724
f 3715 3719 3732
f 3715 3732 3725
f 3724 3725 3726
f 3725 3732 3734
f 3725 3734 3726
f 3726 3734 3795
f 3724 3729 3727
f 3727 3729 3728
f 3728 3729 3731
f 3724 3726 3729
f 3729 3726 3730
f 3726 3795 3730
f 3729 3730 3731
f 3731 3730 3794
f 3719 3737 3733
f 3719 3733 3732
f 3737 3740 3733
f 3732 3733 3735
f 3732 3735 3734
f 3733 3740 3736
f 3734 3735 3797
f 3733 3736 3735
f 3736 3740 3803
f 3722 3738 3737
f 3737 3738 3740
f 3722 3739 3738
f 3738 3739 3741
f 3738 3742 3740
f 3740 3742 3803
f 3738 3741 3742
f 3741 3822 3742
f 3717 3728 3743
f 3743 3752 3744
f 3706 3749 3748
f 3707 3776 3782
f 3707 3782 3749
f 3745 3744 3754
f 3745 3755 3774
f 3745 3754 3755
f 3721 3747 3723
f 3721 3746 3747
f 3746 3750 3747
f 3746 3748 3750
f 3723 3759 3739
f 3723 3747 3759
f 3747 3761 3759
f 3747 3750 3761
f 3748 3749 3751
f 3748 3751 3750
f 3750 3751 3762
f 3749 3782 3787
f 3749 3787 3751
f 3728 3752 3743
f 3728 3731 3752
f 3744 3752 3754
f 3752 3753 3754
f 3731 3753 3752
f 3754 3753 3757
f 3731 3794 3753
f 3753 3820 3757
f 3755 3754 3757
f 3779 3755 3756
f 3755 3757 3756
f 3757 3821 3756
f 3756 3758 3784
f 3756 3821 3758
f 3739 3760 3741
f 3739 3759 3760
f 3759 3763 3760
f 3759 3761 3763
f 3741 3760 3823
f 3741 3823 3822
f 3760 3826 3823
f 3760 3763 3826
f 3750 3762 3761
f 3751 3787 3790
f 3751 3790 3762
f 3761 3762 3764
f 3761 3764 3763
f 3763 3764 3828
f 3763 3828 3826
f 3762 3827 3764
f 3762 3790 3827
f 3699 3765 3766
f 3765 3769 3766
f 3765 3767 3769
f 3701 3766 3772
f 3767 3768 3771
f 3767 3771 3769
f 3766 3773 3772
f 3766 3769 3773
f 3768 3770 3775
f 3768 3775 3771
f 3769 3771 3778
f 3769 3778 3773
f 3705 3772 3776
f 3770 3774 3779
f 3770 3779 3775
f 3771 3775 3780
f 3771 3780 3778
f 3772 3777 3776
f 3772 3773 3777
f 3773 3781 3777
f 3773 3778 3781
f 3774 3755 3779
f 3775 3779 3784
f 3775 3784 3780
f 3776 3783 3782
f 3776 3777 3783
f 3778 3780 3785
f 3777 3781 3788
f 3777 3788 3783
f 3778 3785 3781
f 3779 3756 3784
f 3780 3784 3786
f 3780 3786 3785
f 3781 3785 3791
f 3781 3791 3788
f 3784 3758 3786
f 3785 3786 4002
f 3785 4002 3791
f 3782 3789 3787
f 3782 3783 3789
f 3783 3788 3792
f 3783 3792 3789
f 3787 3789 3793
f 3787 3793 3790
f 3788 3791 4003
f 3788 4003 3792
f 3789 3792 4004
f 3789 4004 3793
f 3730 3795 3802
f 3730 3802 3794
f 3794 3802 3807
f 3734 3797 3795
f 3735 3736 3796
f 3735 3796 3797
f 3795 3797 3805
f 3797 3796 3799
f 3736 3803 3798
f 3736 3798 3796
f 3797 3799 3805
f 3805 3799 3812
f 3796 3798 3800
f 3796 3800 3799
f 3798 3808 3801
f 3798 3801 3800
f 3799 3800 3809
f 3800 3801 3810
f 3795 3805 3802
f 3742 3804 3803
f 3798 3803 3808
f 3803 3804 3808
f 3742 3822 3804
f 3802 3805 3806
f 3805 3812 3806
f 3802 3806 3807
f 3807 3806 3814
f 3799 3809 3812
f 3800 3810 3809
f 3809 3810 3811
f 3809 3811 3816
f 3806 3812 3813
f 3806 3813 3814
f 3814 3813 3815
f 3812 3816 3813
f 3809 3816 3812
f 3813 3816 3818
f 3816 3811 3817
f 3816 3817 3818
f 3818 3817 3881
f 3813 3818 3815
f 3815 3818 3819
f 3818 3881 3819
f 3753 3794 3820
f 3794 3807 3820
f 3757 3820 3821
f 3820 3824 3821
f 3824 3829 3821
f 3807 3824 3820
f 3758 3821 3829
f 3758 3825 3786
f 3825 4002 3786
f 3758 3829 3825
f 3807 3814 3824
f 3814 3832 3824
f 3824 3832 3829
f 3829 3832 3834
f 3764 3831 3828
f 3764 3827 3831
f 3829 3834 3825
f 3825 3834 3830
f 3825 3830 4002
f 3830 4006 4002
f 3830 3835 4006
f 3814 3815 3832
f 3832 3815 3833
f 3832 3833 3834
f 3834 3833 3836
f 3815 3819 3833
f 3819 3883 3833
f 3833 3883 3836
f 3836 3883 3837
f 3830 3834 3836
f 3830 3836 3835
f 3835 4010 4006
f 3835 3839 4010
f 4010 3839 3838
f 3835 3836 3837
f 3835 3837 3839
f 3838 3839 3886
f 3838 3886 3840
f 3804 3842 3808
f 3822 3856 3804
f 3804 3856 3842
f 3808 3841 3801
f 3808 3842 3841
f 3801 3841 3844
f 3842 3843 3841
f 3842 3856 3858
f 3842 3858 3843
f 3843 3858 3865
f 3801 3844 3810
f 3810 3844 3845
f 3810 3845 3811
f 3844 3850 3845
f 3811 3845 3846
f 3845 3850 3847
f 3845 3847 3846
f 3844 3841 3848
f 3841 3843 3848
f 3844 3848 3850
f 3848 3851 3850
f 3848 3849 3851
f 3843 3849 3848
f 3843 3865 3849
f 3849 3853 3851
f 3849 3865 3866
f 3849 3866 3853
f 3811 3846 3817
f 3846 3847 3888
f 3850 3851 3852
f 3847 3850 3852
f 3851 3854 3852
f 3847 3852 3890
f 3852 3854 3891
f 3851 3853 3854
f 3853 3855 3854
f 3854 3855 3898
f 3853 3877 3855
f 3822 3823 3857
f 3822 3857 3856
f 3823 3826 3860
f 3823 3860 3857
f 3856 3859 3858
f 3857 3859 3856
f 3857 3861 3859
f 3857 3860 3861
f 3858 3867 3865
f 3858 3859 3867
f 3859 3868 3867
f 3859 3861 3868
f 3826 3863 3860
f 3826 3828 3863
f 3860 3862 3861
f 3860 3863 3862
f 3828 3864 3863
f 3828 3831 3864
f 3831 4014 3864
f 3863 3871 3862
f 3863 3864 3871
f 3865 3867 3869
f 3865 3869 3866
f 3867 3868 3870
f 3867 3870 3869
f 3864 4016 3871
f 3868 3861 3872
f 3861 3862 3872
f 3868 3872 3873
f 3868 3873 3870
f 3862 3874 3872
f 3862 3871 3874
f 3872 3876 3873
f 3871 3875 3874
f 3871 4016 3875
f 3872 3874 3876
f 3875 4016 3923
f 3874 3924 3876
f 3874 3875 3924
f 3853 3866 3877
f 3866 3869 3878
f 3866 3878 3877
f 3855 3877 3933
f 3877 3878 3935
f 3869 3879 3878
f 3869 3870 3879
f 3878 3879 3936
f 3870 3880 3879
f 3870 3873 3880
f 3873 3876 3947
f 3873 3947 3880
f 3819 3881 3882
f 3819 3882 3883
f 3883 3882 3884
f 3837 3883 3884
f 3837 3884 3885
f 3837 3885 3839
f 3839 3885 3886
f 3846 3887 3817
f 3817 3887 3881
f 3846 3888 3887
f 3881 3887 3889
f 3887 3888 3894
f 3887 3894 3889
f 3881 3889 3882
f 3847 3890 3888
f 3852 3891 3890
f 3890 3891 3893
f 3888 3890 3892
f 3888 3892 3894
f 3890 3893 3892
f 3889 3894 3895
f 3889 3917 3882
f 3889 3895 3917
f 3917 3895 3918
f 3894 3892 3897
f 3894 3897 3895
f 3892 3893 3896
f 3892 3896 3897
f 3897 3896 3908
f 3895 3897 3907
f 3895 3907 3918
f 3897 3908 3907
f 3854 3898 3891
f 3891 3898 3899
f 3891 3899 3893
f 3893 3899 3901
f 3855 3934 3898
f 3898 3900 3899
f 3898 3934 3900
f 3900 3934 3940
f 3893 3901 3896
f 3901 3903 3896
f 3896 3903 3908
f 3901 3899 3902
f 3899 3900 3902
f 3900 3905 3902
f 3901 3904 3903
f 3901 3902 3904
f 3902 3906 3904
f 3900 3940 3905
f 3902 3905 3906
f 3907 3957 3918
f 3907 3908 3909
f 3907 3909 3957
f 3908 3903 3910
f 3903 3911 3910
f 3908 3910 3909
f 3903 3904 3911
f 3904 3914 3911
f 3909 3910 3912
f 3909 3912 3958
f 3910 3913 3912
f 3910 3911 3913
f 3911 3915 3913
f 3912 3913 3972
f 3904 3906 3914
f 3906 3967 3914
f 3911 3914 3915
f 3914 3968 3915
f 3913 3915 3916
f 3913 3916 3972
f 3915 3979 3916
f 3882 3917 3884
f 3884 3919 3885
f 3884 3917 3919
f 3917 3918 3919
f 3919 3918 3920
f 3885 3919 3927
f 3927 3919 3920
f 3927 3920 3928
f 3885 3927 3886
f 3886 3927 3922
f 3840 3886 3922
f 3840 3922 3921
f 3921 3930 4017
f 3875 3926 3924
f 3875 3923 3926
f 3930 3932 4019
f 3925 4019 3932
f 3923 3931 3926
f 3923 3925 3931
f 3927 3928 3922
f 3922 3928 3929
f 3921 3922 3929
f 3921 3929 3930
f 3960 3929 3928
f 3960 3963 3929
f 3925 3965 3931
f 3930 3929 3963
f 3930 3963 3932
f 3925 3932 3965
f 3855 3933 3934
f 3877 3935 3933
f 3933 3935 3938
f 3933 3937 3934
f 3878 3936 3935
f 3935 3936 3939
f 3879 3948 3936
f 3936 3948 3943
f 3934 3937 3940
f 3933 3938 3937
f 3935 3939 3938
f 3936 3943 3939
f 3940 3941 3905
f 3937 3942 3940
f 3937 3938 3944
f 3940 3942 3941
f 3937 3944 3942
f 3905 3966 3906
f 3905 3941 3966
f 3938 3939 3945
f 3939 3943 3946
f 3938 3945 3944
f 3939 3946 3945
f 3942 3944 3970
f 3944 3945 3970
f 3943 3969 3946
f 3879 3880 3948
f 3880 3947 3949
f 3880 3949 3948
f 3947 3950 3951
f 3948 3949 3955
f 3947 3951 3949
f 3876 3924 3950
f 3876 3950 3947
f 3924 3953 3950
f 3924 3926 3953
f 3950 3952 3951
f 3949 3951 3956
f 3951 3952 3995
f 3926 3954 3953
f 3926 3931 3954
f 3950 3953 3952
f 3931 3965 3991
f 3931 3991 3954
f 3953 3954 3992
f 3953 3992 3952
f 3948 3955 3943
f 3949 3956 3955
f 3943 3955 3969
f 3955 3956 3996
f 3951 3995 3956
f 3969 3955 3996
f 3918 3957 3920
f 3920 3957 3959
f 3957 3958 3959
f 3909 3958 3957
f 3959 3958 3961
f 3920 3959 3928
f 3960 3928 3959
f 3960 3959 3961
f 3960 3961 3962
f 3960 3962 3963
f 3963 3962 3964
f 3963 3964 3932
f 3932 3964 3965
f 3912 3971 3958
f 3958 3971 3961
f 3961 3974 3962
f 3906 3966 3967
f 3914 3967 3968
f 3966 3941 3970
f 3942 3970 3941
f 3966 3970 3967
f 3967 3970 3968
f 3915 3968 3979
f 3968 3970 3979
f 3945 3946 3970
f 3946 3969 3970
f 3969 3996 3970
f 3996 3998 3970
f 3970 3998 4001
f 3912 3972 3971
f 3961 3971 3974
f 3971 3973 3974
f 3971 3972 3973
f 3972 3978 3973
f 3974 3973 3976
f 3973 3981 3976
f 3974 3976 3975
f 3962 3974 3975
f 3975 3977 3993
f 3975 3976 3977
f 3977 3987 3999
f 3976 3986 3977
f 3916 3978 3972
f 3916 3980 3978
f 3916 3979 3980
f 3979 3970 3980
f 3970 3982 3980
f 3970 3983 3982
f 3978 3982 3981
f 3973 3978 3981
f 3976 3981 3986
f 3981 3983 3986
f 3978 3980 3982
f 3981 3982 3983
f 3999 3987 3984
f 3984 3990 4000
f 3970 3990 3989
f 3970 4001 3985
f 3985 4000 3990
f 3970 3985 3990
f 3977 3986 3987
f 3986 3988 3987
f 3984 3987 3989
f 3970 3988 3983
f 3970 3989 3988
f 3986 3983 3988
f 3987 3988 3989
f 3984 3989 3990
f 3965 3964 3993
f 3965 3993 3991
f 3954 3991 3994
f 3954 3994 3992
f 3952 3992 3997
f 3964 3962 3975
f 3964 3975 3993
f 3991 3993 3999
f 3991 3999 3994
f 3992 3994 4000
f 3956 3995 3998
f 3952 3997 3995
f 3956 3998 3996
f 3995 3997 4001
f 3992 4000 3997
f 3995 4001 3998
f 3993 3977 3999
f 3994 3999 3984
f 3994 3984 4000
f 3985 3997 4000
f 3985 4001 3997
f 3791 4002 4006
f 3791 4006 4003
f 3792 4003 4007
f 3792 4007 4004
f 3790 3793 4005
f 3827 3790 4005
f 3793 4004 4008
f 3793 4008 4005
f 3827 4005 4009
f 3827 4009 3831
f 4003 4006 4010
f 4003 4010 4007
f 4004 4007 4011
f 4004 4011 4008
f 4005 4012 4009
f 4005 4008 4012
f 4007 4010 3838
f 4007 3838 4011
f 4008 4011 4013
f 4008 4013 4012
f 4011 3838 3840
f 4011 3840 4013
f 3831 4009 4014
f 4009 4012 4015
f 4009 4015 4014
f 3864 4014 4016
f 4012 4013 4017
f 4012 4017 4015
f 4014 4018 4016
f 4014 4015 4018
f 3840 3921 4013
f 3921 4017 4013
f 4015 4019 4018
f 4015 4017 4019
f 3923 4016 4018
f 4017 3930 4019
f 3925 4018 4019
f 3923 4018 3925
f 3646 2981 4020
f 3646 4020 4021
f 3648 4047 3647
f 3648 3646 4029
f 2981 4022 4020
f 4022 4023 4024
f 4022 4024 4020
f 4023 4025 4024
f 4020 4024 4021
f 3646 4021 4028
f 3648 4029 4047
f 4029 3646 4028
f 4021 4026 4027
f 4021 4027 4028
f 4021 4024 4026
f 4024 4035 4026
f 4024 4025 4035
f 4025 4036 4035
f 3650 4045 3649
f 3650 3651 4046
f 3653 4044 3652
f 3653 3647 4043
f 3651 3652 4042
f 3651 4042 4046
f 3653 4043 4044
f 3652 4044 4042
f 3649 4045 3423
f 3650 4046 4045
f 3647 4047 4043
f 4027 4030 4028
f 4028 4031 4032
f 4028 4030 4031
f 4029 4028 4032
f 4029 4032 4033
f 4031 4034 4032
f 4032 4034 4033
f 4029 4033 4037
f 4037 4033 4034
f 4026 4035 4027
f 4027 4035 4030
f 4035 4031 4030
f 4035 4034 4031
f 4035 4036 4048
f 4035 4048 4034
f 4048 4036 4049
f 4029 4037 4040
f 4037 4034 4050
f 4037 4050 4040
f 4038 4050 4039
f 4038 4040 4050
f 4039 4050 4041
f 4041 4050 4103
f 4050 4105 4103
f 4034 4048 4050
f 4043 4047 4121
f 4044 4043 4120
f 4042 4044 4124
f 4045 4046 4122
f 4042 4123 4046
f 4047 4029 4127
f 4029 4040 4127
f 4048 4051 4050
f 4048 4049 4051
f 4051 4049 4052
f 4050 4051 4107
f 4051 4052 4125
f 4023 3008 4053
f 3009 4054 4053
f 4023 4053 4025
f 4053 4054 4057
f 4025 4053 4057
f 3009 3012 4054
f 3012 4055 4056
f 3012 4056 4054
f 4055 4059 4056
f 4025 4057 4036
f 4054 4058 4057
f 4036 4057 4078
f 4057 4058 4078
f 4058 4080 4078
f 4054 4056 4058
f 4056 4059 4060
f 4058 4056 4060
f 4058 4060 4080
f 4059 4061 4060
f 4060 4061 4083
f 4055 3014 4063
f 3014 4062 4063
f 4055 4063 4059
f 4063 4064 4067
f 4062 4064 4063
f 4062 4065 4064
f 4062 3016 4065
f 3016 4066 4065
f 3016 4079 4066
f 4065 4066 4070
f 4059 4063 4067
f 4067 4064 4068
f 4064 4069 4068
f 4059 4067 4061
f 4061 4067 4071
f 4067 4068 4071
f 4064 4065 4069
f 4065 4070 4069
f 4068 4069 4073
f 4069 4070 4074
f 4066 4171 4070
f 4061 4071 4084
f 4071 4068 4072
f 4068 4073 4072
f 4071 4072 4091
f 4069 4074 4073
f 4073 4074 4076
f 4074 4174 4076
f 4070 4172 4074
f 4072 4073 4075
f 4073 4076 4075
f 4072 4075 4092
f 4075 4076 4077
f 4075 4077 4095
f 4076 4189 4077
f 4036 4078 4049
f 4079 4177 4066
f 4079 3036 4178
f 4078 4080 4081
f 4049 4078 4081
f 4080 4082 4081
f 4060 4083 4080
f 4080 4083 4082
f 4061 4084 4083
f 4083 4084 4085
f 4082 4083 4085
f 4085 4084 4086
f 4049 4081 4052
f 4052 4081 4087
f 4081 4082 4087
f 4082 4088 4087
f 4052 4087 4126
f 4087 4088 4149
f 4088 4150 4149
f 4082 4085 4088
f 4088 4085 4089
f 4085 4086 4089
f 4088 4089 4150
f 4089 4152 4150
f 4089 4090 4152
f 4090 4153 4152
f 4086 4090 4089
f 4084 4071 4091
f 4084 4091 4086
f 4072 4092 4091
f 4091 4092 4093
f 4092 4095 4094
f 4086 4091 4093
f 4093 4092 4094
f 4075 4095 4092
f 4094 4095 4099
f 4086 4093 4090
f 4093 4094 4096
f 4090 4093 4096
f 4094 4099 4097
f 4094 4097 4096
f 4090 4096 4153
f 4096 4097 4157
f 4153 4096 4157
f 4097 4101 4158
f 4097 4158 4157
f 4077 4190 4098
f 4095 4098 4099
f 4095 4077 4098
f 4098 4208 4100
f 4099 4098 4100
f 4097 4099 4101
f 4099 4100 4101
f 4101 4100 4102
f 4101 4168 4158
f 4101 4102 4168
f 4102 4169 4168
f 4100 4209 4102
f 4102 4210 4169
f 4039 4041 4128
f 4050 4107 4105
f 4128 4041 4103
f 4128 4103 4105
f 4105 4107 4106
f 4106 4107 4108
f 4128 4105 4106
f 4128 4106 4108
f 4128 4108 4104
f 4109 4118 4104
f 4109 4110 4118
f 4128 4104 4118
f 4107 4125 4108
f 4104 4108 4125
f 4111 4125 4126
f 4109 4111 4110
f 4109 4104 4125
f 4109 4125 4111
f 4111 4126 4112
f 4114 4113 4115
f 3094 4115 4116
f 4116 4119 4117
f 3094 4114 4115
f 4116 4115 4119
f 4110 4113 4118
f 4110 4111 4113
f 4111 4115 4113
f 4111 4112 4115
f 4115 4112 4119
f 4044 4120 4124
f 4043 4121 4120
f 4046 4123 4122
f 4045 4122 3448
f 4042 4124 4123
f 4038 4127 4040
f 4038 4039 4127
f 4047 4127 4121
f 4039 4128 4127
f 4051 4125 4107
f 4052 4126 4125
f 4113 4910 4118
f 4114 4910 4113
f 4128 4118 5668
f 4118 4910 5661
f 5668 4118 5661
f 4121 4127 5663
f 4120 4121 5662
f 4120 5665 4124
f 4122 4123 5664
f 4123 4124 5666
f 4120 5662 5665
f 4121 5663 5662
f 4123 5666 5664
f 4124 5665 5666
f 4122 5664 5428
f 4128 5667 4127
f 4128 5668 5667
f 4127 5667 5663
f 3116 4130 4131
f 4117 4134 4130
f 4117 4119 4134
f 4130 4135 4131
f 3117 4131 4133
f 3117 4133 3120
f 3120 4138 4132
f 3120 4133 4138
f 4119 4129 4134
f 4119 4112 4129
f 4134 4151 4135
f 4134 4129 4151
f 4130 4134 4135
f 4131 4135 4136
f 4135 4151 4154
f 4135 4154 4136
f 4133 4136 4137
f 4131 4136 4133
f 4133 4137 4138
f 3125 4139 4232
f 3126 4143 4139
f 3128 4140 4144
f 3119 4132 4141
f 3129 4141 4142
f 3129 4142 4140
f 4132 4145 4141
f 4132 4138 4145
f 4140 4142 4148
f 3126 3130 4143
f 3128 4144 3130
f 3130 4144 4147
f 4139 4143 4235
f 3130 4147 4143
f 4140 4148 4144
f 4138 4137 4161
f 4145 4162 4146
f 4141 4145 4146
f 4141 4146 4142
f 4138 4161 4145
f 4142 4146 4163
f 4143 4147 4239
f 4142 4163 4148
f 4144 4148 4164
f 4144 4164 4147
f 4087 4149 4126
f 4126 4149 4112
f 4129 4149 4150
f 4112 4149 4129
f 4129 4150 4151
f 4151 4150 4152
f 4152 4153 4154
f 4151 4152 4154
f 4154 4153 4155
f 4154 4155 4136
f 4155 4137 4136
f 4155 4153 4157
f 4155 4156 4137
f 4155 4157 4156
f 4156 4159 4161
f 4156 4157 4158
f 4159 4158 4168
f 4156 4158 4159
f 4162 4159 4160
f 4159 4168 4160
f 4160 4170 4165
f 4137 4156 4161
f 4145 4161 4162
f 4161 4159 4162
f 4146 4162 4165
f 4146 4165 4163
f 4148 4163 4167
f 4148 4167 4164
f 4147 4164 4242
f 4162 4160 4165
f 4163 4165 4166
f 4163 4166 4167
f 4165 4170 4166
f 4167 4166 4248
f 4164 4167 4247
f 4160 4168 4169
f 4160 4169 4170
f 4166 4170 4246
f 4170 4169 4245
f 4066 4177 4171
f 4070 4171 4172
f 4074 4172 4174
f 4171 4173 4172
f 4172 4175 4174
f 4172 4173 4175
f 4076 4174 4189
f 4173 4176 4175
f 4174 4188 4189
f 4174 4175 4188
f 4175 4192 4188
f 4175 4176 4192
f 4079 4178 4177
f 4171 4177 4179
f 4178 4180 4177
f 4177 4180 4179
f 3036 4181 4178
f 4178 4181 4182
f 3039 4231 4181
f 4181 4231 4233
f 4178 4182 4180
f 4180 4182 4186
f 4181 4233 4182
f 4182 4233 4236
f 4171 4179 4173
f 4173 4179 4183
f 4180 4184 4179
f 4179 4184 4183
f 4173 4183 4176
f 4176 4183 4207
f 4184 4185 4183
f 4183 4185 4207
f 4180 4186 4184
f 4184 4186 4187
f 4182 4236 4186
f 4186 4236 4238
f 4184 4187 4185
f 4185 4187 4214
f 4186 4238 4187
f 4187 4238 4257
f 4077 4189 4190
f 4189 4188 4191
f 4189 4191 4190
f 4188 4195 4191
f 4176 4193 4192
f 4188 4192 4195
f 4192 4196 4195
f 4192 4193 4196
f 4190 4191 4194
f 4191 4197 4194
f 4191 4195 4197
f 4193 4198 4196
f 4195 4199 4197
f 4195 4196 4199
f 4196 4203 4199
f 4196 4198 4203
f 4194 4197 4200
f 4197 4199 4201
f 4197 4201 4200
f 4199 4204 4201
f 4200 4201 4202
f 4201 4206 4202
f 4198 4223 4203
f 4199 4203 4204
f 4203 4205 4204
f 4203 4223 4205
f 4201 4204 4206
f 4205 4223 4226
f 4204 4280 4206
f 4204 4205 4280
f 4205 4283 4280
f 4205 4226 4283
f 4190 4208 4098
f 4176 4207 4193
f 4193 4207 4212
f 4207 4185 4211
f 4190 4194 4208
f 4208 4194 4216
f 4100 4208 4209
f 4208 4216 4209
f 4102 4209 4210
f 4169 4210 4245
f 4207 4211 4212
f 4193 4212 4198
f 4212 4222 4198
f 4211 4213 4212
f 4212 4213 4222
f 4185 4214 4211
f 4211 4214 4215
f 4187 4257 4214
f 4214 4257 4258
f 4211 4215 4213
f 4213 4215 4229
f 4214 4258 4215
f 4194 4200 4216
f 4209 4216 4217
f 4216 4218 4217
f 4200 4218 4216
f 4200 4202 4218
f 4218 4202 4289
f 4217 4218 4219
f 4218 4289 4219
f 4209 4217 4210
f 4210 4217 4220
f 4210 4220 4245
f 4220 4261 4245
f 4217 4219 4220
f 4220 4221 4261
f 4220 4219 4221
f 4221 4263 4261
f 4198 4222 4223
f 4222 4225 4223
f 4222 4213 4224
f 4222 4224 4225
f 4223 4225 4226
f 4225 4227 4226
f 4224 4228 4225
f 4225 4228 4227
f 4215 4258 4270
f 4213 4229 4224
f 4224 4229 4230
f 4215 4270 4229
f 4229 4270 4271
f 4224 4230 4228
f 4228 4230 4317
f 4229 4271 4230
f 4230 4271 4452
f 3125 4232 4231
f 4139 4235 4232
f 4231 4234 4233
f 4231 4232 4234
f 4232 4240 4234
f 4232 4235 4240
f 4143 4239 4235
f 4233 4234 4237
f 4234 4240 4243
f 4233 4237 4236
f 4234 4243 4237
f 4236 4237 4244
f 4236 4244 4238
f 4237 4243 4252
f 4237 4252 4244
f 4235 4239 4241
f 4235 4241 4240
f 4147 4242 4239
f 4239 4250 4241
f 4240 4241 4251
f 4167 4248 4247
f 4164 4247 4242
f 4239 4242 4250
f 4240 4251 4243
f 4238 4244 4259
f 4244 4252 4260
f 4246 4245 4261
f 4170 4245 4246
f 4246 4262 4248
f 4242 4247 4249
f 4241 4250 4256
f 4166 4246 4248
f 4247 4248 4253
f 4247 4253 4249
f 4242 4249 4250
f 4241 4256 4251
f 4243 4251 4254
f 4243 4254 4252
f 4250 4249 4255
f 4248 4262 4253
f 4249 4253 4266
f 4250 4255 4256
f 4251 4256 4265
f 4251 4265 4254
f 4252 4254 4275
f 4249 4266 4255
f 4256 4255 4267
f 4238 4259 4257
f 4244 4260 4259
f 4257 4259 4269
f 4257 4269 4258
f 4259 4260 4276
f 4259 4276 4269
f 4252 4275 4260
f 4261 4263 4262
f 4246 4261 4262
f 4262 4264 4253
f 4253 4264 4266
f 4264 4263 4430
f 4262 4263 4264
f 4266 4264 4431
f 4266 4431 4268
f 4256 4267 4265
f 4254 4265 4277
f 4255 4266 4268
f 4255 4268 4267
f 4265 4267 4279
f 4267 4268 4436
f 4258 4269 4272
f 4269 4276 4273
f 4258 4272 4270
f 4269 4273 4272
f 4270 4274 4271
f 4270 4272 4274
f 4272 4432 4274
f 4272 4273 4432
f 4260 4275 4278
f 4254 4277 4275
f 4260 4278 4276
f 4265 4279 4277
f 4275 4277 4435
f 4276 4278 4438
f 4275 4435 4278
f 4267 4436 4279
f 4276 4438 4273
f 4202 4206 4281
f 4206 4280 4282
f 4206 4282 4281
f 4280 4284 4282
f 4226 4292 4283
f 4280 4283 4284
f 4283 4292 4285
f 4283 4285 4284
f 4281 4282 4294
f 4282 4286 4294
f 4282 4284 4286
f 4284 4285 4287
f 4285 4314 4306
f 4284 4287 4286
f 4285 4306 4287
f 4294 4286 4299
f 4286 4287 4288
f 4286 4288 4299
f 4287 4306 4307
f 4287 4307 4288
f 4288 4301 4299
f 4288 4307 4309
f 4288 4309 4301
f 4202 4281 4289
f 4219 4289 4290
f 4289 4293 4290
f 4219 4290 4221
f 4221 4290 4291
f 4290 4295 4291
f 4221 4291 4263
f 4263 4291 4430
f 4291 4296 4430
f 4281 4293 4289
f 4226 4227 4292
f 4227 4313 4292
f 4292 4313 4314
f 4227 4312 4313
f 4227 4228 4312
f 4281 4294 4293
f 4293 4294 4297
f 4290 4293 4295
f 4293 4297 4295
f 4285 4292 4314
f 4228 4317 4312
f 4230 4452 4317
f 4291 4295 4296
f 4295 4298 4296
f 4296 4433 4430
f 4294 4299 4297
f 4295 4297 4298
f 4297 4300 4298
f 4297 4299 4300
f 4299 4301 4300
f 4300 4301 4302
f 4309 4343 4301
f 4301 4343 4302
f 4300 4302 4303
f 4298 4300 4303
f 4303 4302 4340
f 4298 4304 4296
f 4298 4303 4304
f 4296 4304 4433
f 4304 4444 4433
f 4304 4305 4444
f 4304 4303 4305
f 4303 4340 4305
f 4444 4305 4447
f 4305 4341 4447
f 4306 4308 4307
f 4307 4308 4310
f 4307 4310 4309
f 4308 4326 4310
f 4310 4342 4309
f 4310 4326 4311
f 4310 4311 4342
f 4312 4318 4313
f 4313 4316 4314
f 4306 4314 4315
f 4314 4316 4315
f 4315 4316 4324
f 4313 4318 4316
f 4318 4320 4316
f 4316 4320 4324
f 4312 4319 4318
f 4312 4317 4319
f 4317 4454 4319
f 4317 4452 4454
f 4318 4319 4321
f 4318 4321 4320
f 4319 4454 4322
f 4319 4322 4321
f 4320 4321 4330
f 4321 4322 4331
f 4306 4315 4308
f 4308 4315 4323
f 4315 4324 4323
f 4308 4323 4326
f 4323 4325 4327
f 4324 4320 4329
f 4324 4329 4325
f 4323 4324 4325
f 4329 4334 4325
f 4309 4342 4343
f 4323 4327 4326
f 4326 4327 4328
f 4311 4326 4328
f 4327 4333 4328
f 4327 4325 4332
f 4327 4332 4333
f 4325 4334 4332
f 4320 4330 4329
f 4329 4336 4334
f 4329 4330 4336
f 4321 4331 4330
f 4330 4337 4336
f 4330 4331 4337
f 4332 4361 4333
f 4332 4335 4361
f 4332 4334 4335
f 4334 4336 4338
f 4334 4338 4335
f 4335 4338 4372
f 4336 4339 4338
f 4336 4337 4339
f 4337 4486 4339
f 4338 4339 4373
f 4302 4343 4345
f 4302 4345 4340
f 4340 4345 4346
f 4305 4340 4341
f 4340 4346 4341
f 4341 4346 4355
f 4341 4472 4447
f 4341 4355 4472
f 4355 4473 4472
f 4342 4344 4343
f 4343 4344 4345
f 4342 4311 4348
f 4342 4348 4344
f 4345 4344 4349
f 4344 4348 4350
f 4345 4349 4346
f 4311 4328 4347
f 4311 4347 4348
f 4328 4357 4347
f 4328 4333 4357
f 4348 4347 4351
f 4348 4351 4350
f 4347 4357 4358
f 4347 4358 4351
f 4344 4350 4349
f 4349 4350 4353
f 4346 4349 4354
f 4349 4353 4354
f 4354 4353 4384
f 4350 4351 4352
f 4351 4358 4365
f 4351 4365 4352
f 4350 4352 4353
f 4352 4365 4391
f 4353 4352 4383
f 4353 4383 4384
f 4346 4354 4355
f 4355 4354 4356
f 4354 4384 4356
f 4356 4384 4386
f 4355 4356 4473
f 4356 4480 4473
f 4356 4386 4480
f 4480 4386 4387
f 4333 4360 4357
f 4357 4360 4359
f 4357 4359 4358
f 4333 4361 4360
f 4361 4362 4360
f 4360 4363 4359
f 4360 4362 4363
f 4362 4376 4363
f 4358 4359 4364
f 4358 4364 4365
f 4365 4364 4390
f 4365 4390 4391
f 4359 4363 4366
f 4359 4366 4364
f 4364 4366 4367
f 4364 4367 4390
f 4363 4376 4368
f 4363 4368 4366
f 4366 4369 4367
f 4366 4368 4369
f 4368 4404 4369
f 4361 4335 4370
f 4361 4370 4362
f 4335 4372 4370
f 4338 4373 4372
f 4339 4491 4373
f 4362 4370 4371
f 4362 4371 4376
f 4370 4372 4374
f 4370 4374 4371
f 4372 4373 4375
f 4372 4375 4374
f 4373 4491 4380
f 4373 4380 4375
f 4376 4377 4368
f 4376 4378 4377
f 4371 4378 4376
f 4371 4374 4379
f 4371 4379 4378
f 4368 4377 4404
f 4378 4379 4409
f 4374 4375 4381
f 4374 4381 4379
f 4375 4382 4381
f 4375 4380 4382
f 4379 4381 4409
f 4380 4497 4407
f 4380 4407 4382
f 4407 4497 4408
f 4384 4383 4385
f 4352 4391 4383
f 4383 4391 4392
f 4383 4392 4385
f 4392 4401 4385
f 4384 4385 4386
f 4386 4385 4389
f 4385 4401 4389
f 4389 4401 4402
f 4387 4386 4389
f 4387 4389 4388
f 4389 4402 4388
f 4388 4402 4403
f 4391 4390 4393
f 4391 4393 4392
f 4390 4367 4395
f 4390 4395 4393
f 4392 4393 4394
f 4392 4394 4401
f 4393 4395 4397
f 4393 4397 4394
f 4367 4396 4395
f 4367 4369 4396
f 4369 4405 4396
f 4396 4405 4406
f 4395 4398 4397
f 4395 4396 4398
f 4397 4398 4400
f 4396 4406 4398
f 4398 4406 4414
f 4394 4397 4399
f 4397 4400 4399
f 4398 4414 4400
f 4401 4394 4410
f 4401 4410 4402
f 4369 4404 4405
f 4404 4409 4405
f 4378 4409 4377
f 4377 4409 4404
f 4405 4409 4406
f 4406 4409 4414
f 4381 4382 4409
f 4382 4407 4409
f 4407 4408 4409
f 4408 4508 4409
f 4409 4508 4421
f 4402 4410 4411
f 4394 4399 4410
f 4399 4413 4410
f 4410 4413 4411
f 4411 4413 4423
f 4402 4411 4403
f 4403 4411 4412
f 4411 4423 4412
f 4412 4423 4420
f 4412 4420 4501
f 4420 4510 4501
f 4399 4416 4413
f 4399 4400 4416
f 4414 4409 4415
f 4400 4415 4416
f 4400 4414 4415
f 4409 4417 4415
f 4409 4419 4417
f 4413 4416 4418
f 4413 4418 4423
f 4423 4418 4425
f 4416 4417 4418
f 4416 4415 4417
f 4409 4426 4419
f 4418 4419 4425
f 4418 4417 4419
f 4425 4419 4426
f 4420 4424 4510
f 4428 4510 4424
f 4409 4422 4429
f 4409 4429 4427
f 4409 4421 4422
f 4428 4429 4511
f 4422 4511 4429
f 4423 4425 4420
f 4420 4425 4424
f 4409 4427 4426
f 4425 4426 4424
f 4424 4426 4427
f 4428 4424 4427
f 4428 4427 4429
f 4264 4430 4431
f 4430 4433 4431
f 4268 4431 4434
f 4268 4434 4436
f 4271 4453 4452
f 4271 4274 4453
f 4274 4456 4453
f 4274 4432 4456
f 4431 4433 4434
f 4434 4433 4444
f 4434 4444 4445
f 4434 4445 4436
f 4436 4445 4439
f 4432 4458 4456
f 4277 4279 4437
f 4277 4437 4435
f 4278 4435 4440
f 4279 4436 4439
f 4279 4439 4437
f 4435 4437 4442
f 4273 4441 4432
f 4273 4438 4441
f 4278 4440 4438
f 4437 4439 4446
f 4438 4443 4441
f 4435 4442 4440
f 4438 4440 4443
f 4432 4441 4458
f 4437 4446 4442
f 4440 4442 4451
f 4440 4451 4443
f 4441 4443 4465
f 4441 4465 4458
f 4444 4447 4445
f 4445 4448 4439
f 4445 4447 4448
f 4439 4448 4446
f 4448 4447 4472
f 4448 4472 4450
f 4446 4448 4450
f 4446 4450 4449
f 4449 4450 4475
f 4446 4449 4442
f 4442 4449 4451
f 4443 4451 4467
f 4443 4467 4465
f 4451 4449 4474
f 4451 4474 4467
f 4452 4453 4455
f 4452 4455 4454
f 4454 4459 4322
f 4454 4455 4459
f 4453 4457 4455
f 4453 4456 4457
f 4456 4466 4457
f 4456 4458 4466
f 4455 4461 4459
f 4455 4457 4461
f 4457 4462 4461
f 4457 4466 4462
f 4322 4460 4331
f 4322 4459 4460
f 4459 4463 4460
f 4331 4460 4470
f 4459 4461 4463
f 4331 4470 4337
f 4460 4471 4470
f 4461 4462 4464
f 4461 4464 4463
f 4460 4463 4471
f 4462 4477 4464
f 4462 4469 4477
f 4463 4464 4488
f 4463 4488 4471
f 4458 4468 4466
f 4458 4465 4468
f 4465 4485 4468
f 4465 4467 4485
f 4466 4468 4469
f 4466 4469 4462
f 4468 4478 4469
f 4337 4470 4486
f 4470 4471 4487
f 4470 4487 4486
f 4450 4472 4473
f 4450 4473 4475
f 4449 4475 4474
f 4467 4474 4476
f 4474 4475 4479
f 4474 4479 4476
f 4485 4476 4482
f 4485 4482 4478
f 4464 4477 4489
f 4464 4489 4488
f 4469 4478 4483
f 4469 4483 4477
f 4475 4473 4480
f 4475 4480 4479
f 4479 4480 4387
f 4479 4387 4481
f 4476 4479 4481
f 4476 4481 4482
f 4478 4482 4484
f 4478 4484 4483
f 4477 4483 4494
f 4477 4494 4489
f 4482 4481 4499
f 4482 4499 4484
f 4483 4484 4503
f 4483 4503 4494
f 4467 4476 4485
f 4468 4485 4478
f 4471 4490 4487
f 4339 4486 4491
f 4486 4487 4492
f 4486 4492 4491
f 4487 4490 4495
f 4487 4495 4492
f 4471 4488 4490
f 4488 4489 4493
f 4488 4493 4490
f 4490 4496 4495
f 4493 4504 4505
f 4493 4505 4496
f 4489 4504 4493
f 4490 4493 4496
f 4489 4494 4504
f 4491 4492 4497
f 4380 4491 4497
f 4492 4498 4497
f 4492 4495 4498
f 4495 4506 4498
f 4495 4496 4506
f 4408 4497 4498
f 4387 4388 4481
f 4388 4499 4481
f 4388 4403 4499
f 4484 4499 4500
f 4484 4500 4503
f 4403 4500 4499
f 4504 4502 4507
f 4504 4507 4505
f 4403 4412 4500
f 4412 4501 4500
f 4500 4501 4503
f 4503 4501 4502
f 4502 4501 4510
f 4502 4510 4507
f 4494 4503 4502
f 4494 4502 4504
f 4496 4505 4509
f 4496 4509 4506
f 4498 4506 4508
f 4408 4498 4508
f 4505 4507 4511
f 4505 4511 4509
f 4421 4508 4506
f 4421 4506 4509
f 4428 4507 4510
f 4428 4511 4507
f 4422 4509 4511
f 4421 4509 4422
f 4579 4578 4580
f 4579 4580 4583
f 4579 4595 4592
f 4583 4580 4582
f 4579 4583 4595
f 4583 4582 4581
f 4583 4581 4584
f 4583 4584 4589
f 4589 4584 4587
f 4583 4597 4595
f 4583 4589 4597
f 4589 4587 4588
f 4589 4588 4590
f 4589 4590 4591
f 4589 4591 4602
f 4592 4596 4593
f 4593 4631 4594
f 4592 4595 4596
f 4593 4596 4631
f 4595 4651 4596
f 4595 4597 4651
f 4602 4591 4600
f 4602 4600 4601
f 4589 4653 4597
f 4589 4602 4653
f 4602 4601 4634
f 2647 4594 4632
f 2647 4633 2648
f 4594 4631 4632
f 2647 4632 4633
f 2648 4755 2702
f 4596 4652 4631
f 4596 4651 4652
f 2648 4633 4755
f 4631 4654 4632
f 4632 4655 4633
f 4602 4634 4636
f 4602 4636 4640
f 4640 4636 4637
f 4640 4637 4638
f 4602 4657 4653
f 4640 4638 4639
f 4640 4639 4643
f 4602 4640 4657
f 4640 4643 4714
f 4640 4714 4657
f 4714 4643 4645
f 4714 4645 4646
f 4714 4646 4648
f 4714 4648 4649
f 4597 4656 4651
f 4597 4653 4656
f 4651 4658 4652
f 4651 4656 4658
f 4631 4652 4654
f 4632 4654 4655
f 4633 4760 4755
f 4633 4655 4760
f 4652 4660 4654
f 4653 4659 4656
f 4653 4657 4659
f 4657 4717 4659
f 4656 4715 4658
f 4656 4659 4715
f 4652 4658 4660
f 4654 4713 4655
f 4654 4660 4713
f 4655 4780 4760
f 4655 4713 4780
f 4714 4649 4716
f 4716 4649 4710
f 4716 4710 4709
f 4716 4709 4711
f 4658 4718 4660
f 4658 4715 4718
f 4657 4714 4717
f 4716 4711 4736
f 4714 4720 4717
f 4659 4717 4719
f 4659 4719 4715
f 4714 4716 4720
f 4660 4721 4713
f 4660 4718 4721
f 4715 4722 4718
f 4713 4783 4780
f 4717 4744 4719
f 4717 4720 4744
f 4715 4719 4722
f 4713 4721 4783
f 4718 4746 4721
f 4718 4722 4746
f 4719 4748 4722
f 4721 4801 4783
f 4736 4711 4712
f 4736 4712 4727
f 4736 4727 4729
f 4736 4729 4730
f 4716 4736 4743
f 4736 4730 4737
f 4737 4730 4734
f 4737 4734 4738
f 4737 4738 4739
f 4716 4743 4720
f 4736 4737 4745
f 4736 4745 4743
f 4720 4743 4747
f 4720 4747 4744
f 4719 4744 4748
f 4737 5370 4745
f 4737 4739 5370
f 5370 4739 4741
f 5370 4741 4742
f 4743 4745 4750
f 4743 4750 4747
f 4745 5370 5402
f 4745 5402 4750
f 4721 4746 4801
f 4722 4748 4749
f 4722 4749 4746
f 4744 4747 4751
f 4744 4751 4748
f 4746 4804 4801
f 4746 4749 4804
f 4748 4751 4753
f 4748 4753 4749
f 4747 4750 4752
f 4747 4752 4751
f 4750 5403 4752
f 4749 4805 4804
f 4751 4754 4753
f 4749 4753 4805
f 4751 4752 4754
f 4753 4754 5564
f 4753 5564 4805
f 2702 4756 2703
f 2703 4757 2704
f 2704 4758 2705
f 2705 4759 2706
f 2706 4765 2707
f 2702 4755 4756
f 2703 4756 4757
f 2704 4757 4758
f 2705 4758 4759
f 2706 4759 4765
f 2707 4766 2708
f 2708 4767 2709
f 2709 4768 2710
f 2710 4769 2711
f 2711 4770 2722
f 2707 4765 4766
f 2708 4766 4767
f 2709 4767 4768
f 2710 4768 4769
f 2711 4769 4770
f 4755 4761 4756
f 4756 4762 4757
f 4755 4760 4761
f 4756 4761 4762
f 4757 4763 4758
f 4758 4764 4759
f 4759 4786 4765
f 4760 4781 4761
f 4757 4762 4763
f 4758 4763 4764
f 4759 4764 4786
f 4765 4787 4766
f 4766 4788 4767
f 4767 4789 4768
f 4768 4790 4769
f 4769 4806 4770
f 4765 4786 4787
f 4766 4787 4788
f 4767 4788 4789
f 2722 4771 2723
f 2723 4772 2724
f 2724 4773 2725
f 2725 4774 2726
f 2722 4770 4771
f 2723 4771 4772
f 2724 4772 4773
f 2725 4773 4774
f 2726 4774 4775
f 2726 4775 2727
f 2727 4776 2728
f 2728 4777 2729
f 2729 4778 2730
f 2730 4779 2731
f 2727 4775 4776
f 2728 4776 4777
f 2730 4778 4779
f 2729 4777 4778
f 2731 4779 4913
f 4770 4807 4771
f 4771 4808 4772
f 4772 4809 4773
f 4773 4810 4774
f 4774 4813 4775
f 4775 4814 4776
f 4776 4815 4777
f 4777 4811 4778
f 4778 4812 4779
f 4760 4780 4781
f 4761 4782 4762
f 4761 4781 4782
f 4762 4784 4763
f 4762 4782 4784
f 4763 4785 4764
f 4764 4795 4786
f 4780 4791 4781
f 4780 4783 4791
f 4781 4792 4782
f 4781 4791 4792
f 4763 4784 4785
f 4764 4785 4795
f 4782 4793 4784
f 4786 4796 4787
f 4768 4789 4790
f 4769 4790 4806
f 4787 4797 4788
f 4786 4795 4796
f 4787 4796 4797
f 4788 4799 4789
f 4789 4800 4790
f 4783 4802 4791
f 4783 4801 4802
f 4791 4803 4792
f 4782 4792 4793
f 4784 4794 4785
f 4784 4793 4794
f 4785 4798 4795
f 4785 4794 4798
f 4795 4818 4796
f 4788 4797 4799
f 4789 4799 4800
f 4790 4816 4806
f 4790 4800 4816
f 4795 4798 4818
f 4796 4819 4797
f 4796 4818 4819
f 4797 4820 4799
f 4799 4821 4800
f 4801 4822 4802
f 4791 4802 4803
f 4801 4804 4822
f 4802 4822 4823
f 4802 4823 4803
f 4792 4824 4793
f 4792 4803 4824
f 4793 4824 4825
f 4793 4825 4794
f 4770 4806 4807
f 4771 4807 4808
f 4772 4808 4809
f 4773 4809 4810
f 4774 4810 4813
f 4776 4814 4815
f 4777 4815 4811
f 4778 4811 4812
f 4779 4812 5002
f 4775 4813 4814
f 4806 4817 4807
f 4807 4844 4808
f 4806 4816 4817
f 4808 4845 4809
f 4809 4846 4810
f 4807 4817 4844
f 4808 4844 4845
f 4809 4845 4846
f 4810 4846 4848
f 4810 4848 4813
f 4813 4849 4814
f 4814 4850 4815
f 4815 4851 4811
f 4811 4852 4812
f 4813 4848 4849
f 4814 4849 4850
f 4815 4850 4851
f 4811 4851 4852
f 4812 4852 5087
f 4797 4819 4820
f 4799 4820 4821
f 4800 4847 4816
f 4800 4821 4847
f 4794 4831 4798
f 4794 4825 4831
f 4803 4828 4824
f 4803 4823 4828
f 4824 4828 4829
f 4824 4829 4825
f 4804 4805 4826
f 4804 4826 4822
f 4805 5565 4826
f 4805 5564 5565
f 4822 4827 4823
f 4822 4826 4827
f 4826 5569 4827
f 4825 4836 4831
f 4825 4829 4836
f 4823 4830 4828
f 4823 4827 4830
f 4828 4830 4833
f 4828 4833 4829
f 4827 5570 4830
f 4798 4832 4818
f 4798 4831 4832
f 4818 4834 4819
f 4818 4832 4834
f 4831 4837 4832
f 4831 4836 4837
f 4819 4835 4820
f 4819 4834 4835
f 4820 4839 4821
f 4829 4838 4836
f 4829 4833 4838
f 4830 5583 4833
f 4833 5585 4838
f 4832 4840 4834
f 4832 4837 4840
f 4820 4835 4839
f 4821 4862 4847
f 4821 4839 4862
f 4834 4843 4835
f 4834 4840 4843
f 4836 4841 4837
f 4836 4838 4841
f 4835 4864 4839
f 4835 4843 4864
f 4839 4870 4862
f 4837 4842 4840
f 4837 4841 4842
f 4838 5589 4841
f 4841 5617 4842
f 4840 4865 4843
f 4840 4842 4865
f 4816 4853 4817
f 4817 4854 4844
f 4844 4855 4845
f 4816 4847 4853
f 4817 4853 4854
f 4845 4856 4846
f 4844 4854 4855
f 4845 4855 4856
f 4846 4856 4857
f 4846 4857 4848
f 4848 4858 4849
f 4849 4859 4850
f 4848 4857 4858
f 4849 4858 4859
f 4850 4860 4851
f 4851 4861 4852
f 4852 4861 5093
f 4850 4859 4860
f 4851 4860 4861
f 4858 4879 4859
f 4859 4880 4860
f 4861 4860 4881
f 4861 4881 5179
f 4847 4863 4853
f 4853 4867 4854
f 4847 4862 4863
f 4853 4863 4867
f 4854 4868 4855
f 4855 4869 4856
f 4854 4867 4868
f 4855 4868 4869
f 4856 4869 4877
f 4856 4877 4857
f 4857 4878 4858
f 4857 4877 4878
f 4858 4878 4879
f 4859 4879 4880
f 4860 4880 4881
f 4839 4864 4870
f 4843 4865 4866
f 4843 4866 4864
f 4842 5618 4865
f 4864 4873 4870
f 4864 4866 4873
f 4865 5621 4866
f 4866 5624 4873
f 4862 4871 4863
f 4862 4870 4871
f 4863 4872 4867
f 4863 4871 4872
f 4867 4875 4868
f 4868 4876 4869
f 4867 4872 4875
f 4868 4875 4876
f 4869 4876 4888
f 4870 4874 4871
f 4870 4873 4874
f 4871 4882 4872
f 4871 4874 4882
f 4873 5639 4874
f 4872 4883 4875
f 4869 4888 4877
f 4877 4889 4878
f 4878 4885 4879
f 4877 4888 4889
f 4878 4889 4885
f 4879 4886 4880
f 4880 4887 4881
f 4879 4885 4886
f 4880 4886 4887
f 4881 4887 5202
f 4874 5640 4882
f 4872 4882 4883
f 4875 4883 4884
f 4875 4884 4876
f 4876 4884 4890
f 4882 5641 4883
f 4883 5645 4884
f 4888 4891 4889
f 4876 4890 4888
f 4889 4892 4885
f 4888 4890 4891
f 4889 4891 4892
f 4884 5656 4890
f 4890 5657 4891
f 4891 5658 4892
f 4885 4894 4886
f 4886 4893 4887
f 4885 4892 4894
f 4886 4894 4893
f 4887 4893 5208
f 4892 5659 4894
f 4894 5660 4893
f 4894 5659 5660
f 4893 5660 5214
f 3100 4895 3057
f 3057 4895 4903
f 3060 4902 3058
f 3060 3059 4904
f 3057 4903 3059
f 3059 4903 4904
f 3060 4904 4902
f 4914 4900 4915
f 4914 4899 4900
f 4914 4923 4899
f 4895 4896 4897
f 4895 4897 4903
f 4897 4898 4903
f 4915 4901 4897
f 4915 4900 4901
f 4897 4901 4898
f 4899 4976 4900
f 4900 4977 4901
f 4904 4903 4906
f 4904 4906 4907
f 4903 4898 4905
f 4903 4905 4906
f 4902 4908 4932
f 4902 4909 4908
f 4904 4907 4981
f 4898 4901 4905
f 4901 4906 4905
f 4901 4907 4906
f 4901 4982 4907
f 4902 4985 4909
f 4904 4981 4983
f 4904 4983 4984
f 4904 4999 4902
f 4902 4988 4985
f 3097 4911 3099
f 3098 3099 4912
f 2731 4913 3097
f 3098 4919 3100
f 3097 4913 4911
f 3099 4911 4912
f 3098 4912 4921
f 3098 4921 4919
f 3100 4919 4920
f 3100 4920 4916
f 3100 4916 4917
f 3100 4917 4895
f 3058 4902 4910
f 4902 4927 4910
f 4927 4925 4910
f 4910 4925 4926
f 4910 4926 4937
f 4910 4937 4938
f 4910 4938 4941
f 4910 4941 4942
f 4910 4942 5670
f 4912 4922 4921
f 4914 4920 4919
f 4914 4921 4922
f 4914 4919 4921
f 4914 4915 4916
f 4914 4916 4920
f 4915 4917 4916
f 4915 4918 4917
f 4895 4917 4918
f 4895 4918 4924
f 4915 4924 4918
f 4912 4923 4922
f 4912 4911 5001
f 4913 4779 5002
f 4913 5003 4911
f 4914 4922 4923
f 4915 4897 4924
f 4895 4924 4896
f 4896 4924 4897
f 4902 4931 4928
f 4902 4928 4927
f 4928 4933 4929
f 4928 4931 4933
f 4929 4933 4934
f 4927 4929 4925
f 4929 4939 4925
f 4929 4930 4939
f 4930 4940 4939
f 4927 4928 4929
f 4929 4934 4930
f 4902 4932 4931
f 4932 4933 4931
f 4935 4933 4932
f 4933 4936 4934
f 4908 4935 4932
f 4908 4909 4935
f 4909 5010 4935
f 4935 4936 4933
f 4935 5011 4936
f 4925 4939 4926
f 4926 4939 4937
f 4939 4943 4937
f 4937 4943 4938
f 4939 4940 4943
f 4940 4944 4943
f 4938 4943 4941
f 4943 4944 5671
f 4943 5671 4941
f 4941 5671 4942
f 5671 4944 5672
f 4930 4945 4940
f 4930 4934 4949
f 4930 4949 4945
f 4949 4950 4945
f 4950 4946 4945
f 4950 4951 4946
f 4951 4958 4946
f 4951 4952 4958
f 4934 4947 4949
f 4934 4936 4947
f 4936 5044 4947
f 4947 4948 4949
f 4948 4950 4949
f 4950 4953 4951
f 4951 4954 4952
f 4948 4953 4950
f 4951 4953 4954
f 4952 4955 4969
f 4954 4955 4952
f 4940 4945 4956
f 4945 4946 4956
f 4946 4957 4956
f 4940 4956 4944
f 4956 4957 4960
f 4957 4958 4962
f 4959 4963 4962
f 4946 4958 4957
f 4958 4952 4959
f 4958 4959 4962
f 4944 4956 4960
f 4957 4961 4960
f 4944 4960 5672
f 4960 4961 5694
f 4957 4962 4961
f 4962 4963 4964
f 4961 4962 4964
f 4963 5696 4964
f 4959 4965 4963
f 4959 4969 4965
f 4965 4970 4967
f 4963 4965 4966
f 4963 4966 5696
f 4965 4967 4966
f 4967 5704 4966
f 4967 4968 5704
f 4967 4973 4968
f 4959 4952 4969
f 4969 4971 4970
f 4965 4969 4970
f 4969 4955 4971
f 4971 4972 4970
f 4970 4972 4973
f 4970 4973 4967
f 4968 4973 5713
f 4973 4974 5713
f 4972 4974 4973
f 4899 4975 4976
f 4900 4976 4977
f 4975 4979 4976
f 4899 5006 4975
f 4976 4980 4977
f 4976 4979 4980
f 4975 4978 4979
f 4975 5006 4978
f 4978 5005 4979
f 4979 5008 4980
f 4978 5004 5005
f 4979 5005 5008
f 4980 5007 5013
f 4980 5008 5007
f 4901 4977 4982
f 4907 4982 4981
f 4982 4983 4981
f 4902 4994 4988
f 4982 4984 4983
f 4904 4984 4999
f 4977 4990 4982
f 4977 4980 4990
f 4982 4989 4987
f 4982 4990 4991
f 4982 4991 4989
f 4982 4986 4984
f 4982 4987 4986
f 4902 4999 4994
f 4984 4986 4999
f 4909 4985 5010
f 4985 4988 5010
f 4990 4993 4992
f 4990 4992 4991
f 4980 4995 4990
f 4980 4996 4995
f 4995 4993 4990
f 4991 5000 4989
f 4991 4992 5000
f 4992 4993 5000
f 4986 4987 4999
f 4987 4989 5000
f 4987 5000 4999
f 4999 5012 4994
f 4980 4997 4996
f 4980 5013 4997
f 4996 4997 4998
f 4995 5000 4993
f 4995 4996 5000
f 4996 4998 5000
f 4998 5089 5000
f 5000 5082 4999
f 4999 5082 5014
f 5000 5089 5082
f 4912 5006 4923
f 4912 5001 5006
f 4913 5002 5003
f 4911 5003 5001
f 4899 4923 5006
f 5001 5027 5006
f 4978 5006 5004
f 5004 5006 5027
f 5005 5024 5009
f 5005 5009 5008
f 4935 5010 5011
f 4988 5016 5010
f 4988 4994 5016
f 5010 5017 5011
f 5010 5016 5017
f 4997 5013 4998
f 4999 5014 5012
f 4994 5012 5016
f 5012 5018 5016
f 5016 5019 5017
f 5012 5014 5018
f 5014 5015 5018
f 5016 5018 5019
f 4812 5087 5002
f 5002 5083 5003
f 5003 5084 5001
f 5001 5084 5027
f 5004 5022 5005
f 5005 5021 5020
f 5004 5027 5029
f 5004 5028 5023
f 5004 5023 5022
f 5005 5022 5021
f 5004 5029 5028
f 5005 5026 5025
f 5005 5020 5026
f 5005 5025 5024
f 5022 5086 5021
f 5022 5023 5086
f 5009 5088 5008
f 5009 5024 5088
f 5026 5085 5025
f 5020 5085 5026
f 5020 5021 5085
f 5025 5085 5024
f 5027 5084 5029
f 5029 5084 5028
f 5002 5087 5083
f 5003 5083 5084
f 5028 5086 5023
f 5021 5086 5085
f 5024 5085 5088
f 5028 5084 5086
f 4998 5013 5088
f 5007 5088 5013
f 5007 5008 5088
f 5014 5082 5015
f 5015 5082 5030
f 5015 5033 5018
f 5015 5030 5033
f 5018 5034 5019
f 5030 5031 5033
f 5018 5033 5034
f 5031 5038 5033
f 5031 5032 5038
f 5033 5039 5034
f 5033 5038 5039
f 5030 5082 5031
f 4998 5088 5089
f 5031 5082 5032
f 5032 5035 5038
f 5035 5042 5038
f 5035 5036 5042
f 5036 5037 5042
f 5038 5043 5039
f 5038 5042 5043
f 5037 5767 5042
f 5037 5040 5767
f 5040 5041 5767
f 5042 5768 5043
f 5042 5767 5768
f 4936 5011 5044
f 4947 5044 5045
f 4947 5045 4948
f 5011 5048 5044
f 5011 5017 5048
f 5044 5049 5045
f 5044 5048 5049
f 4948 5045 5046
f 5045 5049 5052
f 4948 5046 4953
f 4953 5046 5047
f 4953 5047 4954
f 5045 5052 5046
f 5046 5053 5047
f 5046 5052 5053
f 5017 5050 5048
f 5048 5051 5049
f 5017 5019 5050
f 5048 5050 5051
f 5049 5054 5052
f 5052 5055 5053
f 5049 5051 5054
f 5051 5071 5054
f 5052 5054 5055
f 4954 5056 4955
f 4954 5047 5056
f 4955 5056 5058
f 5047 5057 5056
f 5047 5053 5057
f 5056 5057 5061
f 5053 5062 5057
f 5053 5055 5062
f 5054 5072 5055
f 4955 5058 4971
f 4971 5058 5059
f 5056 5061 5058
f 5058 5061 5064
f 4971 5059 4972
f 5058 5064 5059
f 4972 5059 5060
f 4972 5060 4974
f 4974 5060 5869
f 5059 5064 5065
f 5059 5065 5060
f 5060 5065 5871
f 5057 5063 5061
f 5057 5062 5063
f 5055 5078 5062
f 5061 5063 5066
f 5062 5079 5063
f 5061 5066 5064
f 5064 5771 5065
f 5064 5066 5771
f 5063 5081 5066
f 5019 5067 5050
f 5019 5034 5067
f 5050 5068 5051
f 5034 5069 5067
f 5050 5067 5068
f 5051 5068 5071
f 5067 5070 5068
f 5034 5039 5069
f 5067 5069 5070
f 5039 5073 5069
f 5068 5075 5071
f 5054 5071 5072
f 5071 5076 5072
f 5068 5070 5075
f 5071 5075 5076
f 5039 5043 5073
f 5069 5074 5070
f 5069 5073 5074
f 5043 5790 5073
f 5043 5768 5790
f 5073 5791 5074
f 5070 5077 5075
f 5070 5074 5077
f 5075 5792 5076
f 5075 5077 5792
f 5055 5072 5078
f 5062 5078 5079
f 5072 5080 5078
f 5072 5076 5080
f 5063 5079 5081
f 5078 5799 5079
f 5078 5080 5799
f 5076 5800 5080
f 5083 5091 5084
f 5084 5094 5086
f 5086 5090 5085
f 5086 5094 5090
f 5085 5090 5112
f 5087 5092 5083
f 4852 5093 5087
f 5087 5093 5092
f 5083 5092 5091
f 5084 5091 5094
f 5032 5082 5111
f 5032 5124 5035
f 5088 5085 5112
f 5088 5113 5089
f 5089 5111 5082
f 5089 5113 5111
f 5088 5112 5113
f 5032 5111 5123
f 5032 5127 5124
f 5036 5124 5125
f 5035 5124 5036
f 5036 5131 5037
f 5037 5131 5040
f 5036 5125 5126
f 5036 5126 5130
f 5036 5130 5131
f 5040 5131 5134
f 5040 5134 5135
f 5090 5110 5112
f 5091 5107 5094
f 5090 5094 5104
f 5095 5096 5107
f 5090 5108 5109
f 5090 5109 5110
f 5112 5110 5097
f 5096 5108 5103
f 5096 5109 5108
f 5096 5098 5109
f 5097 5110 5098
f 5098 5110 5109
f 5099 5100 5095
f 5100 5101 5096
f 5100 5096 5095
f 5099 5095 5170
f 5101 5098 5096
f 5091 5106 5105
f 5092 5169 5091
f 5091 5169 5106
f 4861 5179 5093
f 5093 5168 5092
f 5093 5179 5168
f 5092 5168 5169
f 5095 5105 5106
f 5095 5107 5105
f 5094 5107 5102
f 5094 5102 5104
f 5091 5105 5107
f 5096 5102 5107
f 5096 5104 5102
f 5096 5103 5104
f 5090 5104 5103
f 5090 5103 5108
f 5095 5106 5170
f 5112 5117 5113
f 5032 5123 5127
f 5112 5097 5114
f 5112 5114 5115
f 5112 5115 5117
f 5113 5117 5118
f 5098 5115 5114
f 5097 5098 5114
f 5113 5121 5111
f 5113 5118 5120
f 5113 5120 5119
f 5113 5119 5121
f 5111 5121 5122
f 5111 5122 5123
f 5101 5116 5098
f 5116 5172 5119
f 5116 5115 5098
f 5116 5120 5118
f 5116 5117 5115
f 5116 5118 5117
f 5116 5119 5120
f 5119 5172 5121
f 5122 5121 5172
f 5122 5172 5123
f 5127 5173 5128
f 5123 5172 5173
f 5123 5173 5127
f 5128 5173 5174
f 5124 5128 5125
f 5128 5132 5125
f 5128 5129 5132
f 5129 5133 5132
f 5124 5127 5128
f 5128 5174 5129
f 5125 5132 5126
f 5126 5132 5130
f 5132 5136 5130
f 5130 5136 5131
f 5132 5133 5136
f 5133 5137 5136
f 5131 5136 5134
f 5136 5137 6187
f 5136 6187 5134
f 5134 6187 5135
f 6187 5137 6188
f 5129 5138 5133
f 5129 5232 5138
f 5129 5174 5232
f 5138 5232 5233
f 5138 5233 5139
f 5139 5233 5234
f 5139 5234 5142
f 5142 5234 5235
f 5133 5138 5140
f 5138 5139 5140
f 5139 5141 5140
f 5139 5142 5141
f 5133 5140 5137
f 5140 5141 5144
f 5141 5142 5146
f 5143 5147 5146
f 5142 5235 5143
f 5143 5235 5244
f 5142 5143 5146
f 5143 5149 5147
f 5137 5140 5144
f 5141 5146 5145
f 5141 5145 5144
f 5137 5144 6188
f 5144 5145 6198
f 5146 5147 5148
f 5145 5146 5148
f 5147 6200 5148
f 5147 5150 6200
f 5143 5244 5149
f 5149 5245 5151
f 5147 5149 5150
f 5150 5151 6208
f 5149 5151 5150
f 5151 5152 6208
f 5151 5248 5152
f 5099 5154 5100
f 5099 5153 5154
f 5100 5155 5101
f 5100 5154 5155
f 5153 5157 5154
f 5154 5158 5155
f 5153 5156 5157
f 5154 5157 5158
f 5156 5164 5157
f 5156 5163 5164
f 5157 5165 5158
f 5157 5164 5165
f 5101 5155 5159
f 5155 5161 5159
f 5159 5162 5160
f 5155 5158 5161
f 5159 5161 5162
f 5158 5166 5161
f 5158 5165 5166
f 5161 5167 5162
f 5161 5166 5167
f 5160 5162 5177
f 5162 5191 5177
f 5162 5167 5191
f 5163 5181 5164
f 5164 5182 5165
f 5163 5180 5181
f 5164 5181 5182
f 5165 5189 5166
f 5099 5205 5153
f 5106 5169 5170
f 5169 5171 5170
f 5099 5170 5171
f 5099 5171 5205
f 5153 5205 5156
f 5156 5205 5163
f 5169 5205 5171
f 5101 5159 5116
f 5116 5160 5172
f 5116 5159 5160
f 5160 5175 5172
f 5175 5173 5172
f 5175 5176 5173
f 5173 5176 5174
f 5160 5177 5175
f 5175 5178 5176
f 5175 5177 5178
f 5177 5192 5178
f 5177 5191 5192
f 5179 5203 5168
f 4881 5202 5179
f 5168 5201 5169
f 5179 5202 5203
f 5169 5201 5205
f 5168 5203 5201
f 5163 5205 5180
f 5180 5205 5185
f 5185 5205 5206
f 5180 5183 5181
f 5180 5185 5183
f 5181 5184 5182
f 5181 5183 5184
f 5185 5206 5186
f 5185 5187 5183
f 5185 5186 5187
f 5183 5188 5184
f 5183 5187 5188
f 5186 5212 5187
f 5166 5190 5167
f 5165 5182 5189
f 5166 5189 5190
f 5167 5193 5191
f 5191 5194 5192
f 5167 5190 5193
f 5191 5193 5194
f 5182 5195 5189
f 5182 5184 5195
f 5189 5196 5190
f 5189 5195 5196
f 5190 5199 5193
f 5190 5196 5199
f 5193 5200 5194
f 5184 5197 5195
f 5184 5188 5197
f 5195 5198 5196
f 5195 5197 5198
f 5193 5199 5200
f 5199 5225 5200
f 5196 5224 5199
f 5196 5198 5224
f 5199 5224 5225
f 5201 5206 5205
f 4887 5208 5202
f 5202 5209 5203
f 5203 5204 5201
f 5201 5207 5206
f 5203 5209 5204
f 5201 5204 5207
f 5186 5206 5207
f 5202 5208 5209
f 5208 5216 5209
f 5204 5210 5207
f 5204 5217 5210
f 5209 5215 5204
f 4893 5214 5208
f 5211 5207 5210
f 5186 5207 5211
f 5186 5211 5212
f 5187 5213 5188
f 5187 5212 5213
f 5211 5220 5212
f 5212 5221 5213
f 5204 5215 5217
f 5208 5214 5216
f 5209 5216 5215
f 5215 5218 5217
f 5216 6252 5215
f 5215 6257 5218
f 5211 5210 5217
f 5217 5218 6268
f 5211 5217 5219
f 5211 5219 5220
f 5212 5220 5221
f 5219 5217 6268
f 5219 6266 5220
f 5220 6267 5221
f 5188 5222 5197
f 5188 5213 5222
f 5197 5223 5198
f 5197 5222 5223
f 5198 5228 5224
f 5198 5223 5228
f 5224 5229 5225
f 5224 5228 5229
f 5213 5226 5222
f 5213 5221 5226
f 5222 5227 5223
f 5222 5226 5227
f 5223 6279 5228
f 5223 5227 6279
f 5228 6280 5229
f 5228 6279 6280
f 5174 5176 5230
f 5174 5230 5232
f 5176 5238 5230
f 5230 5231 5232
f 5230 5239 5231
f 5231 5233 5232
f 5231 5236 5233
f 5233 5236 5234
f 5234 5237 5235
f 5234 5236 5237
f 5231 5240 5236
f 5236 5241 5237
f 5237 5242 5235
f 5178 5238 5176
f 5230 5238 5239
f 5231 5239 5240
f 5178 5254 5238
f 5178 5192 5254
f 5238 5254 5255
f 5238 5255 5239
f 5239 5255 5258
f 5239 5258 5240
f 5236 5240 5241
f 5237 5241 5243
f 5240 5258 5259
f 5240 5259 5241
f 5241 5259 5264
f 5235 5242 5244
f 5237 5243 5242
f 5242 5251 5246
f 5243 5251 5242
f 5241 5264 5243
f 5243 5264 5274
f 5243 5274 5251
f 5244 5246 5245
f 5149 5244 5245
f 5151 5245 5248
f 5244 5242 5246
f 5246 5247 5245
f 5245 5247 5248
f 5152 5248 5249
f 5248 5250 5249
f 5247 5250 5248
f 5250 6378 5249
f 5246 5251 5252
f 5251 5274 5277
f 5246 5252 5247
f 5247 5252 5253
f 5251 5277 5252
f 5252 5277 5278
f 5247 5253 5250
f 5250 5253 6381
f 5252 5278 5253
f 5253 6389 6381
f 5253 5278 6389
f 5192 5256 5254
f 5254 5257 5255
f 5192 5194 5256
f 5254 5256 5257
f 5255 5257 5260
f 5256 5263 5257
f 5255 5260 5258
f 5258 5261 5259
f 5258 5260 5261
f 5257 5267 5260
f 5259 5261 5275
f 5260 5268 5261
f 5194 5262 5256
f 5194 5200 5262
f 5256 5262 5263
f 5200 5265 5262
f 5257 5263 5267
f 5259 5275 5264
f 5262 5266 5263
f 5200 5225 5265
f 5262 5265 5266
f 5225 5269 5265
f 5263 5266 5271
f 5260 5267 5268
f 5263 5271 5267
f 5261 5268 5281
f 5267 5271 5272
f 5267 5272 5268
f 5265 5269 5270
f 5225 5229 5269
f 5265 5270 5266
f 5266 5270 5273
f 5229 6280 6303
f 5229 6303 5269
f 5269 6304 5270
f 5268 5272 5283
f 5266 5273 5271
f 5271 5273 6305
f 5271 6305 5272
f 5272 6305 6312
f 5264 5276 5274
f 5264 5275 5276
f 5261 5281 5275
f 5274 5276 5279
f 5275 5282 5276
f 5274 5279 5277
f 5277 5279 5280
f 5277 5280 5278
f 5276 5284 5279
f 5279 6316 5280
f 5275 5281 5282
f 5268 5283 5281
f 5281 5283 6313
f 5276 5282 5284
f 5281 6313 5282
f 5282 6313 6315
f 5272 6312 5283
f 5279 5284 6316
f 5282 6315 5284
f 5370 4742 5369
f 5370 5369 5372
f 5372 5369 5371
f 5372 5371 5373
f 5372 5373 5374
f 5372 5374 5375
f 5370 5372 5376
f 5372 5375 5376
f 5370 5376 5402
f 5376 5375 5378
f 5376 5378 5379
f 5376 5379 5380
f 5384 5380 5381
f 5384 5381 5382
f 5384 5382 5383
f 5384 5383 5392
f 5376 5380 5384
f 5376 5384 5404
f 5384 5394 5405
f 5392 5393 5394
f 5384 5392 5394
f 5405 5394 5395
f 5405 5395 5397
f 5496 5405 5397
f 5496 5397 5398
f 4750 5402 5403
f 5402 5376 5404
f 5402 5404 5403
f 5403 5404 5406
f 5384 5405 5404
f 5404 5405 5406
f 5406 5405 5534
f 4752 5403 5407
f 4752 5407 4754
f 5403 5406 5407
f 4754 5407 5531
f 4754 5531 5564
f 5407 5532 5531
f 5406 5532 5407
f 5406 5534 5532
f 5496 5534 5405
f 5419 5412 5411
f 5419 5413 5412
f 5429 5416 5413
f 5530 5416 5429
f 5419 5420 5429
f 5420 5421 5430
f 5421 5422 5431
f 5422 5423 5432
f 5423 5424 5433
f 5419 5429 5413
f 5420 5430 5429
f 5421 5431 5430
f 5422 5432 5431
f 5432 5423 5433
f 5424 5425 5434
f 5425 5426 5435
f 5427 5428 5437
f 5426 5427 5436
f 5664 5438 5428
f 5424 5434 5433
f 5425 5435 5434
f 5426 5436 5435
f 5436 5427 5437
f 5428 5438 5437
f 5429 5430 5546
f 5430 5431 5547
f 5431 5432 5548
f 5432 5433 5549
f 5433 5434 5550
f 5434 5435 5551
f 5435 5436 5552
f 5687 5554 5438
f 5436 5437 5553
f 5437 5438 5555
f 5493 5494 5492
f 5496 5398 5492
f 5496 5492 5494
f 5533 5494 5495
f 5533 5495 5502
f 5496 5494 5533
f 5533 5501 5503
f 5533 5502 5501
f 5533 5503 5504
f 5535 5498 5499
f 5535 5499 5500
f 5535 5504 5498
f 5510 5507 5508
f 5510 5508 5509
f 5510 5500 5507
f 5510 5509 5512
f 5512 5511 5490
f 5512 5490 5489
f 5512 5509 5511
f 5512 5489 5491
f 5535 5500 5510
f 5512 5491 5540
f 5526 5515 5516
f 5526 5516 5514
f 5529 5415 5414
f 5529 5514 5513
f 5529 5513 5527
f 5529 5527 5528
f 5529 5528 5415
f 5530 5417 5418
f 5530 5418 5416
f 5530 5414 5417
f 5530 5429 5546
f 5526 5514 5529
f 5529 5414 5530
f 5540 5491 5520
f 5540 5521 5522
f 5540 5520 5521
f 5540 5522 5519
f 5540 5519 5518
f 5541 5525 5515
f 5541 5523 5525
f 5541 5524 5523
f 5541 5518 5524
f 5526 5541 5515
f 5540 5518 5541
f 5526 5542 5541
f 5526 5529 5542
f 5529 5530 5544
f 5530 5546 5545
f 5532 5534 5537
f 5531 5532 5567
f 5532 5537 5567
f 5496 5533 5534
f 5533 5504 5535
f 5534 5533 5537
f 5533 5535 5537
f 5510 5512 5536
f 5535 5510 5536
f 5512 5540 5539
f 5512 5539 5536
f 5537 5535 5538
f 5537 5538 5567
f 5535 5536 5538
f 5536 5539 5575
f 5538 5536 5575
f 5539 5543 5576
f 5540 5543 5539
f 5540 5541 5543
f 5529 5544 5542
f 5530 5545 5544
f 5545 5546 5556
f 5543 5541 5577
f 5541 5542 5577
f 5542 5578 5577
f 5542 5544 5578
f 5544 5545 5579
f 5430 5547 5546
f 5431 5548 5547
f 5432 5549 5548
f 5433 5550 5549
f 5434 5551 5550
f 5435 5552 5551
f 5436 5553 5552
f 5553 5437 5555
f 5438 5554 5555
f 5546 5547 5556
f 5547 5548 5557
f 5548 5549 5597
f 5549 5550 5598
f 5550 5551 5599
f 5547 5557 5556
f 5548 5597 5557
f 5549 5598 5597
f 5550 5599 5598
f 5551 5552 5601
f 5552 5553 5602
f 5553 5555 5603
f 5555 5554 5604
f 5554 5756 5605
f 5551 5601 5599
f 5552 5602 5601
f 5553 5603 5602
f 5555 5604 5603
f 5554 5605 5604
f 5564 5566 5565
f 5531 5566 5564
f 4826 5565 5569
f 5565 5566 5571
f 5531 5567 5566
f 5566 5567 5568
f 5538 5568 5567
f 5566 5568 5571
f 5571 5568 5572
f 5568 5575 5572
f 5565 5571 5569
f 4827 5569 5570
f 5569 5571 5573
f 4830 5570 5583
f 5569 5573 5570
f 5570 5573 5584
f 5571 5572 5573
f 5573 5572 5574
f 5572 5576 5574
f 5573 5574 5584
f 5574 5580 5586
f 5574 5586 5584
f 5538 5575 5568
f 5539 5576 5575
f 5543 5580 5576
f 5575 5576 5572
f 5576 5580 5574
f 5543 5577 5580
f 5580 5577 5581
f 5581 5577 5578
f 5544 5579 5578
f 5545 5556 5582
f 5545 5582 5579
f 5582 5556 5600
f 5581 5578 5594
f 5580 5581 5586
f 5594 5578 5579
f 5595 5579 5582
f 5594 5579 5595
f 4833 5583 5585
f 5570 5584 5583
f 5583 5584 5587
f 5583 5587 5585
f 5584 5586 5587
f 5585 5587 5590
f 5586 5581 5588
f 5587 5586 5588
f 5587 5588 5590
f 5588 5594 5591
f 4838 5585 5589
f 5585 5590 5589
f 4841 5589 5617
f 5589 5590 5592
f 5589 5592 5617
f 5590 5591 5592
f 5590 5588 5591
f 5591 5595 5593
f 5592 5591 5593
f 5593 5596 5620
f 5581 5594 5588
f 5596 5582 5600
f 5595 5582 5596
f 5594 5595 5591
f 5596 5600 5610
f 5595 5596 5593
f 5596 5610 5620
f 5556 5557 5600
f 5557 5597 5606
f 5597 5598 5607
f 5557 5606 5600
f 5597 5607 5606
f 5598 5599 5608
f 5599 5601 5609
f 5598 5608 5607
f 5608 5599 5609
f 5616 5605 6164
f 5614 5604 5615
f 5615 5605 5616
f 5601 5602 5612
f 5602 5603 5613
f 5601 5612 5609
f 5602 5613 5612
f 5614 5613 5603
f 5614 5603 5604
f 5615 5604 5605
f 5610 5600 5606
f 5611 5606 5607
f 5610 5606 5611
f 5611 5607 5631
f 5607 5608 5631
f 5608 5609 5632
f 5609 5612 5633
f 5608 5632 5631
f 5609 5633 5632
f 5612 5613 5634
f 5614 5635 5613
f 5612 5634 5633
f 5613 5635 5634
f 5614 5636 5635
f 6195 5638 5616
f 5614 5615 5636
f 5615 5616 5637
f 5636 5615 5637
f 5616 5638 5637
f 4842 5617 5618
f 5592 5619 5617
f 5617 5619 5618
f 4865 5618 5621
f 5618 5619 5622
f 5618 5622 5621
f 5592 5593 5619
f 5593 5620 5619
f 5620 5610 5623
f 5619 5620 5622
f 5622 5620 5623
f 4866 5621 5624
f 5621 5622 5626
f 5621 5626 5624
f 5622 5623 5626
f 5611 5625 5623
f 5625 5631 5628
f 4873 5624 5639
f 5624 5626 5627
f 5626 5623 5625
f 5626 5625 5627
f 5627 5628 5642
f 5627 5625 5628
f 5632 5629 5628
f 5629 5633 5630
f 5628 5629 5642
f 5634 5648 5630
f 5635 5650 5648
f 5636 5649 5650
f 5637 5638 5655
f 5638 6223 5654
f 5649 5637 5655
f 5638 5654 5655
f 5610 5611 5623
f 5611 5631 5625
f 5631 5632 5628
f 5632 5633 5629
f 5633 5634 5630
f 5634 5635 5648
f 5635 5636 5650
f 5636 5637 5649
f 4874 5639 5640
f 5624 5627 5639
f 5627 5642 5639
f 5639 5642 5640
f 4882 5640 5641
f 4883 5641 5645
f 5640 5643 5641
f 5640 5642 5643
f 5641 5643 5644
f 5641 5644 5645
f 5644 5651 5645
f 5629 5643 5642
f 5643 5630 5644
f 5629 5630 5643
f 5630 5648 5644
f 4884 5645 5656
f 5651 5652 5656
f 5652 5653 5657
f 5659 5646 5647
f 5653 5646 5658
f 5660 5647 6253
f 5651 5648 5650
f 5652 5650 5649
f 5644 5648 5651
f 5651 5650 5652
f 5652 5649 5653
f 5653 5649 5655
f 5646 5655 5654
f 5647 5654 6258
f 5653 5655 5646
f 5647 5646 5654
f 4890 5656 5657
f 4891 5657 5658
f 5651 5656 5645
f 5656 5652 5657
f 5653 5658 5657
f 4892 5658 5659
f 5659 5647 5660
f 5659 5658 5646
f 4910 5674 5661
f 5668 5661 5691
f 4910 5670 5674
f 5691 5661 5674
f 5662 5663 5685
f 5663 5667 5686
f 5664 5666 5687
f 5666 5665 5688
f 5662 5689 5665
f 5662 5685 5689
f 5663 5686 5685
f 5666 5688 5687
f 5665 5689 5688
f 5664 5687 5438
f 5668 5690 5667
f 5668 5691 5690
f 5667 5690 5686
f 4942 5669 5670
f 4942 5671 5669
f 5671 5672 5673
f 5671 5673 5669
f 5672 5675 5673
f 5669 5673 5670
f 5670 5676 5674
f 5670 5673 5676
f 5673 5683 5676
f 5673 5675 5683
f 5683 5675 5684
f 5676 5677 5674
f 5677 5678 5674
f 5691 5674 5680
f 5691 5680 5681
f 5674 5678 5679
f 5674 5679 5680
f 5691 5681 5736
f 5681 5680 5682
f 5679 5682 5680
f 5691 5736 5739
f 5691 5739 5737
f 5736 5681 5682
f 5676 5683 5677
f 5677 5683 5678
f 5683 5679 5678
f 5683 5682 5679
f 5683 5684 5692
f 5683 5692 5682
f 5682 5692 5758
f 5692 5684 5693
f 5686 5690 5754
f 5685 5686 5755
f 5685 5753 5689
f 5687 5688 5756
f 5688 5689 5757
f 5691 5761 5690
f 5692 5693 5759
f 5672 4960 5694
f 4961 5695 5694
f 5672 5694 5675
f 5675 5694 5698
f 5694 5695 5698
f 4961 4964 5695
f 4964 5696 5697
f 4964 5697 5695
f 5696 5700 5697
f 5675 5698 5684
f 5695 5699 5698
f 5684 5698 5703
f 5698 5699 5703
f 5699 5714 5703
f 5695 5697 5699
f 5697 5700 5701
f 5699 5697 5701
f 5699 5701 5714
f 5700 5702 5701
f 5701 5702 5717
f 5684 5703 5693
f 5696 4966 5705
f 4966 5704 5705
f 5696 5705 5700
f 5705 5706 5709
f 5704 5706 5705
f 5704 5707 5706
f 5704 4968 5707
f 4968 5708 5707
f 4968 5713 5708
f 5707 5708 5711
f 5700 5705 5709
f 5709 5706 5710
f 5706 5712 5710
f 5700 5709 5702
f 5702 5709 5721
f 5709 5710 5721
f 5706 5707 5712
f 5707 5711 5712
f 5710 5712 5723
f 5712 5711 5724
f 5708 5820 5711
f 5713 5821 5708
f 5713 4974 5822
f 5714 5701 5717
f 5703 5714 5715
f 5693 5703 5715
f 5693 5715 5760
f 5714 5716 5715
f 5714 5717 5716
f 5702 5718 5717
f 5717 5718 5719
f 5716 5717 5719
f 5719 5718 5720
f 5702 5721 5718
f 5721 5710 5722
f 5710 5723 5722
f 5721 5722 5728
f 5712 5724 5723
f 5711 5825 5724
f 5723 5724 5725
f 5724 5827 5725
f 5722 5723 5726
f 5723 5725 5726
f 5722 5726 5729
f 5726 5725 5727
f 5726 5727 5732
f 5725 5834 5727
f 5718 5721 5728
f 5718 5728 5720
f 5722 5729 5728
f 5728 5729 5730
f 5729 5732 5731
f 5720 5728 5730
f 5730 5729 5731
f 5729 5726 5732
f 5731 5732 5734
f 5727 5835 5733
f 5732 5733 5734
f 5732 5727 5733
f 5733 5844 5735
f 5734 5733 5735
f 5736 5682 5758
f 5736 5758 5739
f 5737 5758 5738
f 5737 5739 5758
f 5738 5758 5740
f 5740 5758 5741
f 5741 5758 5742
f 5758 5743 5742
f 5738 5750 5761
f 5738 5740 5750
f 5744 5743 5747
f 5740 5741 5750
f 5741 5742 5750
f 5750 5742 5744
f 5742 5743 5744
f 5745 5746 5749
f 5747 5748 5749
f 5750 5744 5747
f 5750 5747 5749
f 5745 5749 5748
f 5743 5762 5747
f 5751 5762 5763
f 5745 5751 5746
f 5747 5762 5748
f 5745 5748 5762
f 5745 5762 5751
f 5751 5763 5752
f 5689 5753 5757
f 5685 5755 5753
f 5686 5754 5755
f 5688 5757 5756
f 5687 5756 5554
f 5691 5737 5761
f 5737 5738 5761
f 5690 5761 5754
f 5692 5759 5758
f 5693 5760 5759
f 5758 5759 5743
f 5759 5762 5743
f 5759 5760 5762
f 5762 5760 5763
f 5765 5764 5766
f 5041 5766 5767
f 5767 5769 5768
f 5041 5765 5766
f 5767 5766 5769
f 5749 5764 5765
f 5746 5764 5749
f 5749 5765 6161
f 5761 5750 6162
f 5750 5749 6163
f 5751 5766 5764
f 5746 5751 5764
f 5752 5769 5766
f 5751 5752 5766
f 5041 6175 5765
f 6163 5749 6161
f 5750 6163 6162
f 5761 6162 6168
f 5753 6165 5757
f 5755 5754 6167
f 5754 5761 6168
f 5753 5755 6166
f 5756 5757 6164
f 5757 6165 6164
f 5753 6166 6165
f 5755 6167 6166
f 5754 6168 6167
f 5756 6164 5605
f 5778 5781 5795
f 5065 5771 5872
f 5066 5802 5771
f 5715 5772 5760
f 5715 5716 5772
f 5716 5773 5772
f 5760 5772 5763
f 5763 5772 5776
f 5772 5773 5776
f 5773 5777 5776
f 5716 5719 5773
f 5719 5774 5773
f 5719 5720 5774
f 5773 5774 5777
f 5777 5774 5779
f 5779 5774 5775
f 5779 5775 5780
f 5720 5775 5774
f 5763 5776 5752
f 5770 5776 5777
f 5752 5776 5770
f 5770 5777 5778
f 5778 5777 5779
f 5779 5780 5781
f 5778 5779 5781
f 5781 5782 5796
f 5781 5780 5782
f 5720 5730 5775
f 5730 5731 5783
f 5775 5730 5783
f 5731 5734 5784
f 5731 5784 5783
f 5775 5783 5780
f 5783 5784 5786
f 5780 5783 5786
f 5784 5815 5787
f 5784 5787 5786
f 5782 5780 5786
f 5782 5785 5797
f 5782 5786 5785
f 5785 5788 5808
f 5785 5786 5787
f 5788 5787 5817
f 5785 5787 5788
f 5809 5788 5789
f 5788 5817 5789
f 5789 5819 5812
f 5073 5790 5791
f 5768 5794 5790
f 5768 5769 5794
f 5790 5795 5791
f 5074 5793 5077
f 5074 5791 5793
f 5077 5798 5792
f 5077 5793 5798
f 5769 5770 5794
f 5790 5794 5795
f 5752 5770 5769
f 5778 5795 5794
f 5770 5778 5794
f 5791 5795 5796
f 5781 5796 5795
f 5793 5796 5797
f 5791 5796 5793
f 5793 5797 5798
f 5079 5799 5803
f 5076 5792 5800
f 5080 5800 5801
f 5080 5801 5799
f 5792 5804 5800
f 5792 5798 5804
f 5799 5801 5807
f 5066 5081 5802
f 5079 5803 5081
f 5081 5803 5806
f 5771 5802 5880
f 5081 5806 5802
f 5799 5807 5803
f 5798 5808 5804
f 5798 5797 5808
f 5804 5809 5805
f 5800 5804 5805
f 5800 5805 5801
f 5801 5805 5810
f 5802 5806 5881
f 5801 5810 5807
f 5803 5807 5811
f 5803 5811 5806
f 5782 5797 5796
f 5797 5785 5808
f 5804 5808 5809
f 5808 5788 5809
f 5805 5809 5812
f 5805 5812 5810
f 5807 5810 5813
f 5807 5813 5811
f 5806 5811 5884
f 5809 5789 5812
f 5810 5812 5814
f 5810 5814 5813
f 5811 5813 5910
f 5812 5819 5814
f 5813 5814 5911
f 5734 5815 5784
f 5734 5735 5815
f 5735 5816 5815
f 5787 5815 5817
f 5815 5816 5817
f 5817 5816 5818
f 5735 5845 5816
f 5816 5886 5818
f 5789 5817 5818
f 5789 5818 5819
f 5819 5889 5814
f 5819 5818 5888
f 5708 5821 5820
f 5711 5820 5825
f 5713 5822 5821
f 5821 5824 5823
f 5821 5823 5820
f 5822 5824 5821
f 5724 5825 5827
f 5820 5826 5825
f 5820 5823 5826
f 5825 5828 5827
f 5825 5826 5828
f 5725 5827 5834
f 5827 5833 5834
f 5827 5828 5833
f 5826 5829 5828
f 5828 5837 5833
f 5828 5829 5837
f 5826 5823 5830
f 5824 5831 5823
f 5823 5831 5830
f 5826 5830 5829
f 5829 5830 5843
f 5831 5832 5830
f 5830 5832 5843
f 5727 5834 5835
f 5834 5833 5836
f 5834 5836 5835
f 5833 5840 5836
f 5829 5838 5837
f 5833 5837 5840
f 5837 5841 5840
f 5837 5838 5841
f 5835 5839 5844
f 5835 5836 5839
f 5836 5842 5839
f 5836 5840 5842
f 5838 5846 5841
f 5840 5850 5842
f 5840 5841 5850
f 5841 5858 5850
f 5835 5844 5733
f 5829 5843 5838
f 5843 5848 5838
f 5843 5832 5847
f 5844 5854 5845
f 5844 5839 5854
f 5735 5844 5845
f 5841 5846 5858
f 5843 5847 5848
f 5838 5848 5846
f 5848 5863 5846
f 5847 5849 5848
f 5848 5849 5863
f 5839 5842 5851
f 5842 5850 5852
f 5842 5852 5851
f 5850 5860 5852
f 5851 5852 5853
f 5852 5862 5853
f 5839 5851 5854
f 5854 5856 5855
f 5845 5854 5855
f 5851 5856 5854
f 5851 5853 5856
f 5856 5853 5929
f 5855 5856 5857
f 5856 5929 5857
f 5846 5859 5858
f 5850 5858 5860
f 5858 5861 5860
f 5858 5859 5861
f 5852 5860 5862
f 5859 5866 5861
f 5860 5931 5862
f 5860 5861 5931
f 5861 5934 5931
f 5861 5866 5934
f 5846 5863 5859
f 5859 5863 5865
f 5863 5849 5864
f 5863 5864 5865
f 5859 5865 5866
f 5865 5867 5866
f 5864 5868 5865
f 5865 5868 5867
f 4974 5869 5822
f 5822 5869 5870
f 5060 5871 5869
f 5869 5871 5873
f 5822 5870 5824
f 5824 5870 5875
f 5869 5873 5870
f 5870 5873 5877
f 5065 5872 5871
f 5771 5880 5872
f 5871 5872 5874
f 5871 5874 5873
f 5872 5880 5882
f 5872 5882 5874
f 5824 5875 5831
f 5831 5875 5876
f 5870 5877 5875
f 5875 5877 5879
f 5831 5876 5832
f 5832 5876 5890
f 5875 5879 5876
f 5876 5879 5892
f 5873 5874 5878
f 5874 5882 5885
f 5873 5878 5877
f 5874 5885 5878
f 5877 5878 5887
f 5877 5887 5879
f 5878 5885 5915
f 5878 5915 5887
f 5802 5881 5880
f 5806 5884 5881
f 5880 5881 5883
f 5880 5883 5882
f 5881 5884 5913
f 5881 5913 5883
f 5882 5883 5914
f 5813 5911 5910
f 5811 5910 5884
f 5882 5914 5885
f 5816 5845 5886
f 5818 5886 5888
f 5879 5887 5894
f 5887 5915 5920
f 5889 5888 5897
f 5819 5888 5889
f 5889 5898 5911
f 5911 5898 5916
f 5832 5890 5847
f 5847 5890 5891
f 5876 5892 5890
f 5890 5892 5893
f 5847 5891 5849
f 5849 5891 5901
f 5890 5893 5891
f 5879 5894 5892
f 5887 5920 5894
f 5892 5894 5903
f 5892 5903 5893
f 5894 5920 5904
f 5894 5904 5903
f 5845 5855 5886
f 5855 5895 5886
f 5886 5895 5888
f 5888 5895 5897
f 5855 5857 5895
f 5895 5896 5897
f 5857 5896 5895
f 5897 5896 5899
f 5889 5897 5898
f 5897 5899 5898
f 5898 5900 5916
f 5900 5922 5916
f 5898 5899 5900
f 5900 5899 6011
f 5900 6012 5922
f 5922 6012 5924
f 5891 5893 5905
f 5849 5901 5864
f 5864 5901 5902
f 5891 5905 5901
f 5901 5905 5906
f 5864 5902 5868
f 5868 5902 6036
f 5901 5906 5902
f 5902 5906 6042
f 5893 5903 5907
f 5903 5904 5908
f 5893 5907 5905
f 5903 5908 5907
f 5905 5909 5906
f 5905 5907 5909
f 5907 6014 5909
f 5907 5908 6014
f 5884 5910 5912
f 5884 5912 5913
f 5883 5913 5917
f 5889 5911 5814
f 5910 5911 5916
f 5910 5916 5912
f 5883 5917 5914
f 5885 5914 5918
f 5885 5918 5915
f 5913 5912 5919
f 5912 5916 5922
f 5913 5919 5917
f 5914 5917 5921
f 5915 5918 5925
f 5914 5921 5918
f 5912 5922 5919
f 5917 5919 5923
f 5915 5925 5920
f 5917 5923 5921
f 5918 5921 5926
f 5919 5922 5924
f 5919 5924 5923
f 5921 5923 5928
f 5923 5924 6028
f 5920 5925 5927
f 5918 5926 5925
f 5904 5920 5927
f 5921 5928 5926
f 5925 5926 6027
f 5904 5927 6030
f 5925 6027 5927
f 5923 6028 5928
f 5904 6030 5908
f 5853 5932 5929
f 5857 5929 5930
f 5929 5941 5930
f 5853 5862 5932
f 5862 5931 5933
f 5862 5933 5932
f 5931 5936 5933
f 5866 5940 5934
f 5931 5934 5936
f 5934 5937 5936
f 5934 5940 5937
f 5932 5933 5935
f 5933 5938 5935
f 5933 5936 5938
f 5936 5937 5939
f 5937 5940 5954
f 5937 5954 5951
f 5936 5939 5938
f 5937 5951 5939
f 5929 5932 5941
f 5866 5867 5940
f 5867 5952 5940
f 5940 5952 5954
f 5867 5953 5952
f 5867 5868 5953
f 5932 5935 5941
f 5941 5935 5944
f 5930 5941 5942
f 5941 5944 5942
f 5935 5938 5946
f 5938 5939 5943
f 5938 5943 5946
f 5939 5951 5958
f 5939 5958 5943
f 5943 5948 5946
f 5943 5958 5960
f 5943 5960 5948
f 5935 5946 5944
f 5942 5944 5945
f 5944 5947 5945
f 5944 5946 5947
f 5946 5948 5947
f 5947 5948 5949
f 5948 5960 5973
f 5948 5973 5949
f 5945 5947 5950
f 5947 5949 5950
f 5950 5949 5971
f 5952 5953 5957
f 5952 5956 5954
f 5954 5955 5951
f 5954 5956 5955
f 5955 5956 5964
f 5952 5957 5956
f 5957 6039 5956
f 5956 6039 5964
f 5951 5955 5959
f 5951 5959 5958
f 5958 5959 5961
f 5958 5961 5960
f 5959 5966 5961
f 5961 5972 5960
f 5960 5972 5973
f 5961 5966 5962
f 5961 5962 5972
f 5959 5955 5963
f 5955 5964 5963
f 5959 5963 5966
f 5963 5964 5965
f 5963 5965 5967
f 5964 6039 6047
f 5964 6047 5965
f 6047 6056 5965
f 5963 5967 5966
f 5966 5967 5968
f 5962 5966 5968
f 5967 5969 5968
f 5967 5965 5970
f 5967 5970 5969
f 5965 6056 5970
f 5970 6056 6058
f 5970 5989 5969
f 5970 6058 5989
f 5949 5973 5974
f 5949 5974 5971
f 5971 5974 5976
f 5972 5962 5978
f 5972 5975 5973
f 5973 5975 5974
f 5972 5978 5975
f 5974 5975 5979
f 5975 5978 5981
f 5974 5979 5976
f 5962 5968 5977
f 5962 5977 5978
f 5968 5985 5977
f 5968 5969 5985
f 5978 5977 5982
f 5978 5982 5981
f 5977 5985 5986
f 5977 5986 5982
f 5975 5981 5979
f 5979 5981 5984
f 5976 5979 5980
f 5979 5984 5980
f 5980 5984 6112
f 5981 5982 5983
f 5982 5986 5993
f 5982 5993 5983
f 5981 5983 5984
f 5983 5993 5999
f 5984 5983 5998
f 5984 5998 6112
f 5969 5988 5985
f 5985 5988 5987
f 5985 5987 5986
f 5969 5989 5988
f 5989 5990 5988
f 5988 5991 5987
f 5988 5990 5991
f 5990 6092 5991
f 5986 5987 5992
f 5986 5992 5993
f 5993 5992 6000
f 5993 6000 5999
f 5992 5995 6000
f 5987 5991 5994
f 5987 5994 5992
f 5992 5994 5995
f 5991 6092 5996
f 5991 5996 5994
f 5994 5997 5995
f 5994 5996 5997
f 5996 6122 5997
f 5983 5999 5998
f 5998 6114 6112
f 5998 5999 6001
f 5998 6001 6114
f 6001 6119 6114
f 5999 6000 6002
f 5999 6002 6001
f 6000 5995 6004
f 6000 6004 6002
f 6001 6002 6003
f 6001 6003 6119
f 6002 6004 6006
f 6002 6006 6003
f 5995 6005 6004
f 5995 5997 6005
f 5997 6123 6005
f 5997 6122 6123
f 6005 6123 6124
f 6004 6007 6006
f 6004 6005 6007
f 6006 6007 6009
f 6005 6124 6007
f 6007 6124 6133
f 6003 6008 6129
f 6003 6006 6008
f 6006 6009 6008
f 6008 6009 6136
f 6007 6133 6009
f 5857 5930 5896
f 5896 5930 6010
f 5930 5942 6010
f 5896 6010 5899
f 5899 6010 6011
f 6010 6013 6011
f 5900 6011 6012
f 6011 6015 6012
f 5924 6012 6016
f 5868 6036 5953
f 5902 6042 6036
f 5942 6013 6010
f 5942 5945 6013
f 6011 6013 6015
f 5924 6016 6028
f 5906 6043 6042
f 5906 5909 6043
f 5909 6045 6043
f 5909 6014 6045
f 6012 6015 6016
f 6016 6015 6020
f 6016 6020 6021
f 6016 6021 6028
f 6017 6028 6021
f 6014 6064 6045
f 5945 6018 6013
f 5945 5950 6018
f 6013 6018 6015
f 6018 6020 6015
f 6018 6019 6020
f 6018 5950 6019
f 5950 5971 6019
f 6020 6019 6023
f 6019 6070 6023
f 6020 6023 6021
f 6017 6021 6024
f 6021 6023 6024
f 6017 6024 6022
f 6024 6023 6071
f 6024 6071 6026
f 6022 6024 6026
f 6022 6026 6025
f 6035 6025 6077
f 6025 6026 6076
f 5926 5928 6029
f 5926 6029 6027
f 5927 6027 6031
f 5928 6028 6017
f 5928 6017 6029
f 6027 6029 6033
f 5908 6030 6032
f 5908 6032 6014
f 5927 6031 6030
f 6017 6022 6029
f 6030 6034 6032
f 6027 6033 6031
f 6030 6031 6034
f 6014 6032 6064
f 6029 6022 6033
f 6031 6033 6035
f 6031 6035 6034
f 6032 6034 6065
f 6032 6065 6064
f 6022 6025 6033
f 6033 6025 6035
f 6034 6035 6067
f 6034 6067 6065
f 6035 6077 6067
f 5953 6037 5957
f 5953 6036 6037
f 6036 6038 6037
f 6036 6042 6038
f 5957 6037 6040
f 5957 6040 6039
f 6037 6038 6041
f 6037 6041 6040
f 6040 6048 6039
f 6040 6041 6049
f 6042 6043 6044
f 6038 6042 6044
f 6038 6050 6041
f 6038 6044 6050
f 6043 6046 6044
f 6043 6045 6046
f 6045 6064 6066
f 6045 6066 6046
f 6039 6048 6047
f 6047 6057 6056
f 6048 6057 6047
f 6040 6049 6048
f 6048 6060 6057
f 6048 6049 6060
f 6044 6052 6050
f 6044 6046 6052
f 6046 6053 6052
f 6046 6066 6053
f 6041 6050 6051
f 6041 6051 6049
f 6050 6054 6051
f 6049 6051 6062
f 6050 6052 6054
f 6066 6069 6053
f 6049 6062 6060
f 6051 6054 6063
f 6051 6063 6062
f 6052 6055 6054
f 6052 6053 6055
f 6053 6079 6055
f 6053 6069 6079
f 6054 6055 6101
f 6054 6101 6063
f 6057 6059 6056
f 6056 6059 6058
f 6059 6087 6058
f 6057 6060 6061
f 6057 6061 6059
f 6060 6099 6061
f 6059 6061 6090
f 6060 6062 6099
f 6062 6100 6099
f 6062 6063 6100
f 6064 6068 6066
f 6064 6065 6068
f 6065 6160 6068
f 6065 6067 6160
f 6066 6068 6069
f 6068 6080 6069
f 5971 6070 6019
f 5971 5976 6070
f 5976 6072 6070
f 6023 6070 6071
f 6070 6072 6071
f 6071 6072 6075
f 6026 6071 6075
f 6026 6075 6076
f 6025 6076 6077
f 5976 5980 6072
f 5980 6073 6072
f 5980 6112 6073
f 6073 6112 6113
f 6072 6073 6075
f 6075 6073 6074
f 6073 6113 6074
f 6074 6113 6116
f 6077 6078 6067
f 6078 6160 6067
f 6076 6081 6077
f 6077 6081 6078
f 6078 6083 6160
f 6160 6083 6080
f 6055 6102 6101
f 6055 6079 6102
f 6080 6084 6069
f 6079 6069 6084
f 6076 6075 6074
f 6076 6074 6081
f 6081 6074 6116
f 6081 6116 6082
f 6078 6081 6082
f 6078 6082 6083
f 6083 6082 6118
f 6080 6083 6085
f 6080 6085 6084
f 6079 6084 6107
f 6079 6107 6102
f 6083 6118 6085
f 6084 6085 6149
f 6084 6149 6107
f 5989 6058 6086
f 5989 6086 5990
f 6058 6087 6086
f 6059 6090 6087
f 6061 6099 6104
f 6061 6104 6090
f 5990 6086 6088
f 5990 6088 6092
f 6086 6087 6089
f 6086 6089 6088
f 6087 6090 6091
f 6087 6091 6089
f 6090 6104 6096
f 6090 6096 6091
f 6088 6095 6092
f 5996 6092 6094
f 6092 6095 6094
f 6088 6089 6093
f 6088 6093 6095
f 5996 6094 6122
f 6093 6125 6095
f 6104 6110 6096
f 6089 6091 6097
f 6089 6097 6093
f 6091 6098 6097
f 6091 6096 6098
f 6093 6097 6125
f 6096 6110 6126
f 6096 6126 6098
f 6126 6110 6127
f 6063 6103 6100
f 6099 6100 6105
f 6099 6105 6104
f 6100 6103 6108
f 6100 6108 6105
f 6063 6101 6103
f 6101 6102 6106
f 6101 6106 6103
f 6103 6106 6109
f 6103 6109 6108
f 6106 6153 6154
f 6106 6154 6109
f 6102 6153 6106
f 6102 6107 6153
f 6104 6105 6110
f 6105 6108 6111
f 6105 6111 6110
f 6108 6155 6111
f 6108 6109 6155
f 6127 6110 6111
f 6112 6114 6113
f 6113 6114 6115
f 6114 6119 6115
f 6115 6119 6120
f 6116 6113 6115
f 6116 6115 6117
f 6115 6120 6117
f 6117 6120 6121
f 6116 6117 6082
f 6082 6117 6118
f 6117 6121 6118
f 6085 6118 6150
f 6085 6150 6149
f 6118 6121 6150
f 6119 6129 6120
f 6003 6129 6119
f 6150 6121 6131
f 6122 6125 6123
f 6095 6125 6094
f 6094 6125 6122
f 6123 6125 6124
f 6124 6125 6133
f 6097 6098 6125
f 6098 6126 6125
f 6126 6127 6125
f 6127 6128 6125
f 6125 6128 6143
f 6120 6129 6130
f 6008 6132 6129
f 6129 6132 6130
f 6130 6132 6135
f 6120 6130 6121
f 6121 6130 6131
f 6130 6135 6131
f 6131 6135 6142
f 6131 6142 6151
f 6142 6158 6151
f 6008 6136 6132
f 6125 6134 6133
f 6009 6134 6136
f 6009 6133 6134
f 6125 6137 6134
f 6125 6140 6137
f 6132 6136 6138
f 6132 6138 6135
f 6135 6138 6139
f 6136 6137 6138
f 6136 6134 6137
f 6125 6141 6140
f 6138 6140 6139
f 6138 6137 6140
f 6139 6140 6141
f 6142 6145 6158
f 6158 6145 6147
f 6125 6144 6148
f 6125 6148 6146
f 6125 6143 6144
f 6143 6157 6144
f 6147 6148 6159
f 6144 6159 6148
f 6135 6139 6142
f 6142 6139 6145
f 6147 6145 6146
f 6125 6146 6141
f 6139 6141 6145
f 6145 6141 6146
f 6147 6146 6148
f 6153 6152 6156
f 6153 6156 6154
f 6150 6131 6151
f 6149 6150 6151
f 6149 6151 6152
f 6152 6151 6158
f 6152 6158 6156
f 6107 6149 6152
f 6107 6152 6153
f 6109 6157 6155
f 6109 6154 6157
f 6111 6155 6128
f 6127 6111 6128
f 6154 6156 6159
f 6154 6159 6157
f 6155 6143 6128
f 6155 6157 6143
f 6156 6158 6147
f 6156 6147 6159
f 6144 6157 6159
f 6068 6160 6080
f 6168 6162 6170
f 6168 6170 6169
f 5040 6175 5041
f 5765 6175 6161
f 5040 5135 6175
f 6163 6161 6177
f 6163 6176 6162
f 6163 6177 6176
f 6177 6161 6175
f 6162 6176 6170
f 6165 6195 6164
f 6165 6166 6197
f 6165 6197 6195
f 6166 6196 6197
f 6195 5616 6164
f 6168 6169 6167
f 6166 6167 6196
f 6196 6167 6169
f 6196 6224 6225
f 6176 6173 6170
f 6196 6169 6224
f 6169 6170 6228
f 6170 6229 6228
f 6171 6170 6173
f 6171 6229 6170
f 6173 6172 6174
f 6171 6173 6174
f 6172 6191 6174
f 6169 6231 6230
f 6169 6230 6224
f 6169 6227 6231
f 6169 6228 6227
f 6177 6175 6186
f 5135 6183 6175
f 5135 6178 6183
f 6175 6180 6186
f 6175 6182 6179
f 6175 6179 6180
f 6175 6183 6182
f 6179 6181 6180
f 6179 6182 6181
f 6177 6186 6185
f 6185 6184 6192
f 6193 6180 6181
f 6193 6186 6180
f 5135 6187 6178
f 6187 6188 6189
f 6187 6189 6178
f 6178 6189 6183
f 6183 6189 6182
f 6181 6182 6189
f 6188 6194 6189
f 6176 6177 6192
f 6176 6190 6191
f 6176 6192 6190
f 6177 6185 6192
f 6176 6191 6172
f 6176 6172 6173
f 6191 6190 6193
f 6191 6193 6174
f 6185 6193 6184
f 6184 6193 6192
f 6190 6192 6193
f 6185 6186 6193
f 6193 6181 6240
f 6181 6189 6240
f 6189 6243 6240
f 6189 6194 6243
f 6194 6244 6243
f 6195 6197 6223
f 6196 6225 6197
f 6195 6223 5638
f 6197 6225 6223
f 6188 5144 6198
f 5145 6199 6198
f 5145 5148 6199
f 6188 6198 6194
f 6194 6198 6202
f 6198 6199 6202
f 6199 6201 6203
f 5148 6201 6199
f 5148 6200 6201
f 6200 6204 6201
f 6200 6207 6204
f 6199 6203 6202
f 6194 6202 6244
f 6202 6203 6283
f 6202 6283 6244
f 6203 6205 6284
f 6203 6284 6283
f 6201 6204 6205
f 6203 6201 6205
f 6204 6212 6206
f 6205 6206 6287
f 6204 6206 6205
f 6200 5150 6207
f 5150 6208 6207
f 6208 6209 6207
f 6208 6210 6209
f 6204 6207 6212
f 6207 6209 6212
f 6209 6210 6214
f 6208 5152 6210
f 5152 6211 6210
f 5152 5249 6211
f 6210 6211 6215
f 6211 6377 6348
f 6209 6213 6212
f 6209 6214 6213
f 6212 6213 6216
f 6206 6212 6216
f 6210 6215 6214
f 6214 6218 6213
f 6214 6219 6218
f 6214 6215 6219
f 6215 6349 6219
f 6211 6348 6215
f 6215 6348 6349
f 6205 6287 6284
f 6206 6216 6288
f 6206 6288 6287
f 6288 6216 6295
f 6216 6217 6295
f 6216 6213 6217
f 6213 6218 6217
f 6217 6221 6296
f 6218 6219 6220
f 6219 6349 6350
f 6219 6350 6220
f 6217 6218 6221
f 6218 6220 6221
f 6220 6350 6352
f 6221 6220 6222
f 6221 6222 6299
f 6220 6352 6222
f 6222 6352 6357
f 6222 6357 6340
f 6224 6230 6232
f 6226 6234 6228
f 6226 6228 6229
f 6171 6234 6229
f 6171 6174 6234
f 6226 6229 6234
f 6231 6227 6234
f 6227 6228 6234
f 6174 6235 6234
f 6230 6231 6233
f 6230 6233 6232
f 6231 6234 6233
f 6232 6233 6236
f 6233 6234 6236
f 6234 6235 6237
f 6251 6239 6255
f 6224 6232 6251
f 6251 6232 6239
f 6223 6225 6258
f 6224 6259 6225
f 6225 6259 6258
f 6224 6251 6259
f 6223 6258 5654
f 6232 6236 6239
f 6234 6237 6236
f 6237 6235 6238
f 6236 6237 6260
f 6239 6236 6260
f 6237 6261 6260
f 6237 6238 6261
f 6238 6262 6261
f 6174 6193 6235
f 6193 6241 6235
f 6193 6240 6241
f 6241 6240 6242
f 6235 6241 6238
f 6241 6242 6246
f 6240 6243 6242
f 6243 6245 6242
f 6243 6244 6245
f 6245 6244 6247
f 6242 6245 6248
f 6241 6246 6238
f 6246 6242 6248
f 6238 6246 6262
f 6246 6269 6262
f 6246 6248 6269
f 6269 6248 6270
f 6245 6247 6249
f 6245 6249 6248
f 6249 6247 6250
f 6248 6249 6270
f 6249 6273 6270
f 6249 6250 6273
f 6250 6282 6273
f 6254 6259 6251
f 6252 6251 6255
f 5214 6253 6254
f 5216 6254 6252
f 5215 6252 6257
f 6252 6256 6257
f 5647 6258 6253
f 6253 6259 6254
f 6254 6251 6252
f 6252 6255 6256
f 6256 6255 6263
f 6256 6263 6257
f 6253 6258 6259
f 6239 6260 6255
f 6255 6260 6263
f 6263 6260 6261
f 6264 6261 6262
f 6263 6261 6264
f 6264 6262 6265
f 5214 6254 5216
f 5660 6253 5214
f 5218 6257 6268
f 6257 6263 6268
f 6263 6264 6268
f 6264 6266 6268
f 6264 6265 6266
f 6266 6265 6267
f 5219 6268 6266
f 5220 6266 6267
f 6265 6262 6269
f 6271 6269 6270
f 6265 6269 6271
f 6271 6270 6272
f 6272 6270 6273
f 6274 6273 6282
f 6272 6273 6274
f 6274 6282 6275
f 6271 6276 6267
f 6276 6272 6277
f 5221 6276 5226
f 5221 6267 6276
f 5226 6277 5227
f 5226 6276 6277
f 6279 6278 6281
f 5227 6278 6279
f 6279 6281 6280
f 5227 6277 6278
f 6265 6271 6267
f 6271 6272 6276
f 6272 6274 6277
f 6274 6278 6277
f 6278 6275 6281
f 6274 6275 6278
f 6244 6283 6247
f 5249 6377 6211
f 5249 6378 6377
f 5250 6381 6378
f 6283 6284 6285
f 6284 6287 6286
f 6247 6283 6285
f 6247 6285 6250
f 6285 6286 6291
f 6284 6286 6285
f 6286 6289 6292
f 6287 6288 6289
f 6288 6295 6290
f 6286 6287 6289
f 6289 6290 6293
f 6289 6288 6290
f 6290 6297 6294
f 6250 6285 6291
f 6286 6292 6291
f 6250 6291 6282
f 6291 6292 6321
f 6282 6291 6321
f 6292 6293 6322
f 6292 6322 6321
f 6292 6289 6293
f 6293 6290 6294
f 6293 6294 6324
f 6293 6324 6322
f 6324 6294 6325
f 6294 6300 6325
f 6217 6296 6295
f 6290 6295 6297
f 6295 6296 6297
f 6296 6299 6298
f 6297 6298 6300
f 6297 6296 6298
f 6221 6299 6296
f 6222 6340 6299
f 6298 6299 6341
f 6294 6297 6300
f 6298 6301 6300
f 6298 6341 6301
f 6300 6301 6329
f 6325 6300 6329
f 6301 6330 6329
f 6301 6343 6330
f 6343 6345 6330
f 6275 6321 6302
f 6307 6302 6323
f 6308 6323 6326
f 6280 6281 6307
f 5269 6303 6304
f 5270 6304 6306
f 6280 6307 6303
f 6303 6308 6304
f 5270 6306 5273
f 5273 6311 6305
f 5273 6306 6311
f 6305 6311 6317
f 6281 6302 6307
f 6303 6307 6308
f 6304 6308 6309
f 6281 6275 6302
f 6307 6323 6308
f 6306 6309 6310
f 6306 6310 6311
f 6308 6326 6309
f 6311 6310 6333
f 6304 6309 6306
f 5278 6390 6389
f 5278 5280 6390
f 5280 6393 6390
f 5280 6316 6393
f 5283 6312 6314
f 5283 6314 6313
f 6305 6317 6312
f 6313 6314 6320
f 5284 6315 6319
f 5284 6319 6316
f 6313 6320 6315
f 6311 6333 6317
f 6317 6334 6318
f 6312 6317 6318
f 6312 6318 6314
f 6314 6318 6335
f 6316 6398 6393
f 6315 6337 6319
f 6316 6319 6398
f 6315 6320 6337
f 6314 6335 6320
f 6282 6321 6275
f 6302 6321 6322
f 6323 6322 6324
f 6302 6322 6323
f 6324 6325 6326
f 6327 6325 6329
f 6323 6324 6326
f 6326 6327 6309
f 6327 6328 6310
f 6326 6325 6327
f 6327 6310 6309
f 6327 6329 6328
f 6328 6331 6333
f 6328 6329 6330
f 6331 6330 6345
f 6328 6330 6331
f 6334 6331 6332
f 6331 6345 6332
f 6332 6347 6338
f 6310 6328 6333
f 6317 6333 6334
f 6318 6334 6338
f 6333 6331 6334
f 6318 6338 6335
f 6319 6400 6398
f 6337 6336 6402
f 6337 6402 6400
f 6320 6335 6336
f 6320 6336 6337
f 6319 6337 6400
f 6334 6332 6338
f 6335 6338 6339
f 6335 6339 6336
f 6338 6347 6339
f 6336 6339 6430
f 6336 6430 6402
f 6299 6340 6341
f 6357 6406 6340
f 6340 6406 6342
f 6341 6340 6342
f 6342 6406 6407
f 6301 6341 6343
f 6341 6342 6343
f 6343 6342 6344
f 6343 6344 6345
f 6345 6344 6346
f 6342 6407 6344
f 6344 6407 6408
f 6344 6408 6346
f 6346 6408 6428
f 6345 6346 6332
f 6332 6346 6347
f 6346 6428 6347
f 6339 6347 6429
f 6339 6429 6430
f 6347 6428 6429
f 6348 6351 6349
f 6348 6379 6351
f 6349 6354 6350
f 6349 6351 6354
f 6351 6355 6354
f 6351 6383 6355
f 6350 6354 6353
f 6350 6353 6352
f 6354 6356 6353
f 6354 6355 6356
f 6355 6360 6356
f 6355 6385 6360
f 6352 6353 6358
f 6353 6356 6359
f 6353 6359 6358
f 6352 6358 6357
f 6357 6358 6362
f 6356 6360 6361
f 6356 6361 6359
f 6360 6365 6361
f 6358 6359 6364
f 6357 6362 6406
f 6358 6364 6362
f 6362 6364 6367
f 6362 6367 6415
f 6359 6361 6363
f 6359 6363 6364
f 6361 6365 6366
f 6364 6363 6368
f 6361 6366 6363
f 6365 6370 6366
f 6364 6368 6367
f 6363 6366 6371
f 6363 6371 6368
f 6367 6368 6369
f 6367 6369 6417
f 6368 6371 6374
f 6368 6374 6369
f 6369 6374 6463
f 6366 6370 6372
f 6366 6372 6371
f 6370 6373 6372
f 6371 6372 6375
f 6371 6375 6374
f 6372 6373 6376
f 6374 6375 6464
f 6372 6376 6375
f 6373 6484 6376
f 6377 6378 6380
f 6348 6377 6379
f 6377 6380 6379
f 6380 6384 6379
f 6381 6382 6378
f 6378 6382 6380
f 6381 6391 6382
f 6381 6389 6391
f 6380 6382 6387
f 6380 6387 6384
f 6382 6394 6387
f 6382 6391 6394
f 6351 6379 6383
f 6379 6384 6383
f 6383 6384 6386
f 6355 6383 6385
f 6383 6386 6385
f 6386 6410 6385
f 6384 6387 6388
f 6384 6388 6386
f 6387 6396 6388
f 6387 6394 6396
f 6386 6388 6413
f 6386 6413 6410
f 6388 6438 6413
f 6388 6396 6438
f 6389 6390 6392
f 6389 6392 6391
f 6391 6392 6395
f 6390 6393 6399
f 6390 6399 6392
f 6391 6395 6394
f 6392 6399 6404
f 6392 6404 6395
f 6394 6395 6397
f 6394 6397 6396
f 6396 6397 6439
f 6395 6404 6432
f 6395 6432 6397
f 6393 6401 6399
f 6393 6398 6401
f 6398 6400 6403
f 6398 6403 6401
f 6399 6405 6404
f 6399 6401 6405
f 6400 6402 6431
f 6400 6431 6403
f 6401 6403 6433
f 6401 6433 6405
f 6360 6385 6409
f 6385 6410 6409
f 6360 6409 6365
f 6362 6415 6406
f 6406 6415 6407
f 6407 6415 6416
f 6407 6416 6408
f 6408 6420 6428
f 6409 6410 6412
f 6365 6409 6411
f 6365 6411 6370
f 6409 6412 6411
f 6412 6423 6411
f 6413 6414 6410
f 6410 6414 6412
f 6413 6440 6414
f 6413 6438 6440
f 6412 6426 6423
f 6412 6414 6426
f 6414 6452 6426
f 6414 6440 6452
f 6367 6417 6415
f 6415 6417 6416
f 6416 6417 6419
f 6417 6369 6418
f 6417 6418 6419
f 6369 6463 6418
f 6419 6418 6481
f 6408 6416 6420
f 6416 6419 6420
f 6420 6444 6428
f 6420 6421 6444
f 6420 6419 6421
f 6421 6447 6444
f 6419 6481 6421
f 6421 6482 6447
f 6370 6411 6422
f 6370 6422 6373
f 6411 6423 6422
f 6422 6423 6425
f 6373 6422 6424
f 6373 6424 6484
f 6422 6425 6424
f 6425 6486 6424
f 6423 6427 6425
f 6423 6426 6427
f 6426 6456 6427
f 6426 6452 6456
f 6425 6427 6490
f 6425 6490 6486
f 6427 6491 6490
f 6427 6456 6491
f 6396 6439 6438
f 6397 6432 6442
f 6397 6442 6439
f 6429 6428 6444
f 6429 6444 6445
f 6429 6445 6430
f 6430 6445 6435
f 6402 6430 6435
f 6402 6435 6431
f 6403 6431 6436
f 6403 6436 6433
f 6404 6405 6434
f 6404 6434 6432
f 6405 6437 6434
f 6405 6433 6437
f 6431 6435 6449
f 6431 6449 6436
f 6432 6434 6443
f 6432 6443 6442
f 6433 6436 6450
f 6433 6450 6437
f 6434 6437 6458
f 6434 6458 6443
f 6438 6439 6441
f 6438 6441 6440
f 6440 6441 6454
f 6439 6442 6453
f 6439 6453 6441
f 6445 6444 6447
f 6445 6447 6446
f 6435 6445 6446
f 6435 6446 6449
f 6447 6502 6446
f 6446 6502 6448
f 6449 6446 6448
f 6449 6448 6451
f 6436 6449 6451
f 6436 6451 6450
f 6437 6450 6460
f 6437 6460 6458
f 6450 6451 6510
f 6450 6510 6460
f 6440 6454 6452
f 6441 6453 6455
f 6441 6455 6454
f 6452 6454 6457
f 6452 6457 6456
f 6491 6456 6504
f 6456 6457 6504
f 6454 6505 6457
f 6454 6455 6505
f 6442 6443 6459
f 6442 6459 6453
f 6443 6458 6462
f 6443 6462 6459
f 6453 6459 6461
f 6453 6461 6455
f 6458 6460 6511
f 6458 6511 6462
f 6459 6512 6461
f 6459 6462 6512
f 6374 6464 6463
f 6375 6376 6465
f 6375 6465 6464
f 6463 6464 6468
f 6464 6465 6467
f 6376 6484 6466
f 6376 6466 6465
f 6466 6484 6489
f 6464 6467 6468
f 6468 6467 6471
f 6465 6466 6469
f 6465 6469 6467
f 6466 6470 6469
f 6466 6489 6470
f 6467 6469 6472
f 6469 6470 6473
f 6467 6472 6471
f 6469 6473 6472
f 6471 6472 6496
f 6472 6473 6474
f 6472 6474 6496
f 6474 6498 6496
f 6470 6489 6530
f 6470 6530 6475
f 6470 6475 6473
f 6473 6475 6476
f 6473 6476 6474
f 6475 6537 6477
f 6475 6477 6476
f 6474 6476 6478
f 6476 6477 6479
f 6474 6478 6498
f 6476 6479 6478
f 6478 6479 6480
f 6477 6540 6479
f 6479 6540 6576
f 6478 6480 6574
f 6479 6576 6480
f 6463 6483 6418
f 6418 6483 6481
f 6481 6483 6488
f 6421 6481 6482
f 6481 6488 6482
f 6447 6482 6502
f 6482 6492 6502
f 6492 6506 6502
f 6488 6492 6482
f 6463 6468 6483
f 6424 6485 6484
f 6484 6485 6489
f 6424 6486 6485
f 6468 6487 6483
f 6468 6471 6487
f 6483 6487 6488
f 6488 6487 6494
f 6488 6494 6492
f 6492 6494 6500
f 6492 6500 6506
f 6500 6517 6506
f 6471 6493 6487
f 6487 6493 6494
f 6494 6493 6495
f 6471 6496 6493
f 6493 6496 6497
f 6496 6498 6497
f 6497 6498 6568
f 6493 6497 6495
f 6495 6497 6499
f 6497 6568 6499
f 6494 6495 6500
f 6500 6495 6501
f 6500 6501 6517
f 6517 6501 6520
f 6495 6499 6501
f 6499 6570 6501
f 6501 6570 6520
f 6570 6521 6520
f 6448 6502 6506
f 6448 6506 6503
f 6448 6503 6451
f 6451 6503 6510
f 6455 6513 6505
f 6457 6505 6509
f 6457 6509 6504
f 6505 6516 6509
f 6506 6517 6503
f 6503 6517 6508
f 6503 6508 6510
f 6510 6508 6507
f 6507 6508 6519
f 6460 6510 6507
f 6460 6507 6511
f 6462 6511 6514
f 6462 6514 6512
f 6455 6461 6513
f 6461 6512 6515
f 6461 6515 6513
f 6505 6513 6516
f 6507 6518 6511
f 6511 6518 6514
f 6512 6514 6525
f 6512 6525 6515
f 6513 6515 6526
f 6513 6526 6516
f 6508 6517 6520
f 6508 6520 6519
f 6507 6519 6518
f 6518 6519 6522
f 6518 6522 6523
f 6519 6520 6521
f 6519 6521 6522
f 6525 6523 6524
f 6523 6522 6573
f 6523 6573 6524
f 6518 6523 6514
f 6514 6523 6525
f 6515 6525 6527
f 6515 6527 6526
f 6525 6524 6527
f 6485 6529 6489
f 6486 6528 6485
f 6485 6528 6529
f 6489 6529 6530
f 6529 6531 6530
f 6529 6528 6532
f 6529 6532 6531
f 6532 6543 6531
f 6486 6490 6533
f 6486 6533 6528
f 6490 6491 6534
f 6490 6534 6533
f 6528 6535 6532
f 6528 6533 6535
f 6533 6536 6535
f 6533 6534 6536
f 6532 6544 6543
f 6532 6535 6544
f 6535 6547 6544
f 6535 6536 6547
f 6475 6530 6537
f 6530 6531 6537
f 6531 6538 6537
f 6537 6539 6477
f 6537 6538 6539
f 6531 6543 6538
f 6538 6542 6539
f 6538 6543 6545
f 6538 6545 6542
f 6477 6539 6540
f 6539 6541 6540
f 6539 6542 6541
f 6540 6541 6577
f 6543 6544 6546
f 6543 6546 6545
f 6544 6547 6548
f 6544 6548 6546
f 6547 6559 6548
f 6542 6545 6550
f 6542 6549 6541
f 6541 6549 6591
f 6542 6550 6549
f 6545 6551 6550
f 6545 6546 6551
f 6549 6550 6600
f 6550 6551 6601
f 6546 6548 6552
f 6546 6552 6551
f 6548 6567 6552
f 6551 6552 6602
f 6491 6553 6534
f 6491 6504 6553
f 6534 6554 6536
f 6534 6553 6554
f 6504 6509 6555
f 6504 6555 6553
f 6509 6516 6563
f 6509 6563 6555
f 6553 6556 6554
f 6553 6555 6556
f 6555 6558 6556
f 6555 6563 6558
f 6536 6557 6547
f 6536 6554 6557
f 6554 6561 6557
f 6547 6557 6559
f 6554 6556 6561
f 6563 6566 6558
f 6524 6660 6527
f 6527 6660 6565
f 6557 6560 6559
f 6557 6561 6560
f 6556 6562 6561
f 6556 6558 6562
f 6558 6566 6662
f 6558 6662 6562
f 6561 6663 6560
f 6561 6562 6663
f 6516 6526 6564
f 6516 6564 6563
f 6526 6527 6565
f 6526 6565 6564
f 6563 6564 6566
f 6564 6661 6566
f 6564 6565 6661
f 6548 6559 6567
f 6559 6670 6567
f 6559 6560 6670
f 6499 6568 6569
f 6499 6569 6570
f 6570 6569 6571
f 6570 6571 6521
f 6572 6521 6571
f 6572 6522 6521
f 6572 6573 6522
f 6498 6574 6568
f 6478 6574 6498
f 6568 6574 6575
f 6574 6480 6580
f 6574 6580 6575
f 6568 6575 6569
f 6540 6577 6576
f 6576 6577 6579
f 6480 6576 6578
f 6480 6578 6580
f 6576 6579 6578
f 6575 6580 6582
f 6569 6575 6581
f 6575 6582 6581
f 6581 6582 6583
f 6580 6578 6585
f 6580 6585 6582
f 6578 6579 6584
f 6578 6584 6585
f 6582 6585 6615
f 6585 6584 6614
f 6585 6614 6615
f 6582 6615 6583
f 6569 6581 6571
f 6572 6571 6586
f 6581 6586 6571
f 6581 6583 6586
f 6586 6583 6587
f 6572 6586 6588
f 6588 6586 6587
f 6588 6587 6589
f 6541 6591 6577
f 6577 6591 6590
f 6577 6590 6579
f 6579 6590 6594
f 6549 6593 6591
f 6549 6600 6593
f 6591 6592 6590
f 6591 6593 6592
f 6593 6607 6592
f 6579 6594 6584
f 6590 6596 6594
f 6594 6595 6584
f 6594 6597 6595
f 6584 6595 6614
f 6594 6596 6597
f 6590 6592 6596
f 6592 6598 6596
f 6596 6599 6597
f 6592 6607 6598
f 6596 6598 6599
f 6598 6634 6599
f 6550 6601 6600
f 6600 6601 6605
f 6593 6600 6604
f 6552 6567 6603
f 6551 6602 6601
f 6601 6602 6606
f 6552 6603 6602
f 6602 6603 6611
f 6593 6604 6607
f 6600 6605 6604
f 6601 6606 6605
f 6602 6611 6606
f 6604 6610 6607
f 6607 6609 6598
f 6604 6605 6608
f 6607 6610 6609
f 6604 6608 6610
f 6605 6612 6608
f 6598 6609 6634
f 6608 6635 6610
f 6608 6612 6635
f 6605 6606 6612
f 6603 6677 6611
f 6606 6611 6613
f 6606 6613 6612
f 6611 6677 6636
f 6611 6636 6613
f 6636 6677 6637
f 6583 6615 6617
f 6615 6614 6616
f 6615 6616 6617
f 6617 6616 6619
f 6583 6617 6587
f 6587 6617 6618
f 6617 6619 6618
f 6618 6619 6620
f 6587 6618 6589
f 6589 6618 6621
f 6618 6620 6621
f 6621 6620 6622
f 6614 6595 6623
f 6595 6624 6623
f 6614 6623 6616
f 6595 6597 6624
f 6597 6627 6624
f 6616 6623 6625
f 6623 6626 6625
f 6616 6625 6619
f 6625 6639 6619
f 6623 6624 6626
f 6624 6629 6626
f 6625 6626 6631
f 6597 6599 6627
f 6624 6627 6629
f 6599 6628 6627
f 6599 6634 6628
f 6627 6628 6630
f 6627 6630 6629
f 6626 6629 6632
f 6629 6630 6633
f 6625 6631 6639
f 6626 6632 6631
f 6629 6633 6632
f 6631 6632 6646
f 6632 6647 6646
f 6632 6633 6647
f 6619 6639 6620
f 6620 6640 6622
f 6622 6643 6680
f 6609 6635 6634
f 6628 6634 6635
f 6610 6635 6609
f 6628 6635 6630
f 6630 6635 6633
f 6612 6613 6635
f 6613 6636 6635
f 6636 6637 6635
f 6637 6678 6638
f 6638 6686 6654
f 6637 6638 6635
f 6635 6638 6654
f 6639 6641 6640
f 6620 6639 6640
f 6639 6631 6641
f 6631 6646 6641
f 6640 6641 6642
f 6641 6648 6642
f 6622 6640 6643
f 6640 6642 6643
f 6643 6644 6684
f 6643 6642 6644
f 6684 6644 6645
f 6645 6644 6656
f 6642 6649 6644
f 6633 6635 6647
f 6635 6650 6647
f 6635 6651 6650
f 6641 6646 6648
f 6646 6650 6648
f 6642 6648 6649
f 6648 6651 6649
f 6646 6647 6650
f 6648 6650 6651
f 6635 6652 6651
f 6635 6657 6652
f 6649 6651 6652
f 6655 6687 6688
f 6645 6656 6653
f 6653 6658 6688
f 6635 6654 6655
f 6635 6658 6657
f 6635 6655 6658
f 6654 6687 6655
f 6655 6688 6658
f 6644 6649 6656
f 6653 6656 6657
f 6649 6652 6656
f 6653 6657 6658
f 6656 6652 6657
f 6572 6588 6573
f 6588 6659 6573
f 6524 6573 6659
f 6524 6659 6660
f 6565 6660 6667
f 6565 6667 6661
f 6566 6661 6664
f 6566 6664 6662
f 6562 6665 6663
f 6562 6662 6665
f 6661 6667 6669
f 6661 6669 6664
f 6662 6668 6665
f 6662 6664 6668
f 6588 6589 6659
f 6659 6589 6666
f 6660 6659 6666
f 6660 6666 6667
f 6589 6621 6666
f 6621 6679 6666
f 6667 6666 6679
f 6664 6681 6668
f 6667 6679 6669
f 6664 6669 6681
f 6567 6670 6672
f 6560 6671 6670
f 6567 6672 6603
f 6670 6671 6673
f 6603 6672 6677
f 6670 6673 6672
f 6560 6663 6671
f 6663 6676 6671
f 6663 6665 6676
f 6671 6676 6675
f 6672 6673 6678
f 6671 6675 6673
f 6676 6674 6683
f 6676 6683 6675
f 6673 6675 6686
f 6665 6674 6676
f 6665 6668 6674
f 6681 6682 6668
f 6668 6682 6674
f 6672 6678 6677
f 6673 6686 6678
f 6637 6677 6678
f 6621 6622 6679
f 6622 6680 6679
f 6679 6680 6669
f 6669 6680 6681
f 6681 6680 6684
f 6681 6684 6682
f 6674 6682 6685
f 6674 6685 6683
f 6675 6683 6687
f 6643 6684 6680
f 6682 6684 6645
f 6682 6645 6685
f 6683 6685 6688
f 6675 6687 6686
f 6638 6678 6686
f 6654 6686 6687
f 6683 6688 6687
f 6645 6653 6685
f 6653 6688 6685

