# https://github.com/mikedh/trimesh
v -0.08909091 -0.00922031 -0.00009777
v -0.08545455 -0.00934059 -0.00032743
v -0.08363637 -0.00954187 -0.00013805
v -0.09272727 -0.00691286 -0.00167884
v -0.09454545 -0.00633918 -0.00171559
v -0.09272727 -0.00587890 -0.00218111
v -0.09454545 -0.00539103 -0.00219306
v -0.09636363 -0.00563283 -0.00163073
v -0.09090909 -0.00629726 -0.00208183
v -0.08909091 -0.00664747 -0.00192262
v -0.08727273 -0.00693092 -0.00173089
v -0.08727273 -0.00544559 -0.00218515
v -0.08545455 -0.00561692 -0.00199659
v -0.08363637 -0.00573796 -0.00182776
v -0.08181818 -0.00580978 -0.00170622
v -0.08000000 -0.00583349 -0.00165958
v -0.07818182 -0.00583349 -0.00165958
v -0.07636364 -0.00583349 -0.00165958
v -0.07454546 -0.00583349 -0.00165958
v -0.07272727 -0.00583349 -0.00165958
v -0.07090909 -0.00583349 -0.00165958
v -0.06909091 -0.00583349 -0.00165958
v -0.06727273 -0.00583349 -0.00165958
v -0.09272727 -0.00768116 -0.00110581
v -0.09090909 -0.00822776 -0.00096199
v -0.08545455 -0.00840631 -0.00097045
v -0.08909091 -0.00781660 -0.00138253
v -0.09090909 -0.00740479 -0.00155876
v -0.08363637 -0.00730303 -0.00135952
v -0.08727273 -0.00814990 -0.00117736
v -0.09272727 -0.00815427 -0.00048403
v -0.09454545 -0.00747757 -0.00057977
v -0.08909091 -0.00868534 -0.00076636
v -0.08727273 -0.00905568 -0.00054585
v -0.08363637 -0.00858746 -0.00078898
v -0.09090909 -0.00873455 -0.00031447
v -0.09636363 -0.00625886 -0.00112327
v -0.09454545 -0.00704372 -0.00117085
v -0.08545455 -0.00714898 -0.00153405
v -0.09636363 -0.00664437 -0.00057264
v -0.08181818 -0.00739445 -0.00123470
v -0.08000000 -0.00742462 -0.00118701
v -0.07818182 -0.00742462 -0.00118701
v -0.07636364 -0.00742462 -0.00118701
v -0.07454546 -0.00742462 -0.00118701
v -0.07272727 -0.00742462 -0.00118701
v -0.07090909 -0.00742462 -0.00118701
v -0.06909091 -0.00742462 -0.00118701
v -0.06727273 -0.00742462 -0.00118701
v -0.08181818 -0.00869496 -0.00066015
v -0.08000000 -0.00873043 -0.00061117
v -0.07818182 -0.00873043 -0.00061117
v -0.07636364 -0.00873043 -0.00061117
v -0.07454546 -0.00873043 -0.00061117
v -0.07272727 -0.00873043 -0.00061117
v -0.07090909 -0.00873043 -0.00061117
v -0.06909091 -0.00873043 -0.00061117
v -0.06727273 -0.00873043 -0.00061117
v -0.06545454 -0.00583349 -0.00165958
v -0.06363636 -0.00583349 -0.00165958
v -0.06181818 -0.00583349 -0.00165958
v -0.06000000 -0.00583349 -0.00165958
v -0.05818182 -0.00583349 -0.00165958
v -0.05636363 -0.00583349 -0.00165958
v -0.05454545 -0.00583349 -0.00165958
v -0.05272727 -0.00583349 -0.00165958
v -0.05090909 -0.00583349 -0.00165958
v -0.04909091 -0.00583349 -0.00165958
v -0.04727273 -0.00583349 -0.00165958
v -0.04545455 -0.00583349 -0.00165958
v -0.04363636 -0.00583349 -0.00165958
v -0.04181818 -0.00583349 -0.00165958
v -0.04000000 -0.00583349 -0.00165958
v -0.03818182 -0.00583349 -0.00165958
v -0.03636364 -0.00583349 -0.00165958
v -0.03454546 -0.00583349 -0.00165958
v -0.03272727 -0.00583349 -0.00165958
v -0.06545454 -0.00742462 -0.00118701
v -0.06363636 -0.00742462 -0.00118701
v -0.06181818 -0.00742462 -0.00118701
v -0.06000000 -0.00742462 -0.00118701
v -0.05818182 -0.00742462 -0.00118701
v -0.05636363 -0.00742462 -0.00118701
v -0.05454545 -0.00742462 -0.00118701
v -0.05272727 -0.00742462 -0.00118701
v -0.05090909 -0.00742462 -0.00118701
v -0.06545454 -0.00873043 -0.00061117
v -0.06363636 -0.00873043 -0.00061117
v -0.06181818 -0.00873043 -0.00061117
v -0.06000000 -0.00873043 -0.00061117
v -0.05818182 -0.00873043 -0.00061117
v -0.05636363 -0.00873043 -0.00061117
v -0.05454545 -0.00873043 -0.00061117
v -0.05272727 -0.00873043 -0.00061117
v -0.05090909 -0.00873043 -0.00061117
v -0.04909091 -0.00742462 -0.00118701
v -0.04727273 -0.00742462 -0.00118701
v -0.04545455 -0.00742462 -0.00118701
v -0.04363636 -0.00742462 -0.00118701
v -0.04181818 -0.00742462 -0.00118701
v -0.04000000 -0.00742462 -0.00118701
v -0.03818182 -0.00742462 -0.00118701
v -0.03636364 -0.00742462 -0.00118701
v -0.03454546 -0.00742462 -0.00118701
v -0.03272727 -0.00742462 -0.00118701
v -0.04909091 -0.00873043 -0.00061117
v -0.04727273 -0.00873043 -0.00061117
v -0.04545455 -0.00873043 -0.00061117
v -0.04363636 -0.00873043 -0.00061117
v -0.04181818 -0.00873043 -0.00061117
v -0.04000000 -0.00873043 -0.00061117
v -0.03818182 -0.00873043 -0.00061117
v -0.03636364 -0.00873043 -0.00061117
v -0.03454546 -0.00873043 -0.00061117
v -0.03272727 -0.00873043 -0.00061117
v -0.08545455 -0.00991592 0.00037028
v -0.08727273 -0.00961346 0.00013938
v -0.08909091 -0.00940094 0.00059754
v -0.08363637 -0.01012960 0.00056825
v -0.08363637 -0.01032805 0.00130278
v -0.08727273 -0.00980180 0.00085199
v -0.08545455 -0.01011018 0.00109587
v -0.08909091 -0.00922031 0.00129285
v -0.08181818 -0.01025640 0.00070661
v -0.08000000 -0.01029825 0.00075866
v -0.07818182 -0.01029825 0.00075866
v -0.07636364 -0.01029825 0.00075866
v -0.08000000 -0.00970074 0.00004580
v -0.08181818 -0.00966132 -0.00000465
v -0.07818182 -0.00970074 0.00004580
v -0.07636364 -0.00970074 0.00004580
v -0.07454546 -0.01029825 0.00075866
v -0.07272727 -0.01029825 0.00075866
v -0.07090909 -0.01029825 0.00075866
v -0.06909091 -0.01029825 0.00075866
v -0.06727273 -0.01029825 0.00075866
v -0.07454546 -0.00970074 0.00004580
v -0.07272727 -0.00970074 0.00004580
v -0.07090909 -0.00970074 0.00004580
v -0.06909091 -0.00970074 0.00004580
v -0.06727273 -0.00970074 0.00004580
v -0.08181818 -0.01045734 0.00144629
v -0.08000000 -0.01050000 0.00150000
v -0.07818182 -0.01050000 0.00150000
v -0.07636364 -0.01050000 0.00150000
v -0.07454546 -0.01050000 0.00150000
v -0.07272727 -0.01050000 0.00150000
v -0.07090909 -0.01050000 0.00150000
v -0.06909091 -0.01050000 0.00150000
v -0.06727273 -0.01050000 0.00150000
v -0.08545455 -0.00991592 0.00182147
v -0.08727273 -0.00961346 0.00156461
v -0.08363637 -0.01012960 0.00203731
v -0.08545455 -0.00934059 0.00251918
v -0.08363637 -0.00954187 0.00274361
v -0.08181818 -0.01025640 0.00218598
v -0.08000000 -0.01029825 0.00224134
v -0.07818182 -0.01029825 0.00224134
v -0.07636364 -0.01029825 0.00224134
v -0.07454546 -0.01029825 0.00224134
v -0.07272727 -0.01029825 0.00224134
v -0.07090909 -0.01029825 0.00224134
v -0.06909091 -0.01029825 0.00224134
v -0.06727273 -0.01029825 0.00224134
v -0.08000000 -0.00970074 0.00295420
v -0.08181818 -0.00966132 0.00289724
v -0.07818182 -0.00970074 0.00295420
v -0.07636364 -0.00970074 0.00295420
v -0.07454546 -0.00970074 0.00295420
v -0.07272727 -0.00970074 0.00295420
v -0.07090909 -0.00970074 0.00295420
v -0.06909091 -0.00970074 0.00295420
v -0.06727273 -0.00970074 0.00295420
v -0.09272727 -0.00831402 0.00016260
v -0.09454545 -0.00762406 0.00003494
v -0.09454545 -0.00747757 0.00064964
v -0.09090909 -0.00890567 0.00035894
v -0.09272727 -0.00815427 0.00080923
v -0.09272727 -0.00768116 0.00143101
v -0.09090909 -0.00873455 0.00103235
v -0.09636363 -0.00677454 0.00000000
v -0.09636363 -0.00664437 0.00057264
v -0.09636363 -0.00625886 0.00112327
v -0.09454545 -0.00704372 0.00124072
v -0.09090909 -0.00822776 0.00167987
v -0.08909091 -0.00868534 0.00196144
v -0.08727273 -0.00905568 0.00224984
v -0.09090909 -0.00740479 0.00227664
v -0.08909091 -0.00781660 0.00257762
v -0.08727273 -0.00814990 0.00288135
v -0.09454545 -0.00633918 0.00178546
v -0.09272727 -0.00691286 0.00200404
v -0.09636363 -0.00563283 0.00163073
v -0.09454545 -0.00539103 0.00226293
v -0.09272727 -0.00587890 0.00250631
v -0.09090909 -0.00629726 0.00279971
v -0.08909091 -0.00664747 0.00311770
v -0.06545454 -0.01029825 0.00075866
v -0.06363636 -0.01029825 0.00075866
v -0.06181818 -0.01029825 0.00075866
v -0.06000000 -0.01029825 0.00075866
v -0.05818182 -0.01029825 0.00075866
v -0.06545454 -0.00970074 0.00004580
v -0.06363636 -0.00970074 0.00004580
v -0.06181818 -0.00970074 0.00004580
v -0.06000000 -0.00970074 0.00004580
v -0.05818182 -0.00970074 0.00004580
v -0.05636363 -0.01029825 0.00075866
v -0.05454545 -0.01029825 0.00075866
v -0.05272727 -0.01029825 0.00075866
v -0.05090909 -0.01029825 0.00075866
v -0.05636363 -0.00970074 0.00004580
v -0.05454545 -0.00970074 0.00004580
v -0.05272727 -0.00970074 0.00004580
v -0.05090909 -0.00970074 0.00004580
v -0.06545454 -0.01050000 0.00150000
v -0.06363636 -0.01050000 0.00150000
v -0.06181818 -0.01050000 0.00150000
v -0.06000000 -0.01050000 0.00150000
v -0.05818182 -0.01050000 0.00150000
v -0.05636363 -0.01050000 0.00150000
v -0.05454545 -0.01050000 0.00150000
v -0.05272727 -0.01050000 0.00150000
v -0.05090909 -0.01050000 0.00150000
v -0.04909091 -0.01029825 0.00075866
v -0.04727273 -0.01029825 0.00075866
v -0.04545455 -0.01029825 0.00075866
v -0.04363636 -0.01029825 0.00075866
v -0.04181818 -0.01029825 0.00075866
v -0.04909091 -0.00970074 0.00004580
v -0.04727273 -0.00970074 0.00004580
v -0.04545455 -0.00970074 0.00004580
v -0.04363636 -0.00970074 0.00004580
v -0.04181818 -0.00970074 0.00004580
v -0.04000000 -0.01029825 0.00075866
v -0.03818182 -0.01029825 0.00075866
v -0.03636364 -0.01029825 0.00075866
v -0.03454546 -0.01029825 0.00075866
v -0.03272727 -0.01029825 0.00075866
v -0.04000000 -0.00970074 0.00004580
v -0.03818182 -0.00970074 0.00004580
v -0.03636364 -0.00970074 0.00004580
v -0.03454546 -0.00970074 0.00004580
v -0.03272727 -0.00970074 0.00004580
v -0.04909091 -0.01050000 0.00150000
v -0.04727273 -0.01050000 0.00150000
v -0.04545455 -0.01050000 0.00150000
v -0.04363636 -0.01050000 0.00150000
v -0.04181818 -0.01050000 0.00150000
v -0.04000000 -0.01050000 0.00150000
v -0.03818182 -0.01050000 0.00150000
v -0.03636364 -0.01050000 0.00150000
v -0.03454546 -0.01050000 0.00150000
v -0.03272727 -0.01050000 0.00150000
v -0.06545454 -0.01029825 0.00224134
v -0.06363636 -0.01029825 0.00224134
v -0.06181818 -0.01029825 0.00224134
v -0.06000000 -0.01029825 0.00224134
v -0.05818182 -0.01029825 0.00224134
v -0.05636363 -0.01029825 0.00224134
v -0.05454545 -0.01029825 0.00224134
v -0.05272727 -0.01029825 0.00224134
v -0.05090909 -0.01029825 0.00224134
v -0.06545454 -0.00970074 0.00295420
v -0.06363636 -0.00970074 0.00295420
v -0.06181818 -0.00970074 0.00295420
v -0.06000000 -0.00970074 0.00295420
v -0.05818182 -0.00970074 0.00295420
v -0.05636363 -0.00970074 0.00295420
v -0.05454545 -0.00970074 0.00295420
v -0.05272727 -0.00970074 0.00295420
v -0.05090909 -0.00970074 0.00295420
v -0.04909091 -0.01029825 0.00224134
v -0.04727273 -0.01029825 0.00224134
v -0.04545455 -0.01029825 0.00224134
v -0.04363636 -0.01029825 0.00224134
v -0.04181818 -0.01029825 0.00224134
v -0.04000000 -0.01029825 0.00224134
v -0.03818182 -0.01029825 0.00224134
v -0.03636364 -0.01029825 0.00224134
v -0.03454546 -0.01029825 0.00224134
v -0.03272727 -0.01029825 0.00224134
v -0.04909091 -0.00970074 0.00295420
v -0.04727273 -0.00970074 0.00295420
v -0.04545455 -0.00970074 0.00295420
v -0.04363636 -0.00970074 0.00295420
v -0.04181818 -0.00970074 0.00295420
v -0.04000000 -0.00970074 0.00295420
v -0.03818182 -0.00970074 0.00295420
v -0.03636364 -0.00970074 0.00295420
v -0.03454546 -0.00970074 0.00295420
v -0.03272727 -0.00970074 0.00295420
v -0.03090909 -0.00583349 -0.00165958
v -0.02909091 -0.00583349 -0.00165958
v -0.02727273 -0.00583349 -0.00165958
v -0.02545455 -0.00583349 -0.00165958
v -0.02363636 -0.00583349 -0.00165958
v -0.02181818 -0.00583349 -0.00165958
v -0.02000000 -0.00583349 -0.00165958
v -0.01818182 -0.00583349 -0.00165958
v -0.01636364 -0.00583349 -0.00165958
v -0.01454545 -0.00583349 -0.00165958
v -0.01272727 -0.00583349 -0.00165958
v -0.01090909 -0.00583349 -0.00165958
v -0.00909091 -0.00583349 -0.00165958
v -0.00727273 -0.00583349 -0.00165958
v -0.00545455 -0.00583349 -0.00165958
v -0.00363636 -0.00583349 -0.00165958
v -0.00181818 -0.00583349 -0.00165958
v 0.00000000 -0.00583349 -0.00165958
v -0.03090909 -0.00742462 -0.00118701
v -0.02909091 -0.00742462 -0.00118701
v -0.02727273 -0.00742462 -0.00118701
v -0.02545455 -0.00742462 -0.00118701
v -0.02363636 -0.00742462 -0.00118701
v -0.02181818 -0.00742462 -0.00118701
v -0.02000000 -0.00742462 -0.00118701
v -0.01818182 -0.00742462 -0.00118701
v -0.01636364 -0.00742462 -0.00118701
v -0.03090909 -0.00873043 -0.00061117
v -0.02909091 -0.00873043 -0.00061117
v -0.02727273 -0.00873043 -0.00061117
v -0.02545455 -0.00873043 -0.00061117
v -0.02363636 -0.00873043 -0.00061117
v -0.02181818 -0.00873043 -0.00061117
v -0.02000000 -0.00873043 -0.00061117
v -0.01818182 -0.00873043 -0.00061117
v -0.01636364 -0.00873043 -0.00061117
v -0.01454545 -0.00742462 -0.00118701
v -0.01272727 -0.00742462 -0.00118701
v -0.01090909 -0.00742462 -0.00118701
v -0.00909091 -0.00742462 -0.00118701
v -0.00727273 -0.00742462 -0.00118701
v -0.00545455 -0.00742462 -0.00118701
v -0.00363636 -0.00742462 -0.00118701
v -0.00181818 -0.00742462 -0.00118701
v 0.00000000 -0.00742462 -0.00118701
v -0.01454545 -0.00873043 -0.00061117
v -0.01272727 -0.00873043 -0.00061117
v -0.01090909 -0.00873043 -0.00061117
v -0.00909091 -0.00873043 -0.00061117
v -0.00727273 -0.00873043 -0.00061117
v -0.00545455 -0.00873043 -0.00061117
v -0.00363636 -0.00873043 -0.00061117
v -0.00181818 -0.00873043 -0.00061117
v 0.00000000 -0.00873043 -0.00061117
v 0.00181818 -0.00583349 -0.00165958
v 0.00363636 -0.00583349 -0.00165958
v 0.00545455 -0.00583349 -0.00165958
v 0.00727273 -0.00583349 -0.00165958
v 0.00909091 -0.00583349 -0.00165958
v 0.01090909 -0.00583349 -0.00165958
v 0.01272727 -0.00583349 -0.00165958
v 0.01454545 -0.00583349 -0.00165958
v 0.01636364 -0.00583349 -0.00165958
v 0.01818182 -0.00583349 -0.00165958
v 0.02000000 -0.00583349 -0.00165958
v 0.02181818 -0.00583349 -0.00165958
v 0.02363636 -0.00583349 -0.00165958
v 0.02545455 -0.00582967 -0.00165612
v 0.00181818 -0.00742462 -0.00118701
v 0.00363636 -0.00742462 -0.00118701
v 0.00545455 -0.00742462 -0.00118701
v 0.00727273 -0.00742462 -0.00118701
v 0.00909091 -0.00742462 -0.00118701
v 0.01090909 -0.00742462 -0.00118701
v 0.01272727 -0.00742462 -0.00118701
v 0.01454545 -0.00742462 -0.00118701
v 0.01636364 -0.00742462 -0.00118701
v 0.01818182 -0.00742462 -0.00118701
v 0.00181818 -0.00873043 -0.00061117
v 0.00363636 -0.00873043 -0.00061117
v 0.00545455 -0.00873043 -0.00061117
v 0.00727273 -0.00873043 -0.00061117
v 0.00909091 -0.00873043 -0.00061117
v 0.01090909 -0.00873043 -0.00061117
v 0.01272727 -0.00873043 -0.00061117
v 0.01454545 -0.00873043 -0.00061117
v 0.01636364 -0.00873043 -0.00061117
v 0.01818182 -0.00873043 -0.00061117
v 0.02000000 -0.00742462 -0.00118701
v 0.02181818 -0.00742462 -0.00118701
v 0.02363636 -0.00742462 -0.00118701
v 0.02545455 -0.00741976 -0.00118369
v 0.02727273 -0.00731069 -0.00110802
v 0.02000000 -0.00873043 -0.00061117
v 0.02181818 -0.00873043 -0.00061117
v 0.02363636 -0.00873043 -0.00061117
v 0.02545455 -0.00872472 -0.00060804
v 0.02727273 -0.00859646 -0.00053661
v 0.02909091 -0.00832484 -0.00038127
v 0.03090909 -0.00794358 -0.00015585
v 0.02909091 -0.00707969 -0.00094357
v 0.02727273 -0.00574397 -0.00157696
v 0.02909091 -0.00556248 -0.00140503
v 0.03090909 -0.00530773 -0.00115594
v 0.03090909 -0.00675546 -0.00070514
v 0.03272727 -0.00636668 -0.00040754
v 0.03454546 -0.00594203 -0.00006556
v -0.03090909 -0.01029825 0.00075866
v -0.02909091 -0.01029825 0.00075866
v -0.02727273 -0.01029825 0.00075866
v -0.02545455 -0.01029825 0.00075866
v -0.03090909 -0.00970074 0.00004580
v -0.02909091 -0.00970074 0.00004580
v -0.02727273 -0.00970074 0.00004580
v -0.02545455 -0.00970074 0.00004580
v -0.02363636 -0.01029825 0.00075866
v -0.02181818 -0.01029825 0.00075866
v -0.02000000 -0.01029825 0.00075866
v -0.01818182 -0.01029825 0.00075866
v -0.01636364 -0.01029825 0.00075866
v -0.02363636 -0.00970074 0.00004580
v -0.02181818 -0.00970074 0.00004580
v -0.02000000 -0.00970074 0.00004580
v -0.01818182 -0.00970074 0.00004580
v -0.01636364 -0.00970074 0.00004580
v -0.03090909 -0.01050000 0.00150000
v -0.02909091 -0.01050000 0.00150000
v -0.02727273 -0.01050000 0.00150000
v -0.02545455 -0.01050000 0.00150000
v -0.02363636 -0.01050000 0.00150000
v -0.02181818 -0.01050000 0.00150000
v -0.02000000 -0.01050000 0.00150000
v -0.01818182 -0.01050000 0.00150000
v -0.01636364 -0.01050000 0.00150000
v -0.01454545 -0.01029825 0.00075866
v -0.01272727 -0.01029825 0.00075866
v -0.01090909 -0.01029825 0.00075866
v -0.00909091 -0.01029825 0.00075866
v -0.00727273 -0.01029825 0.00075866
v -0.01454545 -0.00970074 0.00004580
v -0.01272727 -0.00970074 0.00004580
v -0.01090909 -0.00970074 0.00004580
v -0.00909091 -0.00970074 0.00004580
v -0.00727273 -0.00970074 0.00004580
v -0.00545455 -0.01029825 0.00075866
v -0.00363636 -0.01029825 0.00075866
v -0.00181818 -0.01029825 0.00075866
v 0.00000000 -0.01029825 0.00075866
v -0.00545455 -0.00970074 0.00004580
v -0.00363636 -0.00970074 0.00004580
v -0.00181818 -0.00970074 0.00004580
v 0.00000000 -0.00970074 0.00004580
v -0.01454545 -0.01050000 0.00150000
v -0.01272727 -0.01050000 0.00150000
v -0.01090909 -0.01050000 0.00150000
v -0.00909091 -0.01050000 0.00150000
v -0.00727273 -0.01050000 0.00150000
v -0.00545455 -0.01050000 0.00150000
v -0.00363636 -0.01050000 0.00150000
v -0.00181818 -0.01050000 0.00150000
v 0.00000000 -0.01050000 0.00150000
v -0.03090909 -0.01029825 0.00224134
v -0.02909091 -0.01029825 0.00224134
v -0.02727273 -0.01029825 0.00224134
v -0.02545455 -0.01029825 0.00224134
v -0.02363636 -0.01029825 0.00224134
v -0.02181818 -0.01029825 0.00224134
v -0.02000000 -0.01029825 0.00224134
v -0.01818182 -0.01029825 0.00224134
v -0.01636364 -0.01029825 0.00224134
v -0.03090909 -0.00970074 0.00295420
v -0.02909091 -0.00970074 0.00295420
v -0.02727273 -0.00970074 0.00295420
v -0.02545455 -0.00970074 0.00295420
v -0.02363636 -0.00970074 0.00295420
v -0.02181818 -0.00970074 0.00295420
v -0.02000000 -0.00970074 0.00295420
v -0.01818182 -0.00970074 0.00295420
v -0.01636364 -0.00970074 0.00295420
v -0.01454545 -0.01029825 0.00224134
v -0.01272727 -0.01029825 0.00224134
v -0.01090909 -0.01029825 0.00224134
v -0.00909091 -0.01029825 0.00224134
v -0.00727273 -0.01029825 0.00224134
v -0.00545455 -0.01029825 0.00224134
v -0.00363636 -0.01029825 0.00224134
v -0.00181818 -0.01029825 0.00224134
v 0.00000000 -0.01029825 0.00224134
v -0.01454545 -0.00970074 0.00295420
v -0.01272727 -0.00970074 0.00295420
v -0.01090909 -0.00970074 0.00295420
v -0.00909091 -0.00970074 0.00295420
v -0.00727273 -0.00970074 0.00295420
v -0.00545455 -0.00970074 0.00295420
v -0.00363636 -0.00970074 0.00295420
v -0.00181818 -0.00970074 0.00295420
v 0.00000000 -0.00970074 0.00295420
v 0.00181818 -0.01029825 0.00075866
v 0.00363636 -0.01029825 0.00075866
v 0.00545455 -0.01029825 0.00075866
v 0.00727273 -0.01029825 0.00075866
v 0.00909091 -0.01029825 0.00075866
v 0.00181818 -0.00970074 0.00004580
v 0.00363636 -0.00970074 0.00004580
v 0.00545455 -0.00970074 0.00004580
v 0.00727273 -0.00970074 0.00004580
v 0.00909091 -0.00970074 0.00004580
v 0.01090909 -0.01029825 0.00075866
v 0.01272727 -0.01029825 0.00075866
v 0.01454545 -0.01029825 0.00075866
v 0.01636364 -0.01029825 0.00075866
v 0.01818182 -0.01029825 0.00075866
v 0.01090909 -0.00970074 0.00004580
v 0.01272727 -0.00970074 0.00004580
v 0.01454545 -0.00970074 0.00004580
v 0.01636364 -0.00970074 0.00004580
v 0.01818182 -0.00970074 0.00004580
v 0.00181818 -0.01050000 0.00150000
v 0.00363636 -0.01050000 0.00150000
v 0.00545455 -0.01050000 0.00150000
v 0.00727273 -0.01050000 0.00150000
v 0.00909091 -0.01050000 0.00150000
v 0.01090909 -0.01050000 0.00150000
v 0.01272727 -0.01050000 0.00150000
v 0.01454545 -0.01050000 0.00150000
v 0.01636364 -0.01050000 0.00150000
v 0.01818182 -0.01050000 0.00150000
v 0.02000000 -0.01029825 0.00075866
v 0.02181818 -0.01029825 0.00075866
v 0.02363636 -0.01029825 0.00075866
v 0.02545455 -0.01029151 0.00076134
v 0.02000000 -0.00970074 0.00004580
v 0.02181818 -0.00970074 0.00004580
v 0.02363636 -0.00970074 0.00004580
v 0.02545455 -0.00969439 0.00004872
v 0.02727273 -0.00955188 0.00011530
v 0.02909091 -0.00925006 0.00026024
v 0.02000000 -0.01050000 0.00150000
v 0.02181818 -0.01050000 0.00150000
v 0.02363636 -0.01050000 0.00150000
v 0.02545455 -0.01049313 0.00150244
v 0.02727273 -0.01014022 0.00082266
v 0.02909091 -0.00981982 0.00095633
v 0.03090909 -0.00937009 0.00115084
v 0.00181818 -0.01029825 0.00224134
v 0.00363636 -0.01029825 0.00224134
v 0.00545455 -0.01029825 0.00224134
v 0.00727273 -0.01029825 0.00224134
v 0.00909091 -0.01029825 0.00224134
v 0.01090909 -0.01029825 0.00224134
v 0.01272727 -0.01029825 0.00224134
v 0.01454545 -0.01029825 0.00224134
v 0.01636364 -0.01029825 0.00224134
v 0.01818182 -0.01029825 0.00224134
v 0.00181818 -0.00970074 0.00295420
v 0.00363636 -0.00970074 0.00295420
v 0.00545455 -0.00970074 0.00295420
v 0.00727273 -0.00970074 0.00295420
v 0.00909091 -0.00970074 0.00295420
v 0.01090909 -0.00970074 0.00295420
v 0.01272727 -0.00970074 0.00295420
v 0.01454545 -0.00970074 0.00295420
v 0.01636364 -0.00970074 0.00295420
v 0.01818182 -0.00970074 0.00295420
v 0.02000000 -0.01029825 0.00224134
v 0.02181818 -0.01029825 0.00224134
v 0.02363636 -0.01029825 0.00224134
v 0.02545455 -0.01029151 0.00224354
v 0.02727273 -0.01033888 0.00155830
v 0.02909091 -0.01001220 0.00168024
v 0.03090909 -0.00955366 0.00185801
v 0.02727273 -0.01014022 0.00229393
v 0.02000000 -0.00970074 0.00295420
v 0.02181818 -0.00970074 0.00295420
v 0.02363636 -0.00970074 0.00295420
v 0.02545455 -0.00969439 0.00295616
v 0.02909091 -0.00981982 0.00240414
v 0.03090909 -0.00937009 0.00256518
v 0.02727273 -0.00955188 0.00300129
v 0.02909091 -0.00925006 0.00310023
v 0.03090909 -0.00882643 0.00047084
v 0.03272727 -0.00831846 0.00073438
v 0.03272727 -0.00748642 0.00012585
v 0.03272727 -0.00883083 0.00139469
v 0.03454546 -0.00776364 0.00103816
v 0.03454546 -0.00698709 0.00044998
v 0.03454546 -0.00824184 0.00167637
v 0.03272727 -0.00900384 0.00208138
v 0.03454546 -0.00840330 0.00234009
v 0.03272727 -0.00883083 0.00276807
v 0.03454546 -0.00824184 0.00300381
v -0.08545455 -0.00840631 0.00316220
v -0.08363637 -0.00858746 0.00339454
v -0.08363637 -0.00730303 0.00396508
v -0.08727273 -0.00693092 0.00343487
v -0.08545455 -0.00714898 0.00372580
v -0.08727273 -0.00544559 0.00388914
v -0.08545455 -0.00561692 0.00418834
v -0.08363637 -0.00573796 0.00443332
v -0.08181818 -0.00869496 0.00355274
v -0.08000000 -0.00873043 0.00361117
v -0.07818182 -0.00873043 0.00361117
v -0.07636364 -0.00873043 0.00361117
v -0.07454546 -0.00873043 0.00361117
v -0.07272727 -0.00873043 0.00361117
v -0.07090909 -0.00873043 0.00361117
v -0.06909091 -0.00873043 0.00361117
v -0.06727273 -0.00873043 0.00361117
v -0.08181818 -0.00739445 0.00412729
v -0.08000000 -0.00742462 0.00418701
v -0.07818182 -0.00742462 0.00418701
v -0.07636364 -0.00742462 0.00418701
v -0.07454546 -0.00742462 0.00418701
v -0.07272727 -0.00742462 0.00418701
v -0.07090909 -0.00742462 0.00418701
v -0.06909091 -0.00742462 0.00418701
v -0.06727273 -0.00742462 0.00418701
v -0.08181818 -0.00580978 0.00459881
v -0.08000000 -0.00583349 0.00465958
v -0.07818182 -0.00583349 0.00465958
v -0.07636364 -0.00583349 0.00465958
v -0.07454546 -0.00583349 0.00465958
v -0.07272727 -0.00583349 0.00465958
v -0.07090909 -0.00583349 0.00465958
v -0.06909091 -0.00583349 0.00465958
v -0.06727273 -0.00583349 0.00465958
v -0.06545454 -0.00873043 0.00361117
v -0.06363636 -0.00873043 0.00361117
v -0.06181818 -0.00873043 0.00361117
v -0.06000000 -0.00873043 0.00361117
v -0.05818182 -0.00873043 0.00361117
v -0.05636363 -0.00873043 0.00361117
v -0.05454545 -0.00873043 0.00361117
v -0.05272727 -0.00873043 0.00361117
v -0.05090909 -0.00873043 0.00361117
v -0.06545454 -0.00742462 0.00418701
v -0.06363636 -0.00742462 0.00418701
v -0.06181818 -0.00742462 0.00418701
v -0.06000000 -0.00742462 0.00418701
v -0.05818182 -0.00742462 0.00418701
v -0.05636363 -0.00742462 0.00418701
v -0.05454545 -0.00742462 0.00418701
v -0.05272727 -0.00742462 0.00418701
v -0.05090909 -0.00742462 0.00418701
v -0.06545454 -0.00583349 0.00465958
v -0.06363636 -0.00583349 0.00465958
v -0.06181818 -0.00583349 0.00465958
v -0.06000000 -0.00583349 0.00465958
v -0.05818182 -0.00583349 0.00465958
v -0.05636363 -0.00583349 0.00465958
v -0.05454545 -0.00583349 0.00465958
v -0.05272727 -0.00583349 0.00465958
v -0.05090909 -0.00583349 0.00465958
v -0.04909091 -0.00873043 0.00361117
v -0.04727273 -0.00873043 0.00361117
v -0.04545455 -0.00873043 0.00361117
v -0.04363636 -0.00873043 0.00361117
v -0.04181818 -0.00873043 0.00361117
v -0.04000000 -0.00873043 0.00361117
v -0.03818182 -0.00873043 0.00361117
v -0.03636364 -0.00873043 0.00361117
v -0.03454546 -0.00873043 0.00361117
v -0.03272727 -0.00873043 0.00361117
v -0.04909091 -0.00742462 0.00418701
v -0.04727273 -0.00742462 0.00418701
v -0.04545455 -0.00742462 0.00418701
v -0.04363636 -0.00742462 0.00418701
v -0.04181818 -0.00742462 0.00418701
v -0.04000000 -0.00742462 0.00418701
v -0.03818182 -0.00742462 0.00418701
v -0.03636364 -0.00742462 0.00418701
v -0.03454546 -0.00742462 0.00418701
v -0.03272727 -0.00742462 0.00418701
v -0.04909091 -0.00583349 0.00465958
v -0.04727273 -0.00583349 0.00465958
v -0.04545455 -0.00583349 0.00465958
v -0.04363636 -0.00583349 0.00465958
v -0.04181818 -0.00583349 0.00465958
v -0.04000000 -0.00583349 0.00465958
v -0.03818182 -0.00583349 0.00465958
v -0.03636364 -0.00583349 0.00465958
v -0.03454546 -0.00583349 0.00465958
v -0.03272727 -0.00583349 0.00465958
v -0.03090909 -0.00873043 0.00361117
v -0.02909091 -0.00873043 0.00361117
v -0.02727273 -0.00873043 0.00361117
v -0.02545455 -0.00873043 0.00361117
v -0.02363636 -0.00873043 0.00361117
v -0.02181818 -0.00873043 0.00361117
v -0.02000000 -0.00873043 0.00361117
v -0.01818182 -0.00873043 0.00361117
v -0.01636364 -0.00873043 0.00361117
v -0.03090909 -0.00742462 0.00418701
v -0.02909091 -0.00742462 0.00418701
v -0.02727273 -0.00742462 0.00418701
v -0.02545455 -0.00742462 0.00418701
v -0.02363636 -0.00742462 0.00418701
v -0.02181818 -0.00742462 0.00418701
v -0.02000000 -0.00742462 0.00418701
v -0.01818182 -0.00742462 0.00418701
v -0.01636364 -0.00742462 0.00418701
v -0.03090909 -0.00583349 0.00465958
v -0.02909091 -0.00583349 0.00465958
v -0.02727273 -0.00583349 0.00465958
v -0.02545455 -0.00583349 0.00465958
v -0.02363636 -0.00583349 0.00465958
v -0.02181818 -0.00583349 0.00465958
v -0.02000000 -0.00583349 0.00465958
v -0.01818182 -0.00583349 0.00465958
v -0.01636364 -0.00583349 0.00465958
v -0.01454545 -0.00873043 0.00361117
v -0.01272727 -0.00873043 0.00361117
v -0.01090909 -0.00873043 0.00361117
v -0.00909091 -0.00873043 0.00361117
v -0.00727273 -0.00873043 0.00361117
v -0.00545455 -0.00873043 0.00361117
v -0.00363636 -0.00873043 0.00361117
v -0.00181818 -0.00873043 0.00361117
v 0.00000000 -0.00873043 0.00361117
v -0.01454545 -0.00742462 0.00418701
v -0.01272727 -0.00742462 0.00418701
v -0.01090909 -0.00742462 0.00418701
v -0.00909091 -0.00742462 0.00418701
v -0.00727273 -0.00742462 0.00418701
v -0.00545455 -0.00742462 0.00418701
v -0.00363636 -0.00742462 0.00418701
v -0.00181818 -0.00742462 0.00418701
v 0.00000000 -0.00742462 0.00418701
v -0.01454545 -0.00583349 0.00465958
v -0.01272727 -0.00583349 0.00465958
v -0.01090909 -0.00583349 0.00465958
v -0.00909091 -0.00583349 0.00465958
v -0.00727273 -0.00583349 0.00465958
v -0.00545455 -0.00583349 0.00465958
v -0.00363636 -0.00583349 0.00465958
v -0.00181818 -0.00583349 0.00465958
v 0.00000000 -0.00583349 0.00465958
v 0.00181818 -0.00873043 0.00361117
v 0.00363636 -0.00873043 0.00361117
v 0.00545455 -0.00873043 0.00361117
v 0.00727273 -0.00873043 0.00361117
v 0.00909091 -0.00873043 0.00361117
v 0.01090909 -0.00873043 0.00361117
v 0.01272727 -0.00873043 0.00361117
v 0.01454545 -0.00873043 0.00361117
v 0.01636364 -0.00873043 0.00361117
v 0.01818182 -0.00873043 0.00361117
v 0.00181818 -0.00742462 0.00418701
v 0.00363636 -0.00742462 0.00418701
v 0.00545455 -0.00742462 0.00418701
v 0.00727273 -0.00742462 0.00418701
v 0.00909091 -0.00742462 0.00418701
v 0.01090909 -0.00742462 0.00418701
v 0.01272727 -0.00742462 0.00418701
v 0.01454545 -0.00742462 0.00418701
v 0.01636364 -0.00742462 0.00418701
v 0.01818182 -0.00742462 0.00418701
v 0.00181818 -0.00583349 0.00465958
v 0.00363636 -0.00583349 0.00465958
v 0.00545455 -0.00583349 0.00465958
v 0.00727273 -0.00583349 0.00465958
v 0.00909091 -0.00583349 0.00465958
v 0.01090909 -0.00583349 0.00465958
v 0.01272727 -0.00583349 0.00465958
v 0.01454545 -0.00583349 0.00465958
v 0.01636364 -0.00583349 0.00465958
v 0.01818182 -0.00583349 0.00465958
v 0.02000000 -0.00873043 0.00361117
v 0.02181818 -0.00873043 0.00361117
v 0.02363636 -0.00873043 0.00361117
v 0.02545455 -0.00872472 0.00361292
v 0.03090909 -0.00882643 0.00324518
v 0.03272727 -0.00831846 0.00342837
v 0.02727273 -0.00859646 0.00365320
v 0.02909091 -0.00832484 0.00374174
v 0.03090909 -0.00794358 0.00387187
v 0.03454546 -0.00776364 0.00364202
v 0.02000000 -0.00742462 0.00418701
v 0.02181818 -0.00742462 0.00418701
v 0.02363636 -0.00742462 0.00418701
v 0.02545455 -0.00741976 0.00418857
v 0.02727273 -0.00731069 0.00422461
v 0.03272727 -0.00748642 0.00403691
v 0.02000000 -0.00583349 0.00465958
v 0.02181818 -0.00583349 0.00465958
v 0.02363636 -0.00583349 0.00465958
v 0.02545455 -0.00582967 0.00466099
v 0.03454546 -0.00698709 0.00423020
v 0.02909091 -0.00707969 0.00430404
v 0.03090909 -0.00675546 0.00442116
v 0.03272727 -0.00636668 0.00457030
v 0.02727273 -0.00574397 0.00469355
v 0.02909091 -0.00556248 0.00476550
v 0.03090909 -0.00530773 0.00487196
v 0.03454546 -0.00594203 0.00474574
v -0.09272727 -0.00461902 -0.00259331
v -0.09636363 -0.00376373 -0.00244056
v -0.09454545 -0.00423570 -0.00258491
v -0.09090909 -0.00494772 -0.00251110
v -0.09090909 -0.00340805 -0.00283007
v -0.08909091 -0.00359759 -0.00269520
v -0.08727273 -0.00375099 -0.00252270
v -0.09636363 -0.00479033 -0.00207553
v -0.08909091 -0.00522288 -0.00236585
v -0.08545455 -0.00386900 -0.00234029
v -0.08363637 -0.00395237 -0.00217569
v -0.09454545 -0.00291760 -0.00287608
v -0.09272727 -0.00318164 -0.00289961
v -0.09636363 -0.00259251 -0.00271181
v -0.09636363 -0.00132165 -0.00287884
v -0.09454545 -0.00148738 -0.00305538
v -0.09272727 -0.00162199 -0.00308822
v -0.08909091 -0.00183403 -0.00289802
v -0.09090909 -0.00173741 -0.00302650
v -0.08727273 -0.00191224 -0.00273056
v -0.08545455 -0.00197240 -0.00255194
v -0.08363637 -0.00201490 -0.00238994
v -0.09818182 -0.00236533 -0.00170654
v -0.09818182 -0.00162927 -0.00189621
v -0.08181818 -0.00400185 -0.00205660
v -0.08000000 -0.00401818 -0.00201074
v -0.07818182 -0.00401818 -0.00201074
v -0.07636364 -0.00401818 -0.00201074
v -0.07454546 -0.00401818 -0.00201074
v -0.07272727 -0.00401818 -0.00201074
v -0.07090909 -0.00401818 -0.00201074
v -0.06909091 -0.00401818 -0.00201074
v -0.06727273 -0.00401818 -0.00201074
v -0.08181818 -0.00204013 -0.00227236
v -0.08000000 -0.00204845 -0.00222698
v -0.07818182 -0.00204845 -0.00222698
v -0.07636364 -0.00204845 -0.00222698
v -0.07454546 -0.00204845 -0.00222698
v -0.07272727 -0.00204845 -0.00222698
v -0.07090909 -0.00204845 -0.00222698
v -0.06909091 -0.00204845 -0.00222698
v -0.06727273 -0.00204845 -0.00222698
v -0.09818182 -0.00353996 -0.00114028
v -0.09818182 -0.00393340 -0.00078544
v -0.09818182 -0.00417567 -0.00040041
v -0.09818182 -0.00301049 -0.00145130
v -0.09636363 -0.00000000 -0.00293524
v -0.09454545 -0.00000000 -0.00311593
v -0.09272727 -0.00000000 -0.00315191
v -0.09090909 -0.00000000 -0.00309282
v -0.08909091 -0.00000000 -0.00296650
v -0.08727273 -0.00000000 -0.00280075
v -0.08545455 -0.00000000 -0.00262341
v -0.08363637 -0.00000000 -0.00246228
v -0.09818182 -0.00083059 -0.00201300
v -0.09818182 -0.00000000 -0.00205244
v -0.09636363 0.00132165 -0.00287884
v -0.09454545 0.00148738 -0.00305538
v -0.09272727 0.00162199 -0.00308822
v -0.09636363 0.00259251 -0.00271181
v -0.09090909 0.00173741 -0.00302650
v -0.08909091 0.00183403 -0.00289802
v -0.08727273 0.00191224 -0.00273056
v -0.08545455 0.00197240 -0.00255194
v -0.08363637 0.00201490 -0.00238994
v -0.09818182 0.00083059 -0.00201300
v -0.09818182 0.00162927 -0.00189621
v -0.09818182 0.00236533 -0.00170654
v -0.08181818 -0.00000000 -0.00234521
v -0.08000000 -0.00000000 -0.00230000
v -0.07818182 -0.00000000 -0.00230000
v -0.07636364 -0.00000000 -0.00230000
v -0.07454546 -0.00000000 -0.00230000
v -0.07272727 -0.00000000 -0.00230000
v -0.07090909 -0.00000000 -0.00230000
v -0.06909091 -0.00000000 -0.00230000
v -0.06727273 -0.00000000 -0.00230000
v -0.08181818 0.00204013 -0.00227236
v -0.08000000 0.00204845 -0.00222698
v -0.07818182 0.00204845 -0.00222698
v -0.07636364 0.00204845 -0.00222698
v -0.07454546 0.00204845 -0.00222698
v -0.07272727 0.00204845 -0.00222698
v -0.07090909 0.00204845 -0.00222698
v -0.06909091 0.00204845 -0.00222698
v -0.06727273 0.00204845 -0.00222698
v -0.10000000 -0.00000000 -0.00080000
v -0.10000000 -0.00044446 -0.00066518
v -0.10000000 -0.00066518 -0.00044446
v -0.10000000 -0.00056569 -0.00056569
v -0.10000000 -0.00073910 -0.00030615
v -0.10000000 -0.00078463 -0.00015607
v -0.10000000 -0.00030615 -0.00073910
v -0.10000000 -0.00015607 -0.00078463
v -0.10000000 0.00015607 -0.00078463
v -0.10000000 0.00030615 -0.00073910
v -0.10000000 0.00044446 -0.00066518
v -0.10000000 0.00056569 -0.00056569
v -0.10000000 0.00066518 -0.00044446
v -0.10000000 0.00073910 -0.00030615
v -0.10000000 0.00078463 -0.00015607
v -0.06545454 -0.00401818 -0.00201074
v -0.06363636 -0.00401818 -0.00201074
v -0.06181818 -0.00401818 -0.00201074
v -0.06000000 -0.00401818 -0.00201074
v -0.05818182 -0.00401818 -0.00201074
v -0.05636363 -0.00401818 -0.00201074
v -0.05454545 -0.00401818 -0.00201074
v -0.05272727 -0.00401818 -0.00201074
v -0.05090909 -0.00401818 -0.00201074
v -0.06545454 -0.00204845 -0.00222698
v -0.06363636 -0.00204845 -0.00222698
v -0.06181818 -0.00204845 -0.00222698
v -0.06000000 -0.00204845 -0.00222698
v -0.05818182 -0.00204845 -0.00222698
v -0.05636363 -0.00204845 -0.00222698
v -0.05454545 -0.00204845 -0.00222698
v -0.05272727 -0.00204845 -0.00222698
v -0.05090909 -0.00204845 -0.00222698
v -0.04909091 -0.00401818 -0.00201074
v -0.04727273 -0.00401818 -0.00201074
v -0.04545455 -0.00401818 -0.00201074
v -0.04363636 -0.00401818 -0.00201074
v -0.04181818 -0.00401818 -0.00201074
v -0.04000000 -0.00401818 -0.00201074
v -0.03818182 -0.00401818 -0.00201074
v -0.03636364 -0.00401818 -0.00201074
v -0.03454546 -0.00401818 -0.00201074
v -0.03272727 -0.00401818 -0.00201074
v -0.04909091 -0.00204845 -0.00222698
v -0.04727273 -0.00204845 -0.00222698
v -0.04545455 -0.00204845 -0.00222698
v -0.04363636 -0.00204845 -0.00222698
v -0.04181818 -0.00204845 -0.00222698
v -0.04000000 -0.00204845 -0.00222698
v -0.03818182 -0.00204845 -0.00222698
v -0.03636364 -0.00204845 -0.00222698
v -0.03454546 -0.00204845 -0.00222698
v -0.03272727 -0.00204845 -0.00222698
v -0.06545454 -0.00000000 -0.00230000
v -0.06363636 -0.00000000 -0.00230000
v -0.06181818 -0.00000000 -0.00230000
v -0.06000000 -0.00000000 -0.00230000
v -0.05818182 -0.00000000 -0.00230000
v -0.05636363 -0.00000000 -0.00230000
v -0.05454545 -0.00000000 -0.00230000
v -0.05272727 -0.00000000 -0.00230000
v -0.05090909 -0.00000000 -0.00230000
v -0.06545454 0.00204845 -0.00222698
v -0.06363636 0.00204845 -0.00222698
v -0.06181818 0.00204845 -0.00222698
v -0.06000000 0.00204845 -0.00222698
v -0.05818182 0.00204845 -0.00222698
v -0.05636363 0.00204845 -0.00222698
v -0.05454545 0.00204845 -0.00222698
v -0.05272727 0.00204845 -0.00222698
v -0.05090909 0.00204845 -0.00222698
v -0.04909091 -0.00000000 -0.00230000
v -0.04727273 -0.00000000 -0.00230000
v -0.04545455 -0.00000000 -0.00230000
v -0.04363636 -0.00000000 -0.00230000
v -0.04181818 -0.00000000 -0.00230000
v -0.04000000 -0.00000000 -0.00230000
v -0.03818182 -0.00000000 -0.00230000
v -0.03636364 -0.00000000 -0.00230000
v -0.03454546 -0.00000000 -0.00230000
v -0.03272727 -0.00000000 -0.00230000
v -0.04909091 0.00204845 -0.00222698
v -0.04727273 0.00204845 -0.00222698
v -0.04545455 0.00204845 -0.00222698
v -0.04363636 0.00204845 -0.00222698
v -0.04181818 0.00204845 -0.00222698
v -0.04000000 0.00204845 -0.00222698
v -0.03818182 0.00204845 -0.00222698
v -0.03636364 0.00204845 -0.00222698
v -0.03454546 0.00204845 -0.00222698
v -0.03272727 0.00204845 -0.00222698
v -0.09818182 -0.00425748 0.00000000
v -0.09818182 -0.00417567 0.00040041
v -0.09818182 -0.00393340 0.00078544
v -0.09818182 -0.00353996 0.00114028
v -0.09818182 -0.00301049 0.00145130
v -0.09636363 -0.00479033 0.00207553
v -0.09272727 -0.00461902 0.00291852
v -0.09636363 -0.00376373 0.00244056
v -0.09454545 -0.00423570 0.00265478
v -0.09818182 -0.00236533 0.00170654
v -0.09818182 -0.00162927 0.00189621
v -0.09636363 -0.00259251 0.00271181
v -0.09454545 -0.00291760 0.00294595
v -0.09636363 -0.00132165 0.00287884
v -0.10000000 -0.00080000 0.00000000
v -0.10000000 -0.00078463 0.00015607
v -0.10000000 -0.00073910 0.00030615
v -0.10000000 -0.00066518 0.00044446
v -0.10000000 -0.00056569 0.00056569
v -0.10000000 -0.00044446 0.00066518
v -0.10000000 0.00000000 0.00000000
v -0.10000000 -0.00030615 0.00073910
v -0.10000000 0.00056569 0.00056569
v -0.10000000 0.00030615 0.00073910
v -0.10000000 0.00044446 0.00066518
v -0.10000000 -0.00015607 0.00078463
v -0.10000000 0.00000000 0.00080000
v -0.10000000 0.00015607 0.00078463
v -0.10000000 0.00080000 0.00000000
v -0.10000000 0.00078463 0.00015607
v -0.10000000 0.00073910 0.00030615
v -0.10000000 0.00066518 0.00044446
v -0.09818182 -0.00083059 0.00201300
v -0.09818182 0.00000000 0.00205244
v -0.09636363 0.00000000 0.00293524
v -0.09818182 0.00162927 0.00189621
v -0.09818182 0.00083059 0.00201300
v -0.09818182 0.00236533 0.00170654
v -0.09636363 0.00132165 0.00287884
v -0.09636363 0.00259251 0.00271181
v -0.09454545 0.00291760 -0.00287608
v -0.09272727 0.00318164 -0.00289961
v -0.09636363 0.00376373 -0.00244056
v -0.09454545 0.00423570 -0.00258491
v -0.09090909 0.00340805 -0.00283007
v -0.08909091 0.00359759 -0.00269520
v -0.08727273 0.00375099 -0.00252270
v -0.08545455 0.00386900 -0.00234029
v -0.08363637 0.00395237 -0.00217569
v -0.09272727 0.00461902 -0.00259331
v -0.09090909 0.00494772 -0.00251110
v -0.09636363 0.00479033 -0.00207553
v -0.09454545 0.00539103 -0.00219306
v -0.09272727 0.00587890 -0.00218111
v -0.09636363 0.00563283 -0.00163073
v -0.09454545 0.00633918 -0.00171559
v -0.08909091 0.00522288 -0.00236585
v -0.08727273 0.00544559 -0.00218515
v -0.09090909 0.00629726 -0.00208183
v -0.08545455 0.00561692 -0.00199659
v -0.08363637 0.00573796 -0.00182776
v -0.08181818 0.00400185 -0.00205660
v -0.08000000 0.00401818 -0.00201074
v -0.07818182 0.00401818 -0.00201074
v -0.07636364 0.00401818 -0.00201074
v -0.07454546 0.00401818 -0.00201074
v -0.07272727 0.00401818 -0.00201074
v -0.07090909 0.00401818 -0.00201074
v -0.06909091 0.00401818 -0.00201074
v -0.06727273 0.00401818 -0.00201074
v -0.08181818 0.00580978 -0.00170622
v -0.08000000 0.00583349 -0.00165958
v -0.07818182 0.00583349 -0.00165958
v -0.07636364 0.00583349 -0.00165958
v -0.07454546 0.00583349 -0.00165958
v -0.07272727 0.00583349 -0.00165958
v -0.07090909 0.00583349 -0.00165958
v -0.06909091 0.00583349 -0.00165958
v -0.06727273 0.00583349 -0.00165958
v -0.09818182 0.00301049 -0.00145130
v -0.09818182 0.00353996 -0.00114028
v -0.09818182 0.00393340 -0.00078544
v -0.09818182 0.00417567 -0.00040041
v -0.09636363 0.00625886 -0.00112327
v -0.09272727 0.00691286 -0.00167884
v -0.08909091 0.00664747 -0.00192262
v -0.08727273 0.00693092 -0.00173089
v -0.09454545 0.00704372 -0.00117085
v -0.09272727 0.00768116 -0.00110581
v -0.09090909 0.00740479 -0.00155876
v -0.08545455 0.00714898 -0.00153405
v -0.08363637 0.00730303 -0.00135952
v -0.08909091 0.00781660 -0.00138253
v -0.09090909 0.00822776 -0.00096199
v -0.08727273 0.00814990 -0.00117736
v -0.08545455 0.00840631 -0.00097045
v -0.09636363 0.00664437 -0.00057264
v -0.09454545 0.00747757 -0.00057977
v -0.09272727 0.00815427 -0.00048403
v -0.08909091 0.00868534 -0.00076636
v -0.08363637 0.00858746 -0.00078898
v -0.08727273 0.00905568 -0.00054585
v -0.09090909 0.00873455 -0.00031447
v -0.08909091 0.00922031 -0.00009777
v -0.08545455 0.00934059 -0.00032743
v -0.08363637 0.00954187 -0.00013805
v -0.08181818 0.00739445 -0.00123470
v -0.08000000 0.00742462 -0.00118701
v -0.07818182 0.00742462 -0.00118701
v -0.07636364 0.00742462 -0.00118701
v -0.07454546 0.00742462 -0.00118701
v -0.07272727 0.00742462 -0.00118701
v -0.07090909 0.00742462 -0.00118701
v -0.06909091 0.00742462 -0.00118701
v -0.06727273 0.00742462 -0.00118701
v -0.08181818 0.00869496 -0.00066015
v -0.08000000 0.00873043 -0.00061117
v -0.07818182 0.00873043 -0.00061117
v -0.07636364 0.00873043 -0.00061117
v -0.07454546 0.00873043 -0.00061117
v -0.07272727 0.00873043 -0.00061117
v -0.07090909 0.00873043 -0.00061117
v -0.06909091 0.00873043 -0.00061117
v -0.06727273 0.00873043 -0.00061117
v -0.06545454 0.00401818 -0.00201074
v -0.06363636 0.00401818 -0.00201074
v -0.06181818 0.00401818 -0.00201074
v -0.06000000 0.00401818 -0.00201074
v -0.05818182 0.00401818 -0.00201074
v -0.05636363 0.00401818 -0.00201074
v -0.05454545 0.00401818 -0.00201074
v -0.05272727 0.00401818 -0.00201074
v -0.05090909 0.00401818 -0.00201074
v -0.06545454 0.00583349 -0.00165958
v -0.06363636 0.00583349 -0.00165958
v -0.06181818 0.00583349 -0.00165958
v -0.06000000 0.00583349 -0.00165958
v -0.05818182 0.00583349 -0.00165958
v -0.05636363 0.00583349 -0.00165958
v -0.05454545 0.00583349 -0.00165958
v -0.05272727 0.00583349 -0.00165958
v -0.05090909 0.00583349 -0.00165958
v -0.04909091 0.00401818 -0.00201074
v -0.04727273 0.00401818 -0.00201074
v -0.04545455 0.00401818 -0.00201074
v -0.04363636 0.00401818 -0.00201074
v -0.04181818 0.00401818 -0.00201074
v -0.04000000 0.00401818 -0.00201074
v -0.03818182 0.00401818 -0.00201074
v -0.03636364 0.00401818 -0.00201074
v -0.03454546 0.00401818 -0.00201074
v -0.03272727 0.00401818 -0.00201074
v -0.04909091 0.00583349 -0.00165958
v -0.04727273 0.00583349 -0.00165958
v -0.04545455 0.00583349 -0.00165958
v -0.04363636 0.00583349 -0.00165958
v -0.04181818 0.00583349 -0.00165958
v -0.04000000 0.00583349 -0.00165958
v -0.03818182 0.00583349 -0.00165958
v -0.03636364 0.00583349 -0.00165958
v -0.03454546 0.00583349 -0.00165958
v -0.03272727 0.00583349 -0.00165958
v -0.06545454 0.00742462 -0.00118701
v -0.06363636 0.00742462 -0.00118701
v -0.06181818 0.00742462 -0.00118701
v -0.06000000 0.00742462 -0.00118701
v -0.05818182 0.00742462 -0.00118701
v -0.05636363 0.00742462 -0.00118701
v -0.05454545 0.00742462 -0.00118701
v -0.05272727 0.00742462 -0.00118701
v -0.05090909 0.00742462 -0.00118701
v -0.06545454 0.00873043 -0.00061117
v -0.06363636 0.00873043 -0.00061117
v -0.06181818 0.00873043 -0.00061117
v -0.06000000 0.00873043 -0.00061117
v -0.05818182 0.00873043 -0.00061117
v -0.05636363 0.00873043 -0.00061117
v -0.05454545 0.00873043 -0.00061117
v -0.05272727 0.00873043 -0.00061117
v -0.05090909 0.00873043 -0.00061117
v -0.04909091 0.00742462 -0.00118701
v -0.04727273 0.00742462 -0.00118701
v -0.04545455 0.00742462 -0.00118701
v -0.04363636 0.00742462 -0.00118701
v -0.04181818 0.00742462 -0.00118701
v -0.04000000 0.00742462 -0.00118701
v -0.03818182 0.00742462 -0.00118701
v -0.03636364 0.00742462 -0.00118701
v -0.03454546 0.00742462 -0.00118701
v -0.03272727 0.00742462 -0.00118701
v -0.04909091 0.00873043 -0.00061117
v -0.04727273 0.00873043 -0.00061117
v -0.04545455 0.00873043 -0.00061117
v -0.04363636 0.00873043 -0.00061117
v -0.04181818 0.00873043 -0.00061117
v -0.04000000 0.00873043 -0.00061117
v -0.03818182 0.00873043 -0.00061117
v -0.03636364 0.00873043 -0.00061117
v -0.03454546 0.00873043 -0.00061117
v -0.03272727 0.00873043 -0.00061117
v -0.09818182 0.00425748 0.00000000
v -0.09818182 0.00417567 0.00040041
v -0.09818182 0.00353996 0.00114028
v -0.09818182 0.00301049 0.00145130
v -0.09818182 0.00393340 0.00078544
v -0.09636363 0.00625886 0.00112327
v -0.09454545 0.00291760 0.00294595
v -0.09636363 0.00376373 0.00244056
v -0.09454545 0.00423570 0.00265478
v -0.09636363 0.00479033 0.00207553
v -0.09454545 0.00539103 0.00226293
v -0.09636363 0.00563283 0.00163073
v -0.09454545 0.00633918 0.00178546
v -0.09272727 0.00461902 0.00291852
v -0.09272727 0.00587890 0.00250631
v -0.09090909 0.00629726 0.00279971
v -0.09636363 0.00677454 0.00000000
v -0.09636363 0.00664437 0.00057264
v -0.09454545 0.00747757 0.00064964
v -0.09454545 0.00762406 0.00003494
v -0.09272727 0.00831402 0.00016260
v -0.09454545 0.00704372 0.00124072
v -0.09272727 0.00815427 0.00080923
v -0.09272727 0.00768116 0.00143101
v -0.09090909 0.00890567 0.00035894
v -0.08909091 0.00940094 0.00059754
v -0.08727273 0.00961346 0.00013938
v -0.08545455 0.00991592 0.00037028
v -0.08363637 0.01012960 0.00056825
v -0.09090909 0.00873455 0.00103235
v -0.08909091 0.00922031 0.00129285
v -0.08727273 0.00980180 0.00085199
v -0.08545455 0.01011018 0.00109587
v -0.08363637 0.01032805 0.00130278
v -0.08181818 0.00966132 -0.00000465
v -0.08000000 0.00970074 0.00004580
v -0.07818182 0.00970074 0.00004580
v -0.07636364 0.00970074 0.00004580
v -0.08181818 0.01025640 0.00070661
v -0.08000000 0.01029825 0.00075866
v -0.07818182 0.01029825 0.00075866
v -0.07636364 0.01029825 0.00075866
v -0.07454546 0.00970074 0.00004580
v -0.07272727 0.00970074 0.00004580
v -0.07090909 0.00970074 0.00004580
v -0.06909091 0.00970074 0.00004580
v -0.06727273 0.00970074 0.00004580
v -0.07454546 0.01029825 0.00075866
v -0.07272727 0.01029825 0.00075866
v -0.07090909 0.01029825 0.00075866
v -0.06909091 0.01029825 0.00075866
v -0.06727273 0.01029825 0.00075866
v -0.08181818 0.01045734 0.00144629
v -0.08000000 0.01050000 0.00150000
v -0.07818182 0.01050000 0.00150000
v -0.07636364 0.01050000 0.00150000
v -0.07454546 0.01050000 0.00150000
v -0.07272727 0.01050000 0.00150000
v -0.07090909 0.01050000 0.00150000
v -0.06909091 0.01050000 0.00150000
v -0.06727273 0.01050000 0.00150000
v -0.09272727 0.00691286 0.00200404
v -0.09090909 0.00740479 0.00227664
v -0.09090909 0.00822776 0.00167987
v -0.08909091 0.00664747 0.00311770
v -0.08909091 0.00781660 0.00257762
v -0.08727273 0.00814990 0.00288135
v -0.08909091 0.00868534 0.00196144
v -0.08727273 0.00905568 0.00224984
v -0.08727273 0.00961346 0.00156461
v -0.08545455 0.00991592 0.00182147
v -0.08363637 0.01012960 0.00203731
v -0.08545455 0.00934059 0.00251918
v -0.08363637 0.00954187 0.00274361
v -0.08181818 0.01025640 0.00218598
v -0.08000000 0.01029825 0.00224134
v -0.07818182 0.01029825 0.00224134
v -0.07636364 0.01029825 0.00224134
v -0.07454546 0.01029825 0.00224134
v -0.07272727 0.01029825 0.00224134
v -0.07090909 0.01029825 0.00224134
v -0.06909091 0.01029825 0.00224134
v -0.06727273 0.01029825 0.00224134
v -0.08181818 0.00966132 0.00289724
v -0.08000000 0.00970074 0.00295420
v -0.07818182 0.00970074 0.00295420
v -0.07636364 0.00970074 0.00295420
v -0.07454546 0.00970074 0.00295420
v -0.07272727 0.00970074 0.00295420
v -0.07090909 0.00970074 0.00295420
v -0.06909091 0.00970074 0.00295420
v -0.06727273 0.00970074 0.00295420
v -0.06545454 0.00970074 0.00004580
v -0.06363636 0.00970074 0.00004580
v -0.06181818 0.00970074 0.00004580
v -0.06000000 0.00970074 0.00004580
v -0.05818182 0.00970074 0.00004580
v -0.06545454 0.01029825 0.00075866
v -0.06363636 0.01029825 0.00075866
v -0.06181818 0.01029825 0.00075866
v -0.06000000 0.01029825 0.00075866
v -0.05818182 0.01029825 0.00075866
v -0.05636363 0.00970074 0.00004580
v -0.05454545 0.00970074 0.00004580
v -0.05272727 0.00970074 0.00004580
v -0.05090909 0.00970074 0.00004580
v -0.05636363 0.01029825 0.00075866
v -0.05454545 0.01029825 0.00075866
v -0.05272727 0.01029825 0.00075866
v -0.05090909 0.01029825 0.00075866
v -0.06545454 0.01050000 0.00150000
v -0.06363636 0.01050000 0.00150000
v -0.06181818 0.01050000 0.00150000
v -0.06000000 0.01050000 0.00150000
v -0.05818182 0.01050000 0.00150000
v -0.05636363 0.01050000 0.00150000
v -0.05454545 0.01050000 0.00150000
v -0.05272727 0.01050000 0.00150000
v -0.05090909 0.01050000 0.00150000
v -0.04909091 0.00970074 0.00004580
v -0.04727273 0.00970074 0.00004580
v -0.04545455 0.00970074 0.00004580
v -0.04363636 0.00970074 0.00004580
v -0.04181818 0.00970074 0.00004580
v -0.04909091 0.01029825 0.00075866
v -0.04727273 0.01029825 0.00075866
v -0.04545455 0.01029825 0.00075866
v -0.04363636 0.01029825 0.00075866
v -0.04181818 0.01029825 0.00075866
v -0.04000000 0.00970074 0.00004580
v -0.03818182 0.00970074 0.00004580
v -0.03636364 0.00970074 0.00004580
v -0.03454546 0.00970074 0.00004580
v -0.03272727 0.00970074 0.00004580
v -0.04000000 0.01029825 0.00075866
v -0.03818182 0.01029825 0.00075866
v -0.03636364 0.01029825 0.00075866
v -0.03454546 0.01029825 0.00075866
v -0.03272727 0.01029825 0.00075866
v -0.04909091 0.01050000 0.00150000
v -0.04727273 0.01050000 0.00150000
v -0.04545455 0.01050000 0.00150000
v -0.04363636 0.01050000 0.00150000
v -0.04181818 0.01050000 0.00150000
v -0.04000000 0.01050000 0.00150000
v -0.03818182 0.01050000 0.00150000
v -0.03636364 0.01050000 0.00150000
v -0.03454546 0.01050000 0.00150000
v -0.03272727 0.01050000 0.00150000
v -0.06545454 0.01029825 0.00224134
v -0.06363636 0.01029825 0.00224134
v -0.06181818 0.01029825 0.00224134
v -0.06000000 0.01029825 0.00224134
v -0.05818182 0.01029825 0.00224134
v -0.05636363 0.01029825 0.00224134
v -0.05454545 0.01029825 0.00224134
v -0.05272727 0.01029825 0.00224134
v -0.05090909 0.01029825 0.00224134
v -0.06545454 0.00970074 0.00295420
v -0.06363636 0.00970074 0.00295420
v -0.06181818 0.00970074 0.00295420
v -0.06000000 0.00970074 0.00295420
v -0.05818182 0.00970074 0.00295420
v -0.05636363 0.00970074 0.00295420
v -0.05454545 0.00970074 0.00295420
v -0.05272727 0.00970074 0.00295420
v -0.05090909 0.00970074 0.00295420
v -0.04909091 0.01029825 0.00224134
v -0.04727273 0.01029825 0.00224134
v -0.04545455 0.01029825 0.00224134
v -0.04363636 0.01029825 0.00224134
v -0.04181818 0.01029825 0.00224134
v -0.04000000 0.01029825 0.00224134
v -0.03818182 0.01029825 0.00224134
v -0.03636364 0.01029825 0.00224134
v -0.03454546 0.01029825 0.00224134
v -0.03272727 0.01029825 0.00224134
v -0.04909091 0.00970074 0.00295420
v -0.04727273 0.00970074 0.00295420
v -0.04545455 0.00970074 0.00295420
v -0.04363636 0.00970074 0.00295420
v -0.04181818 0.00970074 0.00295420
v -0.04000000 0.00970074 0.00295420
v -0.03818182 0.00970074 0.00295420
v -0.03636364 0.00970074 0.00295420
v -0.03454546 0.00970074 0.00295420
v -0.03272727 0.00970074 0.00295420
v -0.03090909 -0.00401818 -0.00201074
v -0.02909091 -0.00401818 -0.00201074
v -0.02727273 -0.00401818 -0.00201074
v -0.02545455 -0.00401818 -0.00201074
v -0.02363636 -0.00401818 -0.00201074
v -0.02181818 -0.00401818 -0.00201074
v -0.02000000 -0.00401818 -0.00201074
v -0.01818182 -0.00401818 -0.00201074
v -0.01636364 -0.00401818 -0.00201074
v -0.03090909 -0.00204845 -0.00222698
v -0.02909091 -0.00204845 -0.00222698
v -0.02727273 -0.00204845 -0.00222698
v -0.02545455 -0.00204845 -0.00222698
v -0.02363636 -0.00204845 -0.00222698
v -0.02181818 -0.00204845 -0.00222698
v -0.02000000 -0.00204845 -0.00222698
v -0.01818182 -0.00204845 -0.00222698
v -0.01636364 -0.00204845 -0.00222698
v -0.01454545 -0.00401818 -0.00201074
v -0.01272727 -0.00401818 -0.00201074
v -0.01090909 -0.00401818 -0.00201074
v -0.00909091 -0.00401818 -0.00201074
v -0.00727273 -0.00401818 -0.00201074
v -0.00545455 -0.00401818 -0.00201074
v -0.00363636 -0.00401818 -0.00201074
v -0.00181818 -0.00401818 -0.00201074
v 0.00000000 -0.00401818 -0.00201074
v -0.01454545 -0.00204845 -0.00222698
v -0.01272727 -0.00204845 -0.00222698
v -0.01090909 -0.00204845 -0.00222698
v -0.00909091 -0.00204845 -0.00222698
v -0.00727273 -0.00204845 -0.00222698
v -0.00545455 -0.00204845 -0.00222698
v -0.00363636 -0.00204845 -0.00222698
v -0.00181818 -0.00204845 -0.00222698
v 0.00000000 -0.00204845 -0.00222698
v -0.03090909 -0.00000000 -0.00230000
v -0.02909091 -0.00000000 -0.00230000
v -0.02727273 -0.00000000 -0.00230000
v -0.02545455 -0.00000000 -0.00230000
v -0.02363636 -0.00000000 -0.00230000
v -0.02181818 -0.00000000 -0.00230000
v -0.02000000 -0.00000000 -0.00230000
v -0.01818182 -0.00000000 -0.00230000
v -0.01636364 -0.00000000 -0.00230000
v -0.03090909 0.00204845 -0.00222698
v -0.02909091 0.00204845 -0.00222698
v -0.02727273 0.00204845 -0.00222698
v -0.02545455 0.00204845 -0.00222698
v -0.02363636 0.00204845 -0.00222698
v -0.02181818 0.00204845 -0.00222698
v -0.02000000 0.00204845 -0.00222698
v -0.01818182 0.00204845 -0.00222698
v -0.01636364 0.00204845 -0.00222698
v -0.01454545 -0.00000000 -0.00230000
v -0.01272727 -0.00000000 -0.00230000
v -0.01090909 -0.00000000 -0.00230000
v -0.00909091 -0.00000000 -0.00230000
v -0.00727273 -0.00000000 -0.00230000
v -0.00545455 -0.00000000 -0.00230000
v -0.00363636 -0.00000000 -0.00230000
v -0.00181818 -0.00000000 -0.00230000
v 0.00000000 -0.00000000 -0.00230000
v -0.01454545 0.00204845 -0.00222698
v -0.01272727 0.00204845 -0.00222698
v -0.01090909 0.00204845 -0.00222698
v -0.00909091 0.00204845 -0.00222698
v -0.00727273 0.00204845 -0.00222698
v -0.00545455 0.00204845 -0.00222698
v -0.00363636 0.00204845 -0.00222698
v -0.00181818 0.00204845 -0.00222698
v 0.00000000 0.00204845 -0.00222698
v 0.00181818 -0.00401818 -0.00201074
v 0.00363636 -0.00401818 -0.00201074
v 0.00545455 -0.00401818 -0.00201074
v 0.00727273 -0.00401818 -0.00201074
v 0.00909091 -0.00401818 -0.00201074
v 0.01090909 -0.00401818 -0.00201074
v 0.01272727 -0.00401818 -0.00201074
v 0.01454545 -0.00401818 -0.00201074
v 0.01636364 -0.00401818 -0.00201074
v 0.01818182 -0.00401818 -0.00201074
v 0.00181818 -0.00204845 -0.00222698
v 0.00363636 -0.00204845 -0.00222698
v 0.00545455 -0.00204845 -0.00222698
v 0.00727273 -0.00204845 -0.00222698
v 0.00909091 -0.00204845 -0.00222698
v 0.01090909 -0.00204845 -0.00222698
v 0.01272727 -0.00204845 -0.00222698
v 0.01454545 -0.00204845 -0.00222698
v 0.01636364 -0.00204845 -0.00222698
v 0.01818182 -0.00204845 -0.00222698
v 0.02000000 -0.00401818 -0.00201074
v 0.02181818 -0.00401818 -0.00201074
v 0.02363636 -0.00401818 -0.00201074
v 0.02545455 -0.00401555 -0.00200716
v 0.02727273 -0.00395652 -0.00192541
v 0.02909091 -0.00383150 -0.00174793
v 0.02000000 -0.00204845 -0.00222698
v 0.02181818 -0.00204845 -0.00222698
v 0.02363636 -0.00204845 -0.00222698
v 0.02545455 -0.00204711 -0.00222333
v 0.02727273 -0.00201702 -0.00213999
v 0.02909091 -0.00195328 -0.00195908
v 0.03090909 -0.00186383 -0.00169718
v 0.03272727 -0.00500226 -0.00084528
v 0.03090909 -0.00365603 -0.00149091
v 0.03272727 -0.00344562 -0.00117055
v 0.03454546 -0.00466863 -0.00048866
v 0.03454546 -0.00321580 -0.00080305
v 0.03272727 -0.00175656 -0.00137085
v 0.03454546 -0.00163940 -0.00099665
v 0.00181818 -0.00000000 -0.00230000
v 0.00363636 -0.00000000 -0.00230000
v 0.00545455 -0.00000000 -0.00230000
v 0.00727273 -0.00000000 -0.00230000
v 0.00909091 -0.00000000 -0.00230000
v 0.01090909 -0.00000000 -0.00230000
v 0.01272727 -0.00000000 -0.00230000
v 0.01454545 -0.00000000 -0.00230000
v 0.01636364 -0.00000000 -0.00230000
v 0.01818182 -0.00000000 -0.00230000
v 0.00181818 0.00204845 -0.00222698
v 0.00363636 0.00204845 -0.00222698
v 0.00545455 0.00204845 -0.00222698
v 0.00727273 0.00204845 -0.00222698
v 0.00909091 0.00204845 -0.00222698
v 0.01090909 0.00204845 -0.00222698
v 0.01272727 0.00204845 -0.00222698
v 0.01454545 0.00204845 -0.00222698
v 0.01636364 0.00204845 -0.00222698
v 0.01818182 0.00204845 -0.00222698
v 0.02000000 -0.00000000 -0.00230000
v 0.02181818 -0.00000000 -0.00230000
v 0.02363636 -0.00000000 -0.00230000
v 0.02545455 -0.00000000 -0.00229632
v 0.02727273 -0.00000000 -0.00221244
v 0.02909091 -0.00000000 -0.00203038
v 0.03090909 -0.00000000 -0.00176684
v 0.02000000 0.00204845 -0.00222698
v 0.02181818 0.00204845 -0.00222698
v 0.02363636 0.00204845 -0.00222698
v 0.02545455 0.00204711 -0.00222333
v 0.02727273 0.00201702 -0.00213999
v 0.02909091 0.00195328 -0.00195908
v 0.03090909 0.00186383 -0.00169718
v 0.03272727 -0.00000000 -0.00143849
v 0.03454546 -0.00000000 -0.00106202
v 0.03454546 0.00163940 -0.00099665
v 0.03272727 0.00175656 -0.00137085
v -0.03090909 0.00401818 -0.00201074
v -0.02909091 0.00401818 -0.00201074
v -0.02727273 0.00401818 -0.00201074
v -0.02545455 0.00401818 -0.00201074
v -0.02363636 0.00401818 -0.00201074
v -0.02181818 0.00401818 -0.00201074
v -0.02000000 0.00401818 -0.00201074
v -0.01818182 0.00401818 -0.00201074
v -0.01636364 0.00401818 -0.00201074
v -0.03090909 0.00583349 -0.00165958
v -0.02909091 0.00583349 -0.00165958
v -0.02727273 0.00583349 -0.00165958
v -0.02545455 0.00583349 -0.00165958
v -0.02363636 0.00583349 -0.00165958
v -0.02181818 0.00583349 -0.00165958
v -0.02000000 0.00583349 -0.00165958
v -0.01818182 0.00583349 -0.00165958
v -0.01636364 0.00583349 -0.00165958
v -0.01454545 0.00401818 -0.00201074
v -0.01272727 0.00401818 -0.00201074
v -0.01090909 0.00401818 -0.00201074
v -0.00909091 0.00401818 -0.00201074
v -0.00727273 0.00401818 -0.00201074
v -0.00545455 0.00401818 -0.00201074
v -0.00363636 0.00401818 -0.00201074
v -0.00181818 0.00401818 -0.00201074
v 0.00000000 0.00401818 -0.00201074
v -0.01454545 0.00583349 -0.00165958
v -0.01272727 0.00583349 -0.00165958
v -0.01090909 0.00583349 -0.00165958
v -0.00909091 0.00583349 -0.00165958
v -0.00727273 0.00583349 -0.00165958
v -0.00545455 0.00583349 -0.00165958
v -0.00363636 0.00583349 -0.00165958
v -0.00181818 0.00583349 -0.00165958
v 0.00000000 0.00583349 -0.00165958
v -0.03090909 0.00742462 -0.00118701
v -0.02909091 0.00742462 -0.00118701
v -0.02727273 0.00742462 -0.00118701
v -0.02545455 0.00742462 -0.00118701
v -0.02363636 0.00742462 -0.00118701
v -0.02181818 0.00742462 -0.00118701
v -0.02000000 0.00742462 -0.00118701
v -0.01818182 0.00742462 -0.00118701
v -0.01636364 0.00742462 -0.00118701
v -0.03090909 0.00873043 -0.00061117
v -0.02909091 0.00873043 -0.00061117
v -0.02727273 0.00873043 -0.00061117
v -0.02545455 0.00873043 -0.00061117
v -0.02363636 0.00873043 -0.00061117
v -0.02181818 0.00873043 -0.00061117
v -0.02000000 0.00873043 -0.00061117
v -0.01818182 0.00873043 -0.00061117
v -0.01636364 0.00873043 -0.00061117
v -0.01454545 0.00742462 -0.00118701
v -0.01272727 0.00742462 -0.00118701
v -0.01090909 0.00742462 -0.00118701
v -0.00909091 0.00742462 -0.00118701
v -0.00727273 0.00742462 -0.00118701
v -0.00545455 0.00742462 -0.00118701
v -0.00363636 0.00742462 -0.00118701
v -0.00181818 0.00742462 -0.00118701
v 0.00000000 0.00742462 -0.00118701
v -0.01454545 0.00873043 -0.00061117
v -0.01272727 0.00873043 -0.00061117
v -0.01090909 0.00873043 -0.00061117
v -0.00909091 0.00873043 -0.00061117
v -0.00727273 0.00873043 -0.00061117
v -0.00545455 0.00873043 -0.00061117
v -0.00363636 0.00873043 -0.00061117
v -0.00181818 0.00873043 -0.00061117
v 0.00000000 0.00873043 -0.00061117
v 0.00181818 0.00401818 -0.00201074
v 0.00363636 0.00401818 -0.00201074
v 0.00545455 0.00401818 -0.00201074
v 0.00727273 0.00401818 -0.00201074
v 0.00909091 0.00401818 -0.00201074
v 0.01090909 0.00401818 -0.00201074
v 0.01272727 0.00401818 -0.00201074
v 0.01454545 0.00401818 -0.00201074
v 0.01636364 0.00401818 -0.00201074
v 0.01818182 0.00401818 -0.00201074
v 0.00181818 0.00583349 -0.00165958
v 0.00363636 0.00583349 -0.00165958
v 0.00545455 0.00583349 -0.00165958
v 0.00727273 0.00583349 -0.00165958
v 0.00909091 0.00583349 -0.00165958
v 0.01090909 0.00583349 -0.00165958
v 0.01272727 0.00583349 -0.00165958
v 0.01454545 0.00583349 -0.00165958
v 0.01636364 0.00583349 -0.00165958
v 0.01818182 0.00583349 -0.00165958
v 0.02000000 0.00401818 -0.00201074
v 0.02181818 0.00401818 -0.00201074
v 0.02363636 0.00401818 -0.00201074
v 0.02545455 0.00401555 -0.00200716
v 0.02727273 0.00395652 -0.00192541
v 0.02909091 0.00383150 -0.00174793
v 0.02000000 0.00583349 -0.00165958
v 0.02181818 0.00583349 -0.00165958
v 0.02363636 0.00583349 -0.00165958
v 0.02545455 0.00582967 -0.00165612
v 0.03272727 0.00344562 -0.00117055
v 0.03454546 0.00321580 -0.00080305
v 0.03090909 0.00365603 -0.00149091
v 0.02909091 0.00556248 -0.00140503
v 0.03090909 0.00530773 -0.00115594
v 0.03272727 0.00500226 -0.00084528
v 0.02727273 0.00574397 -0.00157696
v 0.03454546 0.00466863 -0.00048866
v 0.03272727 0.00636668 -0.00040754
v 0.03454546 0.00594203 -0.00006556
v 0.00181818 0.00742462 -0.00118701
v 0.00363636 0.00742462 -0.00118701
v 0.00545455 0.00742462 -0.00118701
v 0.00727273 0.00742462 -0.00118701
v 0.00909091 0.00742462 -0.00118701
v 0.01090909 0.00742462 -0.00118701
v 0.01272727 0.00742462 -0.00118701
v 0.01454545 0.00742462 -0.00118701
v 0.01636364 0.00742462 -0.00118701
v 0.01818182 0.00742462 -0.00118701
v 0.00181818 0.00873043 -0.00061117
v 0.00363636 0.00873043 -0.00061117
v 0.00545455 0.00873043 -0.00061117
v 0.00727273 0.00873043 -0.00061117
v 0.00909091 0.00873043 -0.00061117
v 0.01090909 0.00873043 -0.00061117
v 0.01272727 0.00873043 -0.00061117
v 0.01454545 0.00873043 -0.00061117
v 0.01636364 0.00873043 -0.00061117
v 0.01818182 0.00873043 -0.00061117
v 0.02000000 0.00742462 -0.00118701
v 0.02181818 0.00742462 -0.00118701
v 0.02363636 0.00742462 -0.00118701
v 0.02545455 0.00741976 -0.00118369
v 0.02727273 0.00731069 -0.00110802
v 0.02909091 0.00707969 -0.00094357
v 0.03090909 0.00675546 -0.00070514
v 0.03090909 0.00794358 -0.00015585
v 0.02909091 0.00832484 -0.00038127
v 0.02000000 0.00873043 -0.00061117
v 0.02181818 0.00873043 -0.00061117
v 0.02363636 0.00873043 -0.00061117
v 0.02545455 0.00872472 -0.00060804
v 0.02727273 0.00859646 -0.00053661
v -0.03090909 0.00970074 0.00004580
v -0.02909091 0.00970074 0.00004580
v -0.02727273 0.00970074 0.00004580
v -0.02545455 0.00970074 0.00004580
v -0.03090909 0.01029825 0.00075866
v -0.02909091 0.01029825 0.00075866
v -0.02727273 0.01029825 0.00075866
v -0.02545455 0.01029825 0.00075866
v -0.02363636 0.00970074 0.00004580
v -0.02181818 0.00970074 0.00004580
v -0.02000000 0.00970074 0.00004580
v -0.01818182 0.00970074 0.00004580
v -0.01636364 0.00970074 0.00004580
v -0.02363636 0.01029825 0.00075866
v -0.02181818 0.01029825 0.00075866
v -0.02000000 0.01029825 0.00075866
v -0.01818182 0.01029825 0.00075866
v -0.01636364 0.01029825 0.00075866
v -0.03090909 0.01050000 0.00150000
v -0.02909091 0.01050000 0.00150000
v -0.02727273 0.01050000 0.00150000
v -0.02545455 0.01050000 0.00150000
v -0.02363636 0.01050000 0.00150000
v -0.02181818 0.01050000 0.00150000
v -0.02000000 0.01050000 0.00150000
v -0.01818182 0.01050000 0.00150000
v -0.01636364 0.01050000 0.00150000
v -0.01454545 0.00970074 0.00004580
v -0.01272727 0.00970074 0.00004580
v -0.01090909 0.00970074 0.00004580
v -0.00909091 0.00970074 0.00004580
v -0.00727273 0.00970074 0.00004580
v -0.01454545 0.01029825 0.00075866
v -0.01272727 0.01029825 0.00075866
v -0.01090909 0.01029825 0.00075866
v -0.00909091 0.01029825 0.00075866
v -0.00727273 0.01029825 0.00075866
v -0.00545455 0.00970074 0.00004580
v -0.00363636 0.00970074 0.00004580
v -0.00181818 0.00970074 0.00004580
v 0.00000000 0.00970074 0.00004580
v -0.00545455 0.01029825 0.00075866
v -0.00363636 0.01029825 0.00075866
v -0.00181818 0.01029825 0.00075866
v 0.00000000 0.01029825 0.00075866
v -0.01454545 0.01050000 0.00150000
v -0.01272727 0.01050000 0.00150000
v -0.01090909 0.01050000 0.00150000
v -0.00909091 0.01050000 0.00150000
v -0.00727273 0.01050000 0.00150000
v -0.00545455 0.01050000 0.00150000
v -0.00363636 0.01050000 0.00150000
v -0.00181818 0.01050000 0.00150000
v 0.00000000 0.01050000 0.00150000
v -0.03090909 0.01029825 0.00224134
v -0.02909091 0.01029825 0.00224134
v -0.02727273 0.01029825 0.00224134
v -0.02545455 0.01029825 0.00224134
v -0.02363636 0.01029825 0.00224134
v -0.02181818 0.01029825 0.00224134
v -0.02000000 0.01029825 0.00224134
v -0.01818182 0.01029825 0.00224134
v -0.01636364 0.01029825 0.00224134
v -0.03090909 0.00970074 0.00295420
v -0.02909091 0.00970074 0.00295420
v -0.02727273 0.00970074 0.00295420
v -0.02545455 0.00970074 0.00295420
v -0.02363636 0.00970074 0.00295420
v -0.02181818 0.00970074 0.00295420
v -0.02000000 0.00970074 0.00295420
v -0.01818182 0.00970074 0.00295420
v -0.01636364 0.00970074 0.00295420
v -0.01454545 0.01029825 0.00224134
v -0.01272727 0.01029825 0.00224134
v -0.01090909 0.01029825 0.00224134
v -0.00909091 0.01029825 0.00224134
v -0.00727273 0.01029825 0.00224134
v -0.00545455 0.01029825 0.00224134
v -0.00363636 0.01029825 0.00224134
v -0.00181818 0.01029825 0.00224134
v 0.00000000 0.01029825 0.00224134
v -0.01454545 0.00970074 0.00295420
v -0.01272727 0.00970074 0.00295420
v -0.01090909 0.00970074 0.00295420
v -0.00909091 0.00970074 0.00295420
v -0.00727273 0.00970074 0.00295420
v -0.00545455 0.00970074 0.00295420
v -0.00363636 0.00970074 0.00295420
v -0.00181818 0.00970074 0.00295420
v 0.00000000 0.00970074 0.00295420
v 0.00181818 0.00970074 0.00004580
v 0.00363636 0.00970074 0.00004580
v 0.00545455 0.00970074 0.00004580
v 0.00727273 0.00970074 0.00004580
v 0.00909091 0.00970074 0.00004580
v 0.00181818 0.01029825 0.00075866
v 0.00363636 0.01029825 0.00075866
v 0.00545455 0.01029825 0.00075866
v 0.00727273 0.01029825 0.00075866
v 0.00909091 0.01029825 0.00075866
v 0.01090909 0.00970074 0.00004580
v 0.01272727 0.00970074 0.00004580
v 0.01454545 0.00970074 0.00004580
v 0.01636364 0.00970074 0.00004580
v 0.01818182 0.00970074 0.00004580
v 0.01090909 0.01029825 0.00075866
v 0.01272727 0.01029825 0.00075866
v 0.01454545 0.01029825 0.00075866
v 0.01636364 0.01029825 0.00075866
v 0.01818182 0.01029825 0.00075866
v 0.00181818 0.01050000 0.00150000
v 0.00363636 0.01050000 0.00150000
v 0.00545455 0.01050000 0.00150000
v 0.00727273 0.01050000 0.00150000
v 0.00909091 0.01050000 0.00150000
v 0.01090909 0.01050000 0.00150000
v 0.01272727 0.01050000 0.00150000
v 0.01454545 0.01050000 0.00150000
v 0.01636364 0.01050000 0.00150000
v 0.01818182 0.01050000 0.00150000
v 0.03272727 0.00748642 0.00012585
v 0.03454546 0.00698709 0.00044998
v 0.03272727 0.00831846 0.00073438
v 0.03454546 0.00776364 0.00103816
v 0.02000000 0.00970074 0.00004580
v 0.02181818 0.00970074 0.00004580
v 0.02363636 0.00970074 0.00004580
v 0.02545455 0.00969439 0.00004872
v 0.02000000 0.01029825 0.00075866
v 0.02181818 0.01029825 0.00075866
v 0.02363636 0.01029825 0.00075866
v 0.02545455 0.01029151 0.00076134
v 0.02909091 0.00925006 0.00026024
v 0.03090909 0.00882643 0.00047084
v 0.02727273 0.00955188 0.00011530
v 0.02000000 0.01050000 0.00150000
v 0.02181818 0.01050000 0.00150000
v 0.02363636 0.01050000 0.00150000
v 0.02545455 0.01049313 0.00150244
v 0.03090909 0.00937009 0.00115084
v 0.03272727 0.00883083 0.00139469
v 0.02909091 0.00981982 0.00095633
v 0.02727273 0.01014022 0.00082266
v 0.00181818 0.01029825 0.00224134
v 0.00363636 0.01029825 0.00224134
v 0.00545455 0.01029825 0.00224134
v 0.00727273 0.01029825 0.00224134
v 0.00909091 0.01029825 0.00224134
v 0.01090909 0.01029825 0.00224134
v 0.01272727 0.01029825 0.00224134
v 0.01454545 0.01029825 0.00224134
v 0.01636364 0.01029825 0.00224134
v 0.01818182 0.01029825 0.00224134
v 0.00181818 0.00970074 0.00295420
v 0.00363636 0.00970074 0.00295420
v 0.00545455 0.00970074 0.00295420
v 0.00727273 0.00970074 0.00295420
v 0.00909091 0.00970074 0.00295420
v 0.01090909 0.00970074 0.00295420
v 0.01272727 0.00970074 0.00295420
v 0.01454545 0.00970074 0.00295420
v 0.01636364 0.00970074 0.00295420
v 0.01818182 0.00970074 0.00295420
v 0.03454546 0.00824184 0.00167637
v 0.03454546 0.00840330 0.00234009
v 0.03454546 0.00824184 0.00300381
v 0.02000000 0.01029825 0.00224134
v 0.02181818 0.01029825 0.00224134
v 0.02363636 0.01029825 0.00224134
v 0.02545455 0.01029151 0.00224354
v 0.03272727 0.00900384 0.00208138
v 0.03090909 0.00955366 0.00185801
v 0.02909091 0.01001220 0.00168024
v 0.02727273 0.01033888 0.00155830
v 0.02727273 0.01014022 0.00229393
v 0.02000000 0.00970074 0.00295420
v 0.02181818 0.00970074 0.00295420
v 0.02363636 0.00970074 0.00295420
v 0.02545455 0.00969439 0.00295616
v 0.03090909 0.00937009 0.00256518
v 0.02909091 0.00925006 0.00310023
v 0.03272727 0.00883083 0.00276807
v 0.02909091 0.00981982 0.00240414
v 0.02727273 0.00955188 0.00300129
v -0.09090909 -0.00494772 0.00322898
v -0.08909091 -0.00522288 0.00356093
v -0.09090909 -0.00340805 0.00354796
v -0.08909091 -0.00359759 0.00389029
v -0.08727273 -0.00375099 0.00422669
v -0.08545455 -0.00386900 0.00453204
v -0.09272727 -0.00318164 0.00322481
v -0.09454545 -0.00148738 0.00312526
v -0.09272727 -0.00162199 0.00341342
v -0.09090909 -0.00173741 0.00374438
v -0.08909091 -0.00183403 0.00409310
v -0.08727273 -0.00191224 0.00443455
v -0.08363637 -0.00395237 0.00478125
v -0.08545455 -0.00197240 0.00474369
v -0.08363637 -0.00201490 0.00499550
v -0.08181818 -0.00400185 0.00494918
v -0.08000000 -0.00401818 0.00501074
v -0.07818182 -0.00401818 0.00501074
v -0.07636364 -0.00401818 0.00501074
v -0.07454546 -0.00401818 0.00501074
v -0.07272727 -0.00401818 0.00501074
v -0.07090909 -0.00401818 0.00501074
v -0.06909091 -0.00401818 0.00501074
v -0.06727273 -0.00401818 0.00501074
v -0.08181818 -0.00204013 0.00516494
v -0.08000000 -0.00204845 0.00522698
v -0.07818182 -0.00204845 0.00522698
v -0.07636364 -0.00204845 0.00522698
v -0.07454546 -0.00204845 0.00522698
v -0.07272727 -0.00204845 0.00522698
v -0.07090909 -0.00204845 0.00522698
v -0.06909091 -0.00204845 0.00522698
v -0.06727273 -0.00204845 0.00522698
v -0.09454545 0.00000000 0.00318580
v -0.09272727 0.00000000 0.00347711
v -0.09090909 0.00000000 0.00381071
v -0.08909091 0.00000000 0.00416158
v -0.08727273 0.00000000 0.00450473
v -0.09454545 0.00148738 0.00312526
v -0.09272727 0.00162199 0.00341342
v -0.09090909 0.00173741 0.00374438
v -0.08909091 0.00183403 0.00409310
v -0.08727273 0.00191224 0.00443455
v -0.08545455 0.00000000 0.00481516
v -0.08363637 0.00000000 0.00506784
v -0.08545455 0.00197240 0.00474369
v -0.08363637 0.00201490 0.00499550
v -0.08181818 0.00000000 0.00523779
v -0.08000000 0.00000000 0.00530000
v -0.07818182 0.00000000 0.00530000
v -0.07636364 0.00000000 0.00530000
v -0.07454546 0.00000000 0.00530000
v -0.07272727 0.00000000 0.00530000
v -0.07090909 0.00000000 0.00530000
v -0.06909091 0.00000000 0.00530000
v -0.06727273 0.00000000 0.00530000
v -0.08181818 0.00204013 0.00516494
v -0.08000000 0.00204845 0.00522698
v -0.07818182 0.00204845 0.00522698
v -0.07636364 0.00204845 0.00522698
v -0.07454546 0.00204845 0.00522698
v -0.07272727 0.00204845 0.00522698
v -0.07090909 0.00204845 0.00522698
v -0.06909091 0.00204845 0.00522698
v -0.06727273 0.00204845 0.00522698
v -0.06545454 -0.00401818 0.00501074
v -0.06363636 -0.00401818 0.00501074
v -0.06181818 -0.00401818 0.00501074
v -0.06000000 -0.00401818 0.00501074
v -0.05818182 -0.00401818 0.00501074
v -0.05636363 -0.00401818 0.00501074
v -0.05454545 -0.00401818 0.00501074
v -0.05272727 -0.00401818 0.00501074
v -0.05090909 -0.00401818 0.00501074
v -0.06545454 -0.00204845 0.00522698
v -0.06363636 -0.00204845 0.00522698
v -0.06181818 -0.00204845 0.00522698
v -0.06000000 -0.00204845 0.00522698
v -0.05818182 -0.00204845 0.00522698
v -0.05636363 -0.00204845 0.00522698
v -0.05454545 -0.00204845 0.00522698
v -0.05272727 -0.00204845 0.00522698
v -0.05090909 -0.00204845 0.00522698
v -0.04909091 -0.00401818 0.00501074
v -0.04727273 -0.00401818 0.00501074
v -0.04545455 -0.00401818 0.00501074
v -0.04363636 -0.00401818 0.00501074
v -0.04181818 -0.00401818 0.00501074
v -0.04000000 -0.00401818 0.00501074
v -0.03818182 -0.00401818 0.00501074
v -0.03636364 -0.00401818 0.00501074
v -0.03454546 -0.00401818 0.00501074
v -0.03272727 -0.00401818 0.00501074
v -0.04909091 -0.00204845 0.00522698
v -0.04727273 -0.00204845 0.00522698
v -0.04545455 -0.00204845 0.00522698
v -0.04363636 -0.00204845 0.00522698
v -0.04181818 -0.00204845 0.00522698
v -0.04000000 -0.00204845 0.00522698
v -0.03818182 -0.00204845 0.00522698
v -0.03636364 -0.00204845 0.00522698
v -0.03454546 -0.00204845 0.00522698
v -0.03272727 -0.00204845 0.00522698
v -0.06545454 0.00000000 0.00530000
v -0.06363636 0.00000000 0.00530000
v -0.06181818 0.00000000 0.00530000
v -0.06000000 0.00000000 0.00530000
v -0.05818182 0.00000000 0.00530000
v -0.05636363 0.00000000 0.00530000
v -0.05454545 0.00000000 0.00530000
v -0.05272727 0.00000000 0.00530000
v -0.05090909 0.00000000 0.00530000
v -0.06545454 0.00204845 0.00522698
v -0.06363636 0.00204845 0.00522698
v -0.06181818 0.00204845 0.00522698
v -0.06000000 0.00204845 0.00522698
v -0.05818182 0.00204845 0.00522698
v -0.05636363 0.00204845 0.00522698
v -0.05454545 0.00204845 0.00522698
v -0.05272727 0.00204845 0.00522698
v -0.05090909 0.00204845 0.00522698
v -0.04909091 0.00000000 0.00530000
v -0.04727273 0.00000000 0.00530000
v -0.04545455 0.00000000 0.00530000
v -0.04363636 0.00000000 0.00530000
v -0.04181818 0.00000000 0.00530000
v -0.04000000 0.00000000 0.00530000
v -0.03818182 0.00000000 0.00530000
v -0.03636364 0.00000000 0.00530000
v -0.03454546 0.00000000 0.00530000
v -0.03272727 0.00000000 0.00530000
v -0.04909091 0.00204845 0.00522698
v -0.04727273 0.00204845 0.00522698
v -0.04545455 0.00204845 0.00522698
v -0.04363636 0.00204845 0.00522698
v -0.04181818 0.00204845 0.00522698
v -0.04000000 0.00204845 0.00522698
v -0.03818182 0.00204845 0.00522698
v -0.03636364 0.00204845 0.00522698
v -0.03454546 0.00204845 0.00522698
v -0.03272727 0.00204845 0.00522698
v -0.09272727 0.00318164 0.00322481
v -0.09090909 0.00340805 0.00354796
v -0.08909091 0.00359759 0.00389029
v -0.08727273 0.00375099 0.00422669
v -0.08545455 0.00386900 0.00453204
v -0.09090909 0.00494772 0.00322898
v -0.08909091 0.00522288 0.00356093
v -0.08727273 0.00544559 0.00388914
v -0.08545455 0.00561692 0.00418834
v -0.08363637 0.00573796 0.00443332
v -0.08181818 0.00580978 0.00459881
v -0.08000000 0.00583349 0.00465958
v -0.07818182 0.00583349 0.00465958
v -0.07636364 0.00583349 0.00465958
v -0.07454546 0.00583349 0.00465958
v -0.07272727 0.00583349 0.00465958
v -0.07090909 0.00583349 0.00465958
v -0.06909091 0.00583349 0.00465958
v -0.06727273 0.00583349 0.00465958
v -0.08363637 0.00395237 0.00478125
v -0.08181818 0.00400185 0.00494918
v -0.08000000 0.00401818 0.00501074
v -0.07818182 0.00401818 0.00501074
v -0.07636364 0.00401818 0.00501074
v -0.07454546 0.00401818 0.00501074
v -0.07272727 0.00401818 0.00501074
v -0.07090909 0.00401818 0.00501074
v -0.06909091 0.00401818 0.00501074
v -0.06727273 0.00401818 0.00501074
v -0.08727273 0.00693092 0.00343487
v -0.08545455 0.00714898 0.00372580
v -0.08545455 0.00840631 0.00316220
v -0.08363637 0.00730303 0.00396508
v -0.08363637 0.00858746 0.00339454
v -0.08181818 0.00739445 0.00412729
v -0.08000000 0.00742462 0.00418701
v -0.07818182 0.00742462 0.00418701
v -0.07636364 0.00742462 0.00418701
v -0.07454546 0.00742462 0.00418701
v -0.07272727 0.00742462 0.00418701
v -0.07090909 0.00742462 0.00418701
v -0.06909091 0.00742462 0.00418701
v -0.06727273 0.00742462 0.00418701
v -0.08181818 0.00869496 0.00355274
v -0.08000000 0.00873043 0.00361117
v -0.07818182 0.00873043 0.00361117
v -0.07636364 0.00873043 0.00361117
v -0.07454546 0.00873043 0.00361117
v -0.07272727 0.00873043 0.00361117
v -0.07090909 0.00873043 0.00361117
v -0.06909091 0.00873043 0.00361117
v -0.06727273 0.00873043 0.00361117
v -0.06545454 0.00583349 0.00465958
v -0.06363636 0.00583349 0.00465958
v -0.06181818 0.00583349 0.00465958
v -0.06000000 0.00583349 0.00465958
v -0.05818182 0.00583349 0.00465958
v -0.05636363 0.00583349 0.00465958
v -0.05454545 0.00583349 0.00465958
v -0.05272727 0.00583349 0.00465958
v -0.05090909 0.00583349 0.00465958
v -0.04909091 0.00583349 0.00465958
v -0.04727273 0.00583349 0.00465958
v -0.04545455 0.00583349 0.00465958
v -0.04363636 0.00583349 0.00465958
v -0.04181818 0.00583349 0.00465958
v -0.04000000 0.00583349 0.00465958
v -0.03818182 0.00583349 0.00465958
v -0.03636364 0.00583349 0.00465958
v -0.03454546 0.00583349 0.00465958
v -0.03272727 0.00583349 0.00465958
v -0.06545454 0.00401818 0.00501074
v -0.06363636 0.00401818 0.00501074
v -0.06181818 0.00401818 0.00501074
v -0.06000000 0.00401818 0.00501074
v -0.05818182 0.00401818 0.00501074
v -0.05636363 0.00401818 0.00501074
v -0.05454545 0.00401818 0.00501074
v -0.05272727 0.00401818 0.00501074
v -0.05090909 0.00401818 0.00501074
v -0.04909091 0.00401818 0.00501074
v -0.04727273 0.00401818 0.00501074
v -0.04545455 0.00401818 0.00501074
v -0.04363636 0.00401818 0.00501074
v -0.04181818 0.00401818 0.00501074
v -0.04000000 0.00401818 0.00501074
v -0.03818182 0.00401818 0.00501074
v -0.03636364 0.00401818 0.00501074
v -0.03454546 0.00401818 0.00501074
v -0.03272727 0.00401818 0.00501074
v -0.06545454 0.00742462 0.00418701
v -0.06363636 0.00742462 0.00418701
v -0.06181818 0.00742462 0.00418701
v -0.06000000 0.00742462 0.00418701
v -0.05818182 0.00742462 0.00418701
v -0.05636363 0.00742462 0.00418701
v -0.05454545 0.00742462 0.00418701
v -0.05272727 0.00742462 0.00418701
v -0.05090909 0.00742462 0.00418701
v -0.06545454 0.00873043 0.00361117
v -0.06363636 0.00873043 0.00361117
v -0.06181818 0.00873043 0.00361117
v -0.06000000 0.00873043 0.00361117
v -0.05818182 0.00873043 0.00361117
v -0.05636363 0.00873043 0.00361117
v -0.05454545 0.00873043 0.00361117
v -0.05272727 0.00873043 0.00361117
v -0.05090909 0.00873043 0.00361117
v -0.04909091 0.00742462 0.00418701
v -0.04727273 0.00742462 0.00418701
v -0.04545455 0.00742462 0.00418701
v -0.04363636 0.00742462 0.00418701
v -0.04181818 0.00742462 0.00418701
v -0.04000000 0.00742462 0.00418701
v -0.03818182 0.00742462 0.00418701
v -0.03636364 0.00742462 0.00418701
v -0.03454546 0.00742462 0.00418701
v -0.03272727 0.00742462 0.00418701
v -0.04909091 0.00873043 0.00361117
v -0.04727273 0.00873043 0.00361117
v -0.04545455 0.00873043 0.00361117
v -0.04363636 0.00873043 0.00361117
v -0.04181818 0.00873043 0.00361117
v -0.04000000 0.00873043 0.00361117
v -0.03818182 0.00873043 0.00361117
v -0.03636364 0.00873043 0.00361117
v -0.03454546 0.00873043 0.00361117
v -0.03272727 0.00873043 0.00361117
v -0.03090909 -0.00401818 0.00501074
v -0.02909091 -0.00401818 0.00501074
v -0.02727273 -0.00401818 0.00501074
v -0.02545455 -0.00401818 0.00501074
v -0.02363636 -0.00401818 0.00501074
v -0.02181818 -0.00401818 0.00501074
v -0.02000000 -0.00401818 0.00501074
v -0.01818182 -0.00401818 0.00501074
v -0.01636364 -0.00401818 0.00501074
v -0.03090909 -0.00204845 0.00522698
v -0.02909091 -0.00204845 0.00522698
v -0.02727273 -0.00204845 0.00522698
v -0.02545455 -0.00204845 0.00522698
v -0.02363636 -0.00204845 0.00522698
v -0.02181818 -0.00204845 0.00522698
v -0.02000000 -0.00204845 0.00522698
v -0.01818182 -0.00204845 0.00522698
v -0.01636364 -0.00204845 0.00522698
v -0.01454545 -0.00401818 0.00501074
v -0.01272727 -0.00401818 0.00501074
v -0.01090909 -0.00401818 0.00501074
v -0.00909091 -0.00401818 0.00501074
v -0.00727273 -0.00401818 0.00501074
v -0.00545455 -0.00401818 0.00501074
v -0.00363636 -0.00401818 0.00501074
v -0.00181818 -0.00401818 0.00501074
v 0.00000000 -0.00401818 0.00501074
v -0.01454545 -0.00204845 0.00522698
v -0.01272727 -0.00204845 0.00522698
v -0.01090909 -0.00204845 0.00522698
v -0.00909091 -0.00204845 0.00522698
v -0.00727273 -0.00204845 0.00522698
v -0.00545455 -0.00204845 0.00522698
v -0.00363636 -0.00204845 0.00522698
v -0.00181818 -0.00204845 0.00522698
v 0.00000000 -0.00204845 0.00522698
v -0.03090909 0.00000000 0.00530000
v -0.02909091 0.00000000 0.00530000
v -0.02727273 0.00000000 0.00530000
v -0.02545455 0.00000000 0.00530000
v -0.02363636 0.00000000 0.00530000
v -0.02181818 0.00000000 0.00530000
v -0.02000000 0.00000000 0.00530000
v -0.01818182 0.00000000 0.00530000
v -0.01636364 0.00000000 0.00530000
v -0.03090909 0.00204845 0.00522698
v -0.02909091 0.00204845 0.00522698
v -0.02727273 0.00204845 0.00522698
v -0.02545455 0.00204845 0.00522698
v -0.02363636 0.00204845 0.00522698
v -0.02181818 0.00204845 0.00522698
v -0.02000000 0.00204845 0.00522698
v -0.01818182 0.00204845 0.00522698
v -0.01636364 0.00204845 0.00522698
v -0.01454545 0.00000000 0.00530000
v -0.01272727 0.00000000 0.00530000
v -0.01090909 0.00000000 0.00530000
v -0.00909091 0.00000000 0.00530000
v -0.00727273 0.00000000 0.00530000
v -0.00545455 0.00000000 0.00530000
v -0.00363636 0.00000000 0.00530000
v -0.00181818 0.00000000 0.00530000
v 0.00000000 0.00000000 0.00530000
v -0.01454545 0.00204845 0.00522698
v -0.01272727 0.00204845 0.00522698
v -0.01090909 0.00204845 0.00522698
v -0.00909091 0.00204845 0.00522698
v -0.00727273 0.00204845 0.00522698
v -0.00545455 0.00204845 0.00522698
v -0.00363636 0.00204845 0.00522698
v -0.00181818 0.00204845 0.00522698
v 0.00000000 0.00204845 0.00522698
v 0.00181818 -0.00401818 0.00501074
v 0.00363636 -0.00401818 0.00501074
v 0.00545455 -0.00401818 0.00501074
v 0.00727273 -0.00401818 0.00501074
v 0.00909091 -0.00401818 0.00501074
v 0.01090909 -0.00401818 0.00501074
v 0.01272727 -0.00401818 0.00501074
v 0.01454545 -0.00401818 0.00501074
v 0.01636364 -0.00401818 0.00501074
v 0.01818182 -0.00401818 0.00501074
v 0.00181818 -0.00204845 0.00522698
v 0.00363636 -0.00204845 0.00522698
v 0.00545455 -0.00204845 0.00522698
v 0.00727273 -0.00204845 0.00522698
v 0.00909091 -0.00204845 0.00522698
v 0.01090909 -0.00204845 0.00522698
v 0.01272727 -0.00204845 0.00522698
v 0.01454545 -0.00204845 0.00522698
v 0.01636364 -0.00204845 0.00522698
v 0.01818182 -0.00204845 0.00522698
v 0.02000000 -0.00401818 0.00501074
v 0.02181818 -0.00401818 0.00501074
v 0.02363636 -0.00401818 0.00501074
v 0.02545455 -0.00401555 0.00501204
v 0.03272727 -0.00500226 0.00500804
v 0.03454546 -0.00466863 0.00516884
v 0.02727273 -0.00395652 0.00504200
v 0.02909091 -0.00383150 0.00510840
v 0.03090909 -0.00365603 0.00520693
v 0.03272727 -0.00344562 0.00533331
v 0.02000000 -0.00204845 0.00522698
v 0.02181818 -0.00204845 0.00522698
v 0.02363636 -0.00204845 0.00522698
v 0.02545455 -0.00204711 0.00522821
v 0.02727273 -0.00201702 0.00525658
v 0.02909091 -0.00195328 0.00531955
v 0.03090909 -0.00186383 0.00541321
v 0.03454546 -0.00321580 0.00548323
v 0.03272727 -0.00175656 0.00553361
v 0.03454546 -0.00163940 0.00567683
v 0.00181818 0.00000000 0.00530000
v 0.00363636 0.00000000 0.00530000
v 0.00545455 0.00000000 0.00530000
v 0.00727273 0.00000000 0.00530000
v 0.00909091 0.00000000 0.00530000
v 0.01090909 0.00000000 0.00530000
v 0.01272727 0.00000000 0.00530000
v 0.01454545 0.00000000 0.00530000
v 0.01636364 0.00000000 0.00530000
v 0.01818182 0.00000000 0.00530000
v 0.00181818 0.00204845 0.00522698
v 0.00363636 0.00204845 0.00522698
v 0.00545455 0.00204845 0.00522698
v 0.00727273 0.00204845 0.00522698
v 0.00909091 0.00204845 0.00522698
v 0.01090909 0.00204845 0.00522698
v 0.01272727 0.00204845 0.00522698
v 0.01454545 0.00204845 0.00522698
v 0.01636364 0.00204845 0.00522698
v 0.01818182 0.00204845 0.00522698
v 0.02000000 0.00000000 0.00530000
v 0.02181818 0.00000000 0.00530000
v 0.02363636 0.00000000 0.00530000
v 0.02545455 0.00000000 0.00530120
v 0.02727273 0.00000000 0.00532903
v 0.02909091 0.00000000 0.00539085
v 0.03090909 0.00000000 0.00548286
v 0.03272727 0.00000000 0.00560124
v 0.03454546 0.00000000 0.00574220
v 0.02000000 0.00204845 0.00522698
v 0.02181818 0.00204845 0.00522698
v 0.02363636 0.00204845 0.00522698
v 0.02545455 0.00204711 0.00522821
v 0.02727273 0.00201702 0.00525658
v 0.02909091 0.00195328 0.00531955
v 0.03090909 0.00186383 0.00541321
v 0.03454546 0.00163940 0.00567683
v 0.03272727 0.00175656 0.00553361
v -0.03090909 0.00583349 0.00465958
v -0.02909091 0.00583349 0.00465958
v -0.02727273 0.00583349 0.00465958
v -0.02545455 0.00583349 0.00465958
v -0.02363636 0.00583349 0.00465958
v -0.02181818 0.00583349 0.00465958
v -0.02000000 0.00583349 0.00465958
v -0.01818182 0.00583349 0.00465958
v -0.01636364 0.00583349 0.00465958
v -0.01454545 0.00583349 0.00465958
v -0.01272727 0.00583349 0.00465958
v -0.01090909 0.00583349 0.00465958
v -0.00909091 0.00583349 0.00465958
v -0.00727273 0.00583349 0.00465958
v -0.00545455 0.00583349 0.00465958
v -0.00363636 0.00583349 0.00465958
v -0.00181818 0.00583349 0.00465958
v 0.00000000 0.00583349 0.00465958
v -0.03090909 0.00401818 0.00501074
v -0.02909091 0.00401818 0.00501074
v -0.02727273 0.00401818 0.00501074
v -0.02545455 0.00401818 0.00501074
v -0.02363636 0.00401818 0.00501074
v -0.02181818 0.00401818 0.00501074
v -0.02000000 0.00401818 0.00501074
v -0.01818182 0.00401818 0.00501074
v -0.01636364 0.00401818 0.00501074
v -0.01454545 0.00401818 0.00501074
v -0.01272727 0.00401818 0.00501074
v -0.01090909 0.00401818 0.00501074
v -0.00909091 0.00401818 0.00501074
v -0.00727273 0.00401818 0.00501074
v -0.00545455 0.00401818 0.00501074
v -0.00363636 0.00401818 0.00501074
v -0.00181818 0.00401818 0.00501074
v 0.00000000 0.00401818 0.00501074
v -0.03090909 0.00742462 0.00418701
v -0.02909091 0.00742462 0.00418701
v -0.02727273 0.00742462 0.00418701
v -0.02545455 0.00742462 0.00418701
v -0.02363636 0.00742462 0.00418701
v -0.02181818 0.00742462 0.00418701
v -0.02000000 0.00742462 0.00418701
v -0.01818182 0.00742462 0.00418701
v -0.01636364 0.00742462 0.00418701
v -0.03090909 0.00873043 0.00361117
v -0.02909091 0.00873043 0.00361117
v -0.02727273 0.00873043 0.00361117
v -0.02545455 0.00873043 0.00361117
v -0.02363636 0.00873043 0.00361117
v -0.02181818 0.00873043 0.00361117
v -0.02000000 0.00873043 0.00361117
v -0.01818182 0.00873043 0.00361117
v -0.01636364 0.00873043 0.00361117
v -0.01454545 0.00742462 0.00418701
v -0.01272727 0.00742462 0.00418701
v -0.01090909 0.00742462 0.00418701
v -0.00909091 0.00742462 0.00418701
v -0.00727273 0.00742462 0.00418701
v -0.00545455 0.00742462 0.00418701
v -0.00363636 0.00742462 0.00418701
v -0.00181818 0.00742462 0.00418701
v 0.00000000 0.00742462 0.00418701
v -0.01454545 0.00873043 0.00361117
v -0.01272727 0.00873043 0.00361117
v -0.01090909 0.00873043 0.00361117
v -0.00909091 0.00873043 0.00361117
v -0.00727273 0.00873043 0.00361117
v -0.00545455 0.00873043 0.00361117
v -0.00363636 0.00873043 0.00361117
v -0.00181818 0.00873043 0.00361117
v 0.00000000 0.00873043 0.00361117
v 0.00181818 0.00583349 0.00465958
v 0.00363636 0.00583349 0.00465958
v 0.00545455 0.00583349 0.00465958
v 0.00727273 0.00583349 0.00465958
v 0.00909091 0.00583349 0.00465958
v 0.01090909 0.00583349 0.00465958
v 0.01272727 0.00583349 0.00465958
v 0.01454545 0.00583349 0.00465958
v 0.01636364 0.00583349 0.00465958
v 0.01818182 0.00583349 0.00465958
v 0.02000000 0.00583349 0.00465958
v 0.02181818 0.00583349 0.00465958
v 0.02363636 0.00583349 0.00465958
v 0.02545455 0.00582967 0.00466099
v 0.02727273 0.00574397 0.00469355
v 0.03272727 0.00636668 0.00457030
v 0.00181818 0.00401818 0.00501074
v 0.00363636 0.00401818 0.00501074
v 0.00545455 0.00401818 0.00501074
v 0.00727273 0.00401818 0.00501074
v 0.00909091 0.00401818 0.00501074
v 0.01090909 0.00401818 0.00501074
v 0.01272727 0.00401818 0.00501074
v 0.01454545 0.00401818 0.00501074
v 0.01636364 0.00401818 0.00501074
v 0.01818182 0.00401818 0.00501074
v 0.02000000 0.00401818 0.00501074
v 0.02181818 0.00401818 0.00501074
v 0.02363636 0.00401818 0.00501074
v 0.02545455 0.00401555 0.00501204
v 0.03272727 0.00344562 0.00533331
v 0.02727273 0.00395652 0.00504200
v 0.02909091 0.00383150 0.00510840
v 0.03090909 0.00365603 0.00520693
v 0.03454546 0.00321580 0.00548323
v 0.02909091 0.00556248 0.00476550
v 0.03090909 0.00530773 0.00487196
v 0.03272727 0.00500226 0.00500804
v 0.03454546 0.00466863 0.00516884
v 0.03454546 0.00594203 0.00474574
v 0.00181818 0.00742462 0.00418701
v 0.00363636 0.00742462 0.00418701
v 0.00545455 0.00742462 0.00418701
v 0.00727273 0.00742462 0.00418701
v 0.00909091 0.00742462 0.00418701
v 0.01090909 0.00742462 0.00418701
v 0.01272727 0.00742462 0.00418701
v 0.01454545 0.00742462 0.00418701
v 0.01636364 0.00742462 0.00418701
v 0.01818182 0.00742462 0.00418701
v 0.00181818 0.00873043 0.00361117
v 0.00363636 0.00873043 0.00361117
v 0.00545455 0.00873043 0.00361117
v 0.00727273 0.00873043 0.00361117
v 0.00909091 0.00873043 0.00361117
v 0.01090909 0.00873043 0.00361117
v 0.01272727 0.00873043 0.00361117
v 0.01454545 0.00873043 0.00361117
v 0.01636364 0.00873043 0.00361117
v 0.01818182 0.00873043 0.00361117
v 0.03272727 0.00831846 0.00342837
v 0.03090909 0.00794358 0.00387187
v 0.02909091 0.00832484 0.00374174
v 0.03454546 0.00776364 0.00364202
v 0.02000000 0.00742462 0.00418701
v 0.02181818 0.00742462 0.00418701
v 0.02363636 0.00742462 0.00418701
v 0.02545455 0.00741976 0.00418857
v 0.02727273 0.00731069 0.00422461
v 0.03454546 0.00698709 0.00423020
v 0.03272727 0.00748642 0.00403691
v 0.03090909 0.00675546 0.00442116
v 0.02909091 0.00707969 0.00430404
v 0.02000000 0.00873043 0.00361117
v 0.02181818 0.00873043 0.00361117
v 0.02363636 0.00873043 0.00361117
v 0.02545455 0.00872472 0.00361292
v 0.03090909 0.00882643 0.00324518
v 0.02727273 0.00859646 0.00365320
v 0.03636364 -0.00551022 0.00030599
v 0.03636364 -0.00647933 0.00080273
v 0.03636364 -0.00719945 0.00136946
v 0.03818182 -0.00599687 0.00117028
v 0.04000000 -0.00557344 0.00153880
v 0.03636364 -0.00764289 0.00198439
v 0.03636364 -0.00779263 0.00262390
v 0.03818182 -0.00666337 0.00171557
v 0.03818182 -0.00707379 0.00230725
v 0.04000000 -0.00619288 0.00206379
v 0.04000000 -0.00657433 0.00263344
v 0.03818182 -0.00721238 0.00292257
v 0.04181818 -0.00582547 0.00240141
v 0.04363636 -0.00559862 0.00271571
v 0.04181818 -0.00618429 0.00295146
v 0.04545455 -0.00554610 0.00299715
v 0.06021348 -0.00709809 0.00311407
v 0.05891011 -0.00674984 0.00310076
v 0.05760674 -0.00639577 0.00308727
v 0.05630337 -0.00603804 0.00307363
v 0.05500000 -0.00567878 0.00305985
v 0.06021348 -0.00540679 0.00299790
v 0.06803371 -0.00676485 0.00307716
v 0.06933708 -0.00694818 0.00308920
v 0.06673034 -0.00656673 0.00306474
v 0.06542697 -0.00635532 0.00305197
v 0.06282023 -0.00589864 0.00302548
v 0.06412359 -0.00613212 0.00303887
v 0.06151685 -0.00565636 0.00301181
v 0.07194382 -0.00726448 0.00311205
v 0.07324719 -0.00739444 0.00312281
v 0.07064045 -0.00711522 0.00310084
v 0.06933708 -0.01635113 0.00461992
v 0.06933708 -0.01567010 0.00425444
v 0.06803371 -0.01523707 0.00424974
v 0.06803371 -0.01589860 0.00461752
v 0.06673034 -0.01540609 0.00461505
v 0.06673034 -0.01372624 0.00390376
v 0.06542697 -0.01325816 0.00389653
v 0.06673034 -0.01476588 0.00424490
v 0.06933708 -0.01456417 0.00391762
v 0.06803371 -0.01416280 0.00391080
v 0.06542697 -0.01426053 0.00423991
v 0.06412359 -0.01431789 0.00460991
v 0.06542697 -0.01487779 0.00461251
v 0.06412359 -0.01372502 0.00423481
v 0.06282023 -0.01316332 0.00422958
v 0.06282023 -0.01373057 0.00460724
v 0.06933708 -0.01658109 0.00500000
v 0.06803371 -0.01612198 0.00500000
v 0.06933708 -0.01635113 0.00538008
v 0.06673034 -0.01562227 0.00500000
v 0.06803371 -0.01589860 0.00538248
v 0.06673034 -0.01540609 0.00538495
v 0.06933708 -0.01567010 0.00574556
v 0.06803371 -0.01523707 0.00575026
v 0.06412359 -0.01451808 0.00500000
v 0.06542697 -0.01508622 0.00500000
v 0.06412359 -0.01431789 0.00539009
v 0.06542697 -0.01487779 0.00538749
v 0.06282023 -0.01392210 0.00500000
v 0.06151685 -0.01330255 0.00500000
v 0.06282023 -0.01373057 0.00539276
v 0.06673034 -0.01476588 0.00575510
v 0.06542697 -0.01426053 0.00576009
v 0.06933708 -0.01456417 0.00608238
v 0.06803371 -0.01416280 0.00608920
v 0.06412359 -0.01372502 0.00576520
v 0.06282023 -0.01316332 0.00577042
v 0.06673034 -0.01372624 0.00609624
v 0.06542697 -0.01325816 0.00610347
v 0.08628090 -0.01930055 0.00464381
v 0.08497753 -0.01914275 0.00464233
v 0.07715730 -0.01807526 0.00463246
v 0.07715730 -0.01732265 0.00427904
v 0.07585393 -0.01713529 0.00427538
v 0.07324719 -0.01742695 0.00462660
v 0.07194382 -0.01711949 0.00462446
v 0.07455056 -0.01767767 0.00462865
v 0.07585393 -0.01788021 0.00463059
v 0.08367416 -0.01819085 0.00429543
v 0.08497753 -0.01834859 0.00429840
v 0.08628090 -0.01850032 0.00430130
v 0.08106741 -0.01863296 0.00463764
v 0.07976405 -0.01845195 0.00463598
v 0.07846067 -0.01826594 0.00463425
v 0.08237079 -0.01880864 0.00463925
v 0.08367416 -0.01897868 0.00464081
v 0.07976405 -0.01768458 0.00428595
v 0.08106741 -0.01785853 0.00428921
v 0.07846067 -0.01750585 0.00428256
v 0.08237079 -0.01802739 0.00429237
v 0.08628090 -0.01720081 0.00398565
v 0.09410112 -0.02009741 0.00465222
v 0.08888764 -0.01959600 0.00464667
v 0.09019101 -0.01973302 0.00464808
v 0.08758427 -0.01945174 0.00464525
v 0.09149438 -0.01986248 0.00464946
v 0.09279776 -0.01998404 0.00465084
v 0.09149438 -0.01904079 0.00431240
v 0.09279776 -0.01915775 0.00431510
v 0.09410112 -0.01926682 0.00431780
v 0.09670787 -0.02029823 0.00465499
v 0.09540449 -0.02020224 0.00465360
v 0.09801123 -0.02038505 0.00465640
v 0.10061797 -0.02052990 0.00465928
v 0.10192135 -0.02058730 0.00466078
v 0.10322472 -0.02063424 0.00466231
v 0.09931461 -0.02046238 0.00465783
v 0.09801123 -0.01954364 0.00432600
v 0.09540449 -0.01936770 0.00432051
v 0.09670787 -0.01946008 0.00432324
v 0.09931461 -0.01961808 0.00432881
v 0.10061797 -0.01968307 0.00433166
v 0.10322472 -0.01978352 0.00433759
v 0.10192135 -0.01973833 0.00433459
v 0.08758427 -0.01864571 0.00430414
v 0.09019101 -0.01891625 0.00430967
v 0.08888764 -0.01878446 0.00430693
v 0.09019101 -0.01758990 0.00399780
v 0.08758427 -0.01733679 0.00398977
v 0.08888764 -0.01746658 0.00399381
v 0.09149438 -0.01770644 0.00400175
v 0.09279776 -0.01781591 0.00400568
v 0.09410112 -0.01791802 0.00400960
v 0.09670787 -0.01809900 0.00401750
v 0.09801123 -0.01817727 0.00402151
v 0.10061797 -0.01830790 0.00402973
v 0.09931461 -0.01824700 0.00402558
v 0.10192135 -0.01835968 0.00403397
v 0.10322472 -0.01840204 0.00403833
v 0.09540449 -0.01801248 0.00401354
v 0.08628090 -0.01957075 0.00500000
v 0.08237079 -0.01907243 0.00500000
v 0.08367416 -0.01924470 0.00500000
v 0.08497753 -0.01941091 0.00500000
v 0.08628090 -0.01930055 0.00535619
v 0.08497753 -0.01914275 0.00535767
v 0.07715730 -0.01832938 0.00500000
v 0.07585393 -0.01813174 0.00500000
v 0.07715730 -0.01807526 0.00536754
v 0.07324719 -0.01767230 0.00500000
v 0.07194382 -0.01736050 0.00500000
v 0.07455056 -0.01792648 0.00500000
v 0.07324719 -0.01742695 0.00537340
v 0.07194382 -0.01711949 0.00537554
v 0.07455056 -0.01767767 0.00537135
v 0.07585393 -0.01788021 0.00536941
v 0.07976405 -0.01871106 0.00500000
v 0.08106741 -0.01889445 0.00500000
v 0.07846067 -0.01852260 0.00500000
v 0.08106741 -0.01863296 0.00536236
v 0.07976405 -0.01845195 0.00536402
v 0.07846067 -0.01826594 0.00536575
v 0.08237079 -0.01880864 0.00536075
v 0.08367416 -0.01897868 0.00535919
v 0.07715730 -0.01732265 0.00572095
v 0.07585393 -0.01713529 0.00572462
v 0.08367416 -0.01819085 0.00570457
v 0.08497753 -0.01834859 0.00570160
v 0.08628090 -0.01850032 0.00569870
v 0.07976405 -0.01768458 0.00571405
v 0.08106741 -0.01785853 0.00571079
v 0.07846067 -0.01750585 0.00571744
v 0.08237079 -0.01802739 0.00570763
v 0.08628090 -0.01720081 0.00601435
v 0.09149438 -0.02013993 0.00500000
v 0.09279776 -0.02026305 0.00500000
v 0.09410112 -0.02037786 0.00500000
v 0.09410112 -0.02009741 0.00534778
v 0.08758427 -0.01972390 0.00500000
v 0.08888764 -0.01987003 0.00500000
v 0.09019101 -0.02000881 0.00500000
v 0.08888764 -0.01959600 0.00535333
v 0.09019101 -0.01973302 0.00535192
v 0.08758427 -0.01945174 0.00535475
v 0.09149438 -0.01986248 0.00535054
v 0.09279776 -0.01998404 0.00534916
v 0.09670787 -0.02058124 0.00500000
v 0.09801123 -0.02066916 0.00500000
v 0.09540449 -0.02048403 0.00500000
v 0.10061797 -0.02081584 0.00500000
v 0.09931461 -0.02074747 0.00500000
v 0.10192135 -0.02087396 0.00500000
v 0.10322472 -0.02092149 0.00500000
v 0.09670787 -0.02029823 0.00534501
v 0.09540449 -0.02020224 0.00534640
v 0.09801123 -0.02038505 0.00534360
v 0.10061797 -0.02052990 0.00534071
v 0.10192135 -0.02058730 0.00533922
v 0.10322472 -0.02063424 0.00533769
v 0.09931461 -0.02046238 0.00534217
v 0.09149438 -0.01904079 0.00568760
v 0.09279776 -0.01915775 0.00568490
v 0.09410112 -0.01926682 0.00568220
v 0.09801123 -0.01954364 0.00567400
v 0.09540449 -0.01936770 0.00567949
v 0.09670787 -0.01946008 0.00567676
v 0.09931461 -0.01961808 0.00567119
v 0.10061797 -0.01968307 0.00566834
v 0.10322472 -0.01978352 0.00566241
v 0.10192135 -0.01973833 0.00566541
v 0.08758427 -0.01864571 0.00569586
v 0.09019101 -0.01891625 0.00569033
v 0.08888764 -0.01878446 0.00569307
v 0.09019101 -0.01758990 0.00600220
v 0.08758427 -0.01733679 0.00601023
v 0.08888764 -0.01746658 0.00600619
v 0.09149438 -0.01770644 0.00599825
v 0.09279776 -0.01781591 0.00599432
v 0.09410112 -0.01791802 0.00599040
v 0.09670787 -0.01809900 0.00598250
v 0.09801123 -0.01817727 0.00597849
v 0.10061797 -0.01830790 0.00597027
v 0.09931461 -0.01824700 0.00597442
v 0.10192135 -0.01835968 0.00596603
v 0.10322472 -0.01840204 0.00596167
v 0.09540449 -0.01801248 0.00598646
v 0.08367416 -0.01518974 0.00369812
v 0.08628090 -0.01545197 0.00370897
v 0.08497753 -0.01532337 0.00370362
v 0.07324719 -0.01670032 0.00426756
v 0.07194382 -0.01640572 0.00426336
v 0.07455056 -0.01694079 0.00427157
v 0.07715730 -0.01610049 0.00395334
v 0.07064045 -0.01675949 0.00462223
v 0.07064045 -0.01606098 0.00425899
v 0.07324719 -0.01552034 0.00393666
v 0.07194382 -0.01524662 0.00393056
v 0.07455056 -0.01574416 0.00394248
v 0.07585393 -0.01592561 0.00394802
v 0.08106741 -0.01660093 0.00396810
v 0.07976405 -0.01643844 0.00396336
v 0.07846067 -0.01627153 0.00395844
v 0.08367416 -0.01691148 0.00397712
v 0.08237079 -0.01675871 0.00397268
v 0.08497753 -0.01705894 0.00398144
v 0.07455056 -0.01413378 0.00365403
v 0.07715730 -0.01445573 0.00366785
v 0.07585393 -0.01429766 0.00366108
v 0.07324719 -0.01393236 0.00364662
v 0.07194382 -0.01368673 0.00363887
v 0.07064045 -0.01340014 0.00363078
v 0.07846067 -0.01461041 0.00367435
v 0.07976405 -0.01476142 0.00368060
v 0.08106741 -0.01490849 0.00368664
v 0.08237079 -0.01505136 0.00369247
v 0.08497753 -0.01320856 0.00347561
v 0.08628090 -0.01332100 0.00348191
v 0.07064045 -0.01492667 0.00392421
v 0.09410112 -0.01610285 0.00373947
v 0.08888764 -0.01569302 0.00371937
v 0.09019101 -0.01580491 0.00372445
v 0.08758427 -0.01557528 0.00371422
v 0.09149438 -0.01591070 0.00372947
v 0.09279776 -0.01601010 0.00373447
v 0.09540449 -0.01618867 0.00374447
v 0.09670787 -0.01626729 0.00374952
v 0.09801123 -0.01633844 0.00375462
v 0.09931461 -0.01640184 0.00375980
v 0.10061797 -0.01645723 0.00376508
v 0.10192135 -0.01650434 0.00377048
v 0.10322472 -0.01654288 0.00377602
v 0.09019101 -0.01362991 0.00350011
v 0.08758427 -0.01342887 0.00348808
v 0.08888764 -0.01353192 0.00349414
v 0.09149438 -0.01372259 0.00350602
v 0.09279776 -0.01380972 0.00351190
v 0.09410112 -0.01389105 0.00351777
v 0.09931461 -0.01415351 0.00354167
v 0.10061797 -0.01420218 0.00354788
v 0.10192135 -0.01424359 0.00355423
v 0.10322472 -0.01427749 0.00356076
v 0.09540449 -0.01396634 0.00352366
v 0.09670787 -0.01403534 0.00352959
v 0.09801123 -0.01409781 0.00353558
v 0.07064045 -0.01699535 0.00500000
v 0.07064045 -0.01675949 0.00537777
v 0.07324719 -0.01670032 0.00573244
v 0.07194382 -0.01640572 0.00573664
v 0.07455056 -0.01694079 0.00572844
v 0.07715730 -0.01610049 0.00604666
v 0.07064045 -0.01606098 0.00574101
v 0.07324719 -0.01552034 0.00606334
v 0.07194382 -0.01524662 0.00606943
v 0.07455056 -0.01574416 0.00605752
v 0.07585393 -0.01592561 0.00605198
v 0.08106741 -0.01660093 0.00603190
v 0.07976405 -0.01643844 0.00603664
v 0.07846067 -0.01627153 0.00604156
v 0.08367416 -0.01691148 0.00602288
v 0.08237079 -0.01675871 0.00602732
v 0.08497753 -0.01705894 0.00601856
v 0.07064045 -0.01492667 0.00607579
v 0.09410112 -0.01610285 0.00626053
v 0.09540449 -0.01618867 0.00625553
v 0.09670787 -0.01626729 0.00625048
v 0.09801123 -0.01633844 0.00624538
v 0.09931461 -0.01640184 0.00624020
v 0.10061797 -0.01645723 0.00623492
v 0.10192135 -0.01650434 0.00622952
v 0.10322472 -0.01654288 0.00622398
v 0.08367416 -0.01518974 0.00630188
v 0.08628090 -0.01545197 0.00629103
v 0.08497753 -0.01532337 0.00629638
v 0.07455056 -0.01413378 0.00634597
v 0.07715730 -0.01445573 0.00633215
v 0.07585393 -0.01429766 0.00633892
v 0.07324719 -0.01393236 0.00635338
v 0.07194382 -0.01368673 0.00636113
v 0.07064045 -0.01340014 0.00636922
v 0.07846067 -0.01461041 0.00632565
v 0.07976405 -0.01476142 0.00631940
v 0.08106741 -0.01490849 0.00631336
v 0.08237079 -0.01505136 0.00630753
v 0.08497753 -0.01320856 0.00652439
v 0.08628090 -0.01332100 0.00651809
v 0.08888764 -0.01569302 0.00628063
v 0.09019101 -0.01580491 0.00627555
v 0.08758427 -0.01557528 0.00628578
v 0.09149438 -0.01591070 0.00627053
v 0.09279776 -0.01601010 0.00626553
v 0.09019101 -0.01362991 0.00649989
v 0.08758427 -0.01342887 0.00651192
v 0.08888764 -0.01353192 0.00650586
v 0.09149438 -0.01372259 0.00649398
v 0.09410112 -0.01389105 0.00648223
v 0.09279776 -0.01380972 0.00648810
v 0.09931461 -0.01415351 0.00645833
v 0.10061797 -0.01420218 0.00645212
v 0.10192135 -0.01424359 0.00644577
v 0.10322472 -0.01427749 0.00643924
v 0.09540449 -0.01396634 0.00647634
v 0.09670787 -0.01403534 0.00647041
v 0.09801123 -0.01409781 0.00646442
v 0.06412359 -0.01276224 0.00388911
v 0.06282023 -0.01224217 0.00388152
v 0.06933708 -0.01307583 0.00362239
v 0.06803371 -0.01271707 0.00361371
v 0.06673034 -0.01232711 0.00360475
v 0.06933708 -0.01126229 0.00338010
v 0.06151685 -0.01170161 0.00387378
v 0.06412359 -0.01146657 0.00358610
v 0.06542697 -0.01190919 0.00359555
v 0.06021348 -0.01249044 0.00460176
v 0.06021348 -0.01197739 0.00421882
v 0.05891011 -0.01136114 0.00421331
v 0.05891011 -0.01184601 0.00459895
v 0.05760674 -0.01119091 0.00459610
v 0.06151685 -0.01257945 0.00422425
v 0.06151685 -0.01312002 0.00460452
v 0.06021348 -0.01114424 0.00386590
v 0.05891011 -0.01057375 0.00385790
v 0.05630337 -0.00940810 0.00384159
v 0.06021348 -0.01002302 0.00355657
v 0.05760674 -0.00999381 0.00384979
v 0.05891011 -0.00951411 0.00354638
v 0.06803371 -0.01095545 0.00336989
v 0.06673034 -0.01062227 0.00335936
v 0.06542697 -0.01026546 0.00334854
v 0.06282023 -0.01100250 0.00357645
v 0.06151685 -0.01052023 0.00356660
v 0.06412359 -0.00988778 0.00333743
v 0.06282023 -0.00949196 0.00332608
v 0.06933708 -0.00919324 0.00320007
v 0.05760674 -0.01073468 0.00420772
v 0.05630337 -0.01052935 0.00459322
v 0.05630337 -0.01010203 0.00420207
v 0.05500000 -0.00946716 0.00419636
v 0.05500000 -0.00986550 0.00459031
v 0.06021348 -0.01266368 0.00500000
v 0.06021348 -0.01249044 0.00539824
v 0.05891011 -0.01200973 0.00500000
v 0.05760674 -0.01134496 0.00500000
v 0.05891011 -0.01184601 0.00540105
v 0.05760674 -0.01119091 0.00540390
v 0.06151685 -0.01312002 0.00539547
v 0.06021348 -0.01197739 0.00578118
v 0.05891011 -0.01136114 0.00578669
v 0.06151685 -0.01257945 0.00577575
v 0.06412359 -0.01276224 0.00611089
v 0.06282023 -0.01224217 0.00611848
v 0.06151685 -0.01170161 0.00612622
v 0.05630337 -0.01067363 0.00500000
v 0.05630337 -0.01052935 0.00540678
v 0.05500000 -0.01000000 0.00500000
v 0.05500000 -0.00986550 0.00540969
v 0.05760674 -0.01073468 0.00579228
v 0.06021348 -0.01114424 0.00613410
v 0.05891011 -0.01057375 0.00614210
v 0.05630337 -0.01010203 0.00579793
v 0.05500000 -0.00946716 0.00580364
v 0.05630337 -0.00940810 0.00615841
v 0.05760674 -0.00999381 0.00615021
v 0.03636364 -0.00764289 0.00326341
v 0.04000000 -0.00670312 0.00322585
v 0.03818182 -0.00707379 0.00353790
v 0.03636364 -0.00719945 0.00387835
v 0.04181818 -0.00630544 0.00352350
v 0.04000000 -0.00657433 0.00381826
v 0.04363636 -0.00594347 0.00324981
v 0.04363636 -0.00605991 0.00380526
v 0.04727273 -0.00560944 0.00330237
v 0.04545455 -0.00588771 0.00352002
v 0.04727273 -0.00595495 0.00381636
v 0.04909091 -0.00574358 0.00364570
v 0.05090909 -0.00533853 0.00355284
v 0.03818182 -0.00666337 0.00412957
v 0.03636364 -0.00647933 0.00444507
v 0.04181818 -0.00618429 0.00409553
v 0.03818182 -0.00599687 0.00467486
v 0.04000000 -0.00619288 0.00438791
v 0.04363636 -0.00594347 0.00436071
v 0.04181818 -0.00582547 0.00464559
v 0.05090909 -0.00629723 0.00451186
v 0.04545455 -0.00600305 0.00406378
v 0.05090909 -0.00593186 0.00401279
v 0.04909091 -0.00609735 0.00415183
v 0.04727273 -0.00607161 0.00435090
v 0.04545455 -0.00588771 0.00460754
v 0.04909091 -0.00621680 0.00467818
v 0.06021348 -0.00865680 0.00330270
v 0.05891011 -0.00822293 0.00329073
v 0.05500000 -0.00882029 0.00383330
v 0.05630337 -0.00847422 0.00352562
v 0.05760674 -0.00899676 0.00353606
v 0.05500000 -0.00794975 0.00351508
v 0.05630337 -0.00733630 0.00326631
v 0.05760674 -0.00778185 0.00327859
v 0.06151685 -0.00908072 0.00331450
v 0.06803371 -0.00894563 0.00318872
v 0.06673034 -0.00867722 0.00317702
v 0.06542697 -0.00839015 0.00316499
v 0.06282023 -0.00776859 0.00314004
v 0.06412359 -0.00808656 0.00315266
v 0.06151685 -0.00743839 0.00312717
v 0.05500000 -0.00688899 0.00325391
v 0.05272727 -0.00554171 0.00393527
v 0.05272727 -0.00615762 0.00438928
v 0.05454545 -0.00576364 0.00431237
v 0.05500000 -0.00582005 0.00440176
v 0.05500000 -0.00559610 0.00430467
v 0.03636364 -0.00551022 0.00494181
v 0.04000000 -0.00557344 0.00491290
v 0.04363636 -0.00559862 0.00489481
v 0.05090909 -0.00642060 0.00503087
v 0.04727273 -0.00595495 0.00488543
v 0.04545455 -0.00554610 0.00513040
v 0.04727273 -0.00560944 0.00539942
v 0.04909091 -0.00609735 0.00520454
v 0.05090909 -0.00629723 0.00554989
v 0.04909091 -0.00574358 0.00571066
v 0.05090909 -0.00593186 0.00604896
v 0.05500000 -0.00882029 0.00616670
v 0.05272727 -0.00653690 0.00488190
v 0.05454545 -0.00640421 0.00476082
v 0.05500000 -0.00630048 0.00473810
v 0.05500000 -0.00646690 0.00484888
v 0.05454545 -0.00679867 0.00524742
v 0.05500000 -0.00676274 0.00521383
v 0.05500000 -0.00686522 0.00533403
v 0.05272727 -0.00666496 0.00539422
v 0.05454545 -0.00693187 0.00575347
v 0.05500000 -0.00699972 0.00583857
v 0.05500000 -0.00696512 0.00571356
v 0.05454545 -0.00679867 0.00625951
v 0.05500000 -0.00689982 0.00621810
v 0.05272727 -0.00653690 0.00590653
v 0.07455056 -0.01217151 0.00341730
v 0.07715730 -0.01245159 0.00343356
v 0.07585393 -0.01231400 0.00342560
v 0.07324719 -0.01199740 0.00340860
v 0.07194382 -0.01178600 0.00339948
v 0.07064045 -0.01154005 0.00338997
v 0.07976405 -0.01271796 0.00344855
v 0.08106741 -0.01284625 0.00345565
v 0.07846067 -0.01258633 0.00344120
v 0.08237079 -0.01297094 0.00346251
v 0.08367416 -0.01309179 0.00346915
v 0.07324719 -0.00978981 0.00323173
v 0.07064045 -0.00941790 0.00321103
v 0.07194382 -0.00961747 0.00322159
v 0.07455056 -0.00993278 0.00324140
v 0.07585393 -0.01005085 0.00325062
v 0.07715730 -0.01016509 0.00325946
v 0.07846067 -0.01027707 0.00326795
v 0.07976405 -0.01038660 0.00327613
v 0.08106741 -0.01049345 0.00328401
v 0.08367416 -0.01069826 0.00329901
v 0.08497753 -0.01079580 0.00330619
v 0.08628090 -0.01088980 0.00331319
v 0.08237079 -0.01059741 0.00329163
v 0.09149438 -0.01122620 0.00333998
v 0.09279776 -0.01129932 0.00334651
v 0.09410112 -0.01136763 0.00335303
v 0.09540449 -0.01143091 0.00335957
v 0.09670787 -0.01148894 0.00336616
v 0.09801123 -0.01154151 0.00337283
v 0.10192135 -0.01166432 0.00339355
v 0.10322472 -0.01169291 0.00340080
v 0.09931461 -0.01158841 0.00337959
v 0.10061797 -0.01162942 0.00338649
v 0.08758427 -0.01098006 0.00332004
v 0.08888764 -0.01106635 0.00332677
v 0.09019101 -0.01114847 0.00333341
v 0.07455056 -0.00750362 0.00313308
v 0.07585393 -0.00759519 0.00314287
v 0.07715730 -0.00768408 0.00315225
v 0.08628090 -0.00825179 0.00320930
v 0.07846067 -0.00777139 0.00316127
v 0.07976405 -0.00785692 0.00316995
v 0.08106741 -0.00794052 0.00317831
v 0.08237079 -0.00802198 0.00318640
v 0.08367416 -0.00810113 0.00319424
v 0.08497753 -0.00817780 0.00320186
v 0.08106741 -0.00528555 0.00314262
v 0.08237079 -0.00534362 0.00315087
v 0.08367416 -0.00540021 0.00315887
v 0.08628090 -0.00550835 0.00317421
v 0.08497753 -0.00545517 0.00316664
v 0.08758427 -0.00832293 0.00321657
v 0.09019101 -0.00845595 0.00323076
v 0.08888764 -0.00839105 0.00322371
v 0.09149438 -0.00851745 0.00323773
v 0.09279776 -0.00857538 0.00324466
v 0.09410112 -0.00862956 0.00325159
v 0.09670787 -0.00872593 0.00326553
v 0.09801123 -0.00876776 0.00327260
v 0.09540449 -0.00867980 0.00325853
v 0.09931461 -0.00880511 0.00327979
v 0.10061797 -0.00883780 0.00328711
v 0.10192135 -0.00886566 0.00329460
v 0.10322472 -0.00888849 0.00330230
v 0.08758427 -0.00555962 0.00318163
v 0.08888764 -0.00560882 0.00318891
v 0.09019101 -0.00565581 0.00319609
v 0.09279776 -0.00574258 0.00321027
v 0.09410112 -0.00578206 0.00321734
v 0.09149438 -0.00570045 0.00320320
v 0.09540449 -0.00581875 0.00322442
v 0.09670787 -0.00585249 0.00323155
v 0.09801123 -0.00588315 0.00323876
v 0.09931461 -0.00591057 0.00324609
v 0.10061797 -0.00593462 0.00325355
v 0.10192135 -0.00595514 0.00326119
v 0.10322472 -0.00597199 0.00326904
v 0.06933708 -0.01307583 0.00637761
v 0.06803371 -0.01271707 0.00638629
v 0.06673034 -0.01232711 0.00639525
v 0.06412359 -0.01146657 0.00641390
v 0.06542697 -0.01190919 0.00640445
v 0.06933708 -0.01126229 0.00661990
v 0.06021348 -0.01002302 0.00644343
v 0.05891011 -0.00951411 0.00645362
v 0.06282023 -0.01100250 0.00642355
v 0.06151685 -0.01052023 0.00643340
v 0.06803371 -0.01095545 0.00663011
v 0.06673034 -0.01062227 0.00664064
v 0.06542697 -0.01026546 0.00665146
v 0.06412359 -0.00988778 0.00666257
v 0.06282023 -0.00949196 0.00667392
v 0.06933708 -0.00919324 0.00679993
v 0.05090909 -0.00533853 0.00650890
v 0.05630337 -0.00847422 0.00647438
v 0.05760674 -0.00899676 0.00646394
v 0.06021348 -0.00865680 0.00669730
v 0.05891011 -0.00822293 0.00670927
v 0.05500000 -0.00794975 0.00648492
v 0.05630337 -0.00733630 0.00673369
v 0.05760674 -0.00778185 0.00672141
v 0.06062128 -0.00771840 0.00682322
v 0.05758756 -0.00723513 0.00679635
v 0.05760674 -0.00723871 0.00679638
v 0.05818182 -0.00734431 0.00680331
v 0.05829657 -0.00736283 0.00680505
v 0.05945807 -0.00755156 0.00681434
v 0.06021348 -0.00766737 0.00681704
v 0.06000000 -0.00764010 0.00681561
v 0.05885854 -0.00745540 0.00680698
v 0.05891011 -0.00746381 0.00680717
v 0.05818182 -0.00731780 0.00689466
v 0.06151685 -0.00908072 0.00668550
v 0.06803371 -0.00894563 0.00681128
v 0.06673034 -0.00867722 0.00682298
v 0.06542697 -0.00839015 0.00683501
v 0.06157761 -0.00784086 0.00682857
v 0.06192127 -0.00786175 0.00683420
v 0.06181818 -0.00785748 0.00683286
v 0.06178128 -0.00785502 0.00683248
v 0.06151685 -0.00783321 0.00682780
v 0.06290378 -0.00790444 0.00684731
v 0.06282023 -0.00790066 0.00684570
v 0.06412359 -0.00808656 0.00684734
v 0.06181818 -0.00786425 0.00685442
v 0.06363636 -0.00797338 0.00697188
v 0.06347746 -0.00792893 0.00685360
v 0.06363636 -0.00793530 0.00685405
v 0.06403545 -0.00793859 0.00685595
v 0.06411764 -0.00793914 0.00685593
v 0.06412359 -0.00793919 0.00685592
v 0.06545454 -0.00799772 0.00700000
v 0.06517239 -0.00794911 0.00685964
v 0.06545454 -0.00795139 0.00685946
v 0.06542697 -0.00795114 0.00685939
v 0.06600277 -0.00793560 0.00686199
v 0.06630924 -0.00792707 0.00686338
v 0.06673034 -0.00791476 0.00686354
v 0.06727273 -0.00789947 0.00686543
v 0.06745411 -0.00788775 0.00686641
v 0.06781142 -0.00786421 0.00686699
v 0.06803371 -0.00784963 0.00686735
v 0.06859642 -0.00781326 0.00686978
v 0.06909091 -0.00778074 0.00687025
v 0.06933708 -0.00775643 0.00687088
v 0.06727273 -0.00794435 0.00700000
v 0.06909091 -0.00782419 0.00700000
v 0.06000000 -0.00753979 0.00714690
v 0.06181818 -0.00771314 0.00733566
v 0.06363636 -0.00782017 0.00744597
v 0.06181818 -0.00726562 0.00779841
v 0.06545454 -0.00784404 0.00746616
v 0.06727273 -0.00779170 0.00745772
v 0.06909091 -0.00767385 0.00744893
v 0.05500000 -0.00686522 0.00634310
v 0.05500000 -0.00688899 0.00674609
v 0.05636363 -0.00688665 0.00680291
v 0.05630337 -0.00686893 0.00680305
v 0.05454545 -0.00640421 0.00674611
v 0.05500000 -0.00656937 0.00670805
v 0.05500000 -0.00648120 0.00681148
v 0.05582009 -0.00672170 0.00681024
v 0.05708984 -0.00709028 0.00680270
v 0.05272727 -0.00615762 0.00639916
v 0.05272727 -0.00554171 0.00685317
v 0.05636363 -0.00665496 0.00707467
v 0.05818182 -0.00689322 0.00736967
v 0.06000000 -0.00710232 0.00761597
v 0.05454545 -0.00576364 0.00719457
v 0.05636363 -0.00598931 0.00751777
v 0.05818182 -0.00620373 0.00780745
v 0.06363636 -0.00736644 0.00790184
v 0.06545454 -0.00738893 0.00791441
v 0.06727273 -0.00733962 0.00789785
v 0.06909091 -0.00722861 0.00788060
v 0.06000000 -0.00639192 0.00804826
v 0.05818182 -0.00527584 0.00819116
v 0.06000000 -0.00543588 0.00842717
v 0.06181818 -0.00653888 0.00822488
v 0.06363636 -0.00662962 0.00832197
v 0.06545454 -0.00664986 0.00832752
v 0.06727273 -0.00660548 0.00830348
v 0.06909091 -0.00650558 0.00827844
v 0.06181818 -0.00556086 0.00859868
v 0.06363636 -0.00563803 0.00869022
v 0.06545454 -0.00565524 0.00868962
v 0.06727273 -0.00561750 0.00865902
v 0.06909091 -0.00553254 0.00862715
v 0.07455056 -0.01217151 0.00658270
v 0.07715730 -0.01245159 0.00656644
v 0.07585393 -0.01231400 0.00657440
v 0.07324719 -0.01199740 0.00659140
v 0.07194382 -0.01178600 0.00660052
v 0.07064045 -0.01154005 0.00661003
v 0.07976405 -0.01271796 0.00655145
v 0.08106741 -0.01284625 0.00654435
v 0.07846067 -0.01258633 0.00655880
v 0.08237079 -0.01297094 0.00653749
v 0.08367416 -0.01309179 0.00653085
v 0.07324719 -0.00978981 0.00676827
v 0.07064045 -0.00941790 0.00678897
v 0.07194382 -0.00961747 0.00677841
v 0.07455056 -0.00993278 0.00675860
v 0.07585393 -0.01005085 0.00674938
v 0.07715730 -0.01016509 0.00674054
v 0.07846067 -0.01027707 0.00673205
v 0.07976405 -0.01038660 0.00672387
v 0.08106741 -0.01049345 0.00671599
v 0.08367416 -0.01069826 0.00670099
v 0.08497753 -0.01079580 0.00669381
v 0.08628090 -0.01088980 0.00668681
v 0.08237079 -0.01059741 0.00670837
v 0.09279776 -0.01129932 0.00665349
v 0.09410112 -0.01136763 0.00664697
v 0.09149438 -0.01122620 0.00666002
v 0.09540449 -0.01143091 0.00664043
v 0.09670787 -0.01148894 0.00663384
v 0.09801123 -0.01154151 0.00662717
v 0.10192135 -0.01166432 0.00660645
v 0.10322472 -0.01169291 0.00659920
v 0.09931461 -0.01158841 0.00662041
v 0.10061797 -0.01162942 0.00661351
v 0.08758427 -0.01098006 0.00667996
v 0.08888764 -0.01106635 0.00667323
v 0.09019101 -0.01114847 0.00666659
v 0.06961893 -0.00772881 0.00687228
v 0.06974263 -0.00771666 0.00687289
v 0.07064045 -0.00762757 0.00687464
v 0.07090909 -0.00760108 0.00687566
v 0.07089429 -0.00760255 0.00687564
v 0.07142837 -0.00753407 0.00687708
v 0.07090909 -0.00764260 0.00700000
v 0.07194382 -0.00746716 0.00687851
v 0.07204188 -0.00745448 0.00687894
v 0.07272727 -0.00736538 0.00688044
v 0.07281627 -0.00735147 0.00688075
v 0.07324719 -0.00739444 0.00687719
v 0.07325101 -0.00728242 0.00687882
v 0.07319504 -0.00729133 0.00687910
v 0.07324719 -0.00728303 0.00687883
v 0.07272727 -0.00740490 0.00700000
v 0.07715730 -0.00768408 0.00684775
v 0.07455056 -0.00750362 0.00686692
v 0.07585393 -0.00759519 0.00685713
v 0.08628090 -0.00825179 0.00679070
v 0.07846067 -0.00777139 0.00683873
v 0.07976405 -0.00785692 0.00683005
v 0.08106741 -0.00794052 0.00682169
v 0.08237079 -0.00802198 0.00681360
v 0.08367416 -0.00810113 0.00680576
v 0.08497753 -0.00817780 0.00679814
v 0.07090909 -0.00749575 0.00743981
v 0.07272727 -0.00726262 0.00743039
v 0.07435142 -0.00710632 0.00687411
v 0.07454546 -0.00707522 0.00687316
v 0.07455056 -0.00707429 0.00687313
v 0.07454546 -0.00711645 0.00700000
v 0.07511667 -0.00697062 0.00687096
v 0.07550704 -0.00689847 0.00686947
v 0.07585393 -0.00683429 0.00686797
v 0.07636364 -0.00674012 0.00686614
v 0.07636364 -0.00678259 0.00700000
v 0.07666168 -0.00667916 0.00686515
v 0.07698124 -0.00661374 0.00686394
v 0.07715730 -0.00657733 0.00686327
v 0.07781122 -0.00644223 0.00686126
v 0.07818182 -0.00636561 0.00685995
v 0.07846067 -0.00630336 0.00685903
v 0.07818182 -0.00640866 0.00700000
v 0.07884350 -0.00621798 0.00685800
v 0.07895785 -0.00619219 0.00685770
v 0.07976405 -0.00601025 0.00685522
v 0.08000000 -0.00600000 0.00700000
v 0.08000000 -0.00595705 0.00685464
v 0.08000000 -0.00571754 0.00685790
v 0.08106741 -0.00528555 0.00685738
v 0.08237079 -0.00534362 0.00684913
v 0.08367416 -0.00540021 0.00684113
v 0.08628090 -0.00550835 0.00682579
v 0.08497753 -0.00545517 0.00683336
v 0.07454546 -0.00697971 0.00742069
v 0.07636364 -0.00665227 0.00741074
v 0.07454546 -0.00657475 0.00782521
v 0.07636364 -0.00626630 0.00780569
v 0.07818182 -0.00628552 0.00740056
v 0.08000000 -0.00588471 0.00739018
v 0.07818182 -0.00592083 0.00778573
v 0.08000000 -0.00554328 0.00776537
v 0.08758427 -0.00832293 0.00678343
v 0.09019101 -0.00845595 0.00676925
v 0.08888764 -0.00839105 0.00677629
v 0.09149438 -0.00851745 0.00676227
v 0.09410112 -0.00862956 0.00674841
v 0.09279776 -0.00857538 0.00675534
v 0.09670787 -0.00872593 0.00673447
v 0.09801123 -0.00876776 0.00672740
v 0.09540449 -0.00867980 0.00674147
v 0.09931461 -0.00880511 0.00672021
v 0.10061797 -0.00883780 0.00671289
v 0.10192135 -0.00886566 0.00670540
v 0.10322472 -0.00888849 0.00669770
v 0.08758427 -0.00555962 0.00681837
v 0.08888764 -0.00560882 0.00681109
v 0.09019101 -0.00565581 0.00680391
v 0.09279776 -0.00574258 0.00678973
v 0.09410112 -0.00578206 0.00678266
v 0.09149438 -0.00570045 0.00679680
v 0.09540449 -0.00581875 0.00677558
v 0.09670787 -0.00585249 0.00676845
v 0.09801123 -0.00588315 0.00676124
v 0.10061797 -0.00593462 0.00674645
v 0.09931461 -0.00591057 0.00675391
v 0.10192135 -0.00595514 0.00673881
v 0.10322472 -0.00597199 0.00673096
v 0.07090909 -0.00706084 0.00786272
v 0.07272727 -0.00684124 0.00784423
v 0.07090909 -0.00635459 0.00825247
v 0.07454546 -0.00591712 0.00819802
v 0.07636364 -0.00563952 0.00816968
v 0.07272727 -0.00615695 0.00822564
v 0.07090909 -0.00540413 0.00859409
v 0.07818182 -0.00532861 0.00814070
v 0.10452809 -0.02067041 0.00466388
v 0.10583146 -0.02069549 0.00466551
v 0.10713483 -0.02070916 0.00466719
v 0.10843820 -0.02071114 0.00466894
v 0.10974158 -0.02070170 0.00467067
v 0.11104494 -0.02068111 0.00467239
v 0.10452809 -0.01981836 0.00434068
v 0.10583146 -0.01984251 0.00434387
v 0.10713483 -0.01985567 0.00434718
v 0.10843820 -0.01985757 0.00435060
v 0.10974158 -0.01984840 0.00435400
v 0.11104494 -0.01982839 0.00435737
v 0.11234832 -0.02064954 0.00467409
v 0.11365169 -0.02060715 0.00467578
v 0.11495505 -0.02055409 0.00467747
v 0.11625843 -0.02049053 0.00467915
v 0.11756179 -0.02041664 0.00468084
v 0.11886517 -0.02033257 0.00468254
v 0.12016854 -0.02023849 0.00468426
v 0.11234832 -0.01979771 0.00436071
v 0.11365169 -0.01975651 0.00436402
v 0.11495505 -0.01970495 0.00436733
v 0.11625843 -0.01964320 0.00437063
v 0.11756179 -0.01957140 0.00437395
v 0.11886517 -0.01948971 0.00437729
v 0.12016854 -0.01939830 0.00438065
v 0.10452809 -0.01843469 0.00404281
v 0.10583146 -0.01845734 0.00404745
v 0.10713483 -0.01846968 0.00405225
v 0.10843820 -0.01847145 0.00405721
v 0.10974158 -0.01846271 0.00406216
v 0.11104494 -0.01844364 0.00406705
v 0.11234832 -0.01841441 0.00407189
v 0.11365169 -0.01837516 0.00407671
v 0.11495505 -0.01832603 0.00408150
v 0.11625843 -0.01826720 0.00408630
v 0.11756179 -0.01819879 0.00409112
v 0.11886517 -0.01812098 0.00409596
v 0.12016854 -0.01803390 0.00410085
v 0.12147191 -0.02013455 0.00468600
v 0.12277528 -0.02002092 0.00468776
v 0.12407865 -0.01989777 0.00468955
v 0.12147191 -0.01929731 0.00438406
v 0.12277528 -0.01918692 0.00438751
v 0.12407865 -0.01906727 0.00439103
v 0.12538202 -0.01976525 0.00469138
v 0.12668540 -0.01962352 0.00469325
v 0.12538202 -0.01893853 0.00439462
v 0.12668540 -0.01880085 0.00439829
v 0.12798877 -0.01865439 0.00440205
v 0.12147191 -0.01793772 0.00410579
v 0.12277528 -0.01783257 0.00411081
v 0.12407865 -0.01771862 0.00411592
v 0.12538202 -0.01759601 0.00412113
v 0.12668540 -0.01746490 0.00412646
v 0.12798877 -0.01732544 0.00413192
v 0.12929213 -0.01849931 0.00440592
v 0.13059551 -0.01833576 0.00440989
v 0.13189888 -0.01816391 0.00441399
v 0.12929213 -0.01717778 0.00413753
v 0.13320224 -0.01798392 0.00441822
v 0.13450561 -0.01779593 0.00442260
v 0.13580899 -0.01760011 0.00442712
v 0.13711236 -0.01739662 0.00443181
v 0.10452809 -0.02095811 0.00500000
v 0.10583146 -0.02098351 0.00500000
v 0.10713483 -0.02099735 0.00500000
v 0.10843820 -0.02099935 0.00500000
v 0.10974158 -0.02098982 0.00500000
v 0.11104494 -0.02096904 0.00500000
v 0.10452809 -0.02067041 0.00533612
v 0.10583146 -0.02069549 0.00533449
v 0.10713483 -0.02070916 0.00533281
v 0.10843820 -0.02071114 0.00533106
v 0.10974158 -0.02070170 0.00532933
v 0.11104494 -0.02068111 0.00532761
v 0.11234832 -0.02093717 0.00500000
v 0.11365169 -0.02089437 0.00500000
v 0.11495505 -0.02084081 0.00500000
v 0.11625843 -0.02077664 0.00500000
v 0.11756179 -0.02070204 0.00500000
v 0.11886517 -0.02061717 0.00500000
v 0.12016854 -0.02052218 0.00500000
v 0.11234832 -0.02064954 0.00532591
v 0.11365169 -0.02060715 0.00532422
v 0.11495505 -0.02055409 0.00532253
v 0.11625843 -0.02049053 0.00532085
v 0.11756179 -0.02041664 0.00531916
v 0.11886517 -0.02033257 0.00531746
v 0.12016854 -0.02023849 0.00531574
v 0.10452809 -0.01981836 0.00565932
v 0.10583146 -0.01984251 0.00565613
v 0.10713483 -0.01985567 0.00565282
v 0.10843820 -0.01985757 0.00564941
v 0.10974158 -0.01984840 0.00564600
v 0.11104494 -0.01982839 0.00564263
v 0.11234832 -0.01979771 0.00563929
v 0.11365169 -0.01975651 0.00563598
v 0.11495505 -0.01970495 0.00563267
v 0.11625843 -0.01964320 0.00562937
v 0.11756179 -0.01957140 0.00562605
v 0.11886517 -0.01948971 0.00562271
v 0.12016854 -0.01939830 0.00561935
v 0.10452809 -0.01843469 0.00595718
v 0.10583146 -0.01845734 0.00595255
v 0.10713483 -0.01846968 0.00594775
v 0.10843820 -0.01847145 0.00594279
v 0.10974158 -0.01846271 0.00593784
v 0.11104494 -0.01844364 0.00593295
v 0.11234832 -0.01841441 0.00592811
v 0.11365169 -0.01837516 0.00592329
v 0.11495505 -0.01832603 0.00591850
v 0.11625843 -0.01826720 0.00591370
v 0.11756179 -0.01819879 0.00590888
v 0.11886517 -0.01812098 0.00590404
v 0.12016854 -0.01803390 0.00589916
v 0.12147191 -0.02041725 0.00500000
v 0.12277528 -0.02030253 0.00500000
v 0.12407865 -0.02017819 0.00500000
v 0.12538202 -0.02004440 0.00500000
v 0.12147191 -0.02013455 0.00531400
v 0.12277528 -0.02002092 0.00531224
v 0.12668540 -0.01990130 0.00500000
v 0.12798877 -0.01974908 0.00500000
v 0.12798877 -0.01947275 0.00469517
v 0.12407865 -0.01989777 0.00531045
v 0.12538202 -0.01976525 0.00530862
v 0.12668540 -0.01962352 0.00530675
v 0.12798877 -0.01947275 0.00530483
v 0.12929213 -0.01958789 0.00500000
v 0.12929213 -0.01931310 0.00469714
v 0.13059551 -0.01914473 0.00469917
v 0.13059551 -0.01941789 0.00500000
v 0.13189888 -0.01923925 0.00500000
v 0.13320224 -0.01905213 0.00500000
v 0.12929213 -0.01931310 0.00530286
v 0.13059551 -0.01914473 0.00530083
v 0.12147191 -0.01929731 0.00561594
v 0.12277528 -0.01918692 0.00561249
v 0.12407865 -0.01906727 0.00560897
v 0.13189888 -0.01896781 0.00470126
v 0.13320224 -0.01878249 0.00470341
v 0.13450561 -0.01858893 0.00470564
v 0.13450561 -0.01885669 0.00500000
v 0.13580899 -0.01865311 0.00500000
v 0.13580899 -0.01838730 0.00470795
v 0.13711236 -0.01817777 0.00471034
v 0.13711236 -0.01844153 0.00500000
v 0.13189888 -0.01896781 0.00529874
v 0.13320224 -0.01878249 0.00529659
v 0.13450561 -0.01858893 0.00529436
v 0.13580899 -0.01838730 0.00529205
v 0.13711236 -0.01817777 0.00528966
v 0.12538202 -0.01893853 0.00560538
v 0.12668540 -0.01880085 0.00560171
v 0.12798877 -0.01865439 0.00559795
v 0.12798877 -0.01732544 0.00586808
v 0.12147191 -0.01793772 0.00589421
v 0.12277528 -0.01783257 0.00588919
v 0.12407865 -0.01771862 0.00588408
v 0.12538202 -0.01759601 0.00587887
v 0.12668540 -0.01746490 0.00587354
v 0.12929213 -0.01849931 0.00559408
v 0.13059551 -0.01833576 0.00559011
v 0.13189888 -0.01816391 0.00558601
v 0.12929213 -0.01717778 0.00586247
v 0.13320224 -0.01798392 0.00558178
v 0.13450561 -0.01779593 0.00557740
v 0.13580899 -0.01760011 0.00557288
v 0.13711236 -0.01739662 0.00556819
v 0.10452809 -0.01657260 0.00378173
v 0.10583146 -0.01659321 0.00378763
v 0.10713483 -0.01660445 0.00379374
v 0.10843820 -0.01660605 0.00380006
v 0.10974158 -0.01659789 0.00380635
v 0.11104494 -0.01658009 0.00381258
v 0.11234832 -0.01655280 0.00381874
v 0.11365169 -0.01651616 0.00382487
v 0.11495505 -0.01647032 0.00383098
v 0.11625843 -0.01641541 0.00383708
v 0.11756179 -0.01635158 0.00384321
v 0.11886517 -0.01627898 0.00384937
v 0.12016854 -0.01619774 0.00385559
v 0.10452809 -0.01430363 0.00356747
v 0.10583146 -0.01432176 0.00357441
v 0.10713483 -0.01433166 0.00358159
v 0.10843820 -0.01433305 0.00358902
v 0.10974158 -0.01432559 0.00359642
v 0.11104494 -0.01430934 0.00360374
v 0.11234832 -0.01428442 0.00361099
v 0.11365169 -0.01425097 0.00361819
v 0.11495505 -0.01420912 0.00362537
v 0.11625843 -0.01415900 0.00363256
v 0.11756179 -0.01410075 0.00363976
v 0.11886517 -0.01403449 0.00364701
v 0.12016854 -0.01396036 0.00365432
v 0.12147191 -0.01610800 0.00386189
v 0.12277528 -0.01600992 0.00386827
v 0.12407865 -0.01590364 0.00387478
v 0.12538202 -0.01578929 0.00388141
v 0.12668540 -0.01566702 0.00388819
v 0.12798877 -0.01553698 0.00389514
v 0.12929213 -0.01539931 0.00390228
v 0.13059551 -0.01525414 0.00390963
v 0.13059551 -0.01702207 0.00414330
v 0.13189888 -0.01685846 0.00414925
v 0.13320224 -0.01668711 0.00415539
v 0.13450561 -0.01650816 0.00416174
v 0.13580899 -0.01632177 0.00416831
v 0.13711236 -0.01612809 0.00417511
v 0.13189888 -0.01510162 0.00391720
v 0.12147191 -0.01387850 0.00366172
v 0.12277528 -0.01378902 0.00366923
v 0.12407865 -0.01369208 0.00367688
v 0.12538202 -0.01358780 0.00368467
v 0.12668540 -0.01347630 0.00369265
v 0.12798877 -0.01335774 0.00370082
v 0.12929213 -0.01323222 0.00370922
v 0.13320224 -0.01494190 0.00392502
v 0.13450561 -0.01477512 0.00393310
v 0.13580899 -0.01460142 0.00394146
v 0.13711236 -0.01442095 0.00395012
v 0.10452809 -0.01657260 0.00621827
v 0.10583146 -0.01659321 0.00621237
v 0.10713483 -0.01660445 0.00620626
v 0.10843820 -0.01660605 0.00619994
v 0.10974158 -0.01659789 0.00619365
v 0.11104494 -0.01658009 0.00618742
v 0.11234832 -0.01655280 0.00618126
v 0.11365169 -0.01651616 0.00617513
v 0.11495505 -0.01647032 0.00616902
v 0.11625843 -0.01641541 0.00616292
v 0.11756179 -0.01635158 0.00615679
v 0.11886517 -0.01627898 0.00615063
v 0.12016854 -0.01619774 0.00614441
v 0.12147191 -0.01610800 0.00613811
v 0.12277528 -0.01600992 0.00613173
v 0.12407865 -0.01590364 0.00612522
v 0.12538202 -0.01578929 0.00611859
v 0.12668540 -0.01566702 0.00611181
v 0.12798877 -0.01553698 0.00610486
v 0.13059551 -0.01702207 0.00585670
v 0.13189888 -0.01685846 0.00585075
v 0.13320224 -0.01668711 0.00584461
v 0.13450561 -0.01650816 0.00583826
v 0.13580899 -0.01632177 0.00583169
v 0.13711236 -0.01612809 0.00582489
v 0.12929213 -0.01539931 0.00609772
v 0.13059551 -0.01525414 0.00609037
v 0.13189888 -0.01510162 0.00608280
v 0.13450561 -0.01477512 0.00606690
v 0.13580899 -0.01460142 0.00605854
v 0.13320224 -0.01494190 0.00607498
v 0.13711236 -0.01442095 0.00604988
v 0.13841572 -0.01718561 0.00443667
v 0.13841572 -0.01822213 0.00500000
v 0.13841572 -0.01796048 0.00471282
v 0.13971910 -0.01773561 0.00471539
v 0.13971910 -0.01799506 0.00500000
v 0.14102247 -0.01776050 0.00500000
v 0.14102247 -0.01750332 0.00471806
v 0.14232585 -0.01726376 0.00472083
v 0.14232585 -0.01751859 0.00500000
v 0.14362921 -0.01726952 0.00500000
v 0.13841572 -0.01796048 0.00528718
v 0.13971910 -0.01773561 0.00528461
v 0.14102247 -0.01750332 0.00528194
v 0.14232585 -0.01726376 0.00527917
v 0.13841572 -0.01718561 0.00556333
v 0.13971910 -0.01696724 0.00444172
v 0.14102247 -0.01674167 0.00444695
v 0.14232585 -0.01650906 0.00445240
v 0.14362921 -0.01626957 0.00445805
v 0.13841572 -0.01592727 0.00418217
v 0.13971910 -0.01571947 0.00418950
v 0.14102247 -0.01550482 0.00419710
v 0.14232585 -0.01528350 0.00420500
v 0.14493258 -0.01602335 0.00446393
v 0.14623596 -0.01571551 0.00447001
v 0.14753933 -0.01528622 0.00447627
v 0.13841572 -0.01423384 0.00395910
v 0.14362921 -0.01505563 0.00421321
v 0.14493258 -0.01482139 0.00422175
v 0.13971910 -0.01404025 0.00396843
v 0.14102247 -0.01384030 0.00397810
v 0.14232585 -0.01363416 0.00398816
v 0.14362921 -0.01342195 0.00399861
v 0.14493258 -0.01320383 0.00400948
v 0.14623596 -0.01452784 0.00423057
v 0.14753933 -0.01411745 0.00423966
v 0.14884269 -0.01474689 0.00448281
v 0.15014607 -0.01410912 0.00448970
v 0.14884269 -0.01360147 0.00424916
v 0.15144944 -0.01338450 0.00449701
v 0.14362921 -0.01701711 0.00472372
v 0.14493258 -0.01676351 0.00472672
v 0.14493258 -0.01701343 0.00500000
v 0.14362921 -0.01701711 0.00527628
v 0.14493258 -0.01676351 0.00527328
v 0.14623596 -0.01669382 0.00500000
v 0.14623596 -0.01644687 0.00472981
v 0.14753933 -0.01624896 0.00500000
v 0.14623596 -0.01644687 0.00527019
v 0.14753933 -0.01600594 0.00473301
v 0.14884269 -0.01569040 0.00500000
v 0.14884269 -0.01545223 0.00473634
v 0.14753933 -0.01600594 0.00526699
v 0.14884269 -0.01545223 0.00526366
v 0.13971910 -0.01696724 0.00555828
v 0.14102247 -0.01674167 0.00555305
v 0.14232585 -0.01650906 0.00554760
v 0.14362921 -0.01626957 0.00554195
v 0.13841572 -0.01592727 0.00581783
v 0.13971910 -0.01571947 0.00581050
v 0.14102247 -0.01550482 0.00580290
v 0.14493258 -0.01602335 0.00553607
v 0.14232585 -0.01528350 0.00579500
v 0.14623596 -0.01571551 0.00552999
v 0.14753933 -0.01528622 0.00552373
v 0.15014607 -0.01479745 0.00473985
v 0.15014607 -0.01502987 0.00500000
v 0.15144944 -0.01427911 0.00500000
v 0.15014607 -0.01479745 0.00526015
v 0.15144944 -0.01405329 0.00474358
v 0.15275280 -0.01323144 0.00474756
v 0.15275280 -0.01344985 0.00500000
v 0.15144944 -0.01405329 0.00525642
v 0.15275280 -0.01323144 0.00525244
v 0.14362921 -0.01505563 0.00578679
v 0.14493258 -0.01482139 0.00577825
v 0.13841572 -0.01423384 0.00604090
v 0.13971910 -0.01404025 0.00603157
v 0.14102247 -0.01384030 0.00602190
v 0.14232585 -0.01363416 0.00601184
v 0.14362921 -0.01342195 0.00600139
v 0.14493258 -0.01320383 0.00599052
v 0.14884269 -0.01474689 0.00551719
v 0.14623596 -0.01452784 0.00576943
v 0.14753933 -0.01411745 0.00576034
v 0.15014607 -0.01410912 0.00551030
v 0.14884269 -0.01360147 0.00575084
v 0.15144944 -0.01338450 0.00550299
v 0.10452809 -0.01430363 0.00643253
v 0.10583146 -0.01432176 0.00642559
v 0.10713483 -0.01433166 0.00641841
v 0.10843820 -0.01433305 0.00641098
v 0.10974158 -0.01432559 0.00640358
v 0.11104494 -0.01430934 0.00639626
v 0.11234832 -0.01428442 0.00638901
v 0.11365169 -0.01425097 0.00638181
v 0.11495505 -0.01420912 0.00637463
v 0.11625843 -0.01415900 0.00636744
v 0.11756179 -0.01410075 0.00636024
v 0.11886517 -0.01403449 0.00635299
v 0.12016854 -0.01396036 0.00634568
v 0.12147191 -0.01387850 0.00633828
v 0.12277528 -0.01378902 0.00633077
v 0.12407865 -0.01369208 0.00632312
v 0.12538202 -0.01358780 0.00631533
v 0.12668540 -0.01347630 0.00630735
v 0.12798877 -0.01335774 0.00629918
v 0.12929213 -0.01323222 0.00629078
v 0.10452809 -0.01171498 0.00340826
v 0.10583146 -0.01173029 0.00341597
v 0.10713483 -0.01173865 0.00342394
v 0.10843820 -0.01173980 0.00343220
v 0.10974158 -0.01173315 0.00344043
v 0.11104494 -0.01171866 0.00344856
v 0.11234832 -0.01169645 0.00345661
v 0.11365169 -0.01166664 0.00346462
v 0.11495505 -0.01162934 0.00347260
v 0.11625843 -0.01158469 0.00348058
v 0.11756179 -0.01153279 0.00348858
v 0.11886517 -0.01147377 0.00349663
v 0.12016854 -0.01140776 0.00350476
v 0.12147191 -0.01133487 0.00351298
v 0.12277528 -0.01125522 0.00352133
v 0.12407865 -0.01116893 0.00352982
v 0.13059551 -0.01309990 0.00371786
v 0.13189888 -0.01296091 0.00372676
v 0.13320224 -0.01281536 0.00373595
v 0.13450561 -0.01266341 0.00374545
v 0.13580899 -0.01250517 0.00375529
v 0.13711236 -0.01234079 0.00376547
v 0.12538202 -0.01107613 0.00353849
v 0.12668540 -0.01097693 0.00354735
v 0.12798877 -0.01087145 0.00355643
v 0.12929213 -0.01075982 0.00356576
v 0.13059551 -0.01064216 0.00357536
v 0.13189888 -0.01051858 0.00358525
v 0.13320224 -0.01038921 0.00359546
v 0.13450561 -0.01025417 0.00360602
v 0.13580899 -0.01011358 0.00361695
v 0.13711236 -0.00996755 0.00362827
v 0.13450561 -0.01266341 0.00625455
v 0.13580899 -0.01250517 0.00624471
v 0.13711236 -0.01234079 0.00623453
v 0.10452809 -0.00890613 0.00331022
v 0.10583146 -0.00891838 0.00331840
v 0.10713483 -0.00892507 0.00332687
v 0.10843820 -0.00892596 0.00333563
v 0.10974158 -0.00892019 0.00334437
v 0.11104494 -0.00890762 0.00335300
v 0.11234832 -0.00888834 0.00336155
v 0.11365169 -0.00886247 0.00337005
v 0.11495505 -0.00883012 0.00337852
v 0.11625843 -0.00879139 0.00338699
v 0.11756179 -0.00874639 0.00339549
v 0.11886517 -0.00869524 0.00340404
v 0.12016854 -0.00863803 0.00341266
v 0.10452809 -0.00598502 0.00327711
v 0.10583146 -0.00599409 0.00328545
v 0.10713483 -0.00599905 0.00329409
v 0.10843820 -0.00599967 0.00330302
v 0.10974158 -0.00599481 0.00331193
v 0.11104494 -0.00598422 0.00332073
v 0.11234832 -0.00596800 0.00332945
v 0.11365169 -0.00594623 0.00333811
v 0.11495505 -0.00591902 0.00334675
v 0.11625843 -0.00588646 0.00335539
v 0.11756179 -0.00584864 0.00336405
v 0.11886517 -0.00580565 0.00337277
v 0.12016854 -0.00575760 0.00338156
v 0.12147191 -0.00857487 0.00342139
v 0.12277528 -0.00850588 0.00343025
v 0.12407865 -0.00843115 0.00343927
v 0.12538202 -0.00835080 0.00344847
v 0.12668540 -0.00826494 0.00345787
v 0.12798877 -0.00817367 0.00346752
v 0.12929213 -0.00807711 0.00347742
v 0.13059551 -0.00797535 0.00348761
v 0.13189888 -0.00786850 0.00349811
v 0.13320224 -0.00775668 0.00350895
v 0.13450561 -0.00763999 0.00352016
v 0.13580899 -0.00751854 0.00353176
v 0.13711236 -0.00739244 0.00354378
v 0.12147191 -0.00570457 0.00339046
v 0.12277528 -0.00564666 0.00339950
v 0.12407865 -0.00558396 0.00340869
v 0.12538202 -0.00551657 0.00341807
v 0.12668540 -0.00544458 0.00342766
v 0.12798877 -0.00536808 0.00343749
v 0.12929213 -0.00528718 0.00344759
v 0.13841572 -0.01217039 0.00377604
v 0.13971910 -0.01199411 0.00378700
v 0.14102247 -0.01181208 0.00379838
v 0.14232585 -0.01162444 0.00381020
v 0.14362921 -0.01143131 0.00382249
v 0.14493258 -0.01123282 0.00383527
v 0.14623596 -0.01292951 0.00402070
v 0.14753933 -0.01254455 0.00403228
v 0.15014607 -0.01299133 0.00425915
v 0.15144944 -0.01229844 0.00426977
v 0.15275280 -0.01258462 0.00450483
v 0.14884269 -0.01206000 0.00404436
v 0.15014607 -0.01148704 0.00405708
v 0.15275280 -0.01153424 0.00428112
v 0.15405618 -0.01172107 0.00451323
v 0.13841572 -0.00981622 0.00364000
v 0.13971910 -0.00965970 0.00365218
v 0.14102247 -0.00949810 0.00366483
v 0.14232585 -0.00933156 0.00367797
v 0.14623596 -0.01098193 0.00384846
v 0.14753933 -0.01062797 0.00386208
v 0.14884269 -0.01018171 0.00387628
v 0.15014607 -0.00965405 0.00389125
v 0.15144944 -0.01083686 0.00407060
v 0.15405618 -0.01071013 0.00429332
v 0.15275280 -0.01012066 0.00408504
v 0.15405618 -0.00934962 0.00410056
v 0.15535955 -0.01080545 0.00452229
v 0.15535955 -0.00983754 0.00430647
v 0.15666293 -0.00984934 0.00453208
v 0.15405618 -0.01234361 0.00475185
v 0.15405618 -0.01255382 0.00500000
v 0.15405618 -0.01234361 0.00524815
v 0.13841572 -0.01217039 0.00622396
v 0.13971910 -0.01199411 0.00621300
v 0.14102247 -0.01181208 0.00620162
v 0.14232585 -0.01162444 0.00618980
v 0.14362921 -0.01143131 0.00617751
v 0.14493258 -0.01123282 0.00616473
v 0.15014607 -0.01299133 0.00574085
v 0.15275280 -0.01258462 0.00549517
v 0.15144944 -0.01229844 0.00573023
v 0.14623596 -0.01292951 0.00597930
v 0.14753933 -0.01254455 0.00596772
v 0.15405618 -0.01172107 0.00548677
v 0.15275280 -0.01153424 0.00571888
v 0.14884269 -0.01206000 0.00595564
v 0.15014607 -0.01148704 0.00594292
v 0.15405618 -0.01071013 0.00570668
v 0.14623596 -0.01098193 0.00615154
v 0.14753933 -0.01062797 0.00613792
v 0.14884269 -0.01018171 0.00612372
v 0.15144944 -0.01083686 0.00592940
v 0.15275280 -0.01012066 0.00591496
v 0.15405618 -0.00934962 0.00589944
v 0.15014607 -0.00965405 0.00610875
v 0.15535955 -0.01140149 0.00475646
v 0.15535955 -0.01160274 0.00500000
v 0.15535955 -0.01140149 0.00524354
v 0.15666293 -0.01041677 0.00476146
v 0.15666293 -0.01060836 0.00500000
v 0.15535955 -0.01080545 0.00547771
v 0.15666293 -0.01041677 0.00523854
v 0.15796629 -0.00940115 0.00476687
v 0.15796629 -0.00958241 0.00500000
v 0.15666293 -0.00984934 0.00546792
v 0.15796629 -0.00940115 0.00523313
v 0.15535955 -0.00983754 0.00569353
v 0.14362921 -0.00916019 0.00369162
v 0.14493258 -0.00898412 0.00370582
v 0.13841572 -0.00726179 0.00355623
v 0.14623596 -0.00875996 0.00372048
v 0.14753933 -0.00844136 0.00373561
v 0.15144944 -0.00905591 0.00390714
v 0.14884269 -0.00803878 0.00375139
v 0.15014607 -0.00756281 0.00376802
v 0.15275280 -0.00839820 0.00392412
v 0.15405618 -0.00769184 0.00394237
v 0.13971910 -0.00712670 0.00356916
v 0.14102247 -0.00698729 0.00358259
v 0.14232585 -0.00684365 0.00359654
v 0.14362921 -0.00669589 0.00361103
v 0.14493258 -0.00654413 0.00362610
v 0.14623596 -0.00634898 0.00364167
v 0.15144944 -0.00702404 0.00378567
v 0.15275280 -0.00643307 0.00380455
v 0.14753933 -0.00606875 0.00365773
v 0.14884269 -0.00571357 0.00367449
v 0.15405618 -0.00580050 0.00382483
v 0.15014607 -0.00529368 0.00369214
v 0.15535955 -0.00853495 0.00411730
v 0.15666293 -0.00892789 0.00432069
v 0.15796629 -0.00886434 0.00454269
v 0.15666293 -0.00768783 0.00413540
v 0.15796629 -0.00799261 0.00433609
v 0.15926966 -0.00786204 0.00455420
v 0.15535955 -0.00694774 0.00396205
v 0.15796629 -0.00681946 0.00415501
v 0.15926966 -0.00704311 0.00435279
v 0.16057304 -0.00685402 0.00456667
v 0.15666293 -0.00617682 0.00398334
v 0.15796629 -0.00538997 0.00400639
v 0.15926966 -0.00594102 0.00417626
v 0.16057304 -0.00609081 0.00437090
v 0.16187641 -0.00585188 0.00458019
v 0.15144944 -0.00905591 0.00609286
v 0.15275280 -0.00839820 0.00607588
v 0.14884269 -0.00803878 0.00624861
v 0.15405618 -0.00769184 0.00605763
v 0.15014607 -0.00756281 0.00623198
v 0.15144944 -0.00702404 0.00621432
v 0.15275280 -0.00643307 0.00619545
v 0.15405618 -0.00580050 0.00617517
v 0.15926966 -0.00836633 0.00477273
v 0.15926966 -0.00853660 0.00500000
v 0.15796629 -0.00886434 0.00545731
v 0.15926966 -0.00836633 0.00522727
v 0.16057304 -0.00732400 0.00477909
v 0.16057304 -0.00748269 0.00500000
v 0.15926966 -0.00786204 0.00544580
v 0.16057304 -0.00732400 0.00522091
v 0.15666293 -0.00892789 0.00567931
v 0.15535955 -0.00853495 0.00588270
v 0.15796629 -0.00799261 0.00566391
v 0.15666293 -0.00768783 0.00586460
v 0.16187641 -0.00628586 0.00478598
v 0.16187641 -0.00643239 0.00500000
v 0.16057304 -0.00685402 0.00543333
v 0.16187641 -0.00628586 0.00521402
v 0.16187641 -0.00585188 0.00541981
v 0.16317977 -0.00526360 0.00479345
v 0.16317977 -0.00539744 0.00500000
v 0.16317977 -0.00526360 0.00520655
v 0.15796629 -0.00681946 0.00584499
v 0.15926966 -0.00704311 0.00564721
v 0.15535955 -0.00694774 0.00603795
v 0.16057304 -0.00609081 0.00562910
v 0.15926966 -0.00594102 0.00582374
v 0.15666293 -0.00617682 0.00601666
v 0.15796629 -0.00538997 0.00599361
v 0.10452809 -0.01171498 0.00659174
v 0.10583146 -0.01173029 0.00658403
v 0.10713483 -0.01173865 0.00657606
v 0.10843820 -0.01173980 0.00656780
v 0.11104494 -0.01171866 0.00655144
v 0.10974158 -0.01173315 0.00655957
v 0.11234832 -0.01169645 0.00654339
v 0.11365169 -0.01166664 0.00653538
v 0.11495505 -0.01162934 0.00652740
v 0.11625843 -0.01158469 0.00651942
v 0.11756179 -0.01153279 0.00651142
v 0.11886517 -0.01147377 0.00650337
v 0.12016854 -0.01140776 0.00649524
v 0.12147191 -0.01133487 0.00648702
v 0.12277528 -0.01125522 0.00647867
v 0.12407865 -0.01116893 0.00647018
v 0.13059551 -0.01309990 0.00628214
v 0.13189888 -0.01296091 0.00627324
v 0.13320224 -0.01281536 0.00626405
v 0.12668540 -0.01097693 0.00645265
v 0.12798877 -0.01087145 0.00644357
v 0.12538202 -0.01107613 0.00646151
v 0.12929213 -0.01075982 0.00643424
v 0.13059551 -0.01064216 0.00642464
v 0.13189888 -0.01051858 0.00641475
v 0.13320224 -0.01038921 0.00640454
v 0.13450561 -0.01025417 0.00639398
v 0.13580899 -0.01011358 0.00638305
v 0.13711236 -0.00996755 0.00637173
v 0.10974158 -0.00892019 0.00665563
v 0.11104494 -0.00890762 0.00664700
v 0.10452809 -0.00890613 0.00668978
v 0.10583146 -0.00891838 0.00668160
v 0.10713483 -0.00892507 0.00667313
v 0.10843820 -0.00892596 0.00666437
v 0.11234832 -0.00888834 0.00663845
v 0.11365169 -0.00886247 0.00662995
v 0.11495505 -0.00883012 0.00662148
v 0.11625843 -0.00879139 0.00661301
v 0.11756179 -0.00874639 0.00660451
v 0.11886517 -0.00869524 0.00659596
v 0.12016854 -0.00863803 0.00658734
v 0.10452809 -0.00598502 0.00672289
v 0.10583146 -0.00599409 0.00671455
v 0.10713483 -0.00599905 0.00670591
v 0.10843820 -0.00599967 0.00669698
v 0.10974158 -0.00599481 0.00668807
v 0.11104494 -0.00598422 0.00667927
v 0.11495505 -0.00591902 0.00665325
v 0.11625843 -0.00588646 0.00664461
v 0.11756179 -0.00584864 0.00663595
v 0.11886517 -0.00580565 0.00662723
v 0.12016854 -0.00575760 0.00661844
v 0.11234832 -0.00596800 0.00667055
v 0.11365169 -0.00594623 0.00666189
v 0.12147191 -0.00857487 0.00657861
v 0.12277528 -0.00850588 0.00656975
v 0.12407865 -0.00843115 0.00656073
v 0.12538202 -0.00835080 0.00655153
v 0.12668540 -0.00826494 0.00654213
v 0.12798877 -0.00817367 0.00653248
v 0.12929213 -0.00807711 0.00652258
v 0.13059551 -0.00797535 0.00651239
v 0.13189888 -0.00786850 0.00650189
v 0.13320224 -0.00775668 0.00649105
v 0.13711236 -0.00739244 0.00645622
v 0.13450561 -0.00763999 0.00647984
v 0.13580899 -0.00751854 0.00646824
v 0.12147191 -0.00570457 0.00660953
v 0.12277528 -0.00564666 0.00660050
v 0.12407865 -0.00558396 0.00659131
v 0.12538202 -0.00551657 0.00658193
v 0.12668540 -0.00544458 0.00657234
v 0.12798877 -0.00536808 0.00656251
v 0.12929213 -0.00528718 0.00655241
v 0.13841572 -0.00981622 0.00636000
v 0.13971910 -0.00965970 0.00634782
v 0.14102247 -0.00949810 0.00633517
v 0.14232585 -0.00933156 0.00632203
v 0.14362921 -0.00916019 0.00630838
v 0.14493258 -0.00898412 0.00629418
v 0.13841572 -0.00726179 0.00644377
v 0.14623596 -0.00875996 0.00627952
v 0.14753933 -0.00844136 0.00626439
v 0.13971910 -0.00712670 0.00643084
v 0.14102247 -0.00698729 0.00641741
v 0.14232585 -0.00684365 0.00640346
v 0.14362921 -0.00669589 0.00638897
v 0.14493258 -0.00654413 0.00637389
v 0.14623596 -0.00634898 0.00635833
v 0.14753933 -0.00606875 0.00634227
v 0.14884269 -0.00571357 0.00632551
v 0.15014607 -0.00529368 0.00630786
v 0.03636364 -0.00432935 -0.00010167
v 0.03636364 -0.00298211 -0.00040459
v 0.03636364 -0.00152027 -0.00059113
v 0.03818182 -0.00140706 -0.00017086
v 0.03636364 -0.00000000 -0.00065412
v 0.03818182 -0.00000000 -0.00023147
v 0.03636364 0.00152027 -0.00059113
v 0.03818182 0.00140706 -0.00017086
v 0.03818182 -0.00509992 0.00069233
v 0.03818182 -0.00400698 0.00030008
v 0.04000000 -0.00372406 0.00070101
v 0.04000000 -0.00473983 0.00107865
v 0.04181818 -0.00445862 0.00145015
v 0.04181818 -0.00350312 0.00108549
v 0.04363636 -0.00336670 0.00143795
v 0.03818182 -0.00276006 0.00000862
v 0.04000000 -0.00256517 0.00042039
v 0.04181818 -0.00241299 0.00081453
v 0.04363636 -0.00231903 0.00117485
v 0.04545455 -0.00229727 0.00148872
v 0.04181818 -0.00524279 0.00189448
v 0.04363636 -0.00428500 0.00179203
v 0.04363636 -0.00503863 0.00222347
v 0.04545455 -0.00333512 0.00174629
v 0.04545455 -0.00424480 0.00209292
v 0.04727273 -0.00337321 0.00207273
v 0.04545455 -0.00499136 0.00251528
v 0.04727273 -0.00429328 0.00241347
v 0.04727273 -0.00504836 0.00282867
v 0.04909091 -0.00439594 0.00277041
v 0.04909091 -0.00345387 0.00243488
v 0.05090909 -0.00356709 0.00281884
v 0.04727273 -0.00232350 0.00181953
v 0.04909091 -0.00237907 0.00218555
v 0.05090909 -0.00245706 0.00257300
v 0.05630337 -0.00462936 0.00295497
v 0.05500000 -0.00436563 0.00294035
v 0.05760674 -0.00489179 0.00296946
v 0.05891011 -0.00515144 0.00298378
v 0.05760674 -0.00332770 0.00292968
v 0.06021348 -0.00364790 0.00295868
v 0.05891011 -0.00348916 0.00294428
v 0.06673034 -0.00437189 0.00302682
v 0.06933708 -0.00461340 0.00305177
v 0.06803371 -0.00449691 0.00303949
v 0.06151685 -0.00380311 0.00297286
v 0.06282023 -0.00395394 0.00298679
v 0.06412359 -0.00409957 0.00300045
v 0.06542697 -0.00423917 0.00301380
v 0.05630337 -0.00316437 0.00291491
v 0.05500000 -0.00300000 0.00290000
v 0.05272727 -0.00255057 0.00296808
v 0.05500000 -0.00163437 0.00294035
v 0.05630337 -0.00169939 0.00295497
v 0.05891011 -0.00182688 0.00298378
v 0.06021348 -0.00188901 0.00299790
v 0.05760674 -0.00176361 0.00296946
v 0.06151685 -0.00194986 0.00301181
v 0.06282023 -0.00200925 0.00302548
v 0.06412359 -0.00206703 0.00303887
v 0.06542697 -0.00212301 0.00305197
v 0.06673034 -0.00217705 0.00306474
v 0.06803371 -0.00222898 0.00307716
v 0.06933708 -0.00227862 0.00308920
v 0.04000000 -0.00130771 0.00024759
v 0.04181818 -0.00123013 0.00064768
v 0.04000000 -0.00000000 0.00018925
v 0.04181818 -0.00000000 0.00059134
v 0.04363636 -0.00118223 0.00101283
v 0.04363636 -0.00000000 0.00095812
v 0.04545455 -0.00117114 0.00133011
v 0.04545455 -0.00000000 0.00127656
v 0.04000000 0.00130771 0.00024759
v 0.04181818 0.00123013 0.00064768
v 0.04000000 0.00256517 0.00042039
v 0.04363636 0.00118223 0.00101283
v 0.04181818 0.00241299 0.00081453
v 0.04363636 0.00231903 0.00117485
v 0.04545455 0.00117114 0.00133011
v 0.04545455 0.00229727 0.00148872
v 0.04727273 -0.00118451 0.00166361
v 0.04909091 -0.00121284 0.00203202
v 0.04727273 -0.00000000 0.00161097
v 0.04909091 -0.00000000 0.00198018
v 0.05090909 -0.00125260 0.00242161
v 0.05090909 -0.00000000 0.00237049
v 0.04727273 0.00118451 0.00166361
v 0.04909091 0.00121284 0.00203202
v 0.04727273 0.00232350 0.00181953
v 0.04909091 0.00237907 0.00218555
v 0.05090909 0.00125260 0.00242161
v 0.05090909 0.00245706 0.00257300
v 0.05272727 -0.00130027 0.00281864
v 0.05272727 -0.00000000 0.00276818
v 0.05500000 -0.00032122 0.00305985
v 0.05630337 -0.00029070 0.00307363
v 0.05760674 -0.00025963 0.00308727
v 0.05891011 -0.00022848 0.00310076
v 0.06021348 -0.00019772 0.00311407
v 0.05272727 0.00130027 0.00281864
v 0.05272727 0.00255057 0.00296808
v 0.07194382 -0.00481745 0.00307507
v 0.07324719 -0.00490334 0.00308603
v 0.07064045 -0.00472053 0.00306364
v 0.07455056 -0.00497737 0.00309651
v 0.07585393 -0.00504139 0.00310649
v 0.07715730 -0.00510392 0.00311605
v 0.07064045 -0.00232583 0.00310084
v 0.07194382 -0.00237042 0.00311205
v 0.07324719 -0.00241224 0.00312281
v 0.03636364 0.00298211 -0.00040459
v 0.03636364 0.00432935 -0.00010167
v 0.03818182 0.00276006 0.00000862
v 0.03818182 0.00400698 0.00030008
v 0.04000000 0.00372406 0.00070101
v 0.04181818 0.00350312 0.00108549
v 0.04363636 0.00336670 0.00143795
v 0.04181818 0.00445862 0.00145015
v 0.03636364 0.00551022 0.00030599
v 0.03818182 0.00509992 0.00069233
v 0.04000000 0.00473983 0.00107865
v 0.04000000 0.00557344 0.00153880
v 0.03636364 0.00647933 0.00080273
v 0.03818182 0.00599687 0.00117028
v 0.04363636 0.00428500 0.00179203
v 0.04545455 0.00333512 0.00174629
v 0.04727273 0.00337321 0.00207273
v 0.04545455 0.00424480 0.00209292
v 0.04909091 0.00345387 0.00243488
v 0.05090909 0.00356709 0.00281884
v 0.04727273 0.00429328 0.00241347
v 0.04909091 0.00439594 0.00277041
v 0.04181818 0.00524279 0.00189448
v 0.04363636 0.00503863 0.00222347
v 0.04000000 0.00619288 0.00206379
v 0.04181818 0.00582547 0.00240141
v 0.04363636 0.00559862 0.00271571
v 0.04181818 0.00618429 0.00295146
v 0.04545455 0.00499136 0.00251528
v 0.04727273 0.00504836 0.00282867
v 0.04545455 0.00554610 0.00299715
v 0.03636364 0.00719945 0.00136946
v 0.03818182 0.00666337 0.00171557
v 0.03818182 0.00707379 0.00230725
v 0.03636364 0.00764289 0.00198439
v 0.04000000 0.00657433 0.00263344
v 0.03818182 0.00721238 0.00292257
v 0.03636364 0.00779263 0.00262390
v 0.04909091 -0.00516908 0.00317925
v 0.05090909 -0.00454005 0.00314970
v 0.05272727 -0.00471284 0.00353733
v 0.05272727 -0.00370285 0.00321075
v 0.05454545 -0.00385114 0.00359671
v 0.05500000 -0.00388883 0.00368824
v 0.05500000 -0.00357750 0.00362903
v 0.05454545 -0.00490157 0.00391929
v 0.05500000 -0.00494955 0.00400986
v 0.05500000 -0.00467666 0.00393018
v 0.05454545 -0.00265271 0.00335700
v 0.05500000 -0.00267868 0.00344925
v 0.05500000 -0.00234085 0.00341279
v 0.05454545 -0.00135234 0.00320940
v 0.05500000 -0.00136558 0.00330208
v 0.03818182 -0.00509992 0.00515282
v 0.03636364 -0.00432935 0.00534948
v 0.04181818 -0.00524279 0.00515252
v 0.04363636 -0.00503863 0.00538705
v 0.04000000 -0.00473983 0.00537306
v 0.04181818 -0.00445862 0.00559685
v 0.04363636 -0.00428500 0.00581849
v 0.03818182 -0.00400698 0.00554506
v 0.04000000 -0.00372406 0.00575070
v 0.04181818 -0.00350312 0.00596150
v 0.04363636 -0.00336670 0.00617257
v 0.04545455 -0.00499136 0.00561227
v 0.04727273 -0.00504836 0.00587312
v 0.04909091 -0.00516908 0.00617711
v 0.04545455 -0.00424480 0.00603464
v 0.03636364 -0.00298211 0.00565240
v 0.03818182 -0.00276006 0.00583653
v 0.04000000 -0.00256517 0.00603131
v 0.04181818 -0.00241299 0.00623246
v 0.03636364 -0.00152027 0.00583894
v 0.03818182 -0.00140706 0.00601601
v 0.05500000 -0.00101425 0.00328977
v 0.05454545 -0.00000000 0.00315955
v 0.05500000 -0.00000000 0.00325239
v 0.05500000 0.00035132 0.00326470
v 0.06151685 -0.00016783 0.00312717
v 0.06282023 -0.00013929 0.00314004
v 0.06412359 -0.00011259 0.00315266
v 0.06542697 -0.00008818 0.00316499
v 0.06673034 -0.00006656 0.00317702
v 0.06803371 -0.00004820 0.00318872
v 0.06933708 -0.00003357 0.00320007
v 0.05500000 0.00088899 0.00325391
v 0.05500000 0.00103518 0.00328991
v 0.05630337 0.00100755 0.00326631
v 0.05454545 0.00135234 0.00320940
v 0.05530656 0.00137451 0.00336459
v 0.05760674 0.00112645 0.00327859
v 0.05891011 0.00124462 0.00329073
v 0.06021348 0.00136099 0.00330270
v 0.05571781 0.00205754 0.00352088
v 0.05630337 0.00214548 0.00352562
v 0.05760674 0.00234136 0.00353606
v 0.05891011 0.00253580 0.00354638
v 0.06151685 0.00147450 0.00331450
v 0.06282023 0.00158407 0.00332608
v 0.06412359 0.00168864 0.00333743
v 0.06542697 0.00178713 0.00334854
v 0.06673034 0.00187848 0.00335936
v 0.06803371 0.00196162 0.00336989
v 0.06933708 0.00203549 0.00338010
v 0.04000000 -0.00130771 0.00620411
v 0.03636364 0.00000000 0.00590192
v 0.03818182 0.00000000 0.00607661
v 0.04000000 0.00000000 0.00626246
v 0.03636364 0.00152027 0.00583894
v 0.03818182 0.00140706 0.00601601
v 0.04000000 0.00130771 0.00620411
v 0.04000000 0.00256517 0.00603131
v 0.04181818 0.00241299 0.00623246
v 0.07846067 -0.00516556 0.00312525
v 0.07976405 -0.00522615 0.00313409
v 0.07455056 -0.00245113 0.00313308
v 0.07585393 -0.00248759 0.00314287
v 0.07715730 -0.00252376 0.00315225
v 0.07846067 -0.00255973 0.00316127
v 0.07976405 -0.00259537 0.00316995
v 0.08106741 -0.00263059 0.00317831
v 0.08237079 -0.00266526 0.00318640
v 0.08367416 -0.00269928 0.00319424
v 0.08497753 -0.00273254 0.00320186
v 0.08628090 -0.00276492 0.00320930
v 0.08758427 -0.00279631 0.00321657
v 0.08888764 -0.00282660 0.00322371
v 0.09019101 -0.00285568 0.00323076
v 0.09149438 -0.00288345 0.00323773
v 0.09279776 -0.00290977 0.00324466
v 0.09410112 -0.00293456 0.00325159
v 0.09540449 -0.00295769 0.00325853
v 0.09670787 -0.00297905 0.00326553
v 0.09801123 -0.00299854 0.00327260
v 0.09931461 -0.00301604 0.00327979
v 0.10061797 -0.00303144 0.00328711
v 0.10192135 -0.00304462 0.00329460
v 0.10322472 -0.00305548 0.00330230
v 0.07064045 -0.00002315 0.00321103
v 0.07194382 -0.00001743 0.00322159
v 0.07324719 -0.00001688 0.00323173
v 0.07455056 -0.00002196 0.00324140
v 0.07585393 -0.00003193 0.00325062
v 0.07715730 -0.00004276 0.00325946
v 0.07846067 -0.00005404 0.00326795
v 0.07976405 -0.00006570 0.00327613
v 0.08106741 -0.00007765 0.00328401
v 0.08237079 -0.00008983 0.00329163
v 0.08367416 -0.00010215 0.00329901
v 0.08497753 -0.00011454 0.00330619
v 0.08628090 -0.00012691 0.00331319
v 0.07064045 0.00209900 0.00338997
v 0.07194382 0.00215110 0.00339948
v 0.07324719 0.00219071 0.00340860
v 0.07455056 0.00221676 0.00341730
v 0.07585393 0.00223122 0.00342560
v 0.07715730 0.00224375 0.00343356
v 0.07846067 0.00225522 0.00344120
v 0.07976405 0.00226567 0.00344855
v 0.08106741 0.00227514 0.00345565
v 0.08237079 0.00228370 0.00346251
v 0.08367416 0.00229138 0.00346915
v 0.08497753 0.00229823 0.00347561
v 0.08628090 0.00230430 0.00348191
v 0.08758427 -0.00013919 0.00332004
v 0.08888764 -0.00015130 0.00332677
v 0.09019101 -0.00016316 0.00333341
v 0.09149438 -0.00017470 0.00333998
v 0.09279776 -0.00018583 0.00334651
v 0.09410112 -0.00019649 0.00335303
v 0.09540449 -0.00020658 0.00335957
v 0.09670787 -0.00021604 0.00336616
v 0.09801123 -0.00022479 0.00337283
v 0.09931461 -0.00023274 0.00337959
v 0.10061797 -0.00023982 0.00338649
v 0.10192135 -0.00024595 0.00339355
v 0.10322472 -0.00025106 0.00340080
v 0.08758427 0.00230963 0.00348808
v 0.08888764 0.00231428 0.00349414
v 0.09019101 0.00231828 0.00350011
v 0.09149438 0.00232170 0.00350602
v 0.09279776 0.00232456 0.00351190
v 0.09410112 0.00232693 0.00351777
v 0.09540449 0.00232885 0.00352366
v 0.09670787 0.00233036 0.00352959
v 0.09801123 0.00233152 0.00353558
v 0.09931461 0.00233236 0.00354167
v 0.10061797 0.00233295 0.00354788
v 0.10192135 0.00233331 0.00355423
v 0.10322472 0.00233351 0.00356076
v 0.04727273 -0.00429328 0.00628832
v 0.04909091 -0.00439594 0.00658596
v 0.05090909 -0.00454005 0.00691205
v 0.04545455 -0.00333512 0.00638126
v 0.04727273 -0.00337321 0.00662907
v 0.04909091 -0.00345387 0.00692149
v 0.05090909 -0.00356709 0.00724290
v 0.04363636 -0.00231903 0.00643568
v 0.04545455 -0.00229727 0.00663883
v 0.04727273 -0.00232350 0.00688226
v 0.04909091 -0.00237907 0.00717081
v 0.05090909 -0.00245706 0.00748875
v 0.05272727 -0.00471284 0.00725111
v 0.05454545 -0.00490157 0.00758764
v 0.05272727 -0.00370285 0.00757769
v 0.05272727 -0.00255057 0.00782036
v 0.05636363 -0.00509349 0.00790615
v 0.05454545 -0.00385114 0.00791022
v 0.05636363 -0.00400193 0.00822489
v 0.05818182 -0.00414520 0.00850607
v 0.06000000 -0.00427095 0.00873813
v 0.06181818 -0.00436914 0.00890546
v 0.06363636 -0.00442977 0.00899243
v 0.06545454 -0.00444329 0.00898678
v 0.06727273 -0.00441364 0.00895080
v 0.06909091 -0.00434689 0.00891332
v 0.05454545 -0.00265271 0.00814993
v 0.05636363 -0.00275657 0.00846174
v 0.05454545 -0.00135234 0.00829754
v 0.05636363 -0.00140529 0.00860758
v 0.05818182 -0.00285526 0.00874006
v 0.06000000 -0.00294188 0.00896920
v 0.05818182 -0.00145560 0.00888416
v 0.06000000 -0.00149976 0.00911149
v 0.06181818 -0.00300952 0.00913341
v 0.06363636 -0.00305128 0.00921699
v 0.06727273 -0.00304017 0.00916761
v 0.06909091 -0.00299419 0.00912597
v 0.06545454 -0.00306059 0.00920759
v 0.06181818 -0.00153424 0.00927379
v 0.06363636 -0.00155553 0.00935528
v 0.06545454 -0.00156028 0.00934357
v 0.06727273 -0.00154987 0.00930112
v 0.06909091 -0.00152642 0.00925692
v 0.04181818 -0.00123013 0.00639932
v 0.04363636 -0.00118223 0.00659770
v 0.04181818 0.00000000 0.00645566
v 0.04363636 0.00000000 0.00665240
v 0.04545455 -0.00117114 0.00679744
v 0.04727273 -0.00118451 0.00703818
v 0.04545455 0.00000000 0.00685099
v 0.04909091 -0.00121284 0.00732434
v 0.05090909 -0.00125260 0.00764014
v 0.04727273 0.00000000 0.00709083
v 0.04909091 0.00000000 0.00737618
v 0.05090909 0.00000000 0.00769126
v 0.04181818 0.00123013 0.00639932
v 0.04363636 0.00118223 0.00659770
v 0.04363636 0.00231903 0.00643568
v 0.04545455 0.00117114 0.00679744
v 0.04727273 0.00118451 0.00703818
v 0.04545455 0.00229727 0.00663883
v 0.04727273 0.00232350 0.00688226
v 0.04909091 0.00121284 0.00732434
v 0.05090909 0.00125260 0.00764014
v 0.04909091 0.00237907 0.00717081
v 0.05090909 0.00245706 0.00748875
v 0.05272727 0.00255057 0.00782036
v 0.05272727 -0.00130027 0.00796979
v 0.05272727 0.00000000 0.00802025
v 0.05454545 0.00000000 0.00834738
v 0.05636363 0.00000000 0.00865683
v 0.05818182 0.00000000 0.00893281
v 0.06000000 0.00000000 0.00915953
v 0.06181818 0.00000000 0.00932118
v 0.06363636 0.00000000 0.00940198
v 0.06545454 0.00000000 0.00938948
v 0.06909091 0.00000000 0.00930113
v 0.06727273 0.00000000 0.00934621
v 0.05272727 0.00130027 0.00796979
v 0.05454545 0.00135234 0.00829754
v 0.05636363 0.00140529 0.00860758
v 0.05818182 0.00145560 0.00888416
v 0.06000000 0.00149976 0.00911149
v 0.06181818 0.00153424 0.00927379
v 0.06363636 0.00155553 0.00935528
v 0.06545454 0.00156028 0.00934357
v 0.06727273 0.00154987 0.00930112
v 0.06909091 0.00152642 0.00925692
v 0.08000000 -0.00523690 0.00686436
v 0.08000000 -0.00308238 0.00683500
v 0.08000000 -0.00260175 0.00682854
v 0.08106741 -0.00263059 0.00682169
v 0.08237079 -0.00266526 0.00681360
v 0.08367416 -0.00269928 0.00680576
v 0.08497753 -0.00273254 0.00679814
v 0.08628090 -0.00276492 0.00679070
v 0.08758427 -0.00279631 0.00678343
v 0.08888764 -0.00282660 0.00677629
v 0.09019101 -0.00285568 0.00676925
v 0.09149438 -0.00288345 0.00676227
v 0.09410112 -0.00293456 0.00674841
v 0.09279776 -0.00290977 0.00675534
v 0.09540449 -0.00295769 0.00674147
v 0.09670787 -0.00297905 0.00673447
v 0.09801123 -0.00299854 0.00672740
v 0.09931461 -0.00301604 0.00672021
v 0.10061797 -0.00303144 0.00671289
v 0.10192135 -0.00304462 0.00670540
v 0.10322472 -0.00305548 0.00669770
v 0.07272727 -0.00523606 0.00855994
v 0.07454546 -0.00503209 0.00852479
v 0.07636364 -0.00479602 0.00848872
v 0.08000000 -0.00498882 0.00811114
v 0.07818182 -0.00453161 0.00845183
v 0.08000000 -0.00424264 0.00841421
v 0.07090909 -0.00424600 0.00887445
v 0.07272727 -0.00411394 0.00883430
v 0.07454546 -0.00395369 0.00879296
v 0.07636364 -0.00376821 0.00875055
v 0.07818182 -0.00356046 0.00870718
v 0.08000000 -0.00333342 0.00866294
v 0.07454546 -0.00272335 0.00899223
v 0.07636364 -0.00259559 0.00894511
v 0.07090909 -0.00292470 0.00908278
v 0.07272727 -0.00283373 0.00903816
v 0.07272727 -0.00144462 0.00916370
v 0.07090909 -0.00149100 0.00921107
v 0.07454546 -0.00138835 0.00911494
v 0.07636364 -0.00132322 0.00906492
v 0.07818182 -0.00245249 0.00889691
v 0.08000000 -0.00229610 0.00884776
v 0.08000000 -0.00053003 0.00674158
v 0.08000000 -0.00006786 0.00672245
v 0.08106741 -0.00007765 0.00671599
v 0.08000000 0.00000000 0.00700000
v 0.08237079 -0.00008983 0.00670837
v 0.08367416 -0.00010215 0.00670099
v 0.08497753 -0.00011454 0.00669381
v 0.08628090 -0.00012691 0.00668681
v 0.08000000 0.00184145 0.00658123
v 0.08000000 0.00226738 0.00655016
v 0.08106741 0.00227514 0.00654435
v 0.08237079 0.00228370 0.00653749
v 0.08367416 0.00229138 0.00653085
v 0.08497753 0.00229823 0.00652439
v 0.08628090 0.00230430 0.00651809
v 0.09279776 -0.00018583 0.00665349
v 0.09410112 -0.00019649 0.00664697
v 0.08758427 -0.00013919 0.00667996
v 0.08888764 -0.00015130 0.00667323
v 0.09019101 -0.00016316 0.00666659
v 0.09149438 -0.00017470 0.00666002
v 0.09540449 -0.00020658 0.00664043
v 0.09670787 -0.00021604 0.00663384
v 0.09801123 -0.00022479 0.00662717
v 0.09931461 -0.00023274 0.00662041
v 0.10061797 -0.00023982 0.00661351
v 0.10192135 -0.00024595 0.00660645
v 0.10322472 -0.00025106 0.00659920
v 0.08758427 0.00230963 0.00651192
v 0.08888764 0.00231428 0.00650586
v 0.09019101 0.00231828 0.00649989
v 0.09149438 0.00232170 0.00649398
v 0.09279776 0.00232456 0.00648810
v 0.09410112 0.00232693 0.00648223
v 0.09540449 0.00232885 0.00647634
v 0.09670787 0.00233036 0.00647041
v 0.09801123 0.00233152 0.00646442
v 0.09931461 0.00233236 0.00645833
v 0.10061797 0.00233295 0.00645212
v 0.10192135 0.00233331 0.00644577
v 0.10322472 0.00233351 0.00643924
v 0.07090909 0.00000000 0.00925438
v 0.07272727 0.00000000 0.00920609
v 0.07454546 0.00000000 0.00915638
v 0.07636364 0.00000000 0.00910537
v 0.08000000 -0.00117054 0.00896157
v 0.07818182 -0.00125027 0.00901375
v 0.08000000 0.00000000 0.00900000
v 0.07818182 0.00000000 0.00905320
v 0.07272727 0.00144462 0.00916370
v 0.07090909 0.00149100 0.00921107
v 0.07454546 0.00138835 0.00911494
v 0.07636364 0.00132322 0.00906492
v 0.07636364 0.00259559 0.00894511
v 0.08000000 0.00117054 0.00896157
v 0.07818182 0.00125027 0.00901375
v 0.07818182 0.00245249 0.00889691
v 0.08000000 0.00229610 0.00884776
v 0.05090909 0.00454005 0.00314970
v 0.04363636 0.00594347 0.00324981
v 0.04363636 0.00605991 0.00380526
v 0.04181818 0.00630544 0.00352350
v 0.04909091 0.00516908 0.00317925
v 0.05090909 0.00533853 0.00355284
v 0.04727273 0.00560944 0.00330237
v 0.04545455 0.00588771 0.00352002
v 0.04727273 0.00595495 0.00381636
v 0.04909091 0.00574358 0.00364570
v 0.04181818 0.00618429 0.00409553
v 0.03818182 0.00599687 0.00467486
v 0.03636364 0.00647933 0.00444507
v 0.04363636 0.00594347 0.00436071
v 0.04181818 0.00582547 0.00464559
v 0.04000000 0.00619288 0.00438791
v 0.04545455 0.00600305 0.00406378
v 0.05090909 0.00593186 0.00401279
v 0.04909091 0.00609735 0.00415183
v 0.04545455 0.00588771 0.00460754
v 0.04727273 0.00607161 0.00435090
v 0.04909091 0.00621680 0.00467818
v 0.05090909 0.00629723 0.00451186
v 0.05454545 0.00265271 0.00335700
v 0.05630337 0.00267634 0.00370523
v 0.05636363 0.00274480 0.00372472
v 0.05636363 0.00275657 0.00372599
v 0.05637559 0.00275722 0.00372819
v 0.05638711 0.00277450 0.00373334
v 0.05662605 0.00314349 0.00384362
v 0.06021348 0.00272721 0.00355657
v 0.05760674 0.00333841 0.00384979
v 0.05891011 0.00359544 0.00385790
v 0.05272727 0.00370285 0.00321075
v 0.05454545 0.00385114 0.00359671
v 0.06021348 0.00384844 0.00386590
v 0.06151685 0.00291401 0.00356660
v 0.06282023 0.00309461 0.00357645
v 0.06412359 0.00326742 0.00358610
v 0.06542697 0.00343085 0.00359555
v 0.06673034 0.00358332 0.00360475
v 0.06151685 0.00409539 0.00387378
v 0.06282023 0.00433428 0.00388152
v 0.06412359 0.00456309 0.00388911
v 0.06803371 0.00372325 0.00361371
v 0.06933708 0.00384903 0.00362239
v 0.05636363 0.00400193 0.00396283
v 0.05760674 0.00400576 0.00417220
v 0.05771968 0.00410878 0.00421075
v 0.05771036 0.00410341 0.00420817
v 0.05891011 0.00438282 0.00421331
v 0.05818182 0.00441443 0.00437023
v 0.05272727 0.00471284 0.00353733
v 0.06542697 0.00477982 0.00389653
v 0.06673034 0.00498245 0.00390376
v 0.05454545 0.00490157 0.00391929
v 0.05272727 0.00554171 0.00393527
v 0.05636363 0.00509349 0.00428157
v 0.06021348 0.00468158 0.00421882
v 0.05891011 0.00485255 0.00458690
v 0.05894972 0.00487763 0.00459903
v 0.05818182 0.00527584 0.00461015
v 0.06021348 0.00519463 0.00460176
v 0.05454545 0.00576364 0.00431237
v 0.05636363 0.00598931 0.00466995
v 0.05272727 0.00615762 0.00438928
v 0.06151685 0.00497323 0.00422425
v 0.06282023 0.00525543 0.00422958
v 0.06412359 0.00552587 0.00423481
v 0.06803371 0.00516897 0.00391080
v 0.06933708 0.00533736 0.00391762
v 0.06151685 0.00551380 0.00460452
v 0.06542697 0.00578220 0.00423991
v 0.06673034 0.00602210 0.00424490
v 0.06803371 0.00624324 0.00424974
v 0.06933708 0.00644330 0.00425444
v 0.06282023 0.00582268 0.00460724
v 0.06412359 0.00611874 0.00460991
v 0.06542697 0.00639946 0.00461251
v 0.03636364 0.00432935 0.00534948
v 0.03636364 0.00298211 0.00565240
v 0.03818182 0.00276006 0.00583653
v 0.04181818 0.00350312 0.00596150
v 0.04363636 0.00336670 0.00617257
v 0.03818182 0.00400698 0.00554506
v 0.04000000 0.00372406 0.00575070
v 0.04181818 0.00445862 0.00559685
v 0.04363636 0.00428500 0.00581849
v 0.04545455 0.00424480 0.00603464
v 0.03636364 0.00551022 0.00494181
v 0.04000000 0.00557344 0.00491290
v 0.03818182 0.00509992 0.00515282
v 0.04000000 0.00473983 0.00537306
v 0.04363636 0.00503863 0.00538705
v 0.04181818 0.00524279 0.00515252
v 0.04363636 0.00559862 0.00489481
v 0.04545455 0.00554610 0.00513040
v 0.04727273 0.00595495 0.00488543
v 0.05090909 0.00642060 0.00503087
v 0.04727273 0.00560944 0.00539942
v 0.04909091 0.00609735 0.00520454
v 0.04545455 0.00499136 0.00561227
v 0.04727273 0.00504836 0.00587312
v 0.04909091 0.00516908 0.00617711
v 0.04909091 0.00574358 0.00571066
v 0.05090909 0.00629723 0.00554989
v 0.05090909 0.00593186 0.00604896
v 0.05946831 0.00505845 0.00471679
v 0.06000000 0.00524494 0.00484004
v 0.06021348 0.00531603 0.00488083
v 0.06000000 0.00543588 0.00489101
v 0.06071797 0.00548524 0.00497754
v 0.06081621 0.00551976 0.00500000
v 0.05454545 0.00640421 0.00476082
v 0.05272727 0.00653690 0.00488190
v 0.05818182 0.00620373 0.00499386
v 0.06000000 0.00639192 0.00526992
v 0.06151685 0.00569633 0.00500000
v 0.06282023 0.00601422 0.00500000
v 0.06412359 0.00631893 0.00500000
v 0.06151685 0.00564395 0.00511350
v 0.06181818 0.00569326 0.00516075
v 0.06214154 0.00575094 0.00520114
v 0.06221625 0.00576413 0.00521075
v 0.06282023 0.00587311 0.00528934
v 0.06363636 0.00600812 0.00539098
v 0.06363754 0.00600833 0.00539109
v 0.06412359 0.00606542 0.00542383
v 0.06412359 0.00611874 0.00539009
v 0.06427397 0.00607991 0.00543278
v 0.06446760 0.00610062 0.00544507
v 0.06542697 0.00639946 0.00538749
v 0.05272727 0.00653690 0.00590653
v 0.06181818 0.00653888 0.00548395
v 0.06545454 0.00620221 0.00550951
v 0.06542697 0.00619995 0.00550792
v 0.06595584 0.00624634 0.00553666
v 0.06673122 0.00632247 0.00558152
v 0.06673034 0.00632241 0.00558147
v 0.06727273 0.00636293 0.00560923
v 0.06759621 0.00638391 0.00562763
v 0.06803371 0.00641638 0.00565400
v 0.06901387 0.00646795 0.00570543
v 0.06909091 0.00647195 0.00570951
v 0.06923892 0.00647805 0.00571821
v 0.06909091 0.00650558 0.00572156
v 0.06935690 0.00648349 0.00572536
v 0.06933708 0.00648293 0.00572429
v 0.04000000 0.00670312 0.00322585
v 0.03818182 0.00707379 0.00353790
v 0.03636364 0.00719945 0.00387835
v 0.04000000 0.00657433 0.00381826
v 0.03636364 0.00764289 0.00326341
v 0.03818182 0.00666337 0.00412957
v 0.06673034 0.00666231 0.00461505
v 0.06803371 0.00690477 0.00461752
v 0.06933708 0.00712433 0.00461992
v 0.05454545 0.00679867 0.00524742
v 0.05636363 0.00665496 0.00511306
v 0.05272727 0.00666496 0.00539422
v 0.05818182 0.00689322 0.00543164
v 0.06542697 0.00660788 0.00500000
v 0.06673034 0.00687848 0.00500000
v 0.06803371 0.00712815 0.00500000
v 0.06933708 0.00735428 0.00500000
v 0.06673034 0.00666231 0.00538495
v 0.06803371 0.00690477 0.00538248
v 0.06933708 0.00712433 0.00538008
v 0.05454545 0.00693187 0.00575347
v 0.05636363 0.00706487 0.00559385
v 0.06000000 0.00710232 0.00570221
v 0.05454545 0.00679867 0.00625951
v 0.05636363 0.00720328 0.00609386
v 0.05818182 0.00731780 0.00590666
v 0.06000000 0.00753979 0.00617128
v 0.06363636 0.00662962 0.00562179
v 0.06545454 0.00664986 0.00567248
v 0.06727273 0.00660548 0.00569652
v 0.06181818 0.00726562 0.00591042
v 0.06363636 0.00736644 0.00604192
v 0.06545454 0.00738893 0.00608559
v 0.06909091 0.00722861 0.00611940
v 0.06727273 0.00733962 0.00610215
v 0.07064045 0.00395908 0.00363078
v 0.07194382 0.00405183 0.00363887
v 0.07324719 0.00412567 0.00364662
v 0.07455056 0.00417903 0.00365403
v 0.07585393 0.00421489 0.00366108
v 0.07715730 0.00424789 0.00366785
v 0.07846067 0.00427930 0.00367435
v 0.07976405 0.00430912 0.00368060
v 0.08106741 0.00433739 0.00368664
v 0.08237079 0.00436412 0.00369247
v 0.08367416 0.00438932 0.00369812
v 0.08497753 0.00441303 0.00370362
v 0.08628090 0.00443526 0.00370897
v 0.07064045 0.00548562 0.00392421
v 0.07194382 0.00561172 0.00393056
v 0.07324719 0.00571366 0.00393666
v 0.07455056 0.00578942 0.00394248
v 0.07585393 0.00584284 0.00394802
v 0.07715730 0.00589265 0.00395334
v 0.07846067 0.00594042 0.00395844
v 0.07976405 0.00598614 0.00396336
v 0.08106741 0.00602983 0.00396810
v 0.08237079 0.00607147 0.00397268
v 0.08367416 0.00611106 0.00397712
v 0.08497753 0.00614861 0.00398144
v 0.08628090 0.00618410 0.00398565
v 0.08758427 0.00445604 0.00371422
v 0.08888764 0.00447537 0.00371937
v 0.09019101 0.00449329 0.00372445
v 0.09149438 0.00450981 0.00372947
v 0.09279776 0.00452495 0.00373447
v 0.09410112 0.00453873 0.00373947
v 0.09540449 0.00455118 0.00374447
v 0.09670787 0.00456231 0.00374952
v 0.09801123 0.00457214 0.00375462
v 0.09931461 0.00458070 0.00375980
v 0.10061797 0.00458800 0.00376508
v 0.10192135 0.00459406 0.00377048
v 0.10322472 0.00459891 0.00377602
v 0.08758427 0.00621755 0.00398977
v 0.08888764 0.00624893 0.00399381
v 0.09019101 0.00627827 0.00399780
v 0.09149438 0.00630554 0.00400175
v 0.09279776 0.00633075 0.00400568
v 0.09410112 0.00635391 0.00400960
v 0.09540449 0.00637499 0.00401354
v 0.09670787 0.00639402 0.00401750
v 0.09801123 0.00641097 0.00402151
v 0.09931461 0.00642585 0.00402558
v 0.10061797 0.00643867 0.00402973
v 0.10192135 0.00644941 0.00403397
v 0.10322472 0.00645807 0.00403833
v 0.06965192 0.00648596 0.00574446
v 0.07119526 0.00643118 0.00581179
v 0.07064045 0.00645842 0.00578868
v 0.07086154 0.00644891 0.00579672
v 0.07090909 0.00644719 0.00579864
v 0.07194382 0.00639089 0.00584572
v 0.07245521 0.00635603 0.00586483
v 0.07330825 0.00629045 0.00590231
v 0.07324719 0.00629631 0.00589995
v 0.07272727 0.00633910 0.00587589
v 0.07561406 0.00605324 0.00599243
v 0.07745921 0.00580903 0.00606168
v 0.07585393 0.00602693 0.00600216
v 0.07636364 0.00596826 0.00602123
v 0.07697474 0.00588567 0.00604741
v 0.07719050 0.00585155 0.00605377
v 0.07715730 0.00585693 0.00605286
v 0.07715730 0.00589265 0.00604666
v 0.07454546 0.00617883 0.00595035
v 0.07455056 0.00617828 0.00595058
v 0.07403866 0.00622310 0.00592985
v 0.07538799 0.00607892 0.00598378
v 0.07636364 0.00626630 0.00619431
v 0.07976405 0.00542717 0.00613089
v 0.07945219 0.00547860 0.00612155
v 0.08000000 0.00538732 0.00613738
v 0.08000000 0.00554328 0.00623463
v 0.07846067 0.00594042 0.00604156
v 0.07976405 0.00598614 0.00603664
v 0.08106741 0.00602983 0.00603190
v 0.07818182 0.00570014 0.00608200
v 0.07872923 0.00560429 0.00609881
v 0.07846067 0.00565189 0.00609090
v 0.07818182 0.00592083 0.00621427
v 0.08237079 0.00607147 0.00602732
v 0.08367416 0.00611106 0.00602288
v 0.08497753 0.00614861 0.00601856
v 0.08628090 0.00618410 0.00601435
v 0.09410112 0.00453873 0.00626053
v 0.09540449 0.00455118 0.00625553
v 0.09670787 0.00456231 0.00625048
v 0.09801123 0.00457214 0.00624538
v 0.09931461 0.00458070 0.00624020
v 0.10061797 0.00458800 0.00623492
v 0.08758427 0.00621755 0.00601023
v 0.08888764 0.00624893 0.00600619
v 0.09019101 0.00627827 0.00600220
v 0.09149438 0.00630554 0.00599825
v 0.09279776 0.00633075 0.00599432
v 0.09410112 0.00635391 0.00599040
v 0.10192135 0.00459406 0.00622952
v 0.10322472 0.00459891 0.00622398
v 0.09540449 0.00637499 0.00598646
v 0.09670787 0.00639402 0.00598250
v 0.09801123 0.00641097 0.00597849
v 0.09931461 0.00642585 0.00597442
v 0.10061797 0.00643867 0.00597027
v 0.10192135 0.00644941 0.00596603
v 0.10322472 0.00645807 0.00596167
v 0.07064045 0.00661993 0.00425899
v 0.07194382 0.00677082 0.00426336
v 0.07324719 0.00689363 0.00426756
v 0.07455056 0.00698604 0.00427157
v 0.07585393 0.00705252 0.00427538
v 0.07715730 0.00711481 0.00427904
v 0.07064045 0.00731844 0.00462223
v 0.07194382 0.00748459 0.00462446
v 0.07324719 0.00762026 0.00462660
v 0.07455056 0.00772292 0.00462865
v 0.07585393 0.00779744 0.00463059
v 0.07715730 0.00786742 0.00463246
v 0.07846067 0.00717474 0.00428256
v 0.07976405 0.00723228 0.00428595
v 0.08106741 0.00728743 0.00428921
v 0.08237079 0.00734015 0.00429237
v 0.08367416 0.00739043 0.00429543
v 0.08497753 0.00743826 0.00429840
v 0.08628090 0.00748361 0.00430130
v 0.07846067 0.00793483 0.00463425
v 0.07976405 0.00799965 0.00463598
v 0.08106741 0.00806185 0.00463764
v 0.08237079 0.00812140 0.00463925
v 0.08367416 0.00817826 0.00464081
v 0.08497753 0.00823242 0.00464233
v 0.08628090 0.00828384 0.00464381
v 0.08758427 0.00752647 0.00430414
v 0.08888764 0.00756681 0.00430693
v 0.09019101 0.00760463 0.00430967
v 0.08758427 0.00833249 0.00464525
v 0.08888764 0.00837836 0.00464667
v 0.09019101 0.00842139 0.00464808
v 0.09149438 0.00763989 0.00431240
v 0.09279776 0.00767259 0.00431510
v 0.09410112 0.00770270 0.00431780
v 0.09149438 0.00846158 0.00464946
v 0.09279776 0.00849889 0.00465084
v 0.09540449 0.00773021 0.00432051
v 0.09670787 0.00775510 0.00432324
v 0.09801123 0.00777734 0.00432600
v 0.09931461 0.00779693 0.00432881
v 0.10061797 0.00781384 0.00433166
v 0.10192135 0.00782805 0.00433459
v 0.10322472 0.00783955 0.00433759
v 0.09410112 0.00853329 0.00465222
v 0.09540449 0.00856475 0.00465360
v 0.09670787 0.00859325 0.00465499
v 0.09801123 0.00861875 0.00465640
v 0.09931461 0.00864123 0.00465783
v 0.10061797 0.00866067 0.00465928
v 0.10192135 0.00867702 0.00466078
v 0.10322472 0.00869026 0.00466231
v 0.07064045 0.00731844 0.00537777
v 0.07194382 0.00748459 0.00537554
v 0.07064045 0.00755430 0.00500000
v 0.07194382 0.00772560 0.00500000
v 0.07324719 0.00786561 0.00500000
v 0.07455056 0.00797173 0.00500000
v 0.07585393 0.00804896 0.00500000
v 0.07715730 0.00812154 0.00500000
v 0.07324719 0.00762026 0.00537340
v 0.07455056 0.00772292 0.00537135
v 0.07585393 0.00779744 0.00536941
v 0.07715730 0.00786742 0.00536754
v 0.07846067 0.00819148 0.00500000
v 0.07976405 0.00825876 0.00500000
v 0.08106741 0.00832334 0.00500000
v 0.08237079 0.00838519 0.00500000
v 0.08367416 0.00844428 0.00500000
v 0.08497753 0.00850058 0.00500000
v 0.07846067 0.00793483 0.00536575
v 0.07976405 0.00799965 0.00536402
v 0.08106741 0.00806185 0.00536236
v 0.08237079 0.00812140 0.00536075
v 0.08367416 0.00817826 0.00535919
v 0.08497753 0.00823242 0.00535767
v 0.08628090 0.00828384 0.00535619
v 0.07064045 0.00661993 0.00574101
v 0.07194382 0.00677082 0.00573664
v 0.07324719 0.00689363 0.00573244
v 0.07455056 0.00698604 0.00572844
v 0.07585393 0.00705252 0.00572462
v 0.07715730 0.00711481 0.00572095
v 0.07272727 0.00684124 0.00615577
v 0.07090909 0.00706084 0.00613728
v 0.07454546 0.00657475 0.00617479
v 0.07846067 0.00717474 0.00571744
v 0.07976405 0.00723228 0.00571405
v 0.08106741 0.00728743 0.00571079
v 0.08237079 0.00734015 0.00570763
v 0.08367416 0.00739043 0.00570457
v 0.08497753 0.00743826 0.00570160
v 0.08628090 0.00748361 0.00569870
v 0.08628090 0.00855405 0.00500000
v 0.08758427 0.00833249 0.00535475
v 0.08888764 0.00837836 0.00535333
v 0.09019101 0.00842139 0.00535192
v 0.09149438 0.00846158 0.00535054
v 0.09279776 0.00849889 0.00534916
v 0.08758427 0.00752647 0.00569586
v 0.08888764 0.00756681 0.00569307
v 0.09019101 0.00760463 0.00569033
v 0.09149438 0.00763989 0.00568760
v 0.09279776 0.00767259 0.00568490
v 0.09410112 0.00770270 0.00568220
v 0.09801123 0.00777734 0.00567400
v 0.09540449 0.00773021 0.00567949
v 0.09670787 0.00775510 0.00567676
v 0.09931461 0.00779693 0.00567119
v 0.10061797 0.00781384 0.00566834
v 0.10192135 0.00782805 0.00566541
v 0.10322472 0.00783955 0.00566241
v 0.08758427 0.00860466 0.00500000
v 0.08888764 0.00865238 0.00500000
v 0.09019101 0.00869718 0.00500000
v 0.09149438 0.00873903 0.00500000
v 0.09279776 0.00877790 0.00500000
v 0.09410112 0.00881374 0.00500000
v 0.09410112 0.00853329 0.00534778
v 0.09540449 0.00884654 0.00500000
v 0.09670787 0.00887626 0.00500000
v 0.09801123 0.00890286 0.00500000
v 0.09931461 0.00892632 0.00500000
v 0.10061797 0.00894661 0.00500000
v 0.10192135 0.00896368 0.00500000
v 0.10322472 0.00897751 0.00500000
v 0.09540449 0.00856475 0.00534640
v 0.09670787 0.00859325 0.00534501
v 0.09801123 0.00861875 0.00534360
v 0.09931461 0.00864123 0.00534217
v 0.10061797 0.00866067 0.00534071
v 0.10192135 0.00867702 0.00533922
v 0.10322472 0.00869026 0.00533769
v 0.04545455 0.00333512 0.00638126
v 0.04727273 0.00337321 0.00662907
v 0.04909091 0.00345387 0.00692149
v 0.04727273 0.00429328 0.00628832
v 0.04909091 0.00439594 0.00658596
v 0.05090909 0.00454005 0.00691205
v 0.05090909 0.00356709 0.00724290
v 0.05090909 0.00533853 0.00650890
v 0.05272727 0.00370285 0.00757769
v 0.05272727 0.00554171 0.00685317
v 0.05272727 0.00615762 0.00639916
v 0.05454545 0.00640421 0.00674611
v 0.05272727 0.00471284 0.00725111
v 0.05454545 0.00490157 0.00758764
v 0.05454545 0.00576364 0.00719457
v 0.05636363 0.00598931 0.00751777
v 0.05818182 0.00620373 0.00780745
v 0.05454545 0.00265271 0.00814993
v 0.05636363 0.00275657 0.00846174
v 0.05454545 0.00385114 0.00791022
v 0.05636363 0.00400193 0.00822489
v 0.05818182 0.00414520 0.00850607
v 0.05818182 0.00285526 0.00874006
v 0.06000000 0.00294188 0.00896920
v 0.06000000 0.00427095 0.00873813
v 0.06181818 0.00300952 0.00913341
v 0.06363636 0.00305128 0.00921699
v 0.06727273 0.00304017 0.00916761
v 0.06909091 0.00299419 0.00912597
v 0.06545454 0.00306059 0.00920759
v 0.06181818 0.00436914 0.00890546
v 0.06363636 0.00442977 0.00899243
v 0.06545454 0.00444329 0.00898678
v 0.06909091 0.00434689 0.00891332
v 0.06727273 0.00441364 0.00895080
v 0.05636363 0.00509349 0.00790615
v 0.05818182 0.00527584 0.00819116
v 0.06000000 0.00543588 0.00842717
v 0.06000000 0.00639192 0.00804826
v 0.06181818 0.00556086 0.00859868
v 0.06181818 0.00653888 0.00822488
v 0.06909091 0.00650558 0.00827844
v 0.06909091 0.00553254 0.00862715
v 0.06363636 0.00563803 0.00869022
v 0.06545454 0.00565524 0.00868962
v 0.06727273 0.00561750 0.00865902
v 0.05636363 0.00706487 0.00659387
v 0.05818182 0.00746117 0.00640066
v 0.05818182 0.00731780 0.00689466
v 0.06000000 0.00768750 0.00665909
v 0.06181818 0.00771314 0.00637317
v 0.06363636 0.00782017 0.00649779
v 0.06545454 0.00784404 0.00653384
v 0.06727273 0.00779170 0.00654228
v 0.06909091 0.00767385 0.00655107
v 0.06181818 0.00786425 0.00685442
v 0.06363636 0.00797338 0.00697188
v 0.06545454 0.00799772 0.00700000
v 0.06727273 0.00794435 0.00700000
v 0.06909091 0.00782419 0.00700000
v 0.05636363 0.00665496 0.00707467
v 0.05818182 0.00689322 0.00736967
v 0.06000000 0.00753979 0.00714690
v 0.06000000 0.00710232 0.00761597
v 0.06181818 0.00726562 0.00779841
v 0.06181818 0.00771314 0.00733566
v 0.06363636 0.00782017 0.00744597
v 0.06545454 0.00784404 0.00746616
v 0.06727273 0.00779170 0.00745772
v 0.06909091 0.00767385 0.00744893
v 0.06363636 0.00736644 0.00790184
v 0.06545454 0.00738893 0.00791441
v 0.06909091 0.00722861 0.00788060
v 0.06727273 0.00733962 0.00789785
v 0.06363636 0.00662962 0.00832197
v 0.06545454 0.00664986 0.00832752
v 0.06727273 0.00660548 0.00830348
v 0.08000000 0.00394091 0.00636012
v 0.08000000 0.00431424 0.00631830
v 0.08106741 0.00433739 0.00631336
v 0.08237079 0.00436412 0.00630753
v 0.08367416 0.00438932 0.00630188
v 0.08497753 0.00441303 0.00629638
v 0.08628090 0.00443526 0.00629103
v 0.08000000 0.00588471 0.00660982
v 0.07818182 0.00628552 0.00659944
v 0.08000000 0.00600000 0.00700000
v 0.07818182 0.00640866 0.00700000
v 0.07636364 0.00626630 0.00780569
v 0.08000000 0.00554328 0.00776537
v 0.08000000 0.00588471 0.00739018
v 0.07818182 0.00628552 0.00740056
v 0.07818182 0.00592083 0.00778573
v 0.08758427 0.00445604 0.00628578
v 0.08888764 0.00447537 0.00628063
v 0.09019101 0.00449329 0.00627555
v 0.09149438 0.00450981 0.00627053
v 0.09279776 0.00452495 0.00626553
v 0.08000000 0.00424264 0.00841421
v 0.07818182 0.00453161 0.00845183
v 0.07454546 0.00272335 0.00899223
v 0.07090909 0.00292470 0.00908278
v 0.07272727 0.00283373 0.00903816
v 0.07090909 0.00424600 0.00887445
v 0.07272727 0.00411394 0.00883430
v 0.07454546 0.00395369 0.00879296
v 0.07636364 0.00376821 0.00875055
v 0.07818182 0.00356046 0.00870718
v 0.08000000 0.00333342 0.00866294
v 0.07090909 0.00540413 0.00859409
v 0.07272727 0.00523606 0.00855994
v 0.07454546 0.00503209 0.00852479
v 0.07636364 0.00479602 0.00848872
v 0.07454546 0.00591712 0.00819802
v 0.07636364 0.00563952 0.00816968
v 0.07090909 0.00635459 0.00825247
v 0.07272727 0.00615695 0.00822564
v 0.08000000 0.00498882 0.00811114
v 0.07818182 0.00532861 0.00814070
v 0.07090909 0.00749575 0.00656019
v 0.07272727 0.00726262 0.00656961
v 0.07454546 0.00697971 0.00657931
v 0.07636364 0.00665227 0.00658926
v 0.07272727 0.00740490 0.00700000
v 0.07636364 0.00678259 0.00700000
v 0.07454546 0.00711645 0.00700000
v 0.07090909 0.00764260 0.00700000
v 0.07090909 0.00749575 0.00743981
v 0.07272727 0.00726262 0.00743039
v 0.07454546 0.00697971 0.00742069
v 0.07636364 0.00665227 0.00741074
v 0.07454546 0.00657475 0.00782521
v 0.07272727 0.00684124 0.00784423
v 0.07090909 0.00706084 0.00786272
v 0.10452809 -0.00306391 0.00331022
v 0.10583146 -0.00306980 0.00331840
v 0.10713483 -0.00307302 0.00332687
v 0.10843820 -0.00307338 0.00333563
v 0.10974158 -0.00306943 0.00334437
v 0.11104494 -0.00306083 0.00335300
v 0.11234832 -0.00304766 0.00336155
v 0.11365169 -0.00303000 0.00337005
v 0.11495505 -0.00300793 0.00337852
v 0.11625843 -0.00298153 0.00338699
v 0.11756179 -0.00295088 0.00339549
v 0.11886517 -0.00291607 0.00340404
v 0.12016854 -0.00287717 0.00341266
v 0.13059551 -0.00520196 0.00345798
v 0.13189888 -0.00511251 0.00346869
v 0.13320224 -0.00501894 0.00347974
v 0.13450561 -0.00492134 0.00349117
v 0.13580899 -0.00481980 0.00350299
v 0.13711236 -0.00471441 0.00351525
v 0.12147191 -0.00283427 0.00342139
v 0.12277528 -0.00278744 0.00343025
v 0.12407865 -0.00273676 0.00343927
v 0.12538202 -0.00268233 0.00344847
v 0.12668540 -0.00262421 0.00345787
v 0.12798877 -0.00256249 0.00346752
v 0.12929213 -0.00249725 0.00347742
v 0.13059551 -0.00242857 0.00348761
v 0.13189888 -0.00235653 0.00349811
v 0.13320224 -0.00228121 0.00350895
v 0.13450561 -0.00220269 0.00352016
v 0.13580899 -0.00212106 0.00353176
v 0.13711236 -0.00203639 0.00354378
v 0.10452809 -0.00025506 0.00340826
v 0.10583146 -0.00025789 0.00341597
v 0.10713483 -0.00025945 0.00342394
v 0.10843820 -0.00025954 0.00343220
v 0.10974158 -0.00025647 0.00344043
v 0.11104494 -0.00024978 0.00344856
v 0.11234832 -0.00023954 0.00345661
v 0.11365169 -0.00022583 0.00346462
v 0.11495505 -0.00020870 0.00347260
v 0.11625843 -0.00018823 0.00348058
v 0.11756179 -0.00016449 0.00348858
v 0.11886517 -0.00013753 0.00349663
v 0.12016854 -0.00010744 0.00350476
v 0.10452809 0.00233359 0.00356747
v 0.10583146 0.00233359 0.00357441
v 0.10713483 0.00233356 0.00358159
v 0.10843820 0.00233371 0.00358902
v 0.10974158 0.00233597 0.00359642
v 0.11104494 0.00234090 0.00360374
v 0.11234832 0.00234843 0.00361099
v 0.11365169 0.00235851 0.00361819
v 0.11495505 0.00237108 0.00362537
v 0.11625843 0.00238608 0.00363256
v 0.11756179 0.00240347 0.00363976
v 0.11886517 0.00242318 0.00364701
v 0.12016854 0.00244517 0.00365432
v 0.12147191 -0.00007427 0.00351298
v 0.12277528 -0.00003810 0.00352133
v 0.12407865 0.00000101 0.00352982
v 0.12538202 0.00004299 0.00353849
v 0.12668540 0.00008777 0.00354735
v 0.12798877 0.00013529 0.00355643
v 0.12929213 0.00018547 0.00356576
v 0.13059551 0.00023825 0.00357536
v 0.13189888 0.00029355 0.00358525
v 0.13320224 0.00035132 0.00359546
v 0.13450561 0.00041149 0.00360602
v 0.13580899 0.00047398 0.00361695
v 0.13711236 0.00053873 0.00362827
v 0.12147191 0.00246936 0.00366172
v 0.12277528 0.00249571 0.00366923
v 0.12407865 0.00252417 0.00367688
v 0.12538202 0.00255466 0.00368467
v 0.12668540 0.00258715 0.00369265
v 0.12798877 0.00262157 0.00370082
v 0.13841572 -0.00460528 0.00352795
v 0.13971910 -0.00449248 0.00354113
v 0.14102247 -0.00437613 0.00355482
v 0.14232585 -0.00425630 0.00356904
v 0.14362921 -0.00413311 0.00358382
v 0.14493258 -0.00400663 0.00359919
v 0.15144944 -0.00481933 0.00371088
v 0.15275280 -0.00430078 0.00373092
v 0.14623596 -0.00384165 0.00361506
v 0.14753933 -0.00360132 0.00363143
v 0.14884269 -0.00329543 0.00364852
v 0.15405618 -0.00374827 0.00375244
v 0.13841572 -0.00194876 0.00355623
v 0.13971910 -0.00185826 0.00356916
v 0.14102247 -0.00176497 0.00358259
v 0.14232585 -0.00166896 0.00359654
v 0.14362921 -0.00157032 0.00361103
v 0.14493258 -0.00146913 0.00362610
v 0.15014607 -0.00293387 0.00366651
v 0.15144944 -0.00252652 0.00368562
v 0.14623596 -0.00133431 0.00364167
v 0.15275280 -0.00208327 0.00370605
v 0.15405618 -0.00161402 0.00372800
v 0.15535955 -0.00513691 0.00384670
v 0.15666293 -0.00445291 0.00387035
v 0.15796629 -0.00375908 0.00389596
v 0.16057304 -0.00506371 0.00419931
v 0.15926966 -0.00459813 0.00403139
v 0.16187641 -0.00514714 0.00439053
v 0.16057304 -0.00381219 0.00405849
v 0.16187641 -0.00419873 0.00422429
v 0.16317977 -0.00486722 0.00459483
v 0.16317977 -0.00335725 0.00425135
v 0.16317977 -0.00422352 0.00441179
v 0.16448314 -0.00391161 0.00461068
v 0.16448314 -0.00333136 0.00443480
v 0.15535955 -0.00317204 0.00377566
v 0.15666293 -0.00258236 0.00380077
v 0.15796629 -0.00198946 0.00382796
v 0.15926966 -0.00140360 0.00385744
v 0.15926966 -0.00306603 0.00392373
v 0.16187641 -0.00304308 0.00408786
v 0.16057304 -0.00238434 0.00395385
v 0.16187641 -0.00172461 0.00398649
v 0.16448314 -0.00255048 0.00428063
v 0.16317977 -0.00230170 0.00411968
v 0.16578652 -0.00294210 0.00462960
v 0.16578652 -0.00243218 0.00446227
v 0.16448314 -0.00159897 0.00415411
v 0.16578652 -0.00174594 0.00431560
v 0.16708989 -0.00177441 0.00465760
v 0.16708989 -0.00135728 0.00450292
v 0.15405618 -0.00374827 0.00624756
v 0.16448314 -0.00426893 0.00480153
v 0.16448314 -0.00438958 0.00500000
v 0.16317977 -0.00486722 0.00540517
v 0.16448314 -0.00426893 0.00519847
v 0.16578652 -0.00336214 0.00500000
v 0.16448314 -0.00391161 0.00538932
v 0.16187641 -0.00514714 0.00560947
v 0.16057304 -0.00506371 0.00580069
v 0.15535955 -0.00513691 0.00615330
v 0.15666293 -0.00445291 0.00612965
v 0.15926966 -0.00459813 0.00596861
v 0.16187641 -0.00419873 0.00577571
v 0.15796629 -0.00375908 0.00610404
v 0.16057304 -0.00381219 0.00594151
v 0.16317977 -0.00422352 0.00558821
v 0.16448314 -0.00333136 0.00556520
v 0.16317977 -0.00335725 0.00574865
v 0.16578652 -0.00325611 0.00481117
v 0.16578652 -0.00325611 0.00518883
v 0.16578652 -0.00294210 0.00537040
v 0.16708989 -0.00203128 0.00482545
v 0.16708989 -0.00211801 0.00500000
v 0.16708989 -0.00203128 0.00517455
v 0.16708989 -0.00177441 0.00534240
v 0.15535955 -0.00317204 0.00622434
v 0.15666293 -0.00258236 0.00619923
v 0.16187641 -0.00304308 0.00591214
v 0.15926966 -0.00306603 0.00607627
v 0.16057304 -0.00238434 0.00604616
v 0.15796629 -0.00198946 0.00617204
v 0.16187641 -0.00172461 0.00601351
v 0.15926966 -0.00140360 0.00614256
v 0.16578652 -0.00243218 0.00553773
v 0.16448314 -0.00255048 0.00571937
v 0.16317977 -0.00230170 0.00588032
v 0.16448314 -0.00159897 0.00584589
v 0.16578652 -0.00174594 0.00568440
v 0.16708989 -0.00135728 0.00549708
v 0.13841572 0.00060567 0.00364000
v 0.14753933 -0.00113389 0.00365773
v 0.14884269 -0.00087729 0.00367449
v 0.15014607 -0.00057405 0.00369214
v 0.15144944 -0.00023370 0.00371088
v 0.15275280 0.00013424 0.00373092
v 0.15405618 0.00052023 0.00375244
v 0.13971910 0.00067473 0.00365218
v 0.14102247 0.00074585 0.00366483
v 0.14232585 0.00081896 0.00367797
v 0.14362921 0.00089398 0.00369162
v 0.14493258 0.00097086 0.00370582
v 0.14623596 0.00107667 0.00372048
v 0.14753933 0.00123872 0.00373561
v 0.14884269 0.00144792 0.00375139
v 0.15014607 0.00169507 0.00376802
v 0.15144944 0.00197101 0.00378567
v 0.15275280 0.00226653 0.00380455
v 0.15405618 0.00257246 0.00382483
v 0.15535955 -0.00112865 0.00375167
v 0.15666293 -0.00063705 0.00377727
v 0.16057304 -0.00083502 0.00388941
v 0.15796629 -0.00014912 0.00380500
v 0.15926966 0.00032527 0.00383506
v 0.16187641 -0.00029398 0.00392406
v 0.16317977 -0.00109743 0.00402184
v 0.16578652 -0.00090975 0.00419523
v 0.16448314 -0.00051341 0.00406010
v 0.16708989 -0.00079592 0.00436734
v 0.16839325 -0.00045493 0.00469246
v 0.16578652 0.00004425 0.00410578
v 0.16317977 0.00020928 0.00396159
v 0.16708989 -0.00011189 0.00425607
v 0.16839325 -0.00014786 0.00455352
v 0.16839325 0.00026538 0.00443174
v 0.15535955 0.00091475 0.00377566
v 0.15666293 0.00130825 0.00380077
v 0.16057304 0.00077621 0.00386765
v 0.16187641 0.00119382 0.00390298
v 0.15796629 0.00169123 0.00382796
v 0.15926966 0.00205413 0.00385744
v 0.16057304 0.00238744 0.00388941
v 0.16448314 0.00066450 0.00400221
v 0.16578652 0.00107939 0.00405071
v 0.16317977 0.00156821 0.00394125
v 0.16708989 0.00066850 0.00417338
v 0.16839325 0.00134339 0.00425753
v 0.16708989 0.00151528 0.00412247
v 0.16839325 0.00076891 0.00433179
v 0.16969663 0.00113193 0.00460959
v 0.16969663 0.00138375 0.00450310
v 0.16448314 0.00188949 0.00398266
v 0.16578652 0.00215591 0.00403211
v 0.16839325 0.00196674 0.00421180
v 0.16708989 0.00239590 0.00410528
v 0.16839325 0.00261500 0.00419636
v 0.16969663 0.00169060 0.00441571
v 0.16969663 0.00204068 0.00435077
v 0.16969663 0.00242054 0.00431078
v 0.17100000 0.00261110 0.00450112
v 0.17100000 0.00250503 0.00457574
v 0.17100000 0.00241797 0.00466666
v 0.15405618 0.00052023 0.00624756
v 0.14884269 0.00144792 0.00624861
v 0.15014607 0.00169507 0.00623198
v 0.15144944 0.00197101 0.00621432
v 0.15275280 0.00226653 0.00619545
v 0.15405618 0.00257246 0.00617517
v 0.16839325 -0.00064402 0.00484322
v 0.16839325 -0.00070787 0.00500000
v 0.16839325 -0.00064402 0.00515678
v 0.16839325 -0.00045493 0.00530754
v 0.16839325 -0.00014786 0.00544648
v 0.15535955 -0.00112865 0.00624833
v 0.15666293 -0.00063705 0.00622273
v 0.16057304 -0.00083502 0.00611059
v 0.15796629 -0.00014912 0.00619500
v 0.16187641 -0.00029398 0.00607594
v 0.15926966 0.00032527 0.00616494
v 0.16578652 -0.00090975 0.00580477
v 0.16708989 -0.00079592 0.00563266
v 0.16317977 -0.00109743 0.00597816
v 0.16448314 -0.00051341 0.00593990
v 0.16708989 -0.00011189 0.00574393
v 0.16839325 0.00026538 0.00556826
v 0.16578652 0.00004425 0.00589422
v 0.16317977 0.00020928 0.00603841
v 0.16969663 0.00082958 0.00486291
v 0.16969663 0.00094481 0.00473108
v 0.16969663 0.00079067 0.00500000
v 0.16969663 0.00082958 0.00513709
v 0.16969663 0.00094481 0.00526892
v 0.16969663 0.00113193 0.00539041
v 0.17100000 0.00235328 0.00477039
v 0.17100000 0.00231345 0.00488295
v 0.17100000 0.00230000 0.00500000
v 0.17100000 0.00231345 0.00511705
v 0.17100000 0.00235328 0.00522961
v 0.17100000 0.00241797 0.00533334
v 0.17100000 0.00250503 0.00542426
v 0.15535955 0.00091475 0.00622434
v 0.15666293 0.00130825 0.00619923
v 0.16057304 0.00077621 0.00613235
v 0.16187641 0.00119382 0.00609702
v 0.15796629 0.00169123 0.00617204
v 0.15926966 0.00205413 0.00614256
v 0.16057304 0.00238744 0.00611059
v 0.16839325 0.00076891 0.00566821
v 0.16708989 0.00066850 0.00582662
v 0.16969663 0.00138375 0.00549690
v 0.16839325 0.00134339 0.00574247
v 0.16448314 0.00066450 0.00599779
v 0.16578652 0.00107939 0.00594929
v 0.16317977 0.00156821 0.00605875
v 0.16708989 0.00151528 0.00587753
v 0.16969663 0.00169060 0.00558429
v 0.16969663 0.00204068 0.00564923
v 0.16839325 0.00196674 0.00578820
v 0.17100000 0.00261110 0.00549888
v 0.16839325 0.00261500 0.00580365
v 0.16969663 0.00242054 0.00568922
v 0.16448314 0.00188949 0.00601734
v 0.16578652 0.00215591 0.00596789
v 0.16708989 0.00239590 0.00589472
v 0.10974158 -0.00306943 0.00665563
v 0.11104494 -0.00306083 0.00664700
v 0.10452809 -0.00306391 0.00668978
v 0.10583146 -0.00306980 0.00668160
v 0.10713483 -0.00307302 0.00667313
v 0.10843820 -0.00307338 0.00666437
v 0.11234832 -0.00304766 0.00663845
v 0.11365169 -0.00303000 0.00662995
v 0.11495505 -0.00300793 0.00662148
v 0.11625843 -0.00298153 0.00661301
v 0.11756179 -0.00295088 0.00660451
v 0.11886517 -0.00291607 0.00659596
v 0.12016854 -0.00287717 0.00658734
v 0.13059551 -0.00520196 0.00654202
v 0.13189888 -0.00511251 0.00653131
v 0.13320224 -0.00501894 0.00652026
v 0.13450561 -0.00492134 0.00650883
v 0.13580899 -0.00481980 0.00649701
v 0.13711236 -0.00471441 0.00648475
v 0.12147191 -0.00283427 0.00657861
v 0.12277528 -0.00278744 0.00656975
v 0.12407865 -0.00273676 0.00656073
v 0.12538202 -0.00268233 0.00655153
v 0.12668540 -0.00262421 0.00654213
v 0.12798877 -0.00256249 0.00653248
v 0.12929213 -0.00249725 0.00652258
v 0.13059551 -0.00242857 0.00651239
v 0.13189888 -0.00235653 0.00650189
v 0.13711236 -0.00203639 0.00645622
v 0.13320224 -0.00228121 0.00649105
v 0.13450561 -0.00220269 0.00647984
v 0.13580899 -0.00212106 0.00646824
v 0.10452809 -0.00025506 0.00659174
v 0.10583146 -0.00025789 0.00658403
v 0.10713483 -0.00025945 0.00657606
v 0.10843820 -0.00025954 0.00656780
v 0.11104494 -0.00024978 0.00655144
v 0.10974158 -0.00025647 0.00655957
v 0.11234832 -0.00023954 0.00654339
v 0.11365169 -0.00022583 0.00653538
v 0.11495505 -0.00020870 0.00652740
v 0.11625843 -0.00018823 0.00651942
v 0.11756179 -0.00016449 0.00651142
v 0.11886517 -0.00013753 0.00650337
v 0.12016854 -0.00010744 0.00649524
v 0.10452809 0.00233359 0.00643253
v 0.10583146 0.00233359 0.00642559
v 0.10713483 0.00233356 0.00641841
v 0.10843820 0.00233371 0.00641098
v 0.10974158 0.00233597 0.00640358
v 0.11104494 0.00234090 0.00639626
v 0.11234832 0.00234843 0.00638901
v 0.11365169 0.00235851 0.00638181
v 0.11495505 0.00237108 0.00637463
v 0.11756179 0.00240347 0.00636024
v 0.11625843 0.00238608 0.00636744
v 0.11886517 0.00242318 0.00635299
v 0.12016854 0.00244517 0.00634568
v 0.12147191 -0.00007427 0.00648702
v 0.12277528 -0.00003810 0.00647867
v 0.12407865 0.00000101 0.00647018
v 0.12668540 0.00008777 0.00645265
v 0.12798877 0.00013529 0.00644357
v 0.12538202 0.00004299 0.00646151
v 0.12929213 0.00018547 0.00643424
v 0.13059551 0.00023825 0.00642464
v 0.13189888 0.00029355 0.00641475
v 0.13320224 0.00035132 0.00640454
v 0.13450561 0.00041149 0.00639398
v 0.13580899 0.00047398 0.00638305
v 0.13711236 0.00053873 0.00637173
v 0.12147191 0.00246936 0.00633828
v 0.12277528 0.00249571 0.00633077
v 0.12407865 0.00252417 0.00632312
v 0.12538202 0.00255466 0.00631533
v 0.12668540 0.00258715 0.00630735
v 0.12798877 0.00262157 0.00629918
v 0.13971910 -0.00449248 0.00645887
v 0.14102247 -0.00437613 0.00644518
v 0.13841572 -0.00460528 0.00647205
v 0.14232585 -0.00425630 0.00643096
v 0.14362921 -0.00413311 0.00641618
v 0.14493258 -0.00400663 0.00640081
v 0.15144944 -0.00481933 0.00628912
v 0.15275280 -0.00430078 0.00626908
v 0.14623596 -0.00384165 0.00638494
v 0.14753933 -0.00360132 0.00636857
v 0.14884269 -0.00329543 0.00635148
v 0.13841572 -0.00194876 0.00644377
v 0.13971910 -0.00185826 0.00643084
v 0.14102247 -0.00176497 0.00641741
v 0.14232585 -0.00166896 0.00640346
v 0.14362921 -0.00157032 0.00638897
v 0.14493258 -0.00146913 0.00637389
v 0.15014607 -0.00293387 0.00633349
v 0.15144944 -0.00252652 0.00631438
v 0.14623596 -0.00133431 0.00635833
v 0.15275280 -0.00208327 0.00629395
v 0.15405618 -0.00161402 0.00627200
v 0.13841572 0.00060567 0.00636000
v 0.14753933 -0.00113389 0.00634227
v 0.14884269 -0.00087729 0.00632551
v 0.15014607 -0.00057405 0.00630786
v 0.15144944 -0.00023370 0.00628912
v 0.15275280 0.00013424 0.00626908
v 0.13971910 0.00067473 0.00634782
v 0.14102247 0.00074585 0.00633517
v 0.14232585 0.00081896 0.00632203
v 0.14362921 0.00089398 0.00630838
v 0.14493258 0.00097086 0.00629418
v 0.14623596 0.00107667 0.00627952
v 0.14753933 0.00123872 0.00626439
v 0.10452809 0.00460256 0.00378173
v 0.10583146 0.00460503 0.00378763
v 0.10713483 0.00460635 0.00379374
v 0.10843820 0.00460671 0.00380006
v 0.10974158 0.00460827 0.00380635
v 0.11104494 0.00461165 0.00381258
v 0.11234832 0.00461680 0.00381874
v 0.11365169 0.00462369 0.00382487
v 0.11495505 0.00463227 0.00383098
v 0.11625843 0.00464249 0.00383708
v 0.11756179 0.00465431 0.00384321
v 0.11886517 0.00466767 0.00384937
v 0.12016854 0.00468254 0.00385559
v 0.10452809 0.00646465 0.00404281
v 0.10583146 0.00646916 0.00404745
v 0.10713483 0.00647159 0.00405225
v 0.10843820 0.00647211 0.00405721
v 0.10974158 0.00647309 0.00406216
v 0.11104494 0.00647520 0.00406705
v 0.11234832 0.00647841 0.00407189
v 0.11365169 0.00648269 0.00407671
v 0.11495505 0.00648799 0.00408150
v 0.11625843 0.00649428 0.00408630
v 0.11756179 0.00650152 0.00409112
v 0.11886517 0.00650967 0.00409596
v 0.12016854 0.00651871 0.00410085
v 0.12929213 0.00265787 0.00370922
v 0.13059551 0.00269599 0.00371786
v 0.13189888 0.00273588 0.00372676
v 0.13320224 0.00277747 0.00373595
v 0.13450561 0.00282073 0.00374545
v 0.13580899 0.00286557 0.00375529
v 0.13711236 0.00291196 0.00376547
v 0.12147191 0.00469887 0.00386189
v 0.12277528 0.00471661 0.00386827
v 0.12407865 0.00473573 0.00387478
v 0.12538202 0.00475616 0.00388141
v 0.12668540 0.00477787 0.00388819
v 0.12798877 0.00480082 0.00389514
v 0.12929213 0.00482495 0.00390228
v 0.13059551 0.00485023 0.00390963
v 0.12147191 0.00652858 0.00410579
v 0.12277528 0.00653926 0.00411081
v 0.12407865 0.00655071 0.00411592
v 0.13189888 0.00487659 0.00391720
v 0.13320224 0.00490401 0.00392502
v 0.13450561 0.00493244 0.00393310
v 0.13580899 0.00496182 0.00394146
v 0.13711236 0.00499212 0.00395012
v 0.10452809 0.00460256 0.00621827
v 0.10583146 0.00460503 0.00621237
v 0.10713483 0.00460635 0.00620626
v 0.10843820 0.00460671 0.00619994
v 0.10974158 0.00460827 0.00619365
v 0.11104494 0.00461165 0.00618742
v 0.10452809 0.00646465 0.00595718
v 0.10583146 0.00646916 0.00595255
v 0.10713483 0.00647159 0.00594775
v 0.10843820 0.00647211 0.00594279
v 0.10974158 0.00647309 0.00593784
v 0.11104494 0.00647520 0.00593295
v 0.11234832 0.00461680 0.00618126
v 0.11365169 0.00462369 0.00617513
v 0.11495505 0.00463227 0.00616902
v 0.11625843 0.00464249 0.00616292
v 0.11756179 0.00465431 0.00615679
v 0.11886517 0.00466767 0.00615063
v 0.12016854 0.00468254 0.00614441
v 0.11234832 0.00647841 0.00592811
v 0.11365169 0.00648269 0.00592329
v 0.11495505 0.00648799 0.00591850
v 0.11625843 0.00649428 0.00591370
v 0.11756179 0.00650152 0.00590888
v 0.11886517 0.00650967 0.00590404
v 0.12016854 0.00651871 0.00589916
v 0.13450561 0.00282073 0.00625455
v 0.13580899 0.00286557 0.00624471
v 0.13711236 0.00291196 0.00623453
v 0.12147191 0.00469887 0.00613811
v 0.12277528 0.00471661 0.00613173
v 0.12407865 0.00473573 0.00612522
v 0.12538202 0.00475616 0.00611859
v 0.12668540 0.00477787 0.00611181
v 0.12798877 0.00480082 0.00610486
v 0.12147191 0.00652858 0.00589421
v 0.12277528 0.00653926 0.00588919
v 0.12407865 0.00655071 0.00588408
v 0.12929213 0.00482495 0.00609772
v 0.13059551 0.00485023 0.00609037
v 0.13189888 0.00487659 0.00608280
v 0.13450561 0.00493244 0.00606690
v 0.13580899 0.00496182 0.00605854
v 0.13711236 0.00499212 0.00604988
v 0.13320224 0.00490401 0.00607498
v 0.10452809 0.00784832 0.00434068
v 0.10583146 0.00785433 0.00434387
v 0.10713483 0.00785758 0.00434718
v 0.10843820 0.00785823 0.00435060
v 0.10974158 0.00785878 0.00435400
v 0.11104494 0.00785995 0.00435737
v 0.11234832 0.00786171 0.00436071
v 0.11365169 0.00786404 0.00436402
v 0.11495505 0.00786691 0.00436733
v 0.11625843 0.00787028 0.00437063
v 0.11756179 0.00787412 0.00437395
v 0.11886517 0.00787840 0.00437729
v 0.12016854 0.00788310 0.00438065
v 0.10452809 0.00870037 0.00466388
v 0.10583146 0.00870732 0.00466551
v 0.10713483 0.00871107 0.00466719
v 0.10843820 0.00871180 0.00466894
v 0.10974158 0.00871208 0.00467067
v 0.11104494 0.00871267 0.00467239
v 0.11234832 0.00871354 0.00467409
v 0.11365169 0.00871468 0.00467578
v 0.11495505 0.00871604 0.00467747
v 0.11625843 0.00871761 0.00467915
v 0.11756179 0.00871936 0.00468084
v 0.11886517 0.00872126 0.00468254
v 0.12016854 0.00872329 0.00468426
v 0.12538202 0.00656288 0.00412113
v 0.12668540 0.00657575 0.00412646
v 0.12798877 0.00658928 0.00413192
v 0.12147191 0.00788818 0.00438406
v 0.12277528 0.00789361 0.00438751
v 0.12407865 0.00789936 0.00439103
v 0.12538202 0.00790540 0.00439462
v 0.12668540 0.00791170 0.00439829
v 0.12798877 0.00791823 0.00440205
v 0.12929213 0.00660343 0.00413753
v 0.13059551 0.00661816 0.00414330
v 0.13189888 0.00663344 0.00414925
v 0.13320224 0.00664922 0.00415539
v 0.13450561 0.00666548 0.00416174
v 0.13580899 0.00668217 0.00416831
v 0.13711236 0.00669927 0.00417511
v 0.12929213 0.00792496 0.00440592
v 0.13059551 0.00793185 0.00440989
v 0.13189888 0.00793889 0.00441399
v 0.13320224 0.00794603 0.00441822
v 0.13450561 0.00795325 0.00442260
v 0.13580899 0.00796051 0.00442712
v 0.13711236 0.00796779 0.00443181
v 0.12147191 0.00872541 0.00468600
v 0.12277528 0.00872761 0.00468776
v 0.12407865 0.00872985 0.00468955
v 0.12538202 0.00873211 0.00469138
v 0.12668540 0.00873437 0.00469325
v 0.10452809 0.00784832 0.00565932
v 0.10583146 0.00785433 0.00565613
v 0.10713483 0.00785758 0.00565282
v 0.10843820 0.00785823 0.00564941
v 0.10974158 0.00785878 0.00564600
v 0.11104494 0.00785995 0.00564263
v 0.11234832 0.00786171 0.00563929
v 0.11365169 0.00786404 0.00563598
v 0.11495505 0.00786691 0.00563267
v 0.11625843 0.00787028 0.00562937
v 0.11756179 0.00787412 0.00562605
v 0.11886517 0.00787840 0.00562271
v 0.12016854 0.00788310 0.00561935
v 0.10452809 0.00898808 0.00500000
v 0.10583146 0.00899533 0.00500000
v 0.10713483 0.00899925 0.00500000
v 0.10843820 0.00900001 0.00500000
v 0.10974158 0.00900020 0.00500000
v 0.11104494 0.00900060 0.00500000
v 0.10452809 0.00870037 0.00533612
v 0.10583146 0.00870732 0.00533449
v 0.10713483 0.00871107 0.00533281
v 0.10843820 0.00871180 0.00533106
v 0.10974158 0.00871208 0.00532933
v 0.11104494 0.00871267 0.00532761
v 0.11234832 0.00900117 0.00500000
v 0.11365169 0.00900190 0.00500000
v 0.11495505 0.00900276 0.00500000
v 0.11625843 0.00900372 0.00500000
v 0.11756179 0.00900477 0.00500000
v 0.11886517 0.00900586 0.00500000
v 0.12016854 0.00900699 0.00500000
v 0.11234832 0.00871354 0.00532591
v 0.11365169 0.00871468 0.00532422
v 0.11495505 0.00871604 0.00532253
v 0.11625843 0.00871761 0.00532085
v 0.11756179 0.00871936 0.00531916
v 0.11886517 0.00872126 0.00531746
v 0.12016854 0.00872329 0.00531574
v 0.12798877 0.00658928 0.00586808
v 0.12538202 0.00656288 0.00587887
v 0.12668540 0.00657575 0.00587354
v 0.12147191 0.00788818 0.00561594
v 0.12277528 0.00789361 0.00561249
v 0.12407865 0.00789936 0.00560897
v 0.12538202 0.00790540 0.00560538
v 0.12668540 0.00791170 0.00560171
v 0.12798877 0.00791823 0.00559795
v 0.12929213 0.00660343 0.00586247
v 0.13059551 0.00661816 0.00585670
v 0.13189888 0.00663344 0.00585075
v 0.13320224 0.00664922 0.00584461
v 0.13450561 0.00666548 0.00583826
v 0.13580899 0.00668217 0.00583169
v 0.13711236 0.00669927 0.00582489
v 0.12929213 0.00792496 0.00559408
v 0.13059551 0.00793185 0.00559011
v 0.13189888 0.00793889 0.00558601
v 0.13320224 0.00794603 0.00558178
v 0.13450561 0.00795325 0.00557740
v 0.13580899 0.00796051 0.00557288
v 0.13711236 0.00796779 0.00556819
v 0.12147191 0.00900811 0.00500000
v 0.12277528 0.00900922 0.00500000
v 0.12407865 0.00901028 0.00500000
v 0.12798877 0.00873659 0.00469517
v 0.12538202 0.00901126 0.00500000
v 0.12668540 0.00901215 0.00500000
v 0.12798877 0.00901292 0.00500000
v 0.12147191 0.00872541 0.00531400
v 0.12277528 0.00872761 0.00531224
v 0.12407865 0.00872985 0.00531045
v 0.12538202 0.00873211 0.00530862
v 0.12668540 0.00873437 0.00530675
v 0.12798877 0.00873659 0.00530483
v 0.12929213 0.00873875 0.00469714
v 0.13059551 0.00874082 0.00469917
v 0.13189888 0.00874278 0.00470126
v 0.12929213 0.00901353 0.00500000
v 0.13059551 0.00901398 0.00500000
v 0.13189888 0.00901422 0.00500000
v 0.13320224 0.00874460 0.00470341
v 0.13450561 0.00874625 0.00470564
v 0.13580899 0.00874770 0.00470795
v 0.13711236 0.00874894 0.00471034
v 0.13320224 0.00901424 0.00500000
v 0.13450561 0.00901401 0.00500000
v 0.13580899 0.00901351 0.00500000
v 0.13711236 0.00901270 0.00500000
v 0.12929213 0.00873875 0.00530286
v 0.13059551 0.00874082 0.00530083
v 0.13189888 0.00874278 0.00529874
v 0.13320224 0.00874460 0.00529659
v 0.13450561 0.00874625 0.00529436
v 0.13580899 0.00874770 0.00529205
v 0.13711236 0.00874894 0.00528966
v 0.13841572 0.00295984 0.00377604
v 0.13971910 0.00300915 0.00378700
v 0.14102247 0.00305983 0.00379838
v 0.14232585 0.00311183 0.00381020
v 0.14362921 0.00316509 0.00382249
v 0.14493258 0.00321956 0.00383527
v 0.14623596 0.00329864 0.00384846
v 0.14753933 0.00342533 0.00386208
v 0.14884269 0.00359084 0.00387628
v 0.15014607 0.00378631 0.00389125
v 0.15144944 0.00400288 0.00390714
v 0.15275280 0.00423166 0.00392412
v 0.15405618 0.00446381 0.00394237
v 0.13841572 0.00502329 0.00395910
v 0.13971910 0.00505528 0.00396843
v 0.14102247 0.00508805 0.00397810
v 0.14232585 0.00512155 0.00398816
v 0.14362921 0.00515574 0.00399861
v 0.14493258 0.00519057 0.00400948
v 0.14623596 0.00524621 0.00402070
v 0.14753933 0.00534191 0.00403228
v 0.14884269 0.00546913 0.00404436
v 0.15014607 0.00561930 0.00405708
v 0.15144944 0.00578382 0.00407060
v 0.15275280 0.00595411 0.00408504
v 0.15405618 0.00612159 0.00410056
v 0.15535955 0.00287961 0.00384670
v 0.15666293 0.00317880 0.00387035
v 0.15796629 0.00346085 0.00389596
v 0.16187641 0.00268162 0.00392406
v 0.15926966 0.00371656 0.00392373
v 0.16057304 0.00393675 0.00395385
v 0.16187641 0.00411224 0.00398649
v 0.16317977 0.00292714 0.00396159
v 0.16448314 0.00311447 0.00400221
v 0.16578652 0.00323243 0.00405071
v 0.16969663 0.00281558 0.00429728
v 0.16708989 0.00327652 0.00412247
v 0.16839325 0.00326326 0.00421180
v 0.17100000 0.00273212 0.00444567
v 0.17100000 0.00286344 0.00441153
v 0.17100000 0.00300000 0.00440000
v 0.16969663 0.00321062 0.00431078
v 0.17100000 0.00313656 0.00441153
v 0.17100000 0.00326788 0.00444567
v 0.16969663 0.00359048 0.00435077
v 0.17100000 0.00338890 0.00450112
v 0.17100000 0.00349497 0.00457574
v 0.17100000 0.00358203 0.00466666
v 0.16317977 0.00423385 0.00402184
v 0.16448314 0.00429238 0.00406010
v 0.16578652 0.00426758 0.00410578
v 0.16839325 0.00388661 0.00425753
v 0.16708989 0.00412330 0.00417338
v 0.16969663 0.00394056 0.00441571
v 0.16839325 0.00446109 0.00433179
v 0.16969663 0.00424741 0.00450310
v 0.16969663 0.00449923 0.00460959
v 0.15535955 0.00469045 0.00396205
v 0.15666293 0.00490271 0.00398334
v 0.15796629 0.00509174 0.00400639
v 0.15926966 0.00524866 0.00403139
v 0.16057304 0.00536460 0.00405849
v 0.16187641 0.00543071 0.00408786
v 0.15535955 0.00627765 0.00411730
v 0.15666293 0.00641373 0.00413540
v 0.15796629 0.00652122 0.00415501
v 0.16317977 0.00543812 0.00411968
v 0.16448314 0.00537795 0.00415411
v 0.16578652 0.00522158 0.00419523
v 0.16708989 0.00490369 0.00425607
v 0.16839325 0.00496462 0.00443174
v 0.16839325 0.00537787 0.00455352
v 0.16317977 0.00649367 0.00425135
v 0.16448314 0.00632946 0.00428063
v 0.16578652 0.00605776 0.00431560
v 0.16708989 0.00558771 0.00436734
v 0.16839325 0.00568493 0.00469246
v 0.16708989 0.00614908 0.00450292
v 0.13841572 0.00295984 0.00622396
v 0.13971910 0.00300915 0.00621300
v 0.14102247 0.00305983 0.00620162
v 0.14232585 0.00311183 0.00618980
v 0.14493258 0.00321956 0.00616473
v 0.14362921 0.00316509 0.00617751
v 0.14623596 0.00329864 0.00615154
v 0.14753933 0.00342533 0.00613792
v 0.14884269 0.00359084 0.00612372
v 0.15014607 0.00378631 0.00610875
v 0.15144944 0.00400288 0.00609286
v 0.15405618 0.00446381 0.00605763
v 0.15275280 0.00423166 0.00607588
v 0.13841572 0.00502329 0.00604090
v 0.13971910 0.00505528 0.00603157
v 0.14102247 0.00508805 0.00602190
v 0.14232585 0.00512155 0.00601184
v 0.14362921 0.00515574 0.00600139
v 0.14493258 0.00519057 0.00599052
v 0.14623596 0.00524621 0.00597930
v 0.14753933 0.00534191 0.00596772
v 0.14884269 0.00546913 0.00595564
v 0.15014607 0.00561930 0.00594292
v 0.15144944 0.00578382 0.00592940
v 0.15275280 0.00595411 0.00591496
v 0.15405618 0.00612159 0.00589944
v 0.17100000 0.00300000 0.00500000
v 0.17100000 0.00358203 0.00533334
v 0.17100000 0.00349497 0.00542426
v 0.17100000 0.00364672 0.00477039
v 0.17100000 0.00368655 0.00488295
v 0.17100000 0.00370000 0.00500000
v 0.17100000 0.00368655 0.00511705
v 0.17100000 0.00364672 0.00522961
v 0.16969663 0.00449923 0.00539041
v 0.15535955 0.00287961 0.00615330
v 0.15666293 0.00317880 0.00612965
v 0.15796629 0.00346085 0.00610404
v 0.16187641 0.00268162 0.00607594
v 0.16057304 0.00393675 0.00604616
v 0.15926966 0.00371656 0.00607627
v 0.16187641 0.00411224 0.00601351
v 0.17100000 0.00273212 0.00555433
v 0.17100000 0.00286344 0.00558847
v 0.17100000 0.00300000 0.00560000
v 0.16969663 0.00281558 0.00570272
v 0.17100000 0.00326788 0.00555433
v 0.17100000 0.00313656 0.00558847
v 0.17100000 0.00338890 0.00549888
v 0.16969663 0.00359048 0.00564923
v 0.16839325 0.00326326 0.00578820
v 0.16969663 0.00321062 0.00568922
v 0.16317977 0.00292714 0.00603841
v 0.16448314 0.00311447 0.00599779
v 0.16578652 0.00323243 0.00594929
v 0.16708989 0.00327652 0.00587753
v 0.16969663 0.00394056 0.00558429
v 0.16839325 0.00388661 0.00574247
v 0.16839325 0.00446109 0.00566821
v 0.16969663 0.00424741 0.00549690
v 0.16708989 0.00412330 0.00582662
v 0.16448314 0.00429238 0.00593990
v 0.16317977 0.00423385 0.00597816
v 0.16578652 0.00426758 0.00589422
v 0.16969663 0.00468635 0.00473108
v 0.16969663 0.00480158 0.00486291
v 0.16969663 0.00484049 0.00500000
v 0.16969663 0.00480158 0.00513709
v 0.16969663 0.00468635 0.00526892
v 0.16839325 0.00537787 0.00544648
v 0.16839325 0.00587402 0.00484322
v 0.16839325 0.00593787 0.00500000
v 0.16839325 0.00587402 0.00515678
v 0.16839325 0.00568493 0.00530754
v 0.15535955 0.00469045 0.00603795
v 0.15666293 0.00490271 0.00601666
v 0.15796629 0.00509174 0.00599361
v 0.15926966 0.00524866 0.00596861
v 0.16057304 0.00536460 0.00594151
v 0.16187641 0.00543071 0.00591214
v 0.15666293 0.00641373 0.00586460
v 0.15796629 0.00652122 0.00584499
v 0.15535955 0.00627765 0.00588270
v 0.16448314 0.00537795 0.00584589
v 0.16578652 0.00522158 0.00580477
v 0.16839325 0.00496462 0.00556826
v 0.16708989 0.00490369 0.00574393
v 0.16317977 0.00543812 0.00588032
v 0.16578652 0.00605776 0.00568440
v 0.16317977 0.00649367 0.00574865
v 0.16448314 0.00632946 0.00571937
v 0.16708989 0.00558771 0.00563266
v 0.16708989 0.00614908 0.00549708
v 0.13841572 0.00671672 0.00418217
v 0.13971910 0.00673450 0.00418950
v 0.14102247 0.00675257 0.00419710
v 0.14232585 0.00677089 0.00420500
v 0.14362921 0.00678942 0.00421321
v 0.14493258 0.00680813 0.00422175
v 0.13841572 0.00797505 0.00443667
v 0.13971910 0.00798227 0.00444172
v 0.14102247 0.00798942 0.00444695
v 0.14232585 0.00799646 0.00445240
v 0.14362921 0.00800336 0.00445805
v 0.14493258 0.00801009 0.00446393
v 0.14623596 0.00684455 0.00423057
v 0.14753933 0.00691480 0.00423966
v 0.14884269 0.00701061 0.00424916
v 0.15014607 0.00712359 0.00425915
v 0.15144944 0.00724541 0.00426977
v 0.15275280 0.00736769 0.00428112
v 0.15405618 0.00748209 0.00429332
v 0.14623596 0.00803221 0.00447001
v 0.14753933 0.00808357 0.00447627
v 0.14884269 0.00815602 0.00448281
v 0.15014607 0.00824139 0.00448970
v 0.15144944 0.00833147 0.00449701
v 0.15275280 0.00841808 0.00450483
v 0.15405618 0.00849304 0.00451323
v 0.15926966 0.00659155 0.00417626
v 0.16057304 0.00661613 0.00419931
v 0.16187641 0.00658636 0.00422429
v 0.16187641 0.00753478 0.00439053
v 0.15535955 0.00758024 0.00430647
v 0.15666293 0.00765379 0.00432069
v 0.15796629 0.00769438 0.00433609
v 0.15926966 0.00769364 0.00435279
v 0.16057304 0.00764323 0.00437090
v 0.15926966 0.00851256 0.00455420
v 0.16187641 0.00823952 0.00458019
v 0.16057304 0.00840643 0.00456667
v 0.16578652 0.00674400 0.00446227
v 0.16448314 0.00711034 0.00443480
v 0.16317977 0.00735994 0.00441179
v 0.16578652 0.00725393 0.00462960
v 0.16708989 0.00656621 0.00465760
v 0.16448314 0.00769059 0.00461068
v 0.16317977 0.00800363 0.00459483
v 0.15535955 0.00854815 0.00452229
v 0.15666293 0.00857524 0.00453208
v 0.15796629 0.00856610 0.00454269
v 0.13841572 0.00671672 0.00581783
v 0.13971910 0.00673450 0.00581050
v 0.14102247 0.00675257 0.00580290
v 0.14232585 0.00677089 0.00579500
v 0.14362921 0.00678942 0.00578679
v 0.14493258 0.00680813 0.00577825
v 0.13841572 0.00797505 0.00556333
v 0.13971910 0.00798227 0.00555828
v 0.14102247 0.00798942 0.00555305
v 0.14232585 0.00799646 0.00554760
v 0.14362921 0.00800336 0.00554195
v 0.14493258 0.00801009 0.00553607
v 0.14623596 0.00684455 0.00576943
v 0.14753933 0.00691480 0.00576034
v 0.14884269 0.00701061 0.00575084
v 0.15014607 0.00712359 0.00574085
v 0.15144944 0.00724541 0.00573023
v 0.15275280 0.00736769 0.00571888
v 0.15405618 0.00748209 0.00570668
v 0.14623596 0.00803221 0.00552999
v 0.14753933 0.00808357 0.00552373
v 0.14884269 0.00815602 0.00551719
v 0.15014607 0.00824139 0.00551030
v 0.15144944 0.00833147 0.00550299
v 0.15275280 0.00841808 0.00549517
v 0.15405618 0.00849304 0.00548677
v 0.13841572 0.00874993 0.00471282
v 0.13971910 0.00875065 0.00471539
v 0.14102247 0.00875107 0.00471806
v 0.13841572 0.00901158 0.00500000
v 0.13971910 0.00901010 0.00500000
v 0.14102247 0.00900824 0.00500000
v 0.14232585 0.00875116 0.00472083
v 0.14362921 0.00875089 0.00472372
v 0.14493258 0.00875025 0.00472672
v 0.14232585 0.00900599 0.00500000
v 0.14362921 0.00900331 0.00500000
v 0.14493258 0.00900017 0.00500000
v 0.14102247 0.00875107 0.00528194
v 0.13841572 0.00874993 0.00528718
v 0.13971910 0.00875065 0.00528461
v 0.14232585 0.00875116 0.00527917
v 0.14362921 0.00875089 0.00527628
v 0.14493258 0.00875025 0.00527328
v 0.14623596 0.00876358 0.00472981
v 0.14753933 0.00880329 0.00473301
v 0.14884269 0.00886137 0.00473634
v 0.14623596 0.00901053 0.00500000
v 0.14753933 0.00904632 0.00500000
v 0.14884269 0.00909953 0.00500000
v 0.15014607 0.00892972 0.00473985
v 0.15144944 0.00900026 0.00474358
v 0.15275280 0.00906490 0.00474756
v 0.15405618 0.00911557 0.00475185
v 0.15014607 0.00916214 0.00500000
v 0.15144944 0.00922608 0.00500000
v 0.15275280 0.00928331 0.00500000
v 0.15405618 0.00932578 0.00500000
v 0.14623596 0.00876358 0.00527019
v 0.14753933 0.00880329 0.00526699
v 0.14884269 0.00886137 0.00526366
v 0.15014607 0.00892972 0.00526015
v 0.15144944 0.00900026 0.00525642
v 0.15275280 0.00906490 0.00525244
v 0.15405618 0.00911557 0.00524815
v 0.15926966 0.00851256 0.00544580
v 0.16187641 0.00823952 0.00541981
v 0.16057304 0.00840643 0.00543333
v 0.16708989 0.00682307 0.00482545
v 0.16708989 0.00690981 0.00500000
v 0.16578652 0.00725393 0.00537040
v 0.16708989 0.00682307 0.00517455
v 0.16708989 0.00656621 0.00534240
v 0.16578652 0.00756793 0.00481117
v 0.16578652 0.00767396 0.00500000
v 0.16448314 0.00804791 0.00480153
v 0.16317977 0.00840002 0.00479345
v 0.16448314 0.00816856 0.00500000
v 0.16578652 0.00756793 0.00518883
v 0.16448314 0.00769059 0.00538932
v 0.16317977 0.00800363 0.00540517
v 0.16448314 0.00804791 0.00519847
v 0.16317977 0.00840002 0.00520655
v 0.15926966 0.00659155 0.00582374
v 0.16057304 0.00661613 0.00580069
v 0.16187641 0.00658636 0.00577571
v 0.16187641 0.00753478 0.00560947
v 0.15796629 0.00769438 0.00566391
v 0.15535955 0.00758024 0.00569353
v 0.15666293 0.00765379 0.00567931
v 0.15926966 0.00769364 0.00564721
v 0.16057304 0.00764323 0.00562910
v 0.16578652 0.00674400 0.00553773
v 0.16448314 0.00711034 0.00556520
v 0.16317977 0.00735994 0.00558821
v 0.15535955 0.00914419 0.00475646
v 0.15666293 0.00914266 0.00476146
v 0.15796629 0.00910291 0.00476687
v 0.15535955 0.00934545 0.00500000
v 0.15666293 0.00933426 0.00500000
v 0.15796629 0.00928417 0.00500000
v 0.15926966 0.00901686 0.00477273
v 0.16187641 0.00867349 0.00478598
v 0.16057304 0.00887641 0.00477909
v 0.16187641 0.00882003 0.00500000
v 0.15926966 0.00918713 0.00500000
v 0.16057304 0.00903510 0.00500000
v 0.15535955 0.00854815 0.00547771
v 0.15666293 0.00857524 0.00546792
v 0.15796629 0.00856610 0.00545731
v 0.15535955 0.00914419 0.00524354
v 0.15666293 0.00914266 0.00523854
v 0.15796629 0.00910291 0.00523313
v 0.15926966 0.00901686 0.00522727
v 0.16187641 0.00867349 0.00521402
v 0.16057304 0.00887641 0.00522091
v 0.16317977 0.00853386 0.00500000
v 0.12929213 0.00265787 0.00629078
v 0.13059551 0.00269599 0.00628214
v 0.13189888 0.00273588 0.00627324
v 0.13320224 0.00277747 0.00626405
f 1 34 117
f 2 117 34
f 3 116 2
f 3 50 129
f 51 128 129
f 52 130 128
f 53 131 130
f 54 137 131
f 55 138 137
f 56 139 138
f 57 140 139
f 58 141 140
f 10 27 28
f 4 6 9
f 4 5 6
f 5 7 6
f 7 788 6
f 5 8 7
f 7 8 795
f 10 28 9
f 4 9 28
f 10 11 27
f 10 12 11
f 11 13 39
f 10 9 796
f 10 796 12
f 9 6 791
f 9 791 796
f 11 12 13
f 13 14 39
f 14 15 29
f 4 28 24
f 25 31 24
f 38 24 32
f 25 27 33
f 33 27 30
f 33 30 34
f 30 26 34
f 25 28 27
f 25 24 28
f 30 27 11
f 30 39 26
f 30 11 39
f 26 39 29
f 26 29 35
f 36 174 31
f 31 32 24
f 31 175 32
f 31 174 175
f 32 175 181
f 1 33 34
f 25 33 36
f 25 36 31
f 2 34 26
f 2 26 35
f 3 2 35
f 1 36 33
f 1 177 36
f 4 38 5
f 4 24 38
f 5 38 37
f 38 40 37
f 5 37 8
f 8 37 831
f 14 29 39
f 38 32 40
f 32 181 40
f 40 832 37
f 40 181 965
f 35 41 50
f 50 42 51
f 51 43 52
f 52 44 53
f 53 45 54
f 35 29 41
f 50 41 42
f 51 42 43
f 52 43 44
f 53 44 45
f 54 46 55
f 55 47 56
f 56 48 57
f 57 49 58
f 54 45 46
f 55 46 47
f 56 47 48
f 57 48 49
f 58 49 78
f 3 35 50
f 50 51 129
f 51 52 128
f 52 53 130
f 53 54 131
f 54 55 137
f 55 56 138
f 56 57 139
f 57 58 140
f 58 87 141
f 15 41 29
f 16 42 41
f 15 16 41
f 16 17 42
f 17 43 42
f 43 18 44
f 19 45 44
f 17 18 43
f 18 19 44
f 20 46 45
f 21 47 46
f 19 20 45
f 20 21 46
f 22 48 47
f 23 49 48
f 21 22 47
f 22 23 48
f 23 59 49
f 87 203 141
f 88 204 203
f 89 205 204
f 90 206 205
f 91 207 206
f 92 212 207
f 212 93 213
f 94 214 213
f 95 215 214
f 106 230 215
f 107 231 230
f 108 232 231
f 109 233 232
f 110 234 233
f 111 240 234
f 112 241 240
f 113 242 241
f 114 243 242
f 115 244 243
f 58 78 87
f 87 79 88
f 88 80 89
f 89 81 90
f 90 82 91
f 87 78 79
f 88 79 80
f 89 80 81
f 90 81 82
f 91 83 92
f 92 84 93
f 93 85 94
f 94 86 95
f 95 96 106
f 91 82 83
f 92 83 84
f 93 84 85
f 94 85 86
f 95 86 96
f 87 88 203
f 88 89 204
f 89 90 205
f 90 91 206
f 91 92 207
f 92 93 212
f 93 94 213
f 94 95 214
f 95 106 215
f 59 78 49
f 60 79 78
f 61 80 79
f 59 60 78
f 60 61 79
f 62 81 80
f 63 82 81
f 61 62 80
f 62 63 81
f 64 83 82
f 83 65 84
f 63 64 82
f 64 65 83
f 65 66 84
f 66 85 84
f 67 86 85
f 68 96 86
f 66 67 85
f 67 68 86
f 106 97 107
f 107 98 108
f 108 99 109
f 109 100 110
f 106 96 97
f 107 97 98
f 108 98 99
f 109 99 100
f 110 100 101
f 110 101 111
f 111 102 112
f 112 103 113
f 113 104 114
f 114 105 115
f 111 101 102
f 112 102 103
f 113 103 104
f 114 104 105
f 106 107 230
f 107 108 231
f 108 109 232
f 109 110 233
f 110 111 234
f 111 112 240
f 112 113 241
f 113 114 242
f 114 115 243
f 69 97 96
f 70 98 97
f 68 69 96
f 69 70 97
f 71 99 98
f 72 100 99
f 70 71 98
f 71 72 99
f 72 73 100
f 73 101 100
f 74 102 101
f 75 103 102
f 73 74 101
f 74 75 102
f 76 104 103
f 77 105 104
f 75 76 103
f 76 77 104
f 1 117 118
f 3 119 116
f 2 116 117
f 118 117 121
f 116 121 117
f 116 119 122
f 119 120 122
f 118 121 123
f 116 122 121
f 123 121 152
f 122 152 121
f 122 151 152
f 122 120 151
f 3 129 119
f 124 129 128
f 125 128 130
f 126 130 131
f 127 131 137
f 119 129 124
f 124 128 125
f 125 130 126
f 126 131 127
f 127 137 132
f 132 137 138
f 133 138 139
f 134 139 140
f 135 140 141
f 136 141 203
f 132 138 133
f 133 139 134
f 134 140 135
f 135 141 136
f 119 124 120
f 124 125 142
f 124 142 120
f 125 126 143
f 126 127 144
f 127 132 145
f 125 143 142
f 126 144 143
f 144 127 145
f 132 146 145
f 132 133 146
f 133 134 147
f 134 135 148
f 135 136 149
f 136 198 150
f 133 147 146
f 134 148 147
f 135 149 148
f 136 150 149
f 120 153 151
f 151 187 152
f 151 153 154
f 151 154 187
f 153 155 154
f 120 142 153
f 142 143 156
f 143 144 157
f 142 156 153
f 144 145 158
f 145 146 159
f 143 157 156
f 144 158 157
f 158 145 159
f 146 160 159
f 153 156 155
f 146 147 160
f 147 148 161
f 148 149 162
f 149 150 163
f 150 216 164
f 147 161 160
f 148 162 161
f 149 163 162
f 150 164 163
f 156 157 166
f 157 158 165
f 156 166 155
f 157 165 166
f 158 159 167
f 159 160 168
f 158 167 165
f 167 159 168
f 160 169 168
f 155 166 585
f 160 161 169
f 161 162 170
f 161 170 169
f 162 171 170
f 162 163 171
f 163 164 172
f 164 255 173
f 163 172 171
f 164 173 172
f 177 178 174
f 174 176 175
f 174 178 176
f 175 176 182
f 1 118 177
f 36 177 174
f 118 180 177
f 177 180 178
f 180 179 178
f 178 184 176
f 178 179 184
f 118 123 180
f 123 185 180
f 180 185 179
f 175 182 181
f 181 182 966
f 176 183 182
f 176 184 183
f 184 179 191
f 184 193 183
f 184 191 193
f 182 183 967
f 185 192 179
f 123 186 185
f 123 152 186
f 186 152 187
f 186 187 189
f 186 188 185
f 186 189 188
f 185 188 192
f 187 190 189
f 154 190 187
f 154 155 584
f 155 585 584
f 154 584 190
f 190 197 189
f 179 192 191
f 188 195 192
f 191 970 193
f 192 194 191
f 192 195 194
f 191 194 970
f 196 971 195
f 188 189 196
f 188 196 195
f 189 197 196
f 197 1832 196
f 196 1832 971
f 198 203 204
f 199 204 205
f 200 205 206
f 201 206 207
f 136 203 198
f 198 204 199
f 199 205 200
f 200 206 201
f 201 207 202
f 202 207 212
f 208 212 213
f 209 213 214
f 210 214 215
f 211 215 230
f 202 212 208
f 208 213 209
f 209 214 210
f 210 215 211
f 211 230 225
f 198 199 216
f 199 200 217
f 200 201 218
f 201 202 219
f 150 198 216
f 199 217 216
f 200 218 217
f 201 219 218
f 202 220 219
f 202 208 220
f 208 209 221
f 209 210 222
f 210 211 223
f 211 225 224
f 208 221 220
f 221 209 222
f 210 223 222
f 211 224 223
f 225 245 224
f 225 230 231
f 226 231 232
f 227 232 233
f 228 233 234
f 229 234 240
f 225 231 226
f 226 232 227
f 227 233 228
f 228 234 229
f 235 240 241
f 236 241 242
f 237 242 243
f 238 243 244
f 229 240 235
f 235 241 236
f 236 242 237
f 237 243 238
f 238 244 239
f 225 226 245
f 226 227 246
f 227 228 247
f 228 229 248
f 229 235 249
f 226 246 245
f 227 247 246
f 247 228 248
f 229 249 248
f 235 236 250
f 236 237 251
f 237 238 252
f 238 239 253
f 235 250 249
f 236 251 250
f 237 252 251
f 238 253 252
f 239 254 253
f 216 217 255
f 217 218 256
f 218 219 257
f 219 220 258
f 216 255 164
f 217 256 255
f 218 257 256
f 219 258 257
f 220 259 258
f 220 221 259
f 221 222 260
f 222 223 261
f 223 224 262
f 224 245 263
f 221 260 259
f 260 222 261
f 223 262 261
f 224 263 262
f 245 273 263
f 255 256 264
f 256 257 265
f 173 255 264
f 256 265 264
f 257 266 265
f 257 258 266
f 258 259 267
f 258 267 266
f 259 268 267
f 259 260 268
f 260 261 269
f 261 262 270
f 260 269 268
f 269 261 270
f 262 263 271
f 263 273 272
f 262 271 270
f 263 272 271
f 273 283 272
f 245 246 273
f 246 247 274
f 247 248 275
f 248 249 276
f 249 250 277
f 246 274 273
f 247 275 274
f 248 276 275
f 249 277 276
f 250 251 278
f 251 252 279
f 252 253 280
f 253 254 281
f 250 278 277
f 251 279 278
f 252 280 279
f 253 281 280
f 254 282 281
f 273 274 283
f 274 275 284
f 274 284 283
f 275 285 284
f 275 276 285
f 276 277 286
f 277 278 287
f 285 276 286
f 277 287 286
f 278 279 288
f 279 280 289
f 278 288 287
f 279 289 288
f 280 290 289
f 280 281 290
f 281 282 291
f 281 291 290
f 282 292 291
f 320 404 244
f 321 405 404
f 322 406 405
f 323 407 406
f 324 413 407
f 325 414 413
f 326 415 414
f 327 416 415
f 328 417 416
f 338 432 417
f 339 433 432
f 340 434 433
f 434 341 435
f 342 436 435
f 343 441 436
f 344 442 441
f 345 443 442
f 346 444 443
f 371 495 444
f 115 311 320
f 320 312 321
f 321 313 322
f 322 314 323
f 323 315 324
f 115 105 311
f 320 311 312
f 321 312 313
f 322 313 314
f 323 314 315
f 324 316 325
f 325 317 326
f 326 318 327
f 327 319 328
f 324 315 316
f 325 316 317
f 326 317 318
f 327 318 319
f 328 319 329
f 115 320 244
f 320 321 404
f 321 322 405
f 322 323 406
f 323 324 407
f 324 325 413
f 325 326 414
f 326 327 415
f 327 328 416
f 328 338 417
f 105 293 311
f 294 312 311
f 77 293 105
f 293 294 311
f 294 295 312
f 295 313 312
f 296 314 313
f 297 315 314
f 295 296 313
f 296 297 314
f 298 316 315
f 299 317 316
f 297 298 315
f 298 299 316
f 300 318 317
f 301 319 318
f 299 300 317
f 300 301 318
f 301 302 319
f 328 329 338
f 338 330 339
f 339 331 340
f 340 332 341
f 341 333 342
f 338 329 330
f 339 330 331
f 340 331 332
f 341 332 333
f 342 334 343
f 343 335 344
f 344 336 345
f 345 337 346
f 346 361 371
f 342 333 334
f 343 334 335
f 344 335 336
f 345 336 337
f 346 337 361
f 338 339 432
f 339 340 433
f 340 341 434
f 341 342 435
f 342 343 436
f 343 344 441
f 344 345 442
f 345 346 443
f 346 371 444
f 302 329 319
f 303 330 329
f 304 331 330
f 302 303 329
f 303 304 330
f 331 305 332
f 306 333 332
f 304 305 331
f 305 306 332
f 307 334 333
f 308 335 334
f 306 307 333
f 307 308 334
f 308 309 335
f 309 336 335
f 310 337 336
f 347 361 337
f 309 310 336
f 310 347 337
f 372 496 495
f 373 497 496
f 374 498 497
f 375 499 498
f 376 505 499
f 377 506 505
f 378 507 506
f 379 508 507
f 380 509 508
f 386 524 509
f 387 525 524
f 388 526 525
f 389 527 526
f 390 528 527
f 371 362 372
f 372 363 373
f 373 364 374
f 374 365 375
f 371 361 362
f 372 362 363
f 373 363 364
f 374 364 365
f 375 365 366
f 375 366 376
f 376 367 377
f 377 368 378
f 378 369 379
f 379 370 380
f 376 366 367
f 377 367 368
f 378 368 369
f 379 369 370
f 371 372 495
f 372 373 496
f 373 374 497
f 374 375 498
f 375 376 499
f 376 377 505
f 377 378 506
f 378 379 507
f 379 380 508
f 348 362 361
f 349 363 362
f 347 348 361
f 348 349 362
f 350 364 363
f 351 365 364
f 349 350 363
f 350 351 364
f 351 352 365
f 352 366 365
f 366 353 367
f 354 368 367
f 352 353 366
f 353 354 367
f 355 369 368
f 356 370 369
f 354 355 368
f 355 356 369
f 380 381 386
f 386 382 387
f 387 383 388
f 388 384 389
f 380 370 381
f 386 381 382
f 387 382 383
f 388 383 384
f 389 384 385
f 390 385 393
f 389 385 390
f 380 386 509
f 386 387 524
f 387 388 525
f 388 389 526
f 389 390 527
f 390 391 528
f 391 392 529
f 390 393 391
f 391 393 397
f 391 397 392
f 392 398 575
f 357 381 370
f 358 382 381
f 356 357 370
f 357 358 381
f 358 359 382
f 359 383 382
f 360 384 383
f 384 394 385
f 359 360 383
f 360 394 384
f 385 395 393
f 393 396 397
f 385 394 395
f 393 395 396
f 397 396 1457
f 392 397 398
f 398 399 575
f 397 1457 398
f 398 1457 1460
f 398 1460 399
f 239 244 404
f 400 404 405
f 401 405 406
f 402 406 407
f 403 407 413
f 239 404 400
f 400 405 401
f 401 406 402
f 402 407 403
f 403 413 408
f 408 413 414
f 409 414 415
f 410 415 416
f 411 416 417
f 412 417 432
f 408 414 409
f 409 415 410
f 410 416 411
f 411 417 412
f 239 400 254
f 400 401 418
f 401 402 419
f 402 403 420
f 403 408 421
f 254 400 418
f 401 419 418
f 402 420 419
f 403 421 420
f 408 422 421
f 408 409 422
f 409 410 423
f 410 411 424
f 411 412 425
f 412 427 426
f 409 423 422
f 423 410 424
f 411 425 424
f 412 426 425
f 427 432 433
f 428 433 434
f 429 434 435
f 430 435 436
f 412 432 427
f 427 433 428
f 428 434 429
f 429 435 430
f 430 436 431
f 431 436 441
f 437 441 442
f 438 442 443
f 439 443 444
f 440 444 495
f 431 441 437
f 437 442 438
f 438 443 439
f 439 444 440
f 440 495 490
f 427 428 445
f 428 429 446
f 429 430 447
f 430 431 448
f 427 445 426
f 428 446 445
f 429 447 446
f 447 430 448
f 431 449 448
f 431 437 449
f 437 438 450
f 438 439 451
f 439 440 452
f 440 490 453
f 437 450 449
f 438 451 450
f 439 452 451
f 440 453 452
f 453 490 510
f 254 418 282
f 418 419 454
f 419 420 455
f 420 421 456
f 421 422 457
f 282 418 454
f 419 455 454
f 420 456 455
f 421 457 456
f 422 458 457
f 422 423 458
f 423 424 459
f 424 425 460
f 425 426 461
f 426 445 462
f 423 459 458
f 424 460 459
f 425 461 460
f 426 462 461
f 282 454 292
f 454 455 463
f 455 456 464
f 292 454 463
f 455 464 463
f 456 457 465
f 457 458 466
f 456 465 464
f 457 466 465
f 458 467 466
f 458 459 467
f 459 460 468
f 459 468 467
f 468 460 469
f 460 461 469
f 461 462 470
f 462 472 471
f 461 470 469
f 462 471 470
f 445 446 472
f 446 447 473
f 447 448 474
f 448 449 475
f 445 472 462
f 446 473 472
f 447 474 473
f 474 448 475
f 449 476 475
f 449 450 476
f 450 451 477
f 451 452 478
f 452 453 479
f 453 510 480
f 450 477 476
f 451 478 477
f 452 479 478
f 453 480 479
f 510 537 480
f 472 473 481
f 473 474 482
f 472 481 471
f 473 482 481
f 474 483 482
f 474 475 483
f 475 476 484
f 483 475 484
f 476 485 484
f 476 477 485
f 477 478 486
f 478 479 487
f 477 486 485
f 478 487 486
f 479 480 488
f 480 537 489
f 479 488 487
f 480 489 488
f 489 537 547
f 490 495 496
f 491 496 497
f 492 497 498
f 493 498 499
f 494 499 505
f 490 496 491
f 491 497 492
f 492 498 493
f 493 499 494
f 500 505 506
f 501 506 507
f 502 507 508
f 503 508 509
f 494 505 500
f 500 506 501
f 501 507 502
f 502 508 503
f 503 509 504
f 490 491 510
f 491 492 511
f 492 493 512
f 493 494 513
f 494 500 514
f 491 511 510
f 492 512 511
f 493 513 512
f 494 514 513
f 500 501 515
f 501 502 516
f 502 503 517
f 503 504 518
f 500 515 514
f 515 501 516
f 502 517 516
f 503 518 517
f 504 519 518
f 504 509 524
f 520 524 525
f 521 525 526
f 522 526 527
f 523 527 528
f 504 524 520
f 520 525 521
f 521 526 522
f 522 527 523
f 523 528 534
f 529 535 534
f 528 529 534
f 529 573 535
f 504 520 519
f 520 521 530
f 521 522 531
f 522 523 532
f 523 534 533
f 520 530 519
f 521 531 530
f 522 532 531
f 532 523 533
f 534 561 533
f 534 535 561
f 535 573 536
f 535 536 562
f 535 562 561
f 536 576 563
f 510 511 537
f 511 512 538
f 512 513 539
f 513 514 540
f 514 515 541
f 511 538 537
f 512 539 538
f 513 540 539
f 514 541 540
f 515 516 542
f 516 517 543
f 517 518 544
f 518 519 545
f 515 542 541
f 542 516 543
f 517 544 543
f 518 545 544
f 519 546 545
f 537 538 547
f 538 539 548
f 538 548 547
f 539 549 548
f 539 540 549
f 540 541 550
f 541 542 551
f 540 550 549
f 541 551 550
f 542 543 552
f 543 544 553
f 542 552 551
f 552 543 553
f 544 554 553
f 544 545 554
f 545 546 555
f 545 555 554
f 546 556 555
f 519 530 546
f 530 531 557
f 531 532 558
f 532 533 559
f 533 561 560
f 530 557 546
f 531 558 557
f 532 559 558
f 533 560 559
f 561 564 560
f 561 562 564
f 536 563 562
f 562 569 564
f 562 563 569
f 563 570 569
f 563 580 570
f 546 557 556
f 557 558 565
f 558 559 566
f 557 565 556
f 558 566 565
f 559 560 567
f 560 564 568
f 559 567 566
f 567 560 568
f 564 571 568
f 564 569 571
f 569 570 572
f 569 572 571
f 391 529 528
f 392 573 529
f 573 575 574
f 392 575 573
f 574 575 578
f 574 578 577
f 536 573 574
f 536 574 576
f 574 577 576
f 576 577 579
f 579 577 2404
f 399 578 575
f 578 2403 577
f 399 2402 578
f 576 580 563
f 576 579 580
f 580 579 581
f 579 2407 581
f 570 580 582
f 580 581 582
f 581 583 582
f 572 570 764
f 570 582 764
f 582 583 765
f 581 2408 583
f 166 165 592
f 165 167 593
f 167 168 594
f 168 169 595
f 169 170 596
f 170 171 597
f 171 172 598
f 172 173 599
f 173 264 600
f 190 587 197
f 190 584 587
f 585 588 584
f 584 588 587
f 585 586 588
f 197 587 1833
f 587 588 589
f 197 1833 1832
f 587 589 1833
f 588 586 590
f 588 590 589
f 586 591 590
f 166 592 585
f 165 593 592
f 167 594 593
f 168 595 594
f 169 596 595
f 592 593 601
f 593 594 602
f 594 595 603
f 595 596 604
f 585 592 586
f 592 601 586
f 170 597 596
f 171 598 597
f 172 599 598
f 173 600 599
f 596 597 605
f 597 598 606
f 598 599 607
f 599 600 608
f 600 619 609
f 593 602 601
f 594 603 602
f 603 595 604
f 596 605 604
f 597 606 605
f 598 607 606
f 599 608 607
f 600 609 608
f 586 601 591
f 601 602 610
f 602 603 611
f 601 610 591
f 602 611 610
f 603 604 612
f 604 605 613
f 603 612 611
f 612 604 613
f 605 614 613
f 605 606 614
f 606 607 615
f 606 615 614
f 607 616 615
f 607 608 616
f 608 609 617
f 609 628 618
f 608 617 616
f 609 618 617
f 264 265 619
f 265 266 620
f 266 267 621
f 267 268 622
f 268 269 623
f 269 270 624
f 270 271 625
f 271 272 626
f 272 283 627
f 283 284 646
f 284 285 647
f 285 286 648
f 286 287 649
f 287 288 650
f 288 289 651
f 289 290 652
f 290 291 653
f 291 292 654
f 264 619 600
f 265 620 619
f 266 621 620
f 267 622 621
f 268 623 622
f 619 620 628
f 620 621 629
f 621 622 630
f 622 623 631
f 269 624 623
f 270 625 624
f 271 626 625
f 272 627 626
f 283 646 627
f 623 624 632
f 624 625 633
f 625 626 634
f 626 627 635
f 627 646 636
f 619 628 609
f 620 629 628
f 621 630 629
f 622 631 630
f 623 632 631
f 624 633 632
f 633 625 634
f 626 635 634
f 627 636 635
f 646 656 636
f 628 629 637
f 629 630 638
f 618 628 637
f 629 638 637
f 630 639 638
f 630 631 639
f 631 632 640
f 631 640 639
f 632 641 640
f 632 633 641
f 633 634 642
f 634 635 643
f 633 642 641
f 642 634 643
f 635 636 644
f 636 656 645
f 635 644 643
f 636 645 644
f 656 666 645
f 284 647 646
f 285 648 647
f 286 649 648
f 287 650 649
f 646 647 656
f 647 648 657
f 648 649 658
f 649 650 659
f 650 651 660
f 288 651 650
f 289 652 651
f 290 653 652
f 291 654 653
f 292 655 654
f 651 652 661
f 652 653 662
f 653 654 663
f 654 655 664
f 647 657 656
f 648 658 657
f 649 659 658
f 650 660 659
f 651 661 660
f 652 662 661
f 653 663 662
f 654 664 663
f 655 665 664
f 656 657 666
f 657 658 667
f 657 667 666
f 658 668 667
f 658 659 668
f 659 660 669
f 660 661 670
f 668 659 669
f 660 670 669
f 661 662 671
f 662 663 672
f 661 671 670
f 662 672 671
f 663 673 672
f 663 664 673
f 664 665 674
f 664 674 673
f 665 675 674
f 292 463 655
f 463 464 676
f 464 465 677
f 465 466 678
f 466 467 679
f 467 468 680
f 468 469 681
f 469 470 682
f 470 471 683
f 471 481 684
f 481 482 703
f 482 483 704
f 483 484 705
f 484 485 706
f 485 486 707
f 486 487 708
f 487 488 709
f 488 489 710
f 489 547 711
f 463 676 655
f 464 677 676
f 465 678 677
f 466 679 678
f 467 680 679
f 655 676 665
f 676 677 685
f 677 678 686
f 678 679 687
f 679 680 688
f 468 681 680
f 469 682 681
f 470 683 682
f 471 684 683
f 680 681 689
f 681 682 690
f 682 683 691
f 683 684 692
f 684 703 693
f 665 676 685
f 677 686 685
f 678 687 686
f 679 688 687
f 680 689 688
f 681 690 689
f 682 691 690
f 683 692 691
f 684 693 692
f 665 685 675
f 685 686 694
f 686 687 695
f 675 685 694
f 686 695 694
f 687 688 696
f 688 689 697
f 687 696 695
f 688 697 696
f 689 698 697
f 689 690 698
f 690 691 699
f 690 699 698
f 699 691 700
f 691 692 700
f 692 693 701
f 693 712 702
f 692 701 700
f 693 702 701
f 481 703 684
f 482 704 703
f 483 705 704
f 705 484 706
f 485 707 706
f 703 704 712
f 704 705 713
f 705 706 714
f 706 707 715
f 486 708 707
f 487 709 708
f 488 710 709
f 489 711 710
f 547 730 711
f 707 708 716
f 708 709 717
f 709 710 718
f 710 711 719
f 711 730 720
f 703 712 693
f 704 713 712
f 705 714 713
f 714 706 715
f 707 716 715
f 708 717 716
f 709 718 717
f 710 719 718
f 711 720 719
f 730 740 720
f 712 713 721
f 713 714 722
f 712 721 702
f 713 722 721
f 714 723 722
f 714 715 723
f 715 716 724
f 723 715 724
f 716 725 724
f 716 717 725
f 717 718 726
f 718 719 727
f 717 726 725
f 718 727 726
f 719 720 728
f 720 740 729
f 719 728 727
f 720 729 728
f 729 740 750
f 547 548 730
f 548 549 731
f 549 550 732
f 550 551 733
f 551 552 734
f 552 553 735
f 553 554 736
f 554 555 737
f 555 556 738
f 556 565 739
f 565 566 760
f 566 567 761
f 567 568 762
f 568 571 763
f 548 731 730
f 549 732 731
f 550 733 732
f 551 734 733
f 730 731 740
f 731 732 741
f 732 733 742
f 733 734 743
f 734 735 744
f 552 735 734
f 553 736 735
f 554 737 736
f 555 738 737
f 556 739 738
f 735 736 745
f 736 737 746
f 737 738 747
f 738 739 748
f 731 741 740
f 732 742 741
f 733 743 742
f 734 744 743
f 735 745 744
f 745 736 746
f 737 747 746
f 738 748 747
f 739 749 748
f 740 741 750
f 741 742 751
f 741 751 750
f 742 752 751
f 742 743 752
f 743 744 753
f 744 745 754
f 743 753 752
f 744 754 753
f 745 746 755
f 746 747 756
f 745 755 754
f 755 746 756
f 747 757 756
f 747 748 757
f 748 749 758
f 748 758 757
f 749 759 758
f 565 760 739
f 566 761 760
f 567 762 761
f 568 763 762
f 571 766 763
f 739 760 749
f 760 761 770
f 761 762 771
f 762 763 772
f 763 766 773
f 571 572 766
f 572 767 766
f 572 764 767
f 582 765 764
f 764 765 768
f 767 764 768
f 583 2796 769
f 583 769 765
f 766 767 774
f 765 769 775
f 765 775 768
f 760 770 749
f 761 771 770
f 762 772 771
f 763 773 772
f 766 774 773
f 767 768 781
f 767 781 774
f 768 782 781
f 769 780 775
f 769 2799 780
f 768 775 782
f 749 770 759
f 770 771 776
f 771 772 777
f 770 776 759
f 771 777 776
f 772 773 778
f 773 774 779
f 772 778 777
f 778 773 779
f 774 784 779
f 775 780 783
f 774 781 784
f 781 782 785
f 775 783 782
f 780 2810 787
f 780 787 783
f 781 785 784
f 782 786 785
f 782 783 786
f 783 787 2197
f 783 2197 786
f 787 2844 2198
f 6 788 791
f 7 790 788
f 790 799 800
f 788 800 792
f 790 800 788
f 790 789 799
f 788 792 791
f 791 793 796
f 791 792 793
f 796 793 794
f 7 795 790
f 8 830 795
f 795 833 789
f 790 795 789
f 12 796 794
f 12 797 13
f 13 798 14
f 12 794 797
f 13 797 798
f 799 801 803
f 799 804 800
f 789 801 799
f 799 803 804
f 800 804 806
f 801 802 803
f 801 811 802
f 792 805 793
f 792 800 806
f 792 806 805
f 793 805 807
f 793 807 794
f 794 808 797
f 794 807 808
f 797 808 809
f 808 841 809
f 789 810 801
f 789 833 810
f 801 810 811
f 798 797 809
f 14 798 812
f 14 812 15
f 15 813 16
f 15 812 813
f 16 813 814
f 16 814 17
f 17 815 18
f 18 816 19
f 17 814 815
f 18 815 816
f 798 821 812
f 812 822 813
f 813 823 814
f 814 824 815
f 815 825 816
f 19 817 20
f 20 818 21
f 19 816 817
f 20 817 818
f 21 819 22
f 22 820 23
f 21 818 819
f 22 819 820
f 23 820 889
f 816 826 817
f 817 827 818
f 818 828 819
f 819 829 820
f 798 809 821
f 812 821 822
f 813 822 823
f 814 823 824
f 815 824 825
f 809 856 821
f 821 857 822
f 822 858 823
f 823 859 824
f 824 860 825
f 816 825 826
f 817 826 827
f 818 827 828
f 819 828 829
f 820 829 898
f 825 861 826
f 826 862 827
f 827 863 828
f 828 864 829
f 8 831 830
f 795 830 833
f 37 832 831
f 40 965 832
f 830 876 833
f 833 877 810
f 810 875 811
f 833 876 877
f 832 879 831
f 830 831 878
f 832 965 979
f 831 879 878
f 830 878 876
f 832 979 879
f 803 802 835
f 803 836 804
f 803 835 836
f 802 834 835
f 804 836 837
f 802 842 834
f 835 834 845
f 835 846 836
f 834 843 844
f 804 837 806
f 806 838 805
f 805 839 807
f 806 837 838
f 805 838 839
f 808 807 840
f 807 839 840
f 808 840 841
f 836 848 837
f 837 849 838
f 838 850 839
f 802 811 842
f 842 881 843
f 834 842 843
f 843 874 853
f 835 845 846
f 834 844 845
f 836 846 848
f 853 847 844
f 845 1006 846
f 845 844 1005
f 844 847 1005
f 845 1005 1006
f 837 848 849
f 838 849 850
f 839 851 840
f 840 852 841
f 839 850 851
f 840 851 852
f 846 1009 848
f 848 1010 849
f 849 1011 850
f 850 1012 851
f 843 853 844
f 853 854 847
f 854 855 1007
f 809 841 856
f 821 856 857
f 822 857 858
f 823 858 859
f 824 859 860
f 825 860 861
f 826 861 862
f 827 862 863
f 828 863 864
f 829 864 927
f 841 852 865
f 841 865 856
f 856 866 857
f 856 865 866
f 857 866 867
f 857 867 858
f 858 868 859
f 859 869 860
f 858 867 868
f 859 868 869
f 860 870 861
f 861 871 862
f 860 869 870
f 861 870 871
f 862 872 863
f 863 873 864
f 862 871 872
f 863 872 873
f 864 873 936
f 811 880 842
f 810 877 875
f 811 875 880
f 842 880 881
f 881 874 843
f 853 874 882
f 875 877 985
f 876 985 877
f 876 878 985
f 878 879 985
f 879 979 985
f 880 985 881
f 875 985 880
f 881 985 874
f 874 985 882
f 882 985 883
f 883 985 884
f 884 985 885
f 885 985 886
f 886 985 887
f 887 985 888
f 888 985 993
f 853 882 854
f 854 883 855
f 854 882 883
f 855 883 884
f 884 885 1044
f 855 884 1044
f 885 1045 1044
f 885 886 1045
f 886 887 1046
f 887 888 1047
f 888 993 1165
f 23 889 59
f 59 890 60
f 60 891 61
f 59 889 890
f 60 890 891
f 61 892 62
f 62 893 63
f 61 891 892
f 62 892 893
f 820 898 889
f 889 899 890
f 890 900 891
f 891 901 892
f 892 902 893
f 63 894 64
f 64 895 65
f 63 893 894
f 64 894 895
f 65 895 896
f 65 896 66
f 66 897 67
f 67 907 68
f 66 896 897
f 67 897 907
f 893 903 894
f 894 904 895
f 895 905 896
f 896 906 897
f 897 917 907
f 889 898 899
f 890 899 900
f 891 900 901
f 892 901 902
f 829 927 898
f 898 928 899
f 899 929 900
f 900 930 901
f 901 931 902
f 893 902 903
f 894 903 904
f 895 904 905
f 896 905 906
f 897 906 917
f 902 932 903
f 903 933 904
f 904 934 905
f 905 935 906
f 906 945 917
f 68 908 69
f 69 909 70
f 68 907 908
f 69 908 909
f 70 910 71
f 71 911 72
f 70 909 910
f 71 910 911
f 72 911 912
f 907 918 908
f 908 919 909
f 909 920 910
f 910 921 911
f 72 912 73
f 73 913 74
f 74 914 75
f 73 912 913
f 74 913 914
f 75 915 76
f 76 916 77
f 75 914 915
f 76 915 916
f 911 922 912
f 912 923 913
f 913 924 914
f 914 925 915
f 915 926 916
f 907 917 918
f 908 918 919
f 909 919 920
f 910 920 921
f 911 921 922
f 917 946 918
f 918 947 919
f 919 948 920
f 920 949 921
f 912 922 923
f 913 923 924
f 914 924 925
f 915 925 926
f 921 950 922
f 922 951 923
f 923 952 924
f 924 953 925
f 925 954 926
f 898 927 928
f 899 928 929
f 900 929 930
f 901 930 931
f 902 931 932
f 903 932 933
f 904 933 934
f 905 934 935
f 906 935 945
f 864 936 927
f 927 937 928
f 928 938 929
f 927 936 937
f 928 937 938
f 929 939 930
f 930 940 931
f 929 938 939
f 930 939 940
f 931 941 932
f 932 942 933
f 931 940 941
f 932 941 942
f 933 942 943
f 933 943 934
f 934 944 935
f 935 955 945
f 934 943 944
f 935 944 955
f 917 945 946
f 918 946 947
f 919 947 948
f 920 948 949
f 921 949 950
f 922 950 951
f 923 951 952
f 924 952 953
f 925 953 954
f 945 956 946
f 946 957 947
f 945 955 956
f 946 956 957
f 947 958 948
f 948 959 949
f 947 957 958
f 948 958 959
f 949 959 960
f 949 960 950
f 950 961 951
f 951 962 952
f 950 960 961
f 951 961 962
f 952 963 953
f 953 964 954
f 952 962 963
f 953 963 964
f 181 966 965
f 182 967 966
f 183 968 967
f 183 193 968
f 193 969 968
f 965 966 980
f 966 967 981
f 965 980 979
f 966 981 980
f 967 982 981
f 968 983 982
f 967 968 982
f 968 969 983
f 969 984 983
f 969 974 984
f 986 974 975
f 193 970 969
f 194 972 970
f 969 970 974
f 970 972 974
f 194 195 973
f 195 971 973
f 194 973 972
f 973 976 972
f 973 971 977
f 971 1832 1838
f 971 1838 977
f 972 975 974
f 975 976 997
f 972 976 975
f 973 977 976
f 977 1838 1839
f 976 978 997
f 977 978 976
f 977 1839 978
f 979 980 985
f 980 981 985
f 981 982 985
f 982 983 985
f 983 984 985
f 985 994 993
f 985 995 994
f 985 987 996
f 985 996 995
f 984 986 985
f 986 990 985
f 990 991 985
f 985 992 988
f 985 991 992
f 985 988 989
f 985 989 987
f 984 974 986
f 986 975 990
f 990 997 991
f 991 998 992
f 988 992 1001
f 993 994 1166
f 994 995 1169
f 995 996 1167
f 988 1000 989
f 987 989 1002
f 987 1168 996
f 988 1001 1000
f 989 1000 1002
f 996 1168 1167
f 987 1002 1168
f 990 975 997
f 978 998 997
f 997 998 991
f 992 998 1001
f 998 999 1001
f 978 999 998
f 978 1839 999
f 1839 1865 999
f 999 1865 1003
f 1001 1003 1000
f 1000 1004 1002
f 1001 999 1003
f 1003 1865 1870
f 1000 1003 1004
f 1003 1870 1004
f 1004 1870 1171
f 846 1006 1009
f 1005 1014 1006
f 847 1008 1005
f 847 1007 1008
f 1005 1008 1014
f 1006 1014 1015
f 1007 1017 1008
f 848 1009 1010
f 849 1010 1011
f 851 1013 852
f 850 1011 1012
f 1006 1015 1009
f 1009 1021 1010
f 1009 1015 1021
f 1010 1022 1011
f 847 854 1007
f 855 1044 1016
f 855 1016 1007
f 1016 1044 1019
f 851 1012 1013
f 1011 1024 1012
f 1012 1025 1013
f 1008 1018 1014
f 1010 1021 1022
f 1014 1023 1015
f 1007 1016 1017
f 1008 1017 1018
f 1016 1020 1017
f 1014 1018 1023
f 1017 1049 1018
f 1016 1019 1020
f 1017 1020 1049
f 1011 1022 1024
f 1012 1024 1025
f 1015 1050 1021
f 1015 1023 1050
f 1021 1051 1022
f 1021 1050 1051
f 1018 1054 1023
f 1022 1055 1024
f 1022 1051 1055
f 1024 1056 1025
f 852 1026 865
f 865 1027 866
f 852 1013 1026
f 865 1026 1027
f 866 1027 1028
f 866 1028 867
f 867 1029 868
f 868 1030 869
f 867 1028 1029
f 868 1029 1030
f 1013 1035 1026
f 869 1031 870
f 870 1032 871
f 869 1030 1031
f 870 1031 1032
f 871 1033 872
f 872 1034 873
f 871 1032 1033
f 872 1033 1034
f 873 1034 1089
f 1026 1036 1027
f 1013 1025 1035
f 1026 1035 1036
f 1027 1036 1037
f 1027 1037 1028
f 1028 1038 1029
f 1029 1039 1030
f 1028 1037 1038
f 1029 1038 1039
f 1025 1071 1035
f 1030 1040 1031
f 1031 1041 1032
f 1030 1039 1040
f 1031 1040 1041
f 1032 1042 1033
f 1033 1043 1034
f 1032 1041 1042
f 1033 1042 1043
f 1034 1043 1098
f 1044 1045 1019
f 1045 1046 1048
f 886 1046 1045
f 887 1047 1046
f 888 1165 1047
f 1045 1048 1019
f 1019 1052 1020
f 1019 1048 1052
f 1046 1061 1048
f 1046 1047 1061
f 1047 1165 1181
f 1047 1181 1061
f 1035 1072 1036
f 1036 1073 1037
f 1037 1074 1038
f 1038 1075 1039
f 1039 1076 1040
f 1040 1077 1041
f 1041 1078 1042
f 1042 1079 1043
f 1018 1049 1054
f 1023 1057 1050
f 1023 1054 1057
f 1050 1059 1051
f 1024 1055 1056
f 1020 1053 1049
f 1020 1052 1053
f 1048 1062 1052
f 1049 1053 1058
f 1052 1063 1053
f 1049 1058 1054
f 1050 1057 1059
f 1051 1060 1055
f 1054 1064 1057
f 1051 1059 1060
f 1055 1065 1056
f 1054 1058 1064
f 1057 1066 1059
f 1057 1064 1066
f 1055 1060 1065
f 1048 1061 1062
f 1061 1181 1184
f 1061 1184 1062
f 1052 1062 1063
f 1053 1063 1067
f 1062 1185 1063
f 1062 1184 1185
f 1053 1067 1058
f 1059 1069 1060
f 1058 1068 1064
f 1058 1067 1068
f 1059 1066 1069
f 1060 1070 1065
f 1060 1069 1070
f 1063 1189 1067
f 1064 1191 1066
f 1064 1068 1191
f 1066 1192 1069
f 1025 1056 1071
f 1035 1071 1072
f 1036 1072 1073
f 1037 1073 1074
f 1038 1074 1075
f 1056 1080 1071
f 1071 1081 1072
f 1056 1065 1080
f 1071 1080 1081
f 1072 1081 1082
f 1072 1082 1073
f 1073 1083 1074
f 1074 1084 1075
f 1073 1082 1083
f 1074 1083 1084
f 1039 1075 1076
f 1040 1076 1077
f 1041 1077 1078
f 1042 1078 1079
f 1043 1079 1127
f 1075 1085 1076
f 1076 1086 1077
f 1075 1084 1085
f 1076 1085 1086
f 1077 1087 1078
f 1078 1088 1079
f 1077 1086 1087
f 1078 1087 1088
f 1079 1088 1136
f 1065 1199 1080
f 1080 1200 1081
f 1065 1070 1199
f 1080 1199 1200
f 1081 1200 1201
f 1081 1201 1082
f 1082 1202 1083
f 1083 1207 1084
f 1082 1201 1202
f 1083 1202 1207
f 1084 1208 1085
f 1085 1209 1086
f 1084 1207 1208
f 1085 1208 1209
f 1086 1210 1087
f 1087 1211 1088
f 1086 1209 1210
f 1087 1210 1211
f 1088 1211 1257
f 873 1089 936
f 936 1090 937
f 937 1091 938
f 936 1089 1090
f 937 1090 1091
f 938 1092 939
f 939 1093 940
f 938 1091 1092
f 939 1092 1093
f 940 1094 941
f 941 1095 942
f 940 1093 1094
f 941 1094 1095
f 942 1095 1096
f 942 1096 943
f 943 1097 944
f 944 1107 955
f 943 1096 1097
f 944 1097 1107
f 1034 1098 1089
f 1089 1099 1090
f 1090 1100 1091
f 1089 1098 1099
f 1090 1099 1100
f 1091 1101 1092
f 1092 1102 1093
f 1091 1100 1101
f 1092 1101 1102
f 1093 1103 1094
f 1094 1104 1095
f 1093 1102 1103
f 1094 1103 1104
f 1095 1104 1105
f 1095 1105 1096
f 1096 1106 1097
f 1097 1117 1107
f 1096 1105 1106
f 1097 1106 1117
f 955 1108 956
f 956 1109 957
f 955 1107 1108
f 956 1108 1109
f 957 1110 958
f 958 1111 959
f 957 1109 1110
f 958 1110 1111
f 959 1111 1112
f 959 1112 960
f 960 1113 961
f 961 1114 962
f 960 1112 1113
f 961 1113 1114
f 962 1115 963
f 963 1116 964
f 962 1114 1115
f 963 1115 1116
f 1107 1118 1108
f 1108 1119 1109
f 1107 1117 1118
f 1108 1118 1119
f 1109 1120 1110
f 1110 1121 1111
f 1109 1119 1120
f 1110 1120 1121
f 1111 1121 1122
f 1111 1122 1112
f 1112 1123 1113
f 1113 1124 1114
f 1112 1122 1123
f 1113 1123 1124
f 1114 1125 1115
f 1115 1126 1116
f 1114 1124 1125
f 1115 1125 1126
f 1043 1127 1098
f 1098 1128 1099
f 1099 1129 1100
f 1100 1130 1101
f 1101 1131 1102
f 1102 1132 1103
f 1103 1133 1104
f 1104 1134 1105
f 1105 1135 1106
f 1106 1145 1117
f 1117 1146 1118
f 1118 1147 1119
f 1119 1148 1120
f 1120 1149 1121
f 1121 1150 1122
f 1122 1151 1123
f 1123 1152 1124
f 1124 1153 1125
f 1125 1154 1126
f 1098 1127 1128
f 1099 1128 1129
f 1100 1129 1130
f 1101 1130 1131
f 1079 1136 1127
f 1127 1137 1128
f 1128 1138 1129
f 1127 1136 1137
f 1128 1137 1138
f 1129 1139 1130
f 1130 1140 1131
f 1129 1138 1139
f 1130 1139 1140
f 1102 1131 1132
f 1103 1132 1133
f 1104 1133 1134
f 1105 1134 1135
f 1106 1135 1145
f 1131 1141 1132
f 1132 1142 1133
f 1131 1140 1141
f 1132 1141 1142
f 1133 1142 1143
f 1133 1143 1134
f 1134 1144 1135
f 1135 1155 1145
f 1134 1143 1144
f 1135 1144 1155
f 1088 1257 1136
f 1136 1258 1137
f 1137 1259 1138
f 1136 1257 1258
f 1137 1258 1259
f 1138 1260 1139
f 1139 1261 1140
f 1138 1259 1260
f 1139 1260 1261
f 1140 1267 1141
f 1141 1268 1142
f 1140 1261 1267
f 1141 1267 1268
f 1142 1268 1269
f 1142 1269 1143
f 1143 1270 1144
f 1144 1284 1155
f 1143 1269 1270
f 1144 1270 1284
f 1117 1145 1146
f 1118 1146 1147
f 1119 1147 1148
f 1120 1148 1149
f 1121 1149 1150
f 1145 1156 1146
f 1146 1157 1147
f 1145 1155 1156
f 1146 1156 1157
f 1147 1158 1148
f 1148 1159 1149
f 1147 1157 1158
f 1148 1158 1159
f 1149 1159 1160
f 1122 1150 1151
f 1123 1151 1152
f 1124 1152 1153
f 1125 1153 1154
f 1149 1160 1150
f 1150 1161 1151
f 1151 1162 1152
f 1150 1160 1161
f 1151 1161 1162
f 1152 1163 1153
f 1153 1164 1154
f 1152 1162 1163
f 1153 1163 1164
f 1155 1285 1156
f 1156 1286 1157
f 1155 1284 1285
f 1156 1285 1286
f 1157 1287 1158
f 1158 1288 1159
f 1157 1286 1287
f 1158 1287 1288
f 1159 1288 1294
f 1159 1294 1160
f 1160 1295 1161
f 1161 1296 1162
f 1160 1294 1295
f 1161 1295 1296
f 1162 1297 1163
f 1163 1298 1164
f 1162 1296 1297
f 1163 1297 1298
f 993 1166 1165
f 994 1169 1166
f 995 1167 1169
f 1168 1174 1167
f 1167 1176 1169
f 1165 1166 1182
f 1169 1170 1166
f 1165 1182 1181
f 1166 1170 1182
f 1169 1176 1170
f 1170 1176 1177
f 1170 1177 1186
f 1002 1172 1168
f 1002 1004 1172
f 1168 1172 1174
f 1004 1171 1172
f 1171 1973 1173
f 1171 1173 1172
f 1172 1173 1174
f 1173 1973 1178
f 1167 1174 1176
f 1174 1173 1175
f 1174 1175 1176
f 1176 1175 1177
f 1175 1179 1177
f 1177 1179 1226
f 1173 1178 1175
f 1178 1179 1175
f 1178 1978 1179
f 1179 1180 1226
f 1179 1978 1180
f 1181 1183 1184
f 1181 1182 1183
f 1184 1187 1185
f 1063 1185 1189
f 1184 1183 1187
f 1185 1187 1194
f 1170 1186 1182
f 1182 1186 1183
f 1183 1186 1188
f 1183 1188 1187
f 1188 1228 1187
f 1187 1228 1194
f 1067 1189 1190
f 1067 1190 1068
f 1185 1194 1189
f 1068 1190 1196
f 1189 1195 1190
f 1068 1196 1191
f 1066 1191 1192
f 1069 1193 1070
f 1069 1192 1193
f 1191 1197 1192
f 1191 1196 1197
f 1192 1198 1193
f 1189 1194 1195
f 1190 1195 1234
f 1194 1232 1195
f 1190 1234 1196
f 1192 1197 1198
f 1196 1235 1197
f 1196 1234 1235
f 1197 1236 1198
f 1070 1203 1199
f 1199 1204 1200
f 1200 1205 1201
f 1201 1206 1202
f 1202 1212 1207
f 1070 1193 1203
f 1199 1203 1204
f 1200 1204 1205
f 1201 1205 1206
f 1202 1206 1212
f 1207 1213 1208
f 1208 1214 1209
f 1209 1215 1210
f 1210 1216 1211
f 1207 1212 1213
f 1208 1213 1214
f 1209 1214 1215
f 1210 1215 1216
f 1211 1216 1262
f 1193 1217 1203
f 1193 1198 1217
f 1203 1218 1204
f 1204 1219 1205
f 1205 1220 1206
f 1206 1221 1212
f 1203 1217 1218
f 1204 1218 1219
f 1205 1219 1220
f 1206 1220 1221
f 1212 1222 1213
f 1213 1223 1214
f 1214 1224 1215
f 1215 1225 1216
f 1212 1221 1222
f 1213 1222 1223
f 1214 1223 1224
f 1215 1224 1225
f 1216 1225 1275
f 1186 1177 1226
f 1186 1226 1188
f 1188 1226 1227
f 1188 1227 1228
f 1227 1230 1228
f 1230 1232 1228
f 1180 1227 1226
f 1180 1229 1227
f 1227 1229 1230
f 1229 2002 1230
f 1230 1231 1232
f 1230 2002 1231
f 1194 1228 1232
f 1195 1232 1233
f 1195 1233 1234
f 1233 1237 1234
f 1197 1235 1236
f 1234 1237 1235
f 1235 1238 1236
f 1232 1231 1233
f 1233 2004 1237
f 1233 1231 2004
f 1237 2004 2006
f 1237 2006 1238
f 1235 1237 1238
f 1198 1239 1217
f 1217 1240 1218
f 1198 1236 1239
f 1218 1241 1219
f 1219 1242 1220
f 1220 1243 1221
f 1217 1239 1240
f 1218 1240 1241
f 1219 1241 1242
f 1220 1242 1243
f 1221 1244 1222
f 1222 1245 1223
f 1223 1246 1224
f 1224 1247 1225
f 1221 1243 1244
f 1222 1244 1245
f 1223 1245 1246
f 1224 1246 1247
f 1225 1247 1314
f 1238 2016 1248
f 1236 1238 1248
f 1239 1248 1249
f 1240 1249 1250
f 1236 1248 1239
f 1239 1249 1240
f 1241 1250 1251
f 1242 1251 1252
f 1240 1250 1241
f 1241 1251 1242
f 1242 1252 1243
f 1243 1252 1253
f 1244 1253 1254
f 1243 1253 1244
f 1244 1254 1245
f 1245 1254 1255
f 1246 1255 1256
f 1247 1256 1323
f 1245 1255 1246
f 1246 1256 1247
f 1211 1262 1257
f 1257 1263 1258
f 1258 1264 1259
f 1259 1265 1260
f 1260 1266 1261
f 1257 1262 1263
f 1258 1263 1264
f 1259 1264 1265
f 1260 1265 1266
f 1261 1271 1267
f 1267 1272 1268
f 1268 1273 1269
f 1269 1274 1270
f 1270 1289 1284
f 1261 1266 1271
f 1267 1271 1272
f 1268 1272 1273
f 1269 1273 1274
f 1270 1274 1289
f 1216 1275 1262
f 1262 1276 1263
f 1263 1277 1264
f 1264 1278 1265
f 1265 1279 1266
f 1262 1275 1276
f 1263 1276 1277
f 1264 1277 1278
f 1265 1278 1279
f 1266 1280 1271
f 1271 1281 1272
f 1272 1282 1273
f 1273 1283 1274
f 1274 1304 1289
f 1266 1279 1280
f 1271 1280 1281
f 1272 1281 1282
f 1273 1282 1283
f 1274 1283 1304
f 1284 1290 1285
f 1285 1291 1286
f 1286 1292 1287
f 1287 1293 1288
f 1284 1289 1290
f 1285 1290 1291
f 1286 1291 1292
f 1287 1292 1293
f 1288 1293 1299
f 1288 1299 1294
f 1294 1300 1295
f 1295 1301 1296
f 1296 1302 1297
f 1297 1303 1298
f 1294 1299 1300
f 1295 1300 1301
f 1296 1301 1302
f 1297 1302 1303
f 1289 1305 1290
f 1290 1306 1291
f 1291 1307 1292
f 1292 1308 1293
f 1289 1304 1305
f 1290 1305 1306
f 1291 1306 1307
f 1292 1307 1308
f 1293 1308 1309
f 1293 1309 1299
f 1299 1310 1300
f 1300 1311 1301
f 1301 1312 1302
f 1302 1313 1303
f 1299 1309 1310
f 1300 1310 1311
f 1301 1311 1312
f 1302 1312 1313
f 1225 1314 1275
f 1275 1315 1276
f 1276 1316 1277
f 1277 1317 1278
f 1278 1318 1279
f 1275 1314 1315
f 1276 1315 1316
f 1277 1316 1317
f 1278 1317 1318
f 1279 1319 1280
f 1280 1320 1281
f 1281 1321 1282
f 1282 1322 1283
f 1283 1332 1304
f 1279 1318 1319
f 1280 1319 1320
f 1281 1320 1321
f 1282 1321 1322
f 1283 1322 1332
f 1314 1323 1324
f 1315 1324 1325
f 1247 1323 1314
f 1314 1324 1315
f 1315 1325 1316
f 1316 1325 1326
f 1317 1326 1327
f 1316 1326 1317
f 1317 1327 1318
f 1318 1327 1328
f 1319 1328 1329
f 1320 1329 1330
f 1318 1328 1319
f 1319 1329 1320
f 1321 1330 1331
f 1322 1331 1342
f 1320 1330 1321
f 1321 1331 1322
f 1322 1342 1332
f 1304 1333 1305
f 1305 1334 1306
f 1306 1335 1307
f 1307 1336 1308
f 1304 1332 1333
f 1305 1333 1334
f 1306 1334 1335
f 1307 1335 1336
f 1308 1336 1337
f 1308 1337 1309
f 1309 1338 1310
f 1310 1339 1311
f 1311 1340 1312
f 1312 1341 1313
f 1309 1337 1338
f 1310 1338 1339
f 1311 1339 1340
f 1312 1340 1341
f 1332 1342 1343
f 1333 1343 1344
f 1332 1343 1333
f 1333 1344 1334
f 1334 1344 1345
f 1335 1345 1346
f 1336 1346 1347
f 1334 1345 1335
f 1335 1346 1336
f 1337 1347 1348
f 1338 1348 1349
f 1336 1347 1337
f 1337 1348 1338
f 1338 1349 1339
f 1339 1349 1350
f 1340 1350 1351
f 1339 1350 1340
f 1340 1351 1341
f 77 1352 293
f 293 1353 294
f 77 916 1352
f 293 1352 1353
f 294 1353 1354
f 294 1354 295
f 295 1355 296
f 296 1356 297
f 295 1354 1355
f 296 1355 1356
f 916 1361 1352
f 1352 1362 1353
f 1353 1363 1354
f 1354 1364 1355
f 1355 1365 1356
f 297 1357 298
f 298 1358 299
f 297 1356 1357
f 298 1357 1358
f 299 1359 300
f 300 1360 301
f 299 1358 1359
f 300 1359 1360
f 301 1360 1370
f 1356 1366 1357
f 1357 1367 1358
f 1358 1368 1359
f 1359 1369 1360
f 916 926 1361
f 1352 1361 1362
f 1353 1362 1363
f 1354 1363 1364
f 1355 1364 1365
f 926 1388 1361
f 1361 1389 1362
f 1362 1390 1363
f 1363 1391 1364
f 1364 1392 1365
f 1356 1365 1366
f 1357 1366 1367
f 1358 1367 1368
f 1359 1368 1369
f 1360 1369 1379
f 1365 1393 1366
f 1366 1394 1367
f 1367 1395 1368
f 1368 1396 1369
f 301 1370 302
f 302 1371 303
f 303 1372 304
f 302 1370 1371
f 303 1371 1372
f 304 1373 305
f 305 1374 306
f 304 1372 1373
f 305 1373 1374
f 1360 1379 1370
f 1370 1380 1371
f 1371 1381 1372
f 1372 1382 1373
f 1373 1383 1374
f 306 1375 307
f 307 1376 308
f 306 1374 1375
f 307 1375 1376
f 308 1376 1377
f 308 1377 309
f 309 1378 310
f 310 1424 347
f 309 1377 1378
f 310 1378 1424
f 1374 1384 1375
f 1375 1385 1376
f 1376 1386 1377
f 1377 1387 1378
f 1378 1434 1424
f 1370 1379 1380
f 1371 1380 1381
f 1372 1381 1382
f 1373 1382 1383
f 1369 1406 1379
f 1379 1407 1380
f 1380 1408 1381
f 1381 1409 1382
f 1382 1410 1383
f 1374 1383 1384
f 1375 1384 1385
f 1376 1385 1386
f 1377 1386 1387
f 1378 1387 1434
f 1383 1411 1384
f 1384 1412 1385
f 1385 1413 1386
f 1386 1414 1387
f 1387 1464 1434
f 926 954 1388
f 1361 1388 1389
f 1362 1389 1390
f 1363 1390 1391
f 1364 1391 1392
f 1365 1392 1393
f 1366 1393 1394
f 1367 1394 1395
f 1368 1395 1396
f 1369 1396 1406
f 954 1397 1388
f 1388 1398 1389
f 954 964 1397
f 1388 1397 1398
f 1389 1398 1399
f 1389 1399 1390
f 1390 1400 1391
f 1391 1401 1392
f 1390 1399 1400
f 1391 1400 1401
f 1392 1402 1393
f 1393 1403 1394
f 1392 1401 1402
f 1393 1402 1403
f 1394 1404 1395
f 1395 1405 1396
f 1394 1403 1404
f 1395 1404 1405
f 1396 1405 1415
f 1379 1406 1407
f 1380 1407 1408
f 1381 1408 1409
f 1382 1409 1410
f 1383 1410 1411
f 1384 1411 1412
f 1385 1412 1413
f 1386 1413 1414
f 1387 1414 1464
f 1396 1415 1406
f 1406 1416 1407
f 1407 1417 1408
f 1406 1415 1416
f 1407 1416 1417
f 1408 1418 1409
f 1409 1419 1410
f 1408 1417 1418
f 1409 1418 1419
f 1410 1420 1411
f 1411 1421 1412
f 1410 1419 1420
f 1411 1420 1421
f 1412 1421 1422
f 1412 1422 1413
f 1413 1423 1414
f 1414 1474 1464
f 1413 1422 1423
f 1414 1423 1474
f 347 1425 348
f 348 1426 349
f 347 1424 1425
f 348 1425 1426
f 349 1427 350
f 350 1428 351
f 349 1426 1427
f 350 1427 1428
f 351 1428 1429
f 1424 1435 1425
f 1425 1436 1426
f 1426 1437 1427
f 1427 1438 1428
f 351 1429 352
f 352 1430 353
f 353 1431 354
f 352 1429 1430
f 353 1430 1431
f 354 1432 355
f 355 1433 356
f 354 1431 1432
f 355 1432 1433
f 1428 1439 1429
f 1429 1440 1430
f 1430 1441 1431
f 1431 1442 1432
f 1432 1443 1433
f 1424 1434 1435
f 1425 1435 1436
f 1426 1436 1437
f 1427 1437 1438
f 1428 1438 1439
f 1434 1465 1435
f 1435 1466 1436
f 1436 1467 1437
f 1437 1468 1438
f 1429 1439 1440
f 1430 1440 1441
f 1431 1441 1442
f 1432 1442 1443
f 1438 1469 1439
f 1439 1470 1440
f 1440 1471 1441
f 1441 1472 1442
f 1442 1473 1443
f 356 1444 357
f 357 1445 358
f 356 1433 1444
f 357 1444 1445
f 358 1445 1446
f 358 1446 359
f 359 1447 360
f 360 1448 394
f 359 1446 1447
f 360 1447 1448
f 1433 1450 1444
f 1444 1451 1445
f 1445 1452 1446
f 1446 1453 1447
f 1447 1454 1448
f 394 1448 1449
f 1433 1443 1450
f 1444 1450 1451
f 1445 1451 1452
f 1446 1452 1453
f 1447 1453 1454
f 1443 1484 1450
f 1450 1485 1451
f 1451 1486 1452
f 1452 1487 1453
f 1453 1488 1454
f 1448 1454 1455
f 1448 1455 1449
f 1449 1456 1458
f 1449 1455 1456
f 1454 1489 1455
f 394 1449 395
f 395 1458 396
f 395 1449 1458
f 396 1459 1457
f 396 1458 1459
f 1457 1459 1461
f 1457 1461 1460
f 399 1460 3869
f 1460 1461 3870
f 1458 1462 1459
f 1458 1456 1462
f 1459 1463 1461
f 1459 1462 1463
f 1461 1463 3871
f 1434 1464 1465
f 1435 1465 1466
f 1436 1466 1467
f 1437 1467 1468
f 1438 1468 1469
f 1439 1469 1470
f 1440 1470 1471
f 1441 1471 1472
f 1442 1472 1473
f 1464 1475 1465
f 1465 1476 1466
f 1464 1474 1475
f 1465 1475 1476
f 1466 1477 1467
f 1467 1478 1468
f 1466 1476 1477
f 1467 1477 1478
f 1468 1478 1479
f 1468 1479 1469
f 1469 1480 1470
f 1470 1481 1471
f 1469 1479 1480
f 1470 1480 1481
f 1471 1482 1472
f 1472 1483 1473
f 1471 1481 1482
f 1472 1482 1483
f 1443 1473 1484
f 1450 1484 1485
f 1451 1485 1486
f 1452 1486 1487
f 1453 1487 1488
f 1454 1488 1489
f 1455 1490 1456
f 1455 1489 1490
f 1456 1490 1498
f 1488 1496 1489
f 1489 1497 1490
f 1473 1491 1484
f 1484 1492 1485
f 1473 1483 1491
f 1484 1491 1492
f 1485 1492 1493
f 1485 1493 1486
f 1486 1494 1487
f 1487 1495 1488
f 1486 1493 1494
f 1487 1494 1495
f 1488 1495 1496
f 1489 1496 1497
f 1490 1497 1501
f 1496 1495 1599
f 1496 1606 1497
f 1456 1498 1462
f 1462 1498 1499
f 1462 1499 1463
f 1463 1499 3873
f 1490 1501 1498
f 1498 1500 1499
f 1498 1501 1500
f 1499 1500 3875
f 1497 1604 1501
f 1501 1605 1500
f 1500 1605 3979
f 964 1502 1397
f 1397 1503 1398
f 964 1116 1502
f 1397 1502 1503
f 1398 1503 1504
f 1398 1504 1399
f 1399 1505 1400
f 1400 1506 1401
f 1399 1504 1505
f 1400 1505 1506
f 1401 1507 1402
f 1402 1508 1403
f 1401 1506 1507
f 1402 1507 1508
f 1403 1509 1404
f 1404 1510 1405
f 1403 1508 1509
f 1404 1509 1510
f 1405 1510 1520
f 1116 1511 1502
f 1502 1512 1503
f 1116 1126 1511
f 1502 1511 1512
f 1503 1512 1513
f 1503 1513 1504
f 1504 1514 1505
f 1505 1515 1506
f 1504 1513 1514
f 1505 1514 1515
f 1506 1516 1507
f 1507 1517 1508
f 1506 1515 1516
f 1507 1516 1517
f 1508 1518 1509
f 1509 1519 1510
f 1508 1517 1518
f 1509 1518 1519
f 1510 1519 1529
f 1405 1520 1415
f 1415 1521 1416
f 1416 1522 1417
f 1415 1520 1521
f 1416 1521 1522
f 1417 1523 1418
f 1418 1524 1419
f 1417 1522 1523
f 1418 1523 1524
f 1419 1525 1420
f 1420 1526 1421
f 1419 1524 1525
f 1420 1525 1526
f 1421 1526 1527
f 1421 1527 1422
f 1422 1528 1423
f 1423 1574 1474
f 1422 1527 1528
f 1423 1528 1574
f 1510 1529 1520
f 1520 1530 1521
f 1521 1531 1522
f 1520 1529 1530
f 1521 1530 1531
f 1522 1532 1523
f 1523 1533 1524
f 1522 1531 1532
f 1523 1532 1533
f 1524 1534 1525
f 1525 1535 1526
f 1524 1533 1534
f 1525 1534 1535
f 1526 1535 1536
f 1526 1536 1527
f 1527 1537 1528
f 1528 1584 1574
f 1527 1536 1537
f 1528 1537 1584
f 1126 1538 1511
f 1511 1539 1512
f 1512 1540 1513
f 1513 1541 1514
f 1514 1542 1515
f 1515 1543 1516
f 1516 1544 1517
f 1517 1545 1518
f 1518 1546 1519
f 1519 1556 1529
f 1529 1557 1530
f 1530 1558 1531
f 1531 1559 1532
f 1532 1560 1533
f 1533 1561 1534
f 1534 1562 1535
f 1535 1563 1536
f 1536 1564 1537
f 1537 1614 1584
f 1126 1154 1538
f 1511 1538 1539
f 1512 1539 1540
f 1513 1540 1541
f 1514 1541 1542
f 1154 1547 1538
f 1538 1548 1539
f 1154 1164 1547
f 1538 1547 1548
f 1539 1548 1549
f 1539 1549 1540
f 1540 1550 1541
f 1541 1551 1542
f 1540 1549 1550
f 1541 1550 1551
f 1515 1542 1543
f 1516 1543 1544
f 1517 1544 1545
f 1518 1545 1546
f 1519 1546 1556
f 1542 1552 1543
f 1543 1553 1544
f 1542 1551 1552
f 1543 1552 1553
f 1544 1554 1545
f 1545 1555 1546
f 1544 1553 1554
f 1545 1554 1555
f 1546 1555 1565
f 1164 1648 1547
f 1547 1649 1548
f 1164 1298 1648
f 1547 1648 1649
f 1548 1649 1650
f 1548 1650 1549
f 1549 1651 1550
f 1550 1656 1551
f 1549 1650 1651
f 1550 1651 1656
f 1551 1657 1552
f 1552 1658 1553
f 1551 1656 1657
f 1552 1657 1658
f 1553 1659 1554
f 1554 1660 1555
f 1553 1658 1659
f 1554 1659 1660
f 1555 1660 1675
f 1529 1556 1557
f 1530 1557 1558
f 1531 1558 1559
f 1532 1559 1560
f 1546 1565 1556
f 1556 1566 1557
f 1557 1567 1558
f 1556 1565 1566
f 1557 1566 1567
f 1558 1568 1559
f 1559 1569 1560
f 1558 1567 1568
f 1559 1568 1569
f 1533 1560 1561
f 1534 1561 1562
f 1535 1562 1563
f 1536 1563 1564
f 1537 1564 1614
f 1560 1570 1561
f 1561 1571 1562
f 1560 1569 1570
f 1561 1570 1571
f 1562 1571 1572
f 1562 1572 1563
f 1563 1573 1564
f 1564 1624 1614
f 1563 1572 1573
f 1564 1573 1624
f 1555 1675 1565
f 1565 1676 1566
f 1566 1677 1567
f 1565 1675 1676
f 1566 1676 1677
f 1567 1678 1568
f 1568 1679 1569
f 1567 1677 1678
f 1568 1678 1679
f 1569 1685 1570
f 1570 1686 1571
f 1569 1679 1685
f 1570 1685 1686
f 1571 1686 1687
f 1571 1687 1572
f 1572 1688 1573
f 1573 1738 1624
f 1572 1687 1688
f 1573 1688 1738
f 1474 1575 1475
f 1475 1576 1476
f 1474 1574 1575
f 1475 1575 1576
f 1476 1577 1477
f 1477 1578 1478
f 1476 1576 1577
f 1477 1577 1578
f 1478 1578 1579
f 1478 1579 1479
f 1479 1580 1480
f 1480 1581 1481
f 1479 1579 1580
f 1480 1580 1581
f 1481 1582 1482
f 1482 1583 1483
f 1481 1581 1582
f 1482 1582 1583
f 1574 1585 1575
f 1575 1586 1576
f 1574 1584 1585
f 1575 1585 1586
f 1576 1587 1577
f 1577 1588 1578
f 1576 1586 1587
f 1577 1587 1588
f 1578 1588 1589
f 1578 1589 1579
f 1579 1590 1580
f 1580 1591 1581
f 1579 1589 1590
f 1580 1590 1591
f 1581 1592 1582
f 1582 1593 1583
f 1581 1591 1592
f 1582 1592 1593
f 1483 1594 1491
f 1491 1595 1492
f 1483 1583 1594
f 1491 1594 1595
f 1492 1595 1596
f 1492 1596 1493
f 1493 1597 1494
f 1494 1598 1495
f 1493 1596 1597
f 1494 1597 1598
f 1597 1610 1598
f 1495 1598 1599
f 1496 1599 1606
f 1599 1598 1607
f 1583 1600 1594
f 1594 1601 1595
f 1583 1593 1600
f 1594 1600 1601
f 1595 1601 1602
f 1595 1602 1596
f 1596 1603 1597
f 1596 1602 1603
f 1597 1603 1610
f 1598 1610 1607
f 1584 1615 1585
f 1585 1616 1586
f 1586 1617 1587
f 1587 1618 1588
f 1588 1619 1589
f 1589 1620 1590
f 1590 1621 1591
f 1591 1622 1592
f 1592 1623 1593
f 1497 1606 1604
f 1501 1604 1605
f 1599 1608 1606
f 1606 1609 1604
f 1605 1604 1611
f 1604 1609 1611
f 1605 1611 3980
f 1593 1634 1600
f 1600 1635 1601
f 1601 1636 1602
f 1602 1637 1603
f 1603 1638 1610
f 1599 1607 1608
f 1606 1608 1609
f 1609 1608 1612
f 1607 1610 1639
f 1607 1640 1608
f 1607 1639 1640
f 1609 1613 1611
f 1611 1613 3987
f 1609 1612 1613
f 1608 1640 1612
f 1584 1614 1615
f 1585 1615 1616
f 1586 1616 1617
f 1587 1617 1618
f 1588 1618 1619
f 1614 1625 1615
f 1615 1626 1616
f 1614 1624 1625
f 1615 1625 1626
f 1616 1627 1617
f 1617 1628 1618
f 1616 1626 1627
f 1617 1627 1628
f 1618 1628 1629
f 1589 1619 1620
f 1590 1620 1621
f 1591 1621 1622
f 1592 1622 1623
f 1618 1629 1619
f 1619 1630 1620
f 1620 1631 1621
f 1619 1629 1630
f 1620 1630 1631
f 1621 1632 1622
f 1622 1633 1623
f 1621 1631 1632
f 1622 1632 1633
f 1624 1739 1625
f 1625 1740 1626
f 1624 1738 1739
f 1625 1739 1740
f 1626 1741 1627
f 1627 1742 1628
f 1626 1740 1741
f 1627 1741 1742
f 1628 1742 1748
f 1628 1748 1629
f 1629 1749 1630
f 1630 1750 1631
f 1629 1748 1749
f 1630 1749 1750
f 1631 1751 1632
f 1632 1752 1633
f 1631 1750 1751
f 1632 1751 1752
f 1593 1623 1634
f 1600 1634 1635
f 1601 1635 1636
f 1602 1636 1637
f 1603 1637 1638
f 1623 1643 1634
f 1634 1644 1635
f 1623 1633 1643
f 1634 1643 1644
f 1635 1644 1645
f 1635 1645 1636
f 1636 1646 1637
f 1637 1647 1638
f 1636 1645 1646
f 1610 1638 1639
f 1639 1638 1642
f 1637 1646 1647
f 1639 1641 1640
f 1612 1640 1768
f 1640 1641 1768
f 1639 1642 1641
f 1638 1647 1642
f 1642 1781 1641
f 1633 1772 1643
f 1643 1773 1644
f 1633 1752 1772
f 1643 1772 1773
f 1644 1773 1774
f 1646 1782 1647
f 1644 1774 1645
f 1645 1775 1646
f 1645 1774 1775
f 1646 1775 1782
f 1642 1647 1780
f 1647 1782 1780
f 1298 1652 1648
f 1648 1653 1649
f 1649 1654 1650
f 1650 1655 1651
f 1651 1661 1656
f 1298 1303 1652
f 1648 1652 1653
f 1649 1653 1654
f 1650 1654 1655
f 1651 1655 1661
f 1656 1662 1657
f 1657 1663 1658
f 1658 1664 1659
f 1659 1665 1660
f 1656 1661 1662
f 1657 1662 1663
f 1658 1663 1664
f 1659 1664 1665
f 1660 1665 1680
f 1303 1666 1652
f 1652 1667 1653
f 1653 1668 1654
f 1654 1669 1655
f 1655 1670 1661
f 1303 1313 1666
f 1652 1666 1667
f 1653 1667 1668
f 1654 1668 1669
f 1655 1669 1670
f 1661 1671 1662
f 1662 1672 1663
f 1663 1673 1664
f 1664 1674 1665
f 1661 1670 1671
f 1662 1671 1672
f 1663 1672 1673
f 1664 1673 1674
f 1665 1674 1693
f 1660 1680 1675
f 1675 1681 1676
f 1676 1682 1677
f 1677 1683 1678
f 1678 1684 1679
f 1675 1680 1681
f 1676 1681 1682
f 1677 1682 1683
f 1678 1683 1684
f 1679 1689 1685
f 1685 1690 1686
f 1686 1691 1687
f 1687 1692 1688
f 1688 1743 1738
f 1679 1684 1689
f 1685 1689 1690
f 1686 1690 1691
f 1687 1691 1692
f 1688 1692 1743
f 1665 1693 1680
f 1680 1694 1681
f 1681 1695 1682
f 1682 1696 1683
f 1683 1697 1684
f 1680 1693 1694
f 1681 1694 1695
f 1682 1695 1696
f 1683 1696 1697
f 1684 1698 1689
f 1689 1699 1690
f 1690 1700 1691
f 1691 1701 1692
f 1692 1758 1743
f 1684 1697 1698
f 1689 1698 1699
f 1690 1699 1700
f 1691 1700 1701
f 1692 1701 1758
f 1313 1702 1666
f 1666 1703 1667
f 1667 1704 1668
f 1668 1705 1669
f 1669 1706 1670
f 1313 1341 1702
f 1666 1702 1703
f 1667 1703 1704
f 1668 1704 1705
f 1669 1705 1706
f 1670 1707 1671
f 1671 1708 1672
f 1672 1709 1673
f 1673 1710 1674
f 1670 1706 1707
f 1671 1707 1708
f 1672 1708 1709
f 1673 1709 1710
f 1674 1710 1720
f 1341 1351 1711
f 1702 1711 1712
f 1703 1712 1713
f 1341 1711 1702
f 1702 1712 1703
f 1704 1713 1714
f 1705 1714 1715
f 1703 1713 1704
f 1704 1714 1705
f 1705 1715 1706
f 1706 1715 1716
f 1707 1716 1717
f 1706 1716 1707
f 1707 1717 1708
f 1708 1717 1718
f 1709 1718 1719
f 1710 1719 1729
f 1708 1718 1709
f 1709 1719 1710
f 1674 1720 1693
f 1693 1721 1694
f 1694 1722 1695
f 1695 1723 1696
f 1696 1724 1697
f 1693 1720 1721
f 1694 1721 1722
f 1695 1722 1723
f 1696 1723 1724
f 1697 1725 1698
f 1698 1726 1699
f 1699 1727 1700
f 1700 1728 1701
f 1701 1791 1758
f 1697 1724 1725
f 1698 1725 1726
f 1699 1726 1727
f 1700 1727 1728
f 1701 1728 1791
f 1720 1729 1730
f 1721 1730 1731
f 1710 1729 1720
f 1720 1730 1721
f 1721 1731 1722
f 1722 1731 1732
f 1723 1732 1733
f 1722 1732 1723
f 1723 1733 1724
f 1724 1733 1734
f 1725 1734 1735
f 1726 1735 1736
f 1724 1734 1725
f 1725 1735 1726
f 1727 1736 1737
f 1728 1737 1801
f 1726 1736 1727
f 1727 1737 1728
f 1728 1801 1791
f 1612 1769 1613
f 1613 1769 3991
f 1738 1744 1739
f 1739 1745 1740
f 1740 1746 1741
f 1741 1747 1742
f 1738 1743 1744
f 1739 1744 1745
f 1740 1745 1746
f 1741 1746 1747
f 1742 1747 1753
f 1742 1753 1748
f 1748 1754 1749
f 1749 1755 1750
f 1750 1756 1751
f 1751 1757 1752
f 1748 1753 1754
f 1749 1754 1755
f 1750 1755 1756
f 1751 1756 1757
f 1743 1759 1744
f 1744 1760 1745
f 1745 1761 1746
f 1746 1762 1747
f 1743 1758 1759
f 1744 1759 1760
f 1745 1760 1761
f 1746 1761 1762
f 1747 1762 1763
f 1747 1763 1753
f 1753 1764 1754
f 1754 1765 1755
f 1755 1766 1756
f 1756 1767 1757
f 1753 1763 1764
f 1754 1764 1765
f 1755 1765 1766
f 1756 1766 1767
f 1612 1768 1769
f 1769 1768 1771
f 1641 1770 1768
f 1641 1781 1770
f 1768 1770 1771
f 1769 1771 4010
f 1771 1770 1811
f 1770 1788 1811
f 1752 1776 1772
f 1772 1777 1773
f 1773 1778 1774
f 1774 1779 1775
f 1775 1790 1782
f 1752 1757 1776
f 1772 1776 1777
f 1773 1777 1778
f 1774 1778 1779
f 1775 1779 1790
f 1642 1780 1781
f 1781 1780 1787
f 1780 1782 1789
f 1782 1790 1789
f 1757 1783 1776
f 1776 1784 1777
f 1777 1785 1778
f 1778 1786 1779
f 1779 1821 1790
f 1757 1767 1783
f 1776 1783 1784
f 1777 1784 1785
f 1778 1785 1786
f 1779 1786 1821
f 1780 1789 1787
f 1770 1781 1788
f 1781 1787 1788
f 1788 1787 1818
f 1789 1790 1820
f 1789 1819 1787
f 1789 1820 1819
f 1790 1821 1820
f 1758 1792 1759
f 1759 1793 1760
f 1760 1794 1761
f 1761 1795 1762
f 1758 1791 1792
f 1759 1792 1793
f 1760 1793 1794
f 1761 1794 1795
f 1762 1795 1796
f 1762 1796 1763
f 1763 1797 1764
f 1764 1798 1765
f 1765 1799 1766
f 1766 1800 1767
f 1763 1796 1797
f 1764 1797 1798
f 1765 1798 1799
f 1766 1799 1800
f 1791 1801 1802
f 1792 1802 1803
f 1791 1802 1792
f 1792 1803 1793
f 1793 1803 1804
f 1794 1804 1805
f 1795 1805 1806
f 1793 1804 1794
f 1794 1805 1795
f 1796 1806 1807
f 1797 1807 1808
f 1795 1806 1796
f 1796 1807 1797
f 1797 1808 1798
f 1798 1808 1809
f 1799 1809 1810
f 1798 1809 1799
f 1799 1810 1800
f 1771 1811 4013
f 1788 1812 1811
f 1811 1812 4016
f 1812 1813 4511
f 1767 1814 1783
f 1783 1815 1784
f 1784 1816 1785
f 1785 1817 1786
f 1786 1822 1821
f 1767 1800 1814
f 1783 1814 1815
f 1784 1815 1816
f 1785 1816 1817
f 1786 1817 1822
f 1788 1818 1812
f 1787 1819 1818
f 1818 1819 1829
f 1820 1821 1830
f 1820 1827 1819
f 1820 1830 1827
f 1821 1822 1830
f 1800 1810 1823
f 1814 1823 1824
f 1815 1824 1825
f 1800 1823 1814
f 1814 1824 1815
f 1817 1831 1822
f 1816 1825 1826
f 1815 1825 1816
f 1816 1826 1817
f 1817 1826 1831
f 1812 1818 1813
f 1818 1829 1813
f 1829 1819 1827
f 1830 2400 1827
f 1830 1828 2400
f 1829 1827 2383
f 1827 2400 2383
f 1822 1828 1830
f 1822 1831 1828
f 1832 1833 1834
f 589 1835 1833
f 1832 1834 1838
f 1833 1835 1834
f 589 590 1836
f 590 591 1837
f 590 1837 1836
f 591 1844 1837
f 589 1836 1835
f 1834 1840 1838
f 1838 1840 1839
f 1834 1835 1841
f 1835 1842 1841
f 1834 1841 1840
f 1835 1836 1842
f 1836 1843 1842
f 1836 1837 1843
f 1837 1844 1845
f 1837 1845 1843
f 591 610 1844
f 1844 1846 1845
f 1845 1846 1875
f 610 611 1847
f 611 612 1848
f 610 1847 1844
f 611 1848 1847
f 612 613 1849
f 613 614 1850
f 612 1849 1848
f 613 1850 1849
f 614 1851 1850
f 1844 1847 1846
f 1847 1848 1856
f 1848 1849 1857
f 1849 1850 1858
f 1850 1851 1859
f 614 615 1851
f 615 616 1852
f 615 1852 1851
f 616 1853 1852
f 616 617 1853
f 617 618 1854
f 618 637 1855
f 617 1854 1853
f 618 1855 1854
f 1851 1852 1860
f 1852 1853 1861
f 1853 1854 1862
f 1854 1855 1863
f 1855 1897 1864
f 1847 1856 1846
f 1848 1857 1856
f 1849 1858 1857
f 1858 1850 1859
f 1851 1860 1859
f 1846 1856 1876
f 1856 1857 1879
f 1857 1858 1880
f 1858 1859 1881
f 1859 1860 1882
f 1852 1861 1860
f 1853 1862 1861
f 1854 1863 1862
f 1855 1864 1863
f 1860 1861 1883
f 1861 1862 1884
f 1862 1863 1885
f 1863 1864 1886
f 1864 1906 1887
f 1839 1840 1865
f 1840 1866 1865
f 1840 1841 1866
f 1865 1866 1870
f 1866 1867 1871
f 1841 1842 1867
f 1841 1867 1866
f 1867 1868 1872
f 1842 1843 1868
f 1842 1868 1867
f 1843 1869 1868
f 1843 1845 1869
f 1845 1875 1869
f 1868 1869 1873
f 1869 1875 1874
f 1866 1871 1870
f 1171 1870 1871
f 1171 1871 1973
f 1871 1872 1973
f 1867 1872 1871
f 1872 1873 1974
f 1868 1873 1872
f 1873 1869 1874
f 1874 1875 1877
f 1873 1874 1975
f 1874 1877 1976
f 1846 1876 1875
f 1875 1876 1877
f 1876 1878 1877
f 1877 1878 1977
f 1856 1879 1876
f 1857 1880 1879
f 1858 1881 1880
f 1859 1882 1881
f 1860 1883 1882
f 1861 1884 1883
f 1862 1885 1884
f 1863 1886 1885
f 1864 1887 1886
f 1876 1879 1878
f 1879 1880 1888
f 1880 1881 1889
f 1879 1888 1878
f 1880 1889 1888
f 1881 1882 1890
f 1882 1883 1891
f 1881 1890 1889
f 1890 1882 1891
f 1883 1892 1891
f 1883 1884 1892
f 1884 1885 1893
f 1884 1893 1892
f 1885 1894 1893
f 1885 1886 1894
f 1886 1887 1895
f 1887 1935 1896
f 1886 1895 1894
f 1887 1896 1895
f 637 638 1897
f 638 639 1898
f 637 1897 1855
f 638 1898 1897
f 639 1899 1898
f 639 640 1899
f 640 641 1900
f 640 1900 1899
f 641 1901 1900
f 1897 1898 1906
f 1898 1899 1907
f 1899 1900 1908
f 1900 1901 1909
f 641 642 1901
f 642 643 1902
f 643 644 1903
f 642 1902 1901
f 1902 643 1903
f 644 645 1904
f 645 666 1905
f 644 1904 1903
f 645 1905 1904
f 666 1915 1905
f 1901 1902 1910
f 1902 1903 1911
f 1903 1904 1912
f 1904 1905 1913
f 1905 1915 1914
f 1897 1906 1864
f 1898 1907 1906
f 1899 1908 1907
f 1900 1909 1908
f 1901 1910 1909
f 1906 1907 1935
f 1907 1908 1936
f 1908 1909 1937
f 1909 1910 1938
f 1902 1911 1910
f 1911 1903 1912
f 1904 1913 1912
f 1905 1914 1913
f 1915 1925 1914
f 1910 1911 1939
f 1911 1912 1940
f 1912 1913 1941
f 1913 1914 1942
f 1914 1925 1943
f 666 667 1915
f 667 668 1916
f 667 1916 1915
f 668 1917 1916
f 668 669 1917
f 669 670 1918
f 670 671 1919
f 669 1918 1917
f 670 1919 1918
f 1915 1916 1925
f 1916 1917 1926
f 1917 1918 1927
f 1918 1919 1928
f 1919 1920 1929
f 671 672 1920
f 672 673 1921
f 671 1920 1919
f 672 1921 1920
f 673 1922 1921
f 673 674 1922
f 674 675 1923
f 674 1923 1922
f 675 1924 1923
f 1920 1921 1930
f 1921 1922 1931
f 1922 1923 1932
f 1923 1924 1933
f 1916 1926 1925
f 1917 1927 1926
f 1918 1928 1927
f 1919 1929 1928
f 1925 1926 1953
f 1926 1927 1954
f 1927 1928 1955
f 1928 1929 1956
f 1929 1930 1957
f 1920 1930 1929
f 1921 1931 1930
f 1922 1932 1931
f 1923 1933 1932
f 1924 1934 1933
f 1930 1931 1958
f 1931 1932 1959
f 1932 1933 1960
f 1933 1934 1961
f 1906 1935 1887
f 1907 1936 1935
f 1908 1937 1936
f 1909 1938 1937
f 1910 1939 1938
f 1911 1940 1939
f 1912 1941 1940
f 1913 1942 1941
f 1914 1943 1942
f 1925 1953 1943
f 1935 1936 1944
f 1936 1937 1945
f 1896 1935 1944
f 1936 1945 1944
f 1937 1946 1945
f 1937 1938 1946
f 1938 1939 1947
f 1938 1947 1946
f 1939 1948 1947
f 1939 1940 1948
f 1940 1941 1949
f 1941 1942 1950
f 1940 1949 1948
f 1949 1941 1950
f 1942 1943 1951
f 1943 1953 1952
f 1942 1951 1950
f 1943 1952 1951
f 1953 1963 1952
f 1926 1954 1953
f 1927 1955 1954
f 1928 1956 1955
f 1929 1957 1956
f 1930 1958 1957
f 1931 1959 1958
f 1932 1960 1959
f 1933 1961 1960
f 1934 1962 1961
f 1953 1954 1963
f 1954 1955 1964
f 1954 1964 1963
f 1955 1965 1964
f 1955 1956 1965
f 1956 1957 1966
f 1957 1958 1967
f 1965 1956 1966
f 1957 1967 1966
f 1958 1959 1968
f 1959 1960 1969
f 1958 1968 1967
f 1959 1969 1968
f 1960 1970 1969
f 1960 1961 1970
f 1961 1962 1971
f 1961 1971 1970
f 1962 1972 1971
f 1178 1973 1974
f 1872 1974 1973
f 1873 1975 1974
f 1178 1974 1978
f 1974 1975 1978
f 1975 1979 1978
f 1975 1976 1979
f 1874 1976 1975
f 1877 1977 1976
f 1976 1977 1980
f 1977 1992 1981
f 1180 1978 1979
f 1979 1976 1980
f 1180 1979 1229
f 1229 1980 2002
f 1229 1979 1980
f 1980 1981 2002
f 1977 1981 1980
f 1992 1982 1981
f 1981 1982 2003
f 1993 1983 1982
f 1982 1983 2005
f 1983 1984 2007
f 1984 1985 2008
f 1985 1986 2009
f 1986 1987 2010
f 1987 1988 2011
f 1988 1989 2012
f 1989 1990 2013
f 1990 1991 2014
f 1991 2025 2015
f 1878 1992 1977
f 1878 1888 1992
f 1888 1993 1992
f 1889 1994 1993
f 1890 1995 1994
f 1995 1891 1996
f 1892 1997 1996
f 1888 1889 1993
f 1889 1890 1994
f 1890 1891 1995
f 1891 1892 1996
f 1992 1993 1982
f 1893 1998 1997
f 1894 1999 1998
f 1895 2000 1999
f 1896 2001 2000
f 1892 1893 1997
f 1893 1894 1998
f 1894 1895 1999
f 1895 1896 2000
f 1896 1944 2001
f 1993 1994 1983
f 1994 1995 1984
f 1994 1984 1983
f 1995 1996 1985
f 1996 1997 1986
f 1995 1985 1984
f 1996 1986 1985
f 1997 1987 1986
f 1997 1998 1987
f 1998 1999 1988
f 1998 1988 1987
f 1999 1989 1988
f 1999 2000 1989
f 2000 2001 1990
f 2001 2044 1991
f 2000 1990 1989
f 2001 1991 1990
f 1231 2002 2003
f 1981 2003 2002
f 1231 2003 2004
f 2005 2006 2004
f 2003 2005 2004
f 1982 2005 2003
f 2005 2007 2006
f 2007 2016 2006
f 2008 2017 2016
f 2009 2018 2017
f 2018 2010 2019
f 2011 2020 2019
f 2012 2021 2020
f 2013 2022 2021
f 2014 2023 2022
f 2015 2024 2023
f 1983 2007 2005
f 1984 2008 2007
f 1985 2009 2008
f 2009 1986 2010
f 1987 2011 2010
f 2007 2008 2016
f 2008 2009 2017
f 2009 2010 2018
f 2010 2011 2019
f 1988 2012 2011
f 1989 2013 2012
f 1990 2014 2013
f 1991 2015 2014
f 2011 2012 2020
f 2012 2013 2021
f 2013 2014 2022
f 2014 2015 2023
f 2015 2063 2024
f 1238 2006 2016
f 1248 2017 1249
f 1248 2016 2017
f 1249 2017 2018
f 1249 2018 1250
f 1250 2019 1251
f 1251 2020 1252
f 1250 2018 2019
f 1251 2019 2020
f 1252 2021 1253
f 1253 2022 1254
f 1252 2020 2021
f 1253 2021 2022
f 1254 2023 1255
f 1255 2024 1256
f 1254 2022 2023
f 1255 2023 2024
f 1256 2024 2072
f 2025 2026 2063
f 2026 2027 2064
f 2027 2028 2065
f 2028 2029 2066
f 2029 2030 2067
f 2030 2031 2068
f 2031 2032 2069
f 2032 2033 2070
f 2033 2034 2071
f 2034 2035 2081
f 2035 2036 2082
f 2036 2037 2083
f 2037 2038 2084
f 2038 2039 2085
f 2039 2040 2086
f 2040 2041 2087
f 2041 2042 2088
f 2042 2043 2089
f 1944 2044 2001
f 1945 2045 2044
f 1946 2046 2045
f 1947 2047 2046
f 1948 2048 2047
f 1944 1945 2044
f 1945 1946 2045
f 1946 1947 2046
f 1947 1948 2047
f 1949 2049 2048
f 2049 1950 2050
f 1951 2051 2050
f 1952 2052 2051
f 1963 2053 2052
f 1948 1949 2048
f 1949 1950 2049
f 1950 1951 2050
f 1951 1952 2051
f 1952 1963 2052
f 2044 2045 2025
f 2045 2046 2026
f 2044 2025 1991
f 2045 2026 2025
f 2046 2027 2026
f 2046 2047 2027
f 2047 2048 2028
f 2047 2028 2027
f 2048 2029 2028
f 2048 2049 2029
f 2049 2050 2030
f 2050 2051 2031
f 2049 2030 2029
f 2030 2050 2031
f 2051 2052 2032
f 2052 2053 2033
f 2051 2032 2031
f 2052 2033 2032
f 2053 2034 2033
f 1964 2054 2053
f 1965 2055 2054
f 1966 2056 2055
f 1967 2057 2056
f 1963 1964 2053
f 1964 1965 2054
f 1965 1966 2055
f 1966 1967 2056
f 1967 1968 2057
f 1968 2058 2057
f 1969 2059 2058
f 1970 2060 2059
f 1971 2061 2060
f 1972 2062 2061
f 1968 1969 2058
f 1969 1970 2059
f 1970 1971 2060
f 1971 1972 2061
f 2053 2054 2034
f 2054 2055 2035
f 2054 2035 2034
f 2055 2036 2035
f 2055 2056 2036
f 2056 2057 2037
f 2057 2058 2038
f 2056 2037 2036
f 2057 2038 2037
f 2058 2059 2039
f 2059 2060 2040
f 2058 2039 2038
f 2059 2040 2039
f 2060 2041 2040
f 2060 2061 2041
f 2061 2062 2042
f 2061 2042 2041
f 2062 2043 2042
f 2063 2072 2024
f 2064 2073 2072
f 2065 2074 2073
f 2066 2075 2074
f 2067 2076 2075
f 2068 2077 2076
f 2077 2069 2078
f 2070 2079 2078
f 2071 2080 2079
f 2081 2091 2080
f 2015 2025 2063
f 2026 2064 2063
f 2027 2065 2064
f 2028 2066 2065
f 2029 2067 2066
f 2063 2064 2072
f 2064 2065 2073
f 2065 2066 2074
f 2066 2067 2075
f 2030 2068 2067
f 2068 2031 2069
f 2032 2070 2069
f 2033 2071 2070
f 2034 2081 2071
f 2067 2068 2076
f 2068 2069 2077
f 2069 2070 2078
f 2070 2071 2079
f 2071 2081 2080
f 1256 2072 1323
f 1323 2073 1324
f 1324 2074 1325
f 1323 2072 2073
f 1324 2073 2074
f 1325 2075 1326
f 1326 2076 1327
f 1325 2074 2075
f 1326 2075 2076
f 1327 2077 1328
f 1328 2078 1329
f 1327 2076 2077
f 1328 2077 2078
f 1329 2078 2079
f 1329 2079 1330
f 1330 2080 1331
f 1331 2091 1342
f 1330 2079 2080
f 1331 2080 2091
f 2082 2092 2091
f 2083 2093 2092
f 2084 2094 2093
f 2085 2095 2094
f 2086 2096 2095
f 2087 2097 2096
f 2088 2098 2097
f 2089 2099 2098
f 2090 2100 2099
f 2035 2082 2081
f 2036 2083 2082
f 2083 2037 2084
f 2038 2085 2084
f 2081 2082 2091
f 2082 2083 2092
f 2083 2084 2093
f 2084 2085 2094
f 2085 2086 2095
f 2039 2086 2085
f 2040 2087 2086
f 2041 2088 2087
f 2042 2089 2088
f 2043 2090 2089
f 2086 2087 2096
f 2087 2088 2097
f 2088 2089 2098
f 2089 2090 2099
f 1342 2092 1343
f 1343 2093 1344
f 1342 2091 2092
f 1343 2092 2093
f 1344 2094 1345
f 1345 2095 1346
f 1344 2093 2094
f 1345 2094 2095
f 1346 2095 2096
f 1346 2096 1347
f 1347 2097 1348
f 1348 2098 1349
f 1347 2096 2097
f 1348 2097 2098
f 1349 2099 1350
f 1350 2100 1351
f 1349 2098 2099
f 1350 2099 2100
f 675 694 1924
f 694 695 2101
f 695 696 2102
f 694 2101 1924
f 695 2102 2101
f 696 697 2103
f 697 698 2104
f 696 2103 2102
f 697 2104 2103
f 698 2105 2104
f 1924 2101 1934
f 2101 2102 2110
f 2102 2103 2111
f 2103 2104 2112
f 2104 2105 2113
f 698 699 2105
f 699 700 2106
f 699 2106 2105
f 700 2107 2106
f 700 701 2107
f 701 702 2108
f 702 721 2109
f 701 2108 2107
f 702 2109 2108
f 2105 2106 2114
f 2106 2107 2115
f 2107 2108 2116
f 2108 2109 2117
f 2109 2119 2118
f 1934 2101 2110
f 2102 2111 2110
f 2103 2112 2111
f 2104 2113 2112
f 2105 2114 2113
f 1934 2110 1962
f 2110 2111 2137
f 2111 2112 2138
f 2112 2113 2139
f 2113 2114 2140
f 2106 2115 2114
f 2107 2116 2115
f 2108 2117 2116
f 2109 2118 2117
f 2114 2115 2141
f 2115 2116 2142
f 2116 2117 2143
f 2117 2118 2144
f 2118 2128 2145
f 721 722 2119
f 722 723 2120
f 721 2119 2109
f 722 2120 2119
f 723 2121 2120
f 723 724 2121
f 724 725 2122
f 2121 724 2122
f 725 2123 2122
f 2119 2120 2128
f 2120 2121 2129
f 2121 2122 2130
f 2122 2123 2131
f 725 726 2123
f 726 727 2124
f 727 728 2125
f 726 2124 2123
f 727 2125 2124
f 728 729 2126
f 729 750 2127
f 728 2126 2125
f 729 2127 2126
f 750 2173 2127
f 2123 2124 2132
f 2124 2125 2133
f 2125 2126 2134
f 2126 2127 2135
f 2127 2173 2136
f 2119 2128 2118
f 2120 2129 2128
f 2121 2130 2129
f 2130 2122 2131
f 2123 2132 2131
f 2128 2129 2155
f 2129 2130 2156
f 2130 2131 2157
f 2131 2132 2158
f 2124 2133 2132
f 2125 2134 2133
f 2126 2135 2134
f 2127 2136 2135
f 2173 2183 2136
f 2132 2133 2159
f 2133 2134 2160
f 2134 2135 2161
f 2135 2136 2162
f 2136 2183 2163
f 2110 2137 1962
f 2111 2138 2137
f 2112 2139 2138
f 2113 2140 2139
f 2114 2141 2140
f 2115 2142 2141
f 2116 2143 2142
f 2117 2144 2143
f 2118 2145 2144
f 1962 2137 1972
f 2137 2138 2146
f 2138 2139 2147
f 1972 2137 2146
f 2138 2147 2146
f 2139 2140 2148
f 2140 2141 2149
f 2139 2148 2147
f 2140 2149 2148
f 2141 2150 2149
f 2141 2142 2150
f 2142 2143 2151
f 2142 2151 2150
f 2151 2143 2152
f 2143 2144 2152
f 2144 2145 2153
f 2145 2155 2154
f 2144 2153 2152
f 2145 2154 2153
f 2128 2155 2145
f 2129 2156 2155
f 2130 2157 2156
f 2157 2131 2158
f 2132 2159 2158
f 2133 2160 2159
f 2134 2161 2160
f 2135 2162 2161
f 2136 2163 2162
f 2183 2213 2163
f 2155 2156 2164
f 2156 2157 2165
f 2155 2164 2154
f 2156 2165 2164
f 2157 2166 2165
f 2157 2158 2166
f 2158 2159 2167
f 2166 2158 2167
f 2159 2168 2167
f 2159 2160 2168
f 2160 2161 2169
f 2161 2162 2170
f 2160 2169 2168
f 2161 2170 2169
f 2162 2163 2171
f 2163 2213 2172
f 2162 2171 2170
f 2163 2172 2171
f 2172 2213 2223
f 750 751 2173
f 751 752 2174
f 751 2174 2173
f 752 2175 2174
f 752 753 2175
f 753 754 2176
f 754 755 2177
f 753 2176 2175
f 754 2177 2176
f 2173 2174 2183
f 2174 2175 2184
f 2175 2176 2185
f 2176 2177 2186
f 2177 2178 2187
f 755 756 2178
f 756 757 2179
f 755 2178 2177
f 756 2179 2178
f 757 2180 2179
f 757 758 2180
f 758 759 2181
f 758 2181 2180
f 759 2182 2181
f 2178 2179 2188
f 2179 2180 2189
f 2180 2181 2190
f 2181 2182 2191
f 2174 2184 2183
f 2175 2185 2184
f 2176 2186 2185
f 2177 2187 2186
f 2183 2184 2213
f 2184 2185 2214
f 2185 2186 2215
f 2186 2187 2216
f 2187 2188 2217
f 2178 2188 2187
f 2188 2179 2189
f 2180 2190 2189
f 2181 2191 2190
f 2182 2192 2191
f 2188 2189 2218
f 2189 2190 2219
f 2190 2191 2220
f 2191 2192 2221
f 759 776 2182
f 776 777 2193
f 777 778 2194
f 776 2193 2182
f 777 2194 2193
f 778 779 2195
f 779 784 2196
f 778 2195 2194
f 779 2196 2195
f 784 2199 2196
f 2182 2193 2192
f 2193 2194 2203
f 2194 2195 2204
f 2195 2196 2205
f 2196 2199 2206
f 784 785 2199
f 785 786 2200
f 785 2200 2199
f 787 2198 2197
f 786 2197 2201
f 2197 2198 2202
f 786 2201 2200
f 2197 2202 2201
f 2198 4033 2210
f 2198 2210 2202
f 2193 2203 2192
f 2194 2204 2203
f 2195 2205 2204
f 2196 2206 2205
f 2199 2207 2206
f 2192 2203 2222
f 2203 2204 2233
f 2204 2205 2234
f 2205 2206 2235
f 2206 2207 2236
f 2199 2200 2207
f 2200 2201 2208
f 2200 2208 2207
f 2201 2209 2208
f 2201 2202 2209
f 2202 2210 2211
f 2202 2211 2209
f 2207 2208 2237
f 2210 4047 2212
f 2210 2212 2211
f 2184 2214 2213
f 2185 2215 2214
f 2186 2216 2215
f 2187 2217 2216
f 2188 2218 2217
f 2189 2219 2218
f 2190 2220 2219
f 2191 2221 2220
f 2192 2222 2221
f 2213 2214 2223
f 2214 2215 2224
f 2214 2224 2223
f 2215 2225 2224
f 2215 2216 2225
f 2216 2217 2226
f 2217 2218 2227
f 2216 2226 2225
f 2217 2227 2226
f 2218 2219 2228
f 2219 2220 2229
f 2218 2228 2227
f 2228 2219 2229
f 2220 2230 2229
f 2220 2221 2230
f 2221 2222 2231
f 2221 2231 2230
f 2222 2232 2231
f 2203 2233 2222
f 2204 2234 2233
f 2205 2235 2234
f 2206 2236 2235
f 2207 2237 2236
f 2208 2209 2238
f 2208 2238 2237
f 2209 2239 2238
f 2209 2211 2239
f 2238 2239 2247
f 2211 2212 2240
f 2212 4051 2241
f 2211 2240 2239
f 2212 2241 2240
f 2239 2240 2248
f 2240 2241 2250
f 2241 4084 2249
f 2222 2233 2232
f 2233 2234 2242
f 2234 2235 2243
f 2233 2242 2232
f 2234 2243 2242
f 2235 2236 2244
f 2236 2237 2245
f 2235 2244 2243
f 2244 2236 2245
f 2237 2246 2245
f 2237 2238 2246
f 2238 2247 2246
f 2239 2248 2247
f 2247 2248 2355
f 2248 2250 2356
f 2241 2249 2250
f 2240 2250 2248
f 2249 4087 2357
f 2249 2353 2250
f 2043 2251 2090
f 2251 2252 2287
f 2252 2253 2288
f 2253 2254 2289
f 2254 2255 2290
f 2255 2256 2291
f 2256 2257 2292
f 2257 2258 2293
f 2258 2259 2294
f 2259 2260 2295
f 2260 2261 2305
f 2261 2262 2306
f 2262 2263 2307
f 2263 2264 2308
f 2264 2265 2309
f 2265 2266 2310
f 2266 2267 2311
f 2267 2268 2312
f 2268 2323 2313
f 2062 2146 2269
f 2147 2270 2269
f 2148 2271 2270
f 2149 2272 2271
f 2150 2273 2272
f 1972 2146 2062
f 2146 2147 2269
f 2147 2148 2270
f 2148 2149 2271
f 2149 2150 2272
f 2151 2274 2273
f 2152 2275 2274
f 2153 2276 2275
f 2154 2277 2276
f 2150 2151 2273
f 2151 2152 2274
f 2152 2153 2275
f 2153 2154 2276
f 2154 2164 2277
f 2062 2269 2043
f 2269 2270 2251
f 2270 2271 2252
f 2269 2251 2043
f 2270 2252 2251
f 2271 2272 2253
f 2272 2273 2254
f 2271 2253 2252
f 2272 2254 2253
f 2273 2255 2254
f 2273 2274 2255
f 2274 2275 2256
f 2274 2256 2255
f 2275 2257 2256
f 2275 2276 2257
f 2276 2277 2258
f 2277 2278 2259
f 2276 2258 2257
f 2277 2259 2258
f 2164 2278 2277
f 2165 2279 2278
f 2166 2280 2279
f 2280 2167 2281
f 2168 2282 2281
f 2164 2165 2278
f 2165 2166 2279
f 2166 2167 2280
f 2167 2168 2281
f 2169 2283 2282
f 2170 2284 2283
f 2171 2285 2284
f 2172 2286 2285
f 2223 2339 2286
f 2168 2169 2282
f 2169 2170 2283
f 2170 2171 2284
f 2171 2172 2285
f 2172 2223 2286
f 2278 2279 2260
f 2279 2280 2261
f 2278 2260 2259
f 2279 2261 2260
f 2280 2262 2261
f 2280 2281 2262
f 2281 2282 2263
f 2262 2281 2263
f 2282 2264 2263
f 2282 2283 2264
f 2283 2284 2265
f 2284 2285 2266
f 2283 2265 2264
f 2284 2266 2265
f 2285 2286 2267
f 2286 2339 2268
f 2285 2267 2266
f 2286 2268 2267
f 2339 2323 2268
f 2100 2287 2296
f 2288 2297 2296
f 2289 2298 2297
f 2290 2299 2298
f 2291 2300 2299
f 2292 2301 2300
f 2293 2302 2301
f 2294 2303 2302
f 2295 2304 2303
f 2090 2251 2287
f 2252 2288 2287
f 2253 2289 2288
f 2254 2290 2289
f 2255 2291 2290
f 2090 2287 2100
f 2287 2288 2296
f 2288 2289 2297
f 2289 2290 2298
f 2290 2291 2299
f 2256 2292 2291
f 2292 2257 2293
f 2258 2294 2293
f 2259 2295 2294
f 2291 2292 2300
f 2292 2293 2301
f 2293 2294 2302
f 2294 2295 2303
f 2295 2305 2304
f 1351 2296 1711
f 1711 2297 1712
f 1351 2100 2296
f 1711 2296 2297
f 1712 2297 2298
f 1712 2298 1713
f 1713 2299 1714
f 1714 2300 1715
f 1713 2298 2299
f 1714 2299 2300
f 1715 2301 1716
f 1716 2302 1717
f 1715 2300 2301
f 1716 2301 2302
f 1717 2303 1718
f 1718 2304 1719
f 1717 2302 2303
f 1718 2303 2304
f 1719 2304 2314
f 2305 2314 2304
f 2306 2315 2314
f 2307 2316 2315
f 2316 2308 2317
f 2309 2318 2317
f 2310 2319 2318
f 2311 2320 2319
f 2312 2321 2320
f 2313 2322 2321
f 2363 2373 2322
f 2260 2305 2295
f 2261 2306 2305
f 2262 2307 2306
f 2307 2263 2308
f 2264 2309 2308
f 2305 2306 2314
f 2306 2307 2315
f 2307 2308 2316
f 2308 2309 2317
f 2265 2310 2309
f 2266 2311 2310
f 2267 2312 2311
f 2268 2313 2312
f 2313 2323 2363
f 2309 2310 2318
f 2310 2311 2319
f 2311 2312 2320
f 2312 2313 2321
f 2313 2363 2322
f 1719 2314 1729
f 1729 2315 1730
f 1730 2316 1731
f 1729 2314 2315
f 1730 2315 2316
f 1731 2317 1732
f 1732 2318 1733
f 1731 2316 2317
f 1732 2317 2318
f 1733 2319 1734
f 1734 2320 1735
f 1733 2318 2319
f 1734 2319 2320
f 1735 2320 2321
f 1735 2321 1736
f 1736 2322 1737
f 1737 2373 1801
f 1736 2321 2322
f 1737 2322 2373
f 2323 2324 2363
f 2324 2325 2364
f 2325 2326 2365
f 2326 2327 2366
f 2327 2328 2367
f 2328 2329 2368
f 2329 2330 2369
f 2330 2331 2370
f 2331 2332 2371
f 2332 2333 2372
f 2333 2334 2387
f 2334 2335 2388
f 2335 2336 2389
f 2336 2337 2390
f 2395 2358 2359
f 2337 2358 2391
f 2395 2359 2394
f 2360 2338 2394
f 2392 2362 4448
f 2224 2340 2339
f 2225 2341 2340
f 2226 2342 2341
f 2227 2343 2342
f 2223 2224 2339
f 2224 2225 2340
f 2225 2226 2341
f 2226 2227 2342
f 2227 2228 2343
f 2228 2344 2343
f 2344 2229 2345
f 2230 2346 2345
f 2231 2347 2346
f 2232 2348 2347
f 2228 2229 2344
f 2229 2230 2345
f 2230 2231 2346
f 2231 2232 2347
f 2339 2340 2323
f 2340 2341 2324
f 2340 2324 2323
f 2341 2325 2324
f 2341 2342 2325
f 2342 2343 2326
f 2343 2344 2327
f 2342 2326 2325
f 2343 2327 2326
f 2344 2345 2328
f 2345 2346 2329
f 2344 2328 2327
f 2345 2329 2328
f 2346 2330 2329
f 2346 2347 2330
f 2347 2348 2331
f 2347 2331 2330
f 2348 2332 2331
f 2242 2349 2348
f 2243 2350 2349
f 2244 2351 2350
f 2245 2352 2351
f 2232 2242 2348
f 2242 2243 2349
f 2243 2244 2350
f 2244 2245 2351
f 2245 2246 2352
f 2246 2354 2352
f 2247 2354 2246
f 2248 2356 2355
f 2247 2355 2354
f 2250 2353 2356
f 2355 2337 2354
f 2355 2356 2358
f 2353 2360 2359
f 2353 2357 2360
f 2357 4439 2361
f 2356 2353 2359
f 2357 2361 2360
f 2249 2357 2353
f 2348 2349 2332
f 2349 2350 2333
f 2350 2351 2334
f 2349 2333 2332
f 2350 2334 2333
f 2351 2352 2335
f 2352 2354 2336
f 2351 2335 2334
f 2352 2336 2335
f 2354 2337 2336
f 2355 2358 2337
f 2356 2359 2358
f 2360 2361 2338
f 2361 4438 2362
f 2360 2394 2359
f 2361 2362 2338
f 2364 2374 2373
f 2365 2375 2374
f 2366 2376 2375
f 2367 2377 2376
f 2368 2378 2377
f 2378 2369 2379
f 2370 2380 2379
f 2371 2381 2380
f 2372 2382 2381
f 2324 2364 2363
f 2325 2365 2364
f 2326 2366 2365
f 2327 2367 2366
f 2363 2364 2373
f 2364 2365 2374
f 2365 2366 2375
f 2366 2367 2376
f 2367 2368 2377
f 2328 2368 2367
f 2368 2329 2369
f 2330 2370 2369
f 2331 2371 2370
f 2332 2372 2371
f 2368 2369 2378
f 2369 2370 2379
f 2370 2371 2380
f 2371 2372 2381
f 1801 2374 1802
f 1802 2375 1803
f 1801 2373 2374
f 1802 2374 2375
f 1803 2376 1804
f 1804 2377 1805
f 1803 2375 2376
f 1804 2376 2377
f 1805 2377 2378
f 1805 2378 1806
f 1806 2379 1807
f 1807 2380 1808
f 1806 2378 2379
f 1807 2379 2380
f 1808 2381 1809
f 1809 2382 1810
f 1808 2380 2381
f 1809 2381 2382
f 2387 2396 2382
f 2388 2397 2396
f 2389 2398 2397
f 2390 2399 2398
f 2391 2401 2399
f 1813 2386 4509
f 1829 2383 2386
f 1813 1829 2386
f 2395 2385 2401
f 1828 2385 2384
f 2392 2383 2393
f 2386 2383 2392
f 2393 2383 2400
f 2393 2400 2384
f 2333 2387 2372
f 2334 2388 2387
f 2335 2389 2388
f 2389 2336 2390
f 2337 2391 2390
f 2372 2387 2382
f 2387 2388 2396
f 2388 2389 2397
f 2389 2390 2398
f 2390 2391 2399
f 2395 2394 2385
f 2338 2384 2394
f 2386 2392 4371
f 2338 2393 2384
f 2395 2391 2358
f 2338 2362 2393
f 2392 2393 2362
f 2395 2401 2391
f 2394 2384 2385
f 1810 2396 1823
f 1823 2397 1824
f 1810 2382 2396
f 1823 2396 2397
f 1824 2397 2398
f 1826 2399 2401
f 1824 2398 1825
f 1825 2399 1826
f 1826 2401 1831
f 1825 2398 2399
f 1831 2401 2385
f 1828 2384 2400
f 1828 1831 2385
f 578 2402 2403
f 399 3869 2402
f 2402 3877 2403
f 577 2403 2404
f 2404 2403 2405
f 2404 2405 2409
f 2403 3877 2405
f 2405 3877 3880
f 2405 2406 2409
f 2405 3880 2406
f 579 2404 2407
f 581 2407 2408
f 2407 2410 2408
f 2410 2413 2408
f 583 2408 2796
f 2408 2413 2796
f 2404 2409 2407
f 2407 2409 2410
f 2409 2411 2410
f 2410 2411 2412
f 2406 2411 2409
f 2406 3889 2411
f 2411 3889 2414
f 2414 3889 3891
f 2410 2412 2413
f 2412 2797 2413
f 2412 2416 2797
f 2412 2411 2414
f 2412 2414 2416
f 2416 2414 2415
f 2414 3891 2415
f 2416 2415 2802
f 2415 3895 2417
f 2415 2417 2802
f 2417 3897 2804
f 3897 4017 2804
f 2413 2798 2796
f 769 2796 2799
f 2796 2798 2799
f 2413 2797 2798
f 2416 2800 2797
f 2797 2801 2798
f 2799 2798 2809
f 2798 2801 2809
f 2797 2800 2801
f 2801 2800 2811
f 2416 2802 2800
f 2802 2803 2800
f 2800 2803 2811
f 2417 2805 2802
f 2417 2804 2805
f 2804 4017 2807
f 2807 4017 2808
f 2802 2805 2803
f 2805 2804 2806
f 2806 2804 2807
f 2803 2805 2817
f 2805 2806 2817
f 2806 2807 2819
f 2807 2808 2818
f 2808 2839 2818
f 780 2799 2810
f 2799 2809 2810
f 2801 2813 2809
f 2801 2811 2813
f 2809 2812 2810
f 2809 2813 2812
f 2803 2814 2811
f 2810 2812 2844
f 2813 2845 2812
f 2813 2811 2815
f 2811 2814 2815
f 2813 2815 2845
f 2814 2846 2815
f 2816 2840 2856
f 2803 2817 2814
f 2817 2806 2820
f 2806 2819 2820
f 2807 2818 2819
f 2818 2816 2819
f 2818 2839 2840
f 2817 2821 2814
f 2817 2820 2821
f 2814 2821 2846
f 2820 2822 2848
f 2821 2820 2848
f 2819 2822 2820
f 2819 2816 2822
f 2818 2840 2816
f 2840 2857 2856
f 2840 2839 2841
f 2839 4024 2841
f 2841 4024 2843
f 2840 2841 2857
f 2841 2842 2858
f 2841 2858 2857
f 2841 2843 2842
f 787 2810 2844
f 2812 4032 2844
f 2812 2845 4032
f 2815 4034 2845
f 2815 2846 4034
f 2846 4035 4034
f 2816 2847 2822
f 2816 2856 2847
f 2822 2847 2851
f 2847 2852 2851
f 2863 2847 2856
f 2863 2852 2847
f 2821 2848 2849
f 2821 2849 2846
f 2822 2851 2848
f 2848 2851 2850
f 2846 2849 4035
f 2849 2848 2850
f 2849 2850 4043
f 2851 2853 2850
f 2863 2869 2852
f 2852 2869 2854
f 2850 2853 4044
f 2851 2852 2853
f 2852 2854 2853
f 2854 2869 3034
f 2854 4045 2853
f 2853 4045 4044
f 2854 2964 4045
f 2857 2858 2859
f 2860 2856 2857
f 2857 2859 2861
f 2860 2857 2861
f 2860 2861 2862
f 2860 2864 2863
f 2860 2862 2866
f 2860 2863 2856
f 2860 2866 2864
f 2864 2866 2865
f 2863 2864 2869
f 2864 2867 2869
f 2864 2865 2868
f 2864 2868 2867
f 2867 3034 2869
f 2854 3034 2964
f 2964 3034 3035
f 2982 2975 2976
f 2982 2980 2981
f 2982 2976 2980
f 2982 2974 2975
f 2982 2973 2974
f 3018 2977 2979
f 3018 2981 2977
f 3018 2979 2978
f 3018 2978 2972
f 2995 3018 2972
f 2982 2981 3018
f 2995 2987 2990
f 2995 2990 2989
f 2995 2989 2988
f 2987 2972 2991
f 2995 2972 2987
f 2995 2988 2992
f 2988 2993 2992
f 2996 2995 2992
f 2996 3000 3002
f 3002 3000 3003
f 2996 2992 2997
f 2996 2997 2998
f 2996 2998 2999
f 2996 2999 3000
f 3000 3001 3003
f 3002 3003 3005
f 3002 3005 3004
f 3002 3004 3006
f 3002 3006 3016
f 3016 3006 3007
f 3016 3007 3008
f 3016 3008 3009
f 3011 3012 3013
f 3016 3009 3010
f 3016 3010 3011
f 3017 3011 3013
f 3017 3013 3014
f 3017 3014 3015
f 3017 3015 3096
f 3016 3011 3017
f 2982 3018 3037
f 3018 3019 3038
f 2996 3019 2995
f 2996 3002 3020
f 2996 3020 3019
f 3002 3022 3020
f 2995 3019 3018
f 3002 3016 3022
f 3016 3017 3023
f 3016 3023 3022
f 3023 3017 3024
f 3019 3020 3021
f 3019 3021 3038
f 3020 3022 3042
f 3021 3020 3042
f 3022 3043 3042
f 3022 3023 3043
f 3023 3024 3044
f 3023 3044 3043
f 3024 3045 3044
f 2867 2868 3025
f 2867 3025 3030
f 2867 3029 3034
f 2867 3030 3029
f 3036 3027 3033
f 3036 3028 3027
f 3036 3032 3028
f 3029 3030 3031
f 3036 3029 3031
f 3036 3031 3032
f 3036 3039 3029
f 3036 3033 2973
f 3036 2973 2982
f 3034 3029 3035
f 3029 3039 3035
f 3036 2982 3037
f 3018 3038 3037
f 3036 3037 3040
f 3037 3038 3041
f 3021 3046 3038
f 3040 3037 3041
f 3038 3046 3041
f 3036 3040 3039
f 3035 3039 4181
f 3040 4182 3039
f 3040 4185 4182
f 3040 3041 4185
f 3041 3046 3047
f 3041 3047 4185
f 3046 3048 3047
f 3046 3049 3048
f 3021 3042 3049
f 3021 3049 3046
f 3042 3043 3050
f 3042 3050 3049
f 3043 3051 3050
f 3044 3045 3052
f 3043 3044 3051
f 3044 3052 3051
f 3052 3045 3053
f 3050 3054 3049
f 3050 3051 3055
f 3052 3053 3057
f 3051 3052 3056
f 3049 3054 3048
f 3050 3055 3054
f 3051 3056 3055
f 3052 3057 3056
f 3057 3053 3058
f 3017 3096 3102
f 3102 3096 3097
f 3102 3097 3098
f 3102 3098 3100
f 3102 3100 3099
f 3102 3099 3101
f 3102 3101 3103
f 3102 3103 3111
f 3111 3103 3104
f 3111 3104 3105
f 3111 3105 3106
f 3111 3106 3109
f 3111 3110 3108
f 3111 3109 3110
f 3111 3108 3127
f 3017 3102 3024
f 3102 3111 3122
f 3111 3127 3123
f 3102 3122 3024
f 3111 3123 3122
f 3122 3045 3024
f 3122 3123 3185
f 3122 3185 3045
f 3127 3108 3124
f 3127 3124 3125
f 3127 3125 3126
f 3127 3126 3128
f 3132 3128 3129
f 3127 3128 3132
f 3132 3129 3130
f 3132 3130 3131
f 3132 3131 3133
f 3132 3133 3134
f 3134 3135 3136
f 3139 3134 3136
f 3132 3134 3139
f 3139 3136 3137
f 3139 3137 3138
f 3139 3138 3140
f 3143 3140 3141
f 3143 3141 3142
f 3143 3142 3144
f 3139 3140 3143
f 3143 3144 3145
f 3143 3145 4258
f 3127 3132 3151
f 3127 3151 3123
f 3132 3152 3151
f 3132 3139 3152
f 3152 3139 3155
f 3123 3151 3186
f 3123 3186 3185
f 3151 3152 3153
f 3151 3153 3186
f 3152 3155 3154
f 3152 3154 3153
f 3155 3157 3154
f 3139 3143 3155
f 3143 3156 3155
f 3155 3156 3157
f 3157 3156 3158
f 3045 3185 3053
f 3185 3186 3187
f 3153 3190 3186
f 3185 3187 3053
f 3186 3190 3187
f 3153 3154 3188
f 3154 3157 3189
f 3153 3188 3190
f 3154 3189 3188
f 3157 3192 3189
f 3053 3187 3058
f 3187 3190 3191
f 3190 3188 4279
f 3187 3191 3058
f 3190 4279 3191
f 3188 3189 4280
f 3189 3192 4281
f 3188 4280 4279
f 3157 3158 3192
f 3158 4282 3192
f 1460 3870 3869
f 3869 3870 3884
f 1461 3871 3870
f 3870 3872 3884
f 3870 3871 3872
f 1463 3873 3871
f 3871 3873 3874
f 3871 3874 3872
f 3872 3874 3935
f 1499 3875 3873
f 3873 3876 3874
f 3873 3875 3876
f 3874 3876 3941
f 1500 3979 3875
f 3875 3981 3876
f 3875 3979 3981
f 2402 3869 3878
f 2402 3878 3877
f 3877 3878 3879
f 3869 3884 3878
f 3878 3885 3879
f 3877 3879 3880
f 2406 3880 3881
f 3880 3879 3882
f 3880 3882 3881
f 3881 3882 3883
f 3878 3884 3885
f 3879 3885 3886
f 3872 3933 3884
f 3884 3933 3885
f 3885 3934 3886
f 3885 3933 3934
f 3879 3886 3882
f 3882 3886 3887
f 3882 3887 3883
f 3886 3937 3887
f 3886 3934 3937
f 3883 3887 3888
f 3887 3939 3888
f 3887 3937 3939
f 3888 3939 3949
f 2406 3881 3889
f 3881 3890 3889
f 3889 3890 3891
f 3881 3883 3890
f 3891 3893 3895
f 3891 3890 3893
f 3890 3892 3893
f 3883 3892 3890
f 3893 3894 3896
f 3893 3892 3894
f 3896 3894 3899
f 2415 3891 3895
f 3895 3896 3897
f 3893 3896 3895
f 3897 3896 3898
f 2417 3895 3897
f 3897 3898 4017
f 3898 4018 4017
f 3896 3899 3898
f 3898 3899 3900
f 3898 3900 4018
f 3900 4020 4018
f 3883 3888 3892
f 3892 3901 3894
f 3892 3888 3901
f 3894 3901 3902
f 3894 3902 3899
f 3888 3949 3901
f 3901 3949 3950
f 3901 3950 3902
f 3902 3950 3953
f 3899 3903 3900
f 3899 3902 3903
f 3900 3903 3920
f 3900 3920 4020
f 3902 3953 3903
f 3903 3953 3961
f 3903 3961 3920
f 3920 3961 4030
f 3872 3935 3933
f 3933 3935 3936
f 3933 3936 3934
f 3934 3936 3938
f 3874 3941 3935
f 3935 3942 3936
f 3934 3938 3937
f 3936 3944 3938
f 3937 3938 3940
f 3937 3940 3939
f 3939 3940 3951
f 3939 3951 3949
f 3938 3947 3940
f 3940 3955 3951
f 3935 3941 3942
f 3936 3942 3944
f 3876 3943 3941
f 3876 3981 3943
f 3941 3945 3942
f 3941 3943 3945
f 3942 3946 3944
f 3942 3945 3946
f 3938 3944 3947
f 3940 3947 3955
f 3944 3948 3947
f 3944 3946 3948
f 3947 3948 3957
f 3949 3951 3952
f 3949 3952 3950
f 3950 3954 3953
f 3950 3952 3954
f 3951 3956 3952
f 3952 3959 3954
f 3953 3962 3961
f 3953 3954 3962
f 3954 3968 3962
f 3951 3955 3956
f 3947 3957 3955
f 3952 3956 3959
f 3955 3958 3956
f 3955 3957 3958
f 3956 3958 3960
f 3954 3959 3968
f 3956 3960 3959
f 3959 3960 3969
f 3959 3969 3968
f 3961 4054 4030
f 3961 3962 4054
f 3962 4067 4054
f 3962 3968 4067
f 3968 3969 4382
f 1605 3980 3979
f 3979 3982 3981
f 3979 3980 3982
f 1611 3987 3980
f 3943 3981 3983
f 3981 3982 3983
f 3943 3983 3984
f 3980 3988 3982
f 3983 3982 3989
f 3943 3984 3945
f 3945 3985 3946
f 3945 3984 3985
f 3983 3986 3984
f 3983 3989 3986
f 3984 3993 3985
f 3984 3986 3993
f 3946 3994 3948
f 3946 3985 3994
f 3980 3987 3988
f 3982 3988 3989
f 3988 3987 3992
f 1613 3991 3987
f 3987 3991 3992
f 3988 3990 3989
f 3988 3992 3990
f 3989 4001 3986
f 3989 3990 4001
f 3991 4011 3992
f 3948 3994 3995
f 3948 3995 3957
f 3957 3995 3997
f 3957 3997 3958
f 3985 3996 3994
f 3985 3993 3996
f 3994 3996 3999
f 3994 3999 3995
f 3993 4007 3996
f 3958 3998 3960
f 3958 3997 3998
f 3960 4392 3969
f 3960 3998 4392
f 3995 3999 4000
f 3996 4008 3999
f 3995 4000 3997
f 3997 4359 3998
f 3997 4000 4359
f 3986 4002 3993
f 3986 4001 4002
f 4001 3990 4004
f 4001 4005 4002
f 4001 4004 4005
f 3990 3992 4003
f 3992 4011 4003
f 4003 4011 4014
f 3990 4003 4004
f 3993 4002 4007
f 4003 4006 4004
f 4003 4014 4006
f 4004 4360 4005
f 4004 4006 4360
f 4006 4014 4362
f 3996 4007 4008
f 4002 4009 4007
f 4002 4005 4009
f 3999 4008 4363
f 4007 4365 4008
f 4007 4009 4365
f 3999 4363 4000
f 4005 4366 4009
f 1769 4010 3991
f 3991 4010 4011
f 1771 4013 4010
f 4010 4012 4011
f 4010 4013 4012
f 4011 4012 4014
f 1811 4016 4013
f 4012 4507 4014
f 4012 4013 4015
f 4012 4015 4507
f 4015 4016 4508
f 4013 4016 4015
f 1812 4511 4016
f 2808 4017 4018
f 2808 4018 4019
f 4018 4020 4019
f 2808 4019 2839
f 2839 4019 4024
f 4019 4021 4024
f 4024 4021 4026
f 4019 4020 4021
f 4020 4027 4021
f 4021 4022 4026
f 4021 4023 4022
f 4021 4027 4023
f 4024 4025 2843
f 4024 4026 4025
f 3920 4027 4020
f 4027 4028 4023
f 4027 4029 4028
f 3920 4030 4027
f 4027 4030 4029
f 4030 4031 4029
f 2198 2844 4033
f 2844 4032 4033
f 2845 4036 4032
f 4032 4039 4033
f 4032 4036 4039
f 2845 4034 4036
f 4036 4034 4037
f 4034 4035 4037
f 2849 4043 4035
f 4036 4037 4040
f 4035 4038 4037
f 4036 4040 4039
f 4033 4039 4047
f 2210 4033 4047
f 4039 4040 4048
f 4037 4041 4040
f 4037 4038 4041
f 4038 4042 4041
f 4035 4043 4038
f 2850 4044 4043
f 4043 4044 4046
f 4043 4046 4038
f 4044 4045 4169
f 4046 4044 4169
f 4038 4046 4042
f 4046 4169 4172
f 4046 4172 4042
f 4039 4048 4047
f 4047 4048 4051
f 4040 4049 4048
f 4040 4041 4049
f 4041 4050 4049
f 4041 4042 4050
f 2212 4047 4051
f 4048 4052 4051
f 4048 4049 4052
f 4049 4083 4052
f 4049 4050 4083
f 4030 4053 4031
f 4030 4054 4053
f 4054 4055 4053
f 4054 4056 4055
f 4054 4067 4056
f 4067 4065 4056
f 4067 4068 4065
f 4067 4072 4068
f 3968 4382 4067
f 4067 4385 4072
f 4067 4382 4385
f 4385 4383 4072
f 4051 4084 2241
f 4051 4052 4084
f 4052 4083 4085
f 4052 4085 4084
f 4083 4086 4085
f 4084 4085 4087
f 4085 4086 4088
f 2249 4084 4087
f 4085 4088 4087
f 4086 4089 4088
f 4087 4088 4439
f 2357 4087 4439
f 4088 4440 4439
f 4089 4440 4088
f 4089 4090 4440
f 4089 4225 4090
f 4090 4225 4091
f 2964 4170 4045
f 4045 4170 4169
f 2964 4171 4170
f 2964 3035 4171
f 3035 4181 4171
f 4169 4170 4173
f 4172 4169 4173
f 4170 4171 4174
f 4171 4175 4174
f 4170 4174 4173
f 4171 4181 4175
f 4181 4183 4175
f 4042 4176 4050
f 4050 4176 4213
f 4050 4213 4083
f 4176 4214 4213
f 4042 4172 4176
f 4172 4173 4177
f 4172 4177 4176
f 4173 4174 4178
f 4173 4178 4177
f 4174 4179 4178
f 4176 4177 4214
f 4177 4178 4217
f 4178 4179 4218
f 4177 4217 4214
f 4217 4178 4218
f 4174 4175 4179
f 4175 4180 4179
f 4175 4183 4180
f 4183 4184 4180
f 4179 4180 4220
f 4179 4220 4218
f 4180 4184 4221
f 4180 4221 4220
f 4184 4237 4221
f 3039 4182 4181
f 4181 4182 4183
f 4182 4185 4186
f 4182 4186 4183
f 4183 4186 4184
f 4185 4187 4186
f 3047 4187 4185
f 3047 3048 4188
f 3048 3054 4189
f 3047 4188 4187
f 3048 4189 4188
f 4187 4195 4186
f 4187 4188 4196
f 4189 4190 4200
f 4188 4189 4199
f 4189 4200 4199
f 3054 3055 4190
f 3055 3056 4191
f 3055 4191 4190
f 3056 4192 4191
f 3054 4190 4189
f 3056 3057 4192
f 3057 3058 4193
f 3057 4193 4192
f 3058 4194 4193
f 4190 4203 4200
f 4190 4191 4203
f 4191 4192 4204
f 4191 4204 4203
f 4192 4207 4204
f 4192 4193 4207
f 4193 4194 4205
f 4193 4205 4207
f 4205 4194 4206
f 4186 4195 4184
f 4187 4196 4195
f 4196 4188 4199
f 4196 4199 4198
f 4195 4237 4184
f 4195 4197 4237
f 4195 4196 4197
f 4196 4198 4197
f 4199 4200 4201
f 4200 4203 4202
f 4198 4199 4201
f 4200 4202 4201
f 4203 4204 4208
f 4204 4207 4209
f 4205 4206 4211
f 4207 4205 4210
f 4203 4208 4202
f 4207 4210 4209
f 4204 4209 4208
f 4205 4211 4210
f 4206 4212 4211
f 4083 4213 4086
f 4213 4215 4086
f 4213 4214 4215
f 4214 4216 4215
f 4086 4215 4089
f 4215 4216 4225
f 4214 4217 4216
f 4217 4219 4216
f 4217 4218 4219
f 4218 4222 4219
f 4216 4219 4226
f 4219 4222 4228
f 4218 4220 4222
f 4220 4223 4222
f 4220 4221 4223
f 4221 4237 4224
f 4221 4224 4223
f 4229 4222 4223
f 4223 4224 4232
f 4224 4238 4233
f 4089 4215 4225
f 4216 4226 4225
f 4091 4225 4226
f 4091 4226 4227
f 4226 4228 4227
f 4219 4228 4226
f 4228 4222 4229
f 4228 4229 4230
f 4228 4230 4227
f 4230 4229 4231
f 4229 4232 4231
f 4229 4223 4232
f 4232 4233 4234
f 4224 4233 4232
f 4232 4234 4231
f 4233 4235 4234
f 4233 4248 4235
f 4235 4248 4236
f 4237 4238 4224
f 4233 4238 4248
f 4197 4238 4237
f 4197 4239 4238
f 4197 4198 4239
f 4198 4240 4239
f 4238 4239 4248
f 4239 4240 4249
f 4198 4201 4240
f 4201 4202 4241
f 4201 4241 4240
f 4202 4208 4242
f 4202 4242 4241
f 4240 4241 4250
f 4241 4242 4251
f 4242 4243 4252
f 4208 4209 4243
f 4209 4210 4244
f 4208 4243 4242
f 4209 4244 4243
f 4210 4245 4244
f 4210 4211 4245
f 4211 4212 4247
f 4211 4247 4245
f 4212 4246 4247
f 4243 4244 4253
f 4244 4245 4254
f 4245 4247 4255
f 4247 4246 4256
f 4239 4249 4248
f 4240 4250 4249
f 4236 4248 4249
f 4236 4249 4803
f 4249 4250 4803
f 4250 4804 4803
f 4250 4241 4251
f 4242 4252 4251
f 4250 4251 4804
f 4251 4252 4808
f 4804 4251 4808
f 4252 4809 4808
f 4252 4253 4809
f 4243 4253 4252
f 4244 4254 4253
f 4245 4255 4254
f 4247 4256 4255
f 4256 4246 4257
f 4253 4254 4811
f 4254 4255 4812
f 4253 4811 4809
f 4254 4812 4811
f 4255 4815 4812
f 4255 4256 4815
f 4256 4257 4813
f 4257 4814 4813
f 4256 4813 4815
f 3143 4258 4259
f 3143 4259 4260
f 3143 4304 3156
f 3156 4304 3158
f 3158 4304 4282
f 3143 4260 4301
f 3143 4301 4304
f 3189 4281 4280
f 3192 4283 4281
f 4280 4281 4287
f 4281 4283 4288
f 3192 4282 4283
f 4282 4284 4283
f 4283 4284 4289
f 4284 4290 4289
f 3191 4194 3058
f 3191 4279 4285
f 4279 4280 4286
f 3191 4285 4194
f 4279 4286 4285
f 4280 4287 4286
f 4194 4285 4206
f 4286 4287 4294
f 4285 4286 4293
f 4286 4294 4293
f 4281 4288 4287
f 4283 4289 4288
f 4288 4289 4292
f 4287 4288 4291
f 4285 4293 4206
f 4282 4304 4284
f 4284 4304 4290
f 4290 4304 4300
f 4287 4291 4294
f 4288 4292 4291
f 4289 4299 4292
f 4206 4293 4212
f 4294 4291 4295
f 4293 4294 4296
f 4292 4299 4298
f 4299 4347 4298
f 4293 4296 4212
f 4294 4295 4296
f 4291 4292 4297
f 4291 4297 4295
f 4292 4298 4297
f 4289 4290 4299
f 4290 4300 4299
f 4299 4300 4347
f 4300 4346 4347
f 4304 4301 4302
f 4304 4302 4309
f 4304 4309 4310
f 4304 4310 4864
f 4300 4304 4346
f 4346 4304 4348
f 4304 4355 4348
f 4295 4297 4343
f 4212 4296 4246
f 4296 4295 4342
f 4296 4342 4246
f 4295 4343 4342
f 4297 4298 4344
f 4298 4347 4345
f 4297 4344 4343
f 4347 4349 4345
f 4298 4345 4344
f 4343 4344 4350
f 4246 4342 4257
f 4342 4343 4351
f 4344 4345 4352
f 4345 4349 4353
f 4346 4349 4347
f 4346 4348 4349
f 4348 4356 4349
f 4304 4358 4355
f 4304 4894 4358
f 4304 4884 4894
f 4343 4350 4351
f 4342 4351 4257
f 4344 4352 4350
f 4349 4356 4353
f 4345 4353 4352
f 4356 4354 4353
f 4356 4357 4354
f 4353 4354 4886
f 4257 4351 4814
f 4350 4352 4888
f 4351 4350 4887
f 4351 4887 4814
f 4350 4888 4887
f 4352 4353 4886
f 4352 4886 4888
f 4348 4355 4356
f 4355 4357 4356
f 4355 4358 4357
f 3998 4411 4392
f 3998 4359 4411
f 4006 4361 4360
f 4014 4507 4362
f 4006 4362 4361
f 4362 4507 4369
f 4369 4507 4510
f 4362 4372 4361
f 4008 4365 4368
f 4000 4364 4359
f 4000 4363 4364
f 4008 4368 4363
f 4359 4415 4411
f 4363 4376 4364
f 4359 4364 4415
f 4005 4360 4366
f 4009 4366 4367
f 4009 4367 4365
f 4366 4360 4375
f 4360 4361 4375
f 4365 4367 4377
f 4366 4379 4367
f 4363 4368 4376
f 4365 4377 4368
f 4362 4369 4372
f 4373 4369 4510
f 4374 4373 4510
f 4371 4370 4509
f 4374 4512 4449
f 2392 4448 4371
f 4370 4449 4512
f 4369 4454 4372
f 4373 4454 4369
f 4366 4375 4379
f 4361 4378 4375
f 4361 4372 4378
f 4367 4379 4380
f 4368 4377 4381
f 4368 4381 4376
f 4364 4424 4415
f 4364 4376 4424
f 4367 4380 4377
f 4375 4456 4379
f 4378 4456 4375
f 4376 4473 4424
f 4376 4381 4473
f 4377 4457 4381
f 4377 4380 4457
f 3969 4393 4382
f 3969 4392 4393
f 4385 4384 4383
f 4385 4386 4384
f 4385 4387 4386
f 4385 4388 4387
f 4382 4405 4385
f 4382 4393 4405
f 4385 4405 4388
f 4392 4414 4393
f 4392 4411 4414
f 4393 4416 4405
f 4405 4406 4388
f 4405 4408 4406
f 4405 4407 4408
f 4405 4420 4407
f 4393 4414 4416
f 4411 4422 4414
f 4411 4415 4422
f 4414 4423 4416
f 4414 4422 4423
f 4405 4416 4420
f 4420 4410 4407
f 4420 4418 4410
f 4420 4419 4418
f 4420 4466 4419
f 4416 4474 4420
f 4415 4424 4472
f 4415 4472 4422
f 4416 4423 4474
f 2361 4439 4438
f 4444 4451 4450
f 4090 4443 4440
f 4439 4440 4438
f 4090 4444 4443
f 4090 4091 4444
f 4091 4227 4441
f 4441 4227 4442
f 4091 4441 4444
f 4440 4443 4438
f 4444 4450 4443
f 4444 4441 4451
f 4442 4446 4445
f 4441 4445 4451
f 4441 4442 4445
f 4452 4446 4447
f 4442 4786 4446
f 4446 4786 4447
f 4447 4789 4460
f 4461 4789 4790
f 2362 4438 4448
f 4451 4370 4450
f 4451 4449 4370
f 4452 4454 4373
f 4453 4452 4373
f 4438 4443 4448
f 4450 4448 4443
f 4451 4445 4449
f 4453 4446 4452
f 4453 4449 4445
f 4450 4371 4448
f 4450 4370 4371
f 4453 4373 4374
f 4453 4374 4449
f 4460 4455 4454
f 4452 4460 4454
f 4461 4458 4455
f 4378 4372 4455
f 4372 4454 4455
f 4379 4456 4459
f 4378 4455 4458
f 4378 4458 4456
f 4379 4459 4380
f 4380 4464 4457
f 4381 4518 4473
f 4381 4457 4518
f 4458 4463 4456
f 4456 4463 4459
f 4380 4459 4464
f 4457 4491 4518
f 4453 4445 4446
f 4452 4447 4460
f 4460 4461 4455
f 4461 4462 4458
f 4462 4463 4458
f 4460 4789 4461
f 4461 4790 4462
f 4462 4793 4463
f 4459 4463 4465
f 4459 4465 4464
f 4457 4464 4491
f 4463 4793 4465
f 4464 4465 4796
f 4464 4796 4491
f 4420 4469 4466
f 4469 4467 4466
f 4469 4468 4467
f 4469 4470 4468
f 4469 4471 4470
f 4424 4473 4516
f 4424 4516 4472
f 4422 4472 4517
f 4422 4517 4423
f 4420 4474 4475
f 4420 4475 4469
f 4423 4519 4474
f 4423 4517 4519
f 4469 4492 4471
f 4469 4475 4492
f 4481 4483 4482
f 4492 4479 4471
f 4492 4480 4479
f 4492 4481 4480
f 4534 4483 4481
f 4492 4534 4481
f 4534 4484 4483
f 4534 4485 4484
f 4534 4486 4485
f 4534 4488 4486
f 4535 4489 4488
f 4535 4494 4489
f 4534 4535 4488
f 4535 4493 4494
f 4535 4495 4493
f 4535 4497 4495
f 4536 4496 4497
f 4536 4498 4496
f 4535 4536 4497
f 4536 4499 4498
f 4536 4500 4499
f 4536 4504 4500
f 4504 4501 4500
f 4504 4502 4501
f 4504 4503 4502
f 4504 4505 4506
f 4504 4506 4503
f 4015 4510 4507
f 4015 4508 4510
f 4016 4511 4508
f 4508 4511 4512
f 4509 4512 4511
f 1813 4509 4511
f 4374 4510 4508
f 4374 4508 4512
f 4370 4512 4509
f 2386 4371 4509
f 4472 4528 4517
f 4472 4516 4528
f 4473 4518 4527
f 4473 4527 4516
f 4474 4519 4529
f 4474 4529 4475
f 4516 4531 4528
f 4491 4530 4518
f 4518 4530 4527
f 4516 4527 4531
f 4517 4532 4519
f 4517 4528 4532
f 4475 4529 4537
f 4519 4532 4533
f 4519 4533 4529
f 4527 4530 4832
f 4527 4832 4531
f 4528 4833 4532
f 4528 4531 4833
f 4529 4533 4836
f 4532 4835 4533
f 4475 4537 4492
f 4492 4538 4534
f 4534 4539 4535
f 4492 4537 4538
f 4535 4541 4536
f 4536 4540 4504
f 4529 4836 4537
f 4534 4538 4539
f 4537 4837 4538
f 4538 4838 4539
f 4535 4539 4541
f 4536 4541 4540
f 4539 4839 4541
f 4541 4840 4540
f 4537 4836 4837
f 4736 4599 4595
f 4736 4600 4599
f 4736 4603 4600
f 4736 4602 4603
f 4605 4609 4610
f 4616 4608 4607
f 4627 4605 4610
f 4616 4610 4608
f 4616 4627 4610
f 4738 4613 4612
f 4738 4615 4613
f 4738 4614 4601
f 4738 4601 4602
f 4738 4612 4614
f 4616 4606 4604
f 4616 4604 4615
f 4616 4615 4738
f 4616 4607 4606
f 4620 4864 4619
f 4620 4617 4618
f 4620 4619 4617
f 4627 4618 4625
f 4627 4626 4624
f 4627 4624 4605
f 4627 4625 4626
f 4620 4618 4627
f 4504 4737 4505
f 4737 4594 4505
f 4737 4596 4594
f 4737 4598 4597
f 4737 4597 4596
f 4737 4595 4598
f 4504 4540 4737
f 4737 4736 4595
f 4736 4738 4602
f 4442 4227 4230
f 4442 4230 4786
f 4230 4231 4786
f 4231 4787 4786
f 4231 4234 4787
f 4234 4788 4787
f 4447 4786 4787
f 4447 4787 4789
f 4787 4788 4789
f 4788 4790 4789
f 4788 4792 4790
f 4792 4791 4790
f 4234 4235 4788
f 4235 4792 4788
f 4235 4236 4792
f 4236 4794 4792
f 4792 4794 4791
f 4794 4798 4791
f 4462 4790 4791
f 4462 4791 4793
f 4791 4798 4793
f 4798 4795 4793
f 4465 4795 4796
f 4465 4793 4795
f 4794 4805 4798
f 4798 4805 4799
f 4491 4796 4797
f 4795 4800 4796
f 4796 4800 4797
f 4798 4799 4795
f 4799 4800 4795
f 4799 4821 4800
f 4797 4800 4801
f 4797 4801 4846
f 4821 4801 4800
f 4801 4802 4846
f 4802 4824 4847
f 4236 4803 4794
f 4803 4804 4805
f 4794 4803 4805
f 4804 4806 4805
f 4804 4808 4806
f 4799 4805 4806
f 4806 4807 4821
f 4806 4808 4807
f 4807 4810 4822
f 4808 4809 4807
f 4809 4811 4810
f 4809 4810 4807
f 4811 4812 4816
f 4812 4815 4817
f 4815 4813 4818
f 4813 4814 4820
f 4811 4816 4810
f 4820 4814 4819
f 4812 4817 4816
f 4815 4818 4817
f 4813 4820 4818
f 4799 4806 4821
f 4821 4807 4822
f 4821 4822 4801
f 4810 4823 4822
f 4801 4822 4802
f 4802 4822 4823
f 4802 4823 4824
f 4823 4825 4824
f 4825 4829 4826
f 4829 4830 4860
f 4825 4826 4824
f 4826 4829 4860
f 4830 4861 4860
f 4830 4831 4861
f 4831 4828 4862
f 4862 4828 4827
f 4831 4862 4861
f 4810 4816 4823
f 4816 4817 4825
f 4817 4818 4829
f 4816 4825 4823
f 4817 4829 4825
f 4818 4830 4829
f 4818 4820 4830
f 4820 4819 4831
f 4820 4831 4830
f 4819 4828 4831
f 4491 4797 4530
f 4530 4846 4832
f 4532 4833 4835
f 4531 4832 4834
f 4531 4834 4833
f 4530 4797 4846
f 4832 4846 4847
f 4833 4834 4848
f 4832 4847 4834
f 4533 4835 4841
f 4833 4848 4835
f 4835 4848 4851
f 4538 4837 4838
f 4533 4841 4836
f 4836 4842 4837
f 4539 4838 4839
f 4541 4839 4840
f 4836 4841 4842
f 4837 4843 4838
f 4837 4842 4843
f 4835 4851 4841
f 4838 4844 4839
f 4838 4843 4844
f 4839 4845 4840
f 4839 4844 4845
f 4846 4802 4847
f 4834 4849 4848
f 4834 4847 4849
f 4847 4824 4849
f 4849 4850 4848
f 4848 4850 4851
f 4851 4850 4856
f 4852 4856 4857
f 4853 4857 4859
f 4854 4859 4858
f 4841 4851 4852
f 4841 4852 4842
f 4853 4843 4842
f 4852 4853 4842
f 4854 4844 4843
f 4845 4844 4855
f 4853 4854 4843
f 4854 4855 4844
f 4851 4856 4852
f 4852 4857 4853
f 4853 4859 4854
f 4854 4858 4855
f 4849 4824 4826
f 4849 4826 4850
f 4850 4826 4860
f 4860 4861 4856
f 4850 4860 4856
f 4861 4857 4856
f 4859 4827 4858
f 4861 4862 4857
f 4862 4827 4859
f 4862 4859 4857
f 4310 4863 4864
f 4304 4864 4620
f 4304 4620 4870
f 4304 4870 4872
f 4304 4875 4903
f 4304 4872 4876
f 4304 4876 4875
f 4616 4871 4627
f 4616 4738 4908
f 4616 4908 4871
f 4871 4908 4873
f 4620 4627 4870
f 4627 4871 4870
f 4870 4871 4872
f 4871 4873 4872
f 4873 4910 4877
f 4877 4916 4878
f 4874 4878 4916
f 4872 4873 4876
f 4873 4877 4876
f 4876 4877 4875
f 4875 4877 4878
f 4893 4885 4898
f 4892 4898 4897
f 4304 4903 4884
f 4893 4894 4885
f 4894 4884 4885
f 4887 4888 4889
f 4888 4886 4890
f 4354 4891 4886
f 4354 4357 4892
f 4357 4893 4892
f 4886 4891 4890
f 4354 4892 4891
f 4887 4819 4814
f 4887 4889 4819
f 4888 4890 4889
f 4889 4890 4895
f 4896 4890 4891
f 4892 4893 4898
f 4892 4897 4891
f 4358 4894 4893
f 4358 4893 4357
f 4896 4897 4902
f 4885 4900 4898
f 4898 4899 4897
f 4885 4904 4900
f 4898 4900 4899
f 4902 4899 4918
f 4901 4902 4919
f 4874 4904 4878
f 4917 4899 4900
f 4874 4900 4904
f 4917 4918 4899
f 4874 4917 4900
f 4896 4902 4901
f 4895 4827 4828
f 4896 4901 4895
f 4895 4901 4827
f 4897 4899 4902
f 4884 4903 4904
f 4903 4875 4878
f 4903 4878 4904
f 4884 4904 4885
f 4889 4828 4819
f 4889 4895 4828
f 4896 4895 4890
f 4896 4891 4897
f 4736 4906 4907
f 4737 4540 4905
f 4540 4840 4905
f 4737 4906 4736
f 4737 4905 4906
f 4736 4907 4738
f 4738 4907 4908
f 4905 4909 4906
f 4906 4909 4911
f 4905 4912 4909
f 4908 4907 4910
f 4907 4911 4910
f 4873 4908 4910
f 4906 4911 4907
f 4905 4840 4912
f 4840 4845 4912
f 4912 4914 4909
f 4909 4914 4915
f 4912 4913 4914
f 4910 4911 4916
f 4911 4915 4916
f 4877 4910 4916
f 4909 4915 4911
f 4914 4918 4917
f 4913 4855 4919
f 4913 4918 4914
f 4855 4858 4919
f 4913 4919 4918
f 4914 4917 4915
f 4874 4916 4915
f 4874 4915 4917
f 4845 4913 4912
f 4845 4855 4913
f 4901 4919 4858
f 4902 4918 4919
f 4827 4901 4858
f 2836 2427 2834
f 2835 2429 2836
f 2833 2426 2424
f 2832 2424 2425
f 2418 2419 2423
f 2421 2422 3904
f 2420 3907 2419
f 2421 3906 2420
f 2418 2423 2430
f 2419 3907 2423
f 2420 3906 3907
f 2837 2428 2835
f 2418 2430 2837
f 2836 2429 2427
f 2837 2430 2428
f 2835 2428 2429
f 2834 2427 2426
f 2427 2429 3917
f 2428 3916 2429
f 2427 3911 2426
f 2425 2424 3912
f 2426 3913 2424
f 2424 3913 3912
f 2425 3972 2433
f 2431 3971 2432
f 2433 3970 2431
f 2432 3973 2907
f 2433 3972 3970
f 2425 3912 3972
f 2431 3970 3971
f 2432 3971 3973
f 2907 3973 3974
f 2908 3974 3975
f 2442 2435 2436
f 2435 2434 2437
f 2435 2437 2436
f 2441 2436 2438
f 2436 2437 2438
f 2442 2443 2739
f 2439 2740 2443
f 2443 2740 2739
f 2442 2436 2443
f 2443 2436 2441
f 2439 2443 2441
f 2439 2441 2444
f 2444 2446 2445
f 2441 2438 2446
f 2444 2441 2446
f 2444 2447 2440
f 2447 2737 2440
f 2447 2448 2737
f 2439 2444 2440
f 2444 2445 2447
f 2447 2445 2449
f 2449 2752 2448
f 2447 2449 2448
f 2434 2450 2451
f 2434 2451 2437
f 2450 2454 2451
f 2450 2452 2454
f 2438 2437 2453
f 2437 2451 2453
f 2438 2453 2459
f 2438 2459 2446
f 2453 2451 2455
f 2451 2454 2455
f 2453 2461 2459
f 2453 2455 2461
f 2452 2457 2454
f 2452 2456 2457
f 2455 2454 2465
f 2454 2457 2465
f 2446 2459 2458
f 2446 2458 2445
f 2445 2458 2462
f 2459 2460 2458
f 2459 2461 2460
f 2458 2460 2464
f 2449 2462 2463
f 2449 2445 2462
f 2449 2463 2752
f 2458 2464 2462
f 2462 2778 2463
f 2462 2464 2778
f 2461 2469 2460
f 2461 2466 2469
f 2455 2466 2461
f 2455 2465 2466
f 2456 2468 2457
f 2465 2457 2471
f 2456 2467 2468
f 2457 2468 2471
f 2464 2460 2470
f 2460 2469 2470
f 2464 2781 2778
f 2464 2470 2781
f 2466 2782 2469
f 2466 2472 2782
f 2466 2465 2472
f 2465 2471 2472
f 2467 2949 2468
f 2471 2468 2950
f 2478 2479 2623
f 2476 2492 2475
f 2480 2477 2481
f 2476 2475 2481
f 2480 2625 2477
f 2476 2481 2477
f 2478 2625 2480
f 2491 2493 2485
f 2490 2486 2487
f 2491 2485 2486
f 2493 2488 2485
f 2483 2484 2474
f 2482 2489 2488
f 2489 2483 2474
f 2484 2473 2474
f 2482 2488 2493
f 2482 2483 2489
f 2491 2633 2637
f 2492 2634 2490
f 2490 2633 2491
f 2491 2637 2493
f 2482 2493 2636
f 2482 2638 2483
f 2483 2494 2484
f 2482 2636 2638
f 2493 2637 2636
f 2483 2638 2494
f 2492 2490 2487
f 2490 2491 2486
f 2492 2487 2475
f 2520 2519 2496
f 2518 2498 2473
f 2520 2496 2498
f 2519 2497 2496
f 2503 2512 2495
f 2501 2499 2497
f 2502 2500 2499
f 2503 2495 2500
f 2502 2499 2501
f 2519 2501 2497
f 2502 2503 2500
f 2511 2506 2504
f 2506 2514 2510
f 2517 2516 2508
f 2515 2507 2510
f 2517 2508 2507
f 2516 2509 2508
f 2513 2528 2511
f 2511 2530 2514
f 2514 2529 2515
f 2517 2532 2516
f 2515 2531 2517
f 2512 2513 2505
f 2511 2514 2506
f 2513 2511 2504
f 2512 2505 2495
f 2513 2504 2505
f 2514 2515 2510
f 2515 2517 2507
f 2662 2663 2529
f 2663 2664 2531
f 2522 2518 2484
f 2523 2520 2518
f 2521 2519 2520
f 2519 2524 2501
f 2502 2501 2525
f 2502 2526 2503
f 2521 2524 2519
f 2524 2525 2501
f 2502 2525 2526
f 2503 2526 2533
f 2518 2473 2484
f 2518 2520 2498
f 2522 2523 2518
f 2522 2484 2494
f 2523 2521 2520
f 2656 2524 2521
f 2657 2525 2524
f 2652 2526 2525
f 2503 2533 2512
f 2512 2527 2513
f 2513 2527 2528
f 2511 2528 2530
f 2512 2533 2527
f 2514 2530 2529
f 2515 2529 2531
f 2517 2531 2532
f 2661 2530 2528
f 2658 2533 2526
f 2659 2527 2533
f 2660 2528 2527
f 2662 2529 2530
f 2663 2531 2529
f 2664 2532 2531
f 2536 2489 2474
f 2536 2535 2489
f 2474 2473 2537
f 2473 2534 2537
f 2536 2474 2537
f 2536 2556 2535
f 2536 2537 2557
f 2537 2534 2539
f 2534 2538 2539
f 2537 2539 2557
f 2487 2540 2475
f 2541 2475 2540
f 2540 2552 2542
f 2541 2540 2549
f 2540 2542 2549
f 2478 2543 2544
f 2478 2544 2479
f 2544 2678 2479
f 2480 2481 2545
f 2481 2541 2545
f 2478 2480 2543
f 2480 2545 2543
f 2481 2475 2541
f 2544 2543 2547
f 2543 2546 2547
f 2544 2547 2679
f 2545 2541 2548
f 2541 2549 2548
f 2545 2546 2543
f 2545 2548 2546
f 2486 2550 2552
f 2488 2535 2551
f 2486 2485 2550
f 2485 2488 2551
f 2485 2551 2550
f 2487 2486 2552
f 2487 2552 2540
f 2488 2489 2535
f 2551 2535 2553
f 2535 2556 2553
f 2550 2551 2554
f 2551 2553 2554
f 2552 2550 2555
f 2550 2554 2555
f 2552 2555 2542
f 2553 2556 2564
f 2536 2557 2556
f 2556 2557 2566
f 2557 2539 2560
f 2539 2538 2561
f 2555 2558 2542
f 2549 2542 2559
f 2548 2549 2682
f 2549 2559 2682
f 2546 2548 2680
f 2548 2682 2680
f 2542 2558 2559
f 2555 2554 2565
f 2554 2553 2563
f 2553 2564 2563
f 2556 2566 2564
f 2560 2539 2561
f 2538 2562 2561
f 2557 2560 2566
f 2554 2563 2565
f 2555 2565 2558
f 2565 2563 2691
f 2563 2564 2690
f 2564 2566 2689
f 2560 2561 2692
f 2560 2693 2566
f 2561 2562 2694
f 2566 2693 2689
f 2562 2567 2694
f 2560 2692 2693
f 2692 2561 2694
f 2500 2569 2568
f 2495 2569 2500
f 2495 2505 2570
f 2495 2570 2569
f 2568 2569 2578
f 2569 2579 2578
f 2570 2582 2571
f 2569 2570 2579
f 2570 2571 2579
f 2498 2496 2572
f 2498 2572 2534
f 2497 2574 2573
f 2496 2497 2573
f 2496 2573 2572
f 2473 2498 2534
f 2497 2499 2574
f 2499 2500 2568
f 2574 2499 2568
f 2572 2538 2534
f 2572 2573 2577
f 2573 2574 2575
f 2574 2576 2575
f 2573 2575 2577
f 2572 2577 2538
f 2538 2577 2562
f 2577 2575 2604
f 2575 2576 2606
f 2574 2568 2576
f 2568 2578 2576
f 2578 2579 2594
f 2571 2588 2596
f 2571 2595 2579
f 2576 2578 2605
f 2506 2581 2580
f 2581 2510 2584
f 2505 2504 2582
f 2505 2582 2570
f 2504 2580 2582
f 2504 2506 2580
f 2506 2510 2581
f 2510 2507 2584
f 2507 2508 2583
f 2507 2583 2584
f 2508 2585 2583
f 2509 2586 2585
f 2508 2509 2585
f 2580 2581 2587
f 2581 2584 2589
f 2584 2593 2589
f 2582 2580 2588
f 2582 2588 2571
f 2580 2587 2588
f 2581 2589 2587
f 2587 2589 2599
f 2589 2593 2597
f 2584 2583 2593
f 2583 2585 2590
f 2583 2590 2593
f 2585 2586 2591
f 2585 2591 2590
f 2586 2592 2591
f 2590 2591 2601
f 2593 2590 2600
f 2591 2592 2603
f 2588 2587 2598
f 2576 2605 2606
f 2579 2595 2594
f 2578 2594 2605
f 2571 2596 2595
f 2592 2602 2603
f 2588 2598 2596
f 2587 2599 2598
f 2589 2597 2599
f 2597 2593 2600
f 2599 2597 2613
f 2597 2600 2614
f 2590 2601 2600
f 2591 2603 2601
f 2600 2601 2616
f 2601 2603 2615
f 2603 2602 2617
f 2577 2604 2562
f 2575 2606 2604
f 2604 2567 2562
f 2604 2606 2608
f 2606 2605 2609
f 2595 2610 2594
f 2596 2598 2612
f 2595 2596 2611
f 2605 2594 2607
f 2607 2594 2610
f 2595 2611 2610
f 2596 2612 2611
f 2604 2608 2567
f 2606 2609 2608
f 2605 2607 2609
f 2610 2611 2722
f 2612 2619 2696
f 2611 2612 2723
f 2598 2599 2619
f 2601 2615 2616
f 2603 2617 2615
f 2602 2618 2617
f 2597 2614 2613
f 2614 2600 2616
f 2598 2619 2612
f 2599 2613 2619
f 2614 2616 2699
f 2619 2613 2697
f 2614 2698 2613
f 2616 2615 2700
f 2615 2617 2701
f 2617 2618 2702
f 2617 2702 2701
f 2618 2703 2702
f 2629 2639 2631
f 2631 2641 2632
f 2632 2640 2626
f 2648 2637 2633
f 2621 2494 2638
f 2620 2636 2637
f 2636 2622 2638
f 2645 2635 2626
f 2646 2634 2635
f 2647 2633 2634
f 2645 2646 2635
f 2646 2647 2634
f 2647 2648 2633
f 2648 2620 2637
f 2620 2622 2636
f 2622 2621 2638
f 2629 2623 2624
f 2632 2477 2625
f 2476 2477 2626
f 2631 2632 2625
f 2632 2626 2477
f 2476 2626 2635
f 2631 2625 2623
f 2624 2623 2479
f 2624 2479 2627
f 2624 2627 2628
f 2434 2628 2627
f 2478 2623 2625
f 2629 2624 2630
f 2630 2624 2628
f 2651 2630 2628
f 2651 2628 2435
f 2629 2631 2623
f 2435 2628 2434
f 2492 2635 2634
f 2490 2634 2633
f 2476 2635 2492
f 2629 2630 2642
f 2643 2630 2651
f 2442 2644 2651
f 2643 2642 2630
f 2631 2639 2641
f 2632 2641 2640
f 2640 2645 2626
f 2629 2642 2639
f 2640 2871 2878
f 2643 2651 2644
f 2442 2739 2644
f 2643 2873 2642
f 2641 2871 2640
f 2642 2870 2639
f 2639 2872 2641
f 2646 2877 2647
f 2647 2879 2648
f 2622 2650 2621
f 2648 2880 2620
f 2620 2649 2622
f 2640 2878 2645
f 2645 2876 2646
f 2645 2878 2876
f 2646 2876 2877
f 2647 2877 2879
f 2648 2879 2880
f 2620 2880 2649
f 2622 2649 2650
f 2442 2651 2435
f 2655 2522 2494
f 2653 2523 2522
f 2654 2521 2523
f 2655 2653 2522
f 2653 2654 2523
f 2657 2652 2525
f 2652 2658 2526
f 2654 2656 2521
f 2656 2657 2524
f 2621 2655 2494
f 2654 2668 2656
f 2656 2669 2657
f 2657 2670 2652
f 2659 2533 2658
f 2659 2660 2527
f 2660 2661 2528
f 2661 2662 2530
f 2660 2671 2661
f 2652 2675 2658
f 2659 2658 2676
f 2659 2677 2660
f 2661 2672 2662
f 2662 2673 2663
f 2663 2674 2664
f 2621 2666 2655
f 2655 2667 2653
f 2653 2665 2654
f 2655 2666 2667
f 2653 2667 2665
f 2652 2670 2675
f 2654 2665 2668
f 2656 2668 2669
f 2657 2669 2670
f 2621 2650 2666
f 2658 2675 2676
f 2660 2677 2671
f 2659 2676 2677
f 2661 2671 2672
f 2662 2672 2673
f 2663 2673 2674
f 2675 2898 2676
f 2676 2899 2677
f 2677 2902 2671
f 2671 2903 2672
f 2673 2901 2674
f 2672 2900 2673
f 2627 2479 2678
f 2450 2627 2678
f 2434 2627 2450
f 2544 2679 2678
f 2450 2678 2452
f 2678 2679 2452
f 2679 2547 2684
f 2546 2681 2547
f 2546 2680 2681
f 2452 2679 2456
f 2456 2679 2684
f 2547 2681 2684
f 2681 2680 2686
f 2682 2559 2687
f 2558 2565 2683
f 2558 2688 2559
f 2682 2685 2680
f 2559 2688 2687
f 2558 2683 2688
f 2681 2695 2684
f 2456 2684 2467
f 2680 2685 2686
f 2684 2695 2467
f 2681 2686 2695
f 2682 2687 2685
f 2691 2708 2683
f 2687 2688 2707
f 2683 2709 2688
f 2565 2691 2683
f 2563 2690 2691
f 2564 2689 2690
f 2689 2693 2715
f 2692 2694 2704
f 2693 2692 2716
f 2694 2567 2706
f 2691 2690 2713
f 2690 2689 2714
f 2691 2713 2708
f 2690 2714 2713
f 2689 2715 2714
f 2693 2716 2715
f 2692 2704 2716
f 2704 2694 2706
f 2567 2705 2706
f 2685 2711 2686
f 2695 2686 2712
f 2467 2695 2948
f 2685 2710 2711
f 2685 2687 2710
f 2687 2707 2710
f 2688 2709 2707
f 2683 2708 2709
f 2608 2705 2567
f 2608 2609 2721
f 2609 2607 2719
f 2608 2721 2705
f 2607 2720 2719
f 2609 2719 2721
f 2607 2610 2720
f 2611 2723 2722
f 2612 2696 2723
f 2610 2722 2720
f 2613 2698 2697
f 2619 2697 2696
f 2614 2699 2698
f 2616 2700 2699
f 2615 2701 2700
f 2467 2948 2949
f 2686 2711 2712
f 2695 2712 2948
f 2711 2710 3063
f 2709 2708 3061
f 2708 2713 3060
f 2707 2709 3059
f 2710 2707 3062
f 2714 2715 3065
f 2716 3066 2715
f 2706 2705 2717
f 2716 2704 3068
f 2704 2706 3069
f 2713 2714 3067
f 2716 3068 3066
f 2713 3067 3060
f 2714 3065 3067
f 2715 3066 3065
f 2704 3069 3068
f 3069 2706 2717
f 2705 2718 2717
f 2720 2722 2724
f 2722 2723 2727
f 2696 2697 2728
f 2723 2696 2729
f 2699 2700 2736
f 2698 2734 2697
f 2699 2735 2698
f 2700 2701 2730
f 2701 2702 2731
f 2702 2703 2732
f 2721 2719 2725
f 2705 2721 2718
f 2719 2720 2726
f 2719 2726 2725
f 2720 2724 2726
f 2696 2728 2729
f 2724 2722 2727
f 2723 2729 2727
f 2721 2725 2718
f 2697 2734 2728
f 2698 2735 2734
f 2736 2700 2730
f 2699 2736 2735
f 2701 2731 2730
f 2702 2732 2731
f 2703 2733 2732
f 2734 2735 3086
f 2735 2736 3087
f 2736 2730 3088
f 2730 2731 3091
f 2731 2732 3092
f 2732 2733 3089
f 2745 2440 2737
f 2737 2738 2744
f 2439 2741 2740
f 2439 2440 2741
f 2745 2741 2440
f 2742 2739 2740
f 2761 2745 2744
f 2760 2759 2741
f 2742 2740 2759
f 2745 2737 2744
f 2743 2762 2738
f 2738 2762 2744
f 2759 2740 2741
f 2760 2741 2745
f 2751 2746 2747
f 2743 2747 2753
f 2753 2747 2748
f 2747 2746 2749
f 2747 2749 2748
f 2748 2749 2750
f 2737 2448 2738
f 2738 2448 2751
f 2743 2738 2751
f 2751 2448 2752
f 2751 2752 2746
f 2743 2751 2747
f 2756 2763 2753
f 2756 2753 2754
f 2756 2823 2831
f 2756 2758 2823
f 2756 2754 2758
f 2757 2758 2754
f 2757 2827 2758
f 2757 2755 2827
f 2764 2744 2762
f 2763 2765 2762
f 2761 2744 2764
f 2761 2760 2745
f 2742 2759 2766
f 2760 2832 2759
f 2743 2763 2762
f 2743 2753 2763
f 2763 2831 2765
f 2756 2831 2763
f 2764 2762 2765
f 2761 2764 2834
f 2761 2833 2760
f 2759 2832 2766
f 2760 2833 2832
f 2754 2748 2767
f 2753 2748 2754
f 2757 2754 2767
f 2757 2767 2769
f 2767 2748 2750
f 2767 2750 2768
f 2767 2768 2769
f 2755 2769 2770
f 2755 2770 2825
f 2757 2769 2755
f 2769 2768 2771
f 2769 2771 2770
f 2746 2752 2772
f 2746 2772 2774
f 2772 2463 2773
f 2772 2776 2774
f 2772 2773 2776
f 2749 2774 2775
f 2746 2774 2749
f 2749 2775 2750
f 2774 2776 2777
f 2774 2777 2775
f 2752 2463 2772
f 2463 2778 2773
f 2773 2778 2779
f 2773 2780 2776
f 2773 2779 2780
f 2776 2789 2777
f 2776 2780 2789
f 2781 2790 2779
f 2779 2791 2780
f 2779 2790 2791
f 2778 2781 2779
f 2469 2783 2470
f 2469 2782 2783
f 2781 2470 2784
f 2470 2783 2784
f 2472 2951 2782
f 2471 2952 2472
f 2781 2784 2790
f 2782 2956 2783
f 2784 2783 2957
f 2768 2785 2787
f 2750 2775 2785
f 2750 2785 2768
f 2785 2788 2787
f 2785 2786 2788
f 2775 2777 2786
f 2785 2775 2786
f 2768 2787 2771
f 2777 2789 2792
f 2777 2792 2786
f 2780 2795 2789
f 2784 2954 2790
f 2780 2791 2795
f 2790 2955 2791
f 2786 2793 2788
f 2786 2792 2793
f 2792 2855 2793
f 2792 2794 2855
f 2789 2794 2792
f 2789 2795 2794
f 2795 2791 2966
f 2795 2965 2794
f 2824 2758 2827
f 2824 2823 2758
f 2830 2824 2827
f 2830 2827 2826
f 2826 2755 2825
f 2826 2825 2828
f 2827 2755 2826
f 2829 2826 2828
f 2829 2828 2838
f 2824 2418 2823
f 2823 2418 2837
f 2830 2826 2829
f 2830 2419 2824
f 2824 2419 2418
f 2831 2835 2765
f 2764 2765 2836
f 2764 2836 2834
f 2831 2823 2837
f 2835 2836 2765
f 2761 2834 2833
f 2766 2832 2425
f 2831 2837 2835
f 2834 2426 2833
f 2833 2424 2832
f 2771 2859 2770
f 2825 2770 2858
f 2828 2825 2858
f 2770 2859 2858
f 2421 2829 2838
f 2830 2829 2420
f 2830 2420 2419
f 2421 2420 2829
f 2838 2828 2843
f 2421 2838 2422
f 2838 2843 2422
f 2422 2843 4025
f 2828 2842 2843
f 2828 2858 2842
f 2771 2787 2861
f 2787 2788 2861
f 2771 2861 2859
f 2788 2862 2861
f 2788 2793 2862
f 2793 2855 2866
f 2793 2866 2862
f 2855 2969 2865
f 2855 2865 2866
f 2969 2868 2865
f 2875 2874 2644
f 2643 2874 2873
f 2642 2873 2870
f 2639 2870 2872
f 2641 2872 2871
f 2739 2875 2644
f 2643 2644 2874
f 2742 2875 2739
f 2874 2881 2873
f 2870 2885 2872
f 2873 2884 2870
f 2886 2871 2872
f 2890 2880 2879
f 2892 2650 2649
f 2880 2891 2649
f 2888 2876 2878
f 2887 2878 2871
f 2889 2877 2876
f 2893 2879 2877
f 2888 2889 2876
f 2893 2877 2889
f 2893 2890 2879
f 2890 2891 2880
f 2891 2892 2649
f 2742 2882 2875
f 2875 2883 2874
f 2875 2882 2883
f 2874 2883 2881
f 2870 2884 2885
f 2886 2887 2871
f 2885 2886 2872
f 2873 2881 2884
f 2742 2766 2882
f 2884 2908 2885
f 2885 2909 2886
f 2887 2888 2878
f 2893 2889 2914
f 2887 2912 2888
f 2886 2911 2887
f 2888 2913 2889
f 2893 2915 2890
f 2891 2910 2892
f 2890 2916 2891
f 2666 2905 2667
f 2667 2906 2665
f 2666 2650 2904
f 2668 2895 2669
f 2665 2894 2668
f 2669 2896 2670
f 2669 2895 2896
f 2670 2896 2897
f 2892 2904 2650
f 2666 2904 2905
f 2667 2905 2906
f 2665 2906 2894
f 2668 2894 2895
f 2670 2897 2675
f 2675 2897 2898
f 2677 2899 2902
f 2676 2898 2899
f 2671 2902 2903
f 2672 2903 2900
f 2673 2900 2901
f 2905 2923 2906
f 2906 2925 2894
f 2894 2926 2895
f 2895 2927 2896
f 2892 2922 2904
f 2904 2924 2905
f 2904 2922 2924
f 2905 2924 2923
f 2894 2925 2926
f 2906 2923 2925
f 2895 2926 2927
f 2896 2927 2930
f 2896 2930 2897
f 2897 2928 2898
f 2899 2898 2929
f 2899 2931 2902
f 2902 2932 2903
f 2903 2933 2900
f 2900 2934 2901
f 2899 2929 2931
f 2897 2930 2928
f 2898 2928 2929
f 2902 2931 2932
f 2903 2932 2933
f 2900 2933 2934
f 2882 2431 2883
f 2881 2883 2432
f 2766 2433 2882
f 2881 2907 2884
f 2881 2432 2907
f 2884 2907 2908
f 2886 2909 2911
f 2885 2908 2909
f 2766 2425 2433
f 2882 2433 2431
f 2883 2431 2432
f 2888 2912 2913
f 2889 2913 2914
f 2887 2911 2912
f 2890 2915 2916
f 2893 2914 2915
f 2891 2916 2910
f 2915 2921 2916
f 2916 2920 2910
f 2908 3975 2909
f 2907 3974 2908
f 2909 3975 4092
f 2911 2909 4092
f 2911 4093 2912
f 2912 2917 2913
f 2913 2918 2914
f 2914 2919 2915
f 2914 2918 2919
f 2915 2919 2921
f 2916 2921 2920
f 2911 4092 4093
f 2912 4093 2917
f 2913 2917 2918
f 2892 2910 2922
f 2910 2935 2922
f 2924 2937 2923
f 2922 2936 2924
f 2923 2940 2925
f 2925 2938 2926
f 2926 2939 2927
f 2930 2942 2928
f 2928 2943 2929
f 2929 2944 2931
f 2927 2941 2930
f 2931 2945 2932
f 2932 2946 2933
f 2933 2947 2934
f 2922 2935 2936
f 2910 2920 2935
f 2924 2936 2937
f 2927 2939 2941
f 2923 2937 2940
f 2925 2940 2938
f 2926 2938 2939
f 2930 2941 2942
f 2928 2942 2943
f 2929 2943 2944
f 2931 2944 2945
f 2932 2945 2946
f 2933 2946 2947
f 2472 2952 2951
f 2471 2950 2952
f 2468 2949 2950
f 2948 2958 2949
f 2782 2951 2956
f 2957 2783 2956
f 2949 2959 2950
f 2948 2953 2958
f 2952 2950 2960
f 2949 2958 2959
f 2790 2954 2955
f 2791 2955 2966
f 2954 2957 2967
f 2954 2968 2955
f 2784 2957 2954
f 2952 2961 2951
f 2952 2960 2961
f 2957 2956 2983
f 2956 2951 2962
f 2951 2961 2962
f 2950 2959 2960
f 2953 2984 2958
f 2956 2962 2983
f 2957 2983 2967
f 2960 2994 2961
f 2959 2958 2985
f 2960 2959 2986
f 2953 2963 2984
f 2959 2985 2986
f 2958 2984 2985
f 2794 2969 2855
f 2794 2965 2969
f 2795 2966 2965
f 2966 2955 2971
f 2954 2967 2968
f 2955 2968 2971
f 2966 2970 2965
f 2983 2972 2967
f 2965 3026 2969
f 2969 3025 2868
f 2965 2970 3026
f 2969 3026 3025
f 2966 2971 2970
f 2971 2968 2975
f 2967 2977 2968
f 2967 2978 2979
f 2967 2972 2978
f 2968 2981 2980
f 2968 2977 2981
f 2967 2979 2977
f 2968 2980 2976
f 2968 2976 2975
f 2971 3033 2970
f 2971 2974 2973
f 2971 2973 3033
f 2971 2975 2974
f 2983 2962 2990
f 2961 2992 2962
f 2960 2986 2994
f 2983 2991 2972
f 2983 2990 2987
f 2983 2987 2991
f 2962 2989 2990
f 2962 2988 2989
f 2962 2993 2988
f 2962 2992 2993
f 2961 2994 2992
f 2986 2985 3006
f 2985 2984 3009
f 2963 3013 2984
f 2984 3010 3009
f 2984 3012 3010
f 2984 3013 3012
f 2963 3014 3013
f 2963 3015 3014
f 2994 2997 2992
f 2994 2998 2997
f 2986 3003 2994
f 2994 2999 2998
f 3000 2994 3001
f 2994 3000 2999
f 2994 3003 3001
f 2986 3005 3003
f 2986 3004 3005
f 2985 3007 3006
f 2985 3008 3007
f 2985 3009 3008
f 2986 3006 3004
f 3011 3010 3012
f 3026 3030 3025
f 2970 3033 3027
f 2970 3032 3026
f 2970 3028 3032
f 2970 3027 3028
f 3026 3031 3030
f 3026 3032 3031
f 2711 3064 2712
f 2948 2712 2953
f 2710 3062 3063
f 2711 3063 3064
f 2709 3061 3059
f 2707 3059 3062
f 2708 3060 3061
f 2953 2712 3064
f 3067 3075 3060
f 3061 3073 3059
f 3062 3059 3070
f 3061 3060 3074
f 3068 3069 3082
f 3069 2717 3079
f 2717 2718 3080
f 3067 3065 3076
f 3065 3066 3077
f 3066 3068 3078
f 3068 3082 3078
f 2718 3081 3080
f 3069 3079 3082
f 3079 2717 3080
f 3066 3078 3077
f 3064 3063 3071
f 2953 3064 2963
f 3063 3062 3072
f 3062 3070 3072
f 3063 3072 3071
f 3061 3074 3073
f 3060 3075 3074
f 3059 3073 3070
f 2963 3064 3071
f 3074 3075 3114
f 3075 3076 3112
f 3067 3076 3075
f 3065 3077 3076
f 3076 3077 3116
f 3082 3118 3078
f 3077 3078 3117
f 3079 3119 3082
f 3079 3080 3120
f 3080 3081 3121
f 2725 2726 3093
f 2726 2724 3094
f 2725 3081 2718
f 2727 2729 3085
f 2724 2727 3095
f 2729 2728 3083
f 2728 2734 3084
f 2728 3084 3083
f 2725 3093 3081
f 2724 3095 3094
f 2726 3094 3093
f 2727 3085 3095
f 2729 3083 3085
f 2734 3086 3084
f 2735 3087 3086
f 2730 3091 3088
f 2736 3088 3087
f 2731 3092 3091
f 2732 3089 3092
f 2733 3090 3089
f 3094 3095 3161
f 3095 3085 3160
f 3085 3083 3162
f 3084 3086 3163
f 3083 3084 3164
f 3081 3093 3115
f 3093 3094 3159
f 3094 3161 3159
f 3095 3160 3161
f 3083 3164 3162
f 3085 3162 3160
f 3084 3163 3164
f 3091 3092 3168
f 3092 3089 3169
f 3089 3090 3170
f 3086 3087 3167
f 3088 3165 3087
f 3088 3091 3166
f 3166 3091 3168
f 3086 3167 3163
f 3087 3165 3167
f 3088 3166 3165
f 3092 3169 3168
f 3089 3170 3169
f 3090 3171 3170
f 2963 3071 3097
f 3071 3072 3100
f 3070 3104 3072
f 2963 3097 3096
f 2963 3096 3015
f 3071 3098 3097
f 3071 3100 3098
f 3072 3099 3100
f 3072 3101 3099
f 3072 3103 3101
f 3070 3105 3104
f 3070 3073 3107
f 3073 3074 3113
f 3073 3113 3107
f 3074 3114 3113
f 3075 3112 3114
f 3072 3104 3103
f 3070 3106 3105
f 3070 3107 3106
f 3107 3109 3106
f 3107 3108 3110
f 3107 3110 3109
f 3116 3136 3112
f 3107 3113 3124
f 3107 3124 3108
f 3113 3125 3124
f 3113 3114 3128
f 3114 3112 3131
f 3078 3118 3117
f 3082 3119 3118
f 3076 3116 3112
f 3077 3117 3116
f 3079 3120 3119
f 3120 3080 3121
f 3081 3115 3121
f 3117 3138 3116
f 3117 3118 3144
f 3120 3121 3148
f 3121 3115 3150
f 3113 3126 3125
f 3113 3128 3126
f 3114 3129 3128
f 3114 3130 3129
f 3114 3131 3130
f 3112 3133 3131
f 3112 3134 3133
f 3112 3135 3134
f 3112 3136 3135
f 3117 3140 3138
f 3117 3141 3140
f 3118 3119 3146
f 3116 3137 3136
f 3116 3138 3137
f 3117 3142 3141
f 3117 3144 3142
f 3118 3145 3144
f 3118 3146 3145
f 3119 3120 3147
f 3120 3148 3147
f 3121 3150 3148
f 3115 3149 3150
f 3119 3147 3146
f 3146 4258 3145
f 3093 3159 3115
f 3115 3159 3149
f 3159 3161 3172
f 3161 3160 3173
f 3160 3162 3174
f 3162 3164 3177
f 3164 3163 3175
f 3163 3167 3176
f 3167 3165 3178
f 3165 3166 3179
f 3166 3168 3180
f 3168 3169 3182
f 3170 3181 3169
f 3170 3171 3183
f 3159 3172 3149
f 3161 3173 3172
f 3160 3174 3173
f 3162 3177 3174
f 3164 3175 3177
f 3163 3176 3175
f 3167 3178 3176
f 3165 3179 3178
f 3166 3180 3179
f 3180 3168 3182
f 3169 3181 3182
f 3170 3183 3181
f 3171 3184 3183
f 2516 3199 2509
f 3199 3200 3193
f 3200 3201 3194
f 3199 3193 2509
f 3200 3194 3193
f 3201 3195 3194
f 3201 3202 3195
f 3202 3203 3196
f 3203 3204 3197
f 3204 3212 3198
f 3202 3196 3195
f 3203 3197 3196
f 3204 3198 3197
f 2516 3219 3199
f 3199 3220 3200
f 3200 3221 3201
f 3201 3222 3202
f 3202 3223 3203
f 3203 3224 3204
f 3212 3213 3205
f 3213 3214 3206
f 3212 3205 3198
f 3205 3213 3206
f 3214 3207 3206
f 3215 3208 3207
f 3216 3209 3208
f 3217 3210 3209
f 3204 3225 3212
f 3212 3226 3213
f 3213 3227 3214
f 3214 3228 3215
f 3215 3229 3216
f 3216 3230 3217
f 3214 3215 3207
f 3215 3216 3208
f 3216 3217 3209
f 3217 3218 3210
f 3218 3211 3210
f 2664 3363 2532
f 3363 3364 3219
f 3364 3365 3220
f 3365 3366 3221
f 3366 3367 3222
f 3367 3368 3223
f 3368 3369 3224
f 3369 3370 3225
f 2516 2532 3219
f 3199 3219 3220
f 3200 3220 3221
f 3201 3221 3222
f 3202 3222 3223
f 3203 3223 3224
f 3204 3224 3225
f 3363 3219 2532
f 3364 3220 3219
f 3365 3221 3220
f 3366 3222 3221
f 3367 3223 3222
f 3368 3224 3223
f 3212 3225 3226
f 3213 3226 3227
f 3214 3227 3228
f 3215 3228 3229
f 3216 3229 3230
f 3217 3231 3218
f 3217 3230 3231
f 3369 3225 3224
f 3225 3370 3226
f 3371 3227 3226
f 3372 3228 3227
f 3370 3371 3226
f 3371 3372 3227
f 3373 3229 3228
f 3374 3230 3229
f 3375 3231 3230
f 3218 3235 3211
f 3235 3236 3232
f 3235 3232 3211
f 3236 3233 3232
f 3237 3234 3233
f 3236 3237 3233
f 3240 3238 3234
f 3237 3240 3234
f 3240 3241 3238
f 3241 3239 3238
f 3239 3242 3317
f 3249 3323 3317
f 3218 3243 3235
f 3235 3244 3236
f 3236 3245 3237
f 3218 3231 3243
f 3235 3243 3244
f 3236 3244 3245
f 3245 3246 3237
f 3241 3242 3239
f 3242 3249 3317
f 3246 3240 3237
f 3247 3241 3240
f 3241 3248 3242
f 3389 3243 3231
f 3390 3244 3243
f 3391 3245 3244
f 3246 3247 3240
f 3247 3248 3241
f 3248 3252 3242
f 3250 3324 3323
f 3249 3250 3323
f 3250 3251 3324
f 3251 3333 3324
f 3253 3334 3333
f 3242 3252 3249
f 3251 3253 3333
f 3254 3335 3334
f 3253 3254 3334
f 3255 3338 3335
f 3249 3252 3397
f 3250 3397 3398
f 3251 3398 3399
f 3249 3397 3250
f 3250 3398 3251
f 3251 3399 3253
f 3254 3255 3335
f 3256 3339 3338
f 3255 3256 3338
f 3253 3400 3254
f 3254 3401 3255
f 3193 3194 3257
f 3193 3257 2586
f 2509 3193 2586
f 3194 3195 3258
f 3257 3194 3258
f 3195 3259 3258
f 3195 3196 3259
f 3196 3197 3260
f 3196 3260 3259
f 3197 3261 3260
f 3197 3198 3261
f 3198 3205 3262
f 3198 3262 3261
f 2586 3257 2592
f 3257 3258 3263
f 3257 3263 2592
f 3258 3259 3264
f 3258 3264 3263
f 3259 3265 3264
f 2592 3263 2602
f 3263 3264 3283
f 3264 3265 3284
f 3259 3260 3265
f 3260 3261 3266
f 3260 3266 3265
f 3261 3267 3266
f 3261 3262 3267
f 3262 3269 3268
f 3262 3268 3267
f 3265 3266 3285
f 3266 3267 3286
f 3268 3287 3267
f 3268 3276 3288
f 3205 3206 3269
f 3206 3207 3270
f 3207 3208 3271
f 3205 3269 3262
f 3269 3206 3270
f 3207 3271 3270
f 3208 3272 3271
f 3208 3209 3272
f 3209 3273 3272
f 3210 3274 3273
f 3209 3210 3273
f 3210 3211 3274
f 3211 3275 3274
f 3269 3270 3276
f 3269 3276 3268
f 3276 3270 3277
f 3270 3271 3277
f 3271 3272 3278
f 3271 3278 3277
f 3272 3279 3278
f 3276 3277 3289
f 3277 3278 3290
f 3278 3279 3291
f 3272 3273 3279
f 3273 3274 3280
f 3273 3280 3279
f 3274 3275 3281
f 3274 3281 3280
f 3275 3282 3281
f 3279 3280 3292
f 3280 3281 3293
f 3281 3282 3294
f 3263 3283 2602
f 3264 3284 3283
f 3265 3285 3284
f 3266 3286 3285
f 3267 3287 3286
f 3268 3288 3287
f 2602 3283 2618
f 3283 3284 3296
f 3284 3285 3297
f 3285 3286 3298
f 3286 3287 3299
f 3287 3288 3300
f 3288 3289 3301
f 3276 3289 3288
f 3289 3277 3290
f 3278 3291 3290
f 3279 3292 3291
f 3289 3290 3302
f 3290 3291 3303
f 3291 3292 3304
f 3280 3293 3292
f 3281 3294 3293
f 3282 3295 3294
f 3292 3293 3305
f 3293 3294 3306
f 3283 3296 2618
f 3296 3284 3297
f 3285 3298 3297
f 3286 3299 3298
f 3287 3300 3299
f 3288 3301 3300
f 3296 3297 3415
f 2618 3296 2703
f 3297 3298 3416
f 3296 3415 2703
f 3297 3416 3415
f 3298 3417 3416
f 3298 3299 3417
f 3299 3300 3418
f 3300 3301 3419
f 3301 3302 3420
f 3299 3418 3417
f 3300 3419 3418
f 3301 3420 3419
f 3289 3302 3301
f 3302 3290 3303
f 3291 3304 3303
f 3292 3305 3304
f 3293 3306 3305
f 3294 3295 3307
f 3294 3307 3306
f 3295 3308 3307
f 3302 3303 3421
f 3304 3422 3303
f 3304 3305 3423
f 3302 3421 3420
f 3421 3303 3422
f 3304 3423 3422
f 3305 3306 3424
f 3306 3307 3425
f 3307 3308 3426
f 3211 3232 3275
f 3232 3233 3309
f 3233 3234 3310
f 3275 3232 3309
f 3233 3310 3309
f 3234 3311 3310
f 3275 3309 3282
f 3309 3310 3313
f 3309 3313 3282
f 3310 3311 3314
f 3310 3314 3313
f 3311 3318 3314
f 3311 3312 3318
f 3234 3238 3311
f 3238 3239 3312
f 3239 3317 3315
f 3238 3312 3311
f 3239 3315 3312
f 3315 3317 3316
f 3317 3323 3316
f 3282 3313 3295
f 3313 3314 3330
f 3314 3318 3331
f 3312 3315 3319
f 3312 3319 3318
f 3315 3320 3319
f 3315 3316 3320
f 3316 3322 3321
f 3316 3321 3320
f 3318 3319 3332
f 3319 3320 3346
f 3320 3321 3347
f 3321 3328 3348
f 3323 3322 3316
f 3323 3324 3322
f 3324 3333 3325
f 3324 3325 3322
f 3325 3333 3326
f 3322 3325 3328
f 3322 3328 3321
f 3325 3329 3328
f 3325 3326 3329
f 3326 3327 3341
f 3326 3341 3329
f 3313 3330 3295
f 3314 3331 3330
f 3318 3332 3331
f 3319 3346 3332
f 3320 3347 3346
f 3326 3333 3334
f 3326 3334 3327
f 3334 3335 3327
f 3335 3338 3336
f 3335 3336 3327
f 3336 3338 3337
f 3338 3339 3337
f 3339 3340 3337
f 3327 3342 3341
f 3328 3329 3355
f 3329 3341 3356
f 3341 3342 3357
f 3327 3336 3342
f 3336 3337 3343
f 3336 3343 3342
f 3337 3344 3343
f 3337 3340 3344
f 3340 3345 3344
f 3342 3343 3359
f 3343 3344 3360
f 3344 3345 3361
f 3345 3362 3361
f 3295 3330 3308
f 3330 3331 3350
f 3331 3332 3351
f 3308 3330 3350
f 3331 3351 3350
f 3332 3352 3351
f 3347 3321 3348
f 3332 3346 3352
f 3346 3347 3353
f 3346 3353 3352
f 3347 3348 3354
f 3348 3355 3349
f 3347 3354 3353
f 3354 3348 3349
f 3308 3350 3427
f 3350 3351 3428
f 3351 3352 3429
f 3352 3353 3430
f 3328 3355 3348
f 3329 3356 3355
f 3341 3357 3356
f 3342 3359 3357
f 3343 3360 3359
f 3357 3359 3435
f 3355 3356 3358
f 3355 3358 3349
f 3356 3357 3434
f 3356 3434 3358
f 3357 3435 3434
f 3359 3436 3435
f 3344 3361 3360
f 3359 3360 3436
f 3360 3361 3437
f 3361 3362 3438
f 2664 3376 3363
f 3364 3378 3365
f 3363 3377 3364
f 3365 3379 3366
f 3366 3380 3367
f 3367 3381 3368
f 3368 3382 3369
f 3369 3383 3370
f 3370 3384 3371
f 3371 3385 3372
f 3372 3386 3373
f 3373 3387 3374
f 3374 3388 3375
f 3372 3373 3228
f 3373 3374 3229
f 3374 3375 3230
f 2664 2674 3376
f 3363 3376 3377
f 3364 3377 3378
f 3365 3378 3379
f 3366 3379 3380
f 3367 3380 3381
f 3368 3381 3382
f 2674 3555 3376
f 3376 3556 3377
f 3377 3557 3378
f 3378 3558 3379
f 3379 3559 3380
f 3380 3560 3381
f 3369 3382 3383
f 3370 3383 3384
f 3371 3384 3385
f 3372 3385 3386
f 3373 3386 3387
f 3374 3387 3388
f 3381 3561 3382
f 3382 3562 3383
f 3383 3563 3384
f 3384 3564 3385
f 3385 3565 3386
f 3386 3566 3387
f 3387 3567 3388
f 3375 3404 3389
f 3389 3405 3390
f 3390 3406 3391
f 3391 3407 3392
f 3375 3389 3231
f 3389 3390 3243
f 3390 3391 3244
f 3392 3246 3245
f 3393 3247 3246
f 3394 3248 3247
f 3391 3392 3245
f 3392 3393 3246
f 3393 3394 3247
f 3394 3395 3248
f 3395 3252 3248
f 3396 3397 3252
f 3403 3398 3397
f 3411 3399 3398
f 3253 3399 3400
f 3254 3400 3401
f 3255 3401 3402
f 3255 3402 3256
f 3395 3396 3252
f 3396 3403 3397
f 3403 3411 3398
f 3412 3400 3399
f 3413 3401 3400
f 3401 3414 3402
f 3411 3412 3399
f 3412 3413 3400
f 3413 3414 3401
f 3375 3388 3404
f 3389 3404 3405
f 3390 3405 3406
f 3392 3408 3393
f 3393 3409 3394
f 3391 3406 3407
f 3392 3407 3408
f 3393 3408 3409
f 3394 3409 3410
f 3394 3410 3395
f 3395 3571 3396
f 3396 3572 3403
f 3403 3573 3411
f 3411 3574 3412
f 3395 3410 3571
f 3396 3571 3572
f 3403 3572 3573
f 3412 3575 3413
f 3413 3576 3414
f 3411 3573 3574
f 3412 3574 3575
f 3413 3575 3576
f 3419 3420 3539
f 3420 3421 3540
f 3305 3424 3423
f 3308 3427 3426
f 3306 3425 3424
f 3307 3426 3425
f 3421 3422 3541
f 3422 3423 3542
f 3423 3424 3543
f 3424 3425 3544
f 3425 3426 3545
f 3426 3427 3546
f 3350 3428 3427
f 3351 3429 3428
f 3352 3430 3429
f 3353 3354 3431
f 3354 3349 3432
f 3349 3358 3433
f 3353 3431 3430
f 3354 3432 3431
f 3349 3433 3432
f 3427 3428 3547
f 3428 3429 3548
f 3429 3430 3549
f 3430 3431 3550
f 3360 3437 3436
f 3361 3438 3437
f 3362 3439 3438
f 3358 3434 3440
f 3434 3435 3441
f 3435 3436 3442
f 3358 3440 3433
f 3434 3441 3440
f 3435 3442 3441
f 3436 3445 3442
f 3436 3437 3445
f 3437 3438 3443
f 3438 3439 3444
f 3437 3443 3445
f 3438 3444 3443
f 3430 3550 3549
f 3431 3432 3551
f 3432 3433 3552
f 3433 3440 3553
f 3431 3551 3550
f 3432 3552 3551
f 3552 3433 3553
f 3440 3441 3554
f 3441 3442 3792
f 3442 3445 3793
f 3439 3446 3444
f 3445 3443 3794
f 3440 3554 3553
f 3441 3792 3554
f 3442 3793 3792
f 3445 3794 3793
f 3443 3444 3587
f 3446 3588 3444
f 3443 3587 3794
f 3444 3588 3587
f 3256 3447 3339
f 3339 3447 3449
f 3449 3462 3450
f 3449 3447 3462
f 3450 3463 3453
f 3450 3462 3463
f 3453 3464 3454
f 3339 3449 3340
f 3449 3448 3340
f 3340 3448 3345
f 3448 3451 3457
f 3448 3457 3345
f 3449 3450 3448
f 3450 3453 3451
f 3450 3451 3448
f 3453 3452 3451
f 3453 3454 3452
f 3454 3487 3455
f 3452 3454 3455
f 3455 3487 3456
f 3451 3452 3458
f 3451 3458 3457
f 3452 3459 3458
f 3345 3457 3362
f 3457 3458 3461
f 3457 3461 3362
f 3458 3459 3501
f 3458 3501 3461
f 3459 3502 3501
f 3452 3455 3459
f 3455 3456 3460
f 3455 3460 3459
f 3456 3490 3460
f 3456 3489 3490
f 3459 3460 3502
f 3256 3402 3466
f 3466 3467 3447
f 3256 3466 3447
f 3467 3462 3447
f 3468 3463 3462
f 3453 3463 3464
f 3454 3465 3487
f 3454 3464 3465
f 3470 3488 3487
f 3463 3469 3464
f 3465 3470 3487
f 3470 3471 3488
f 3467 3468 3462
f 3402 3473 3466
f 3466 3476 3467
f 3468 3469 3463
f 3464 3469 3474
f 3465 3474 3475
f 3464 3474 3465
f 3465 3475 3470
f 3470 3475 3481
f 3471 3493 3488
f 3493 3472 3496
f 3471 3472 3493
f 3470 3481 3471
f 3496 3472 3483
f 3496 3483 3498
f 3414 3636 3473
f 3473 3637 3476
f 3402 3414 3473
f 3466 3473 3476
f 3467 3477 3468
f 3467 3476 3477
f 3468 3478 3469
f 3468 3477 3478
f 3469 3478 3479
f 3469 3479 3474
f 3474 3480 3475
f 3476 3638 3477
f 3479 3480 3474
f 3475 3480 3642
f 3471 3482 3472
f 3471 3481 3482
f 3498 3483 3484
f 3498 3484 3512
f 3485 3483 3472
f 3482 3485 3472
f 3475 3642 3481
f 3481 3643 3482
f 3481 3642 3643
f 3482 3647 3485
f 3483 3644 3484
f 3485 3644 3483
f 3484 3486 3512
f 3512 3486 3516
f 3484 3644 3645
f 3484 3645 3486
f 3516 3486 3646
f 3516 3646 3517
f 3456 3487 3488
f 3488 3493 3489
f 3456 3488 3489
f 3489 3491 3490
f 3489 3492 3491
f 3460 3490 3503
f 3502 3460 3503
f 3490 3504 3503
f 3490 3491 3504
f 3491 3495 3508
f 3491 3508 3504
f 3493 3492 3489
f 3493 3496 3492
f 3496 3494 3492
f 3492 3495 3491
f 3492 3494 3495
f 3494 3499 3495
f 3496 3498 3494
f 3498 3497 3494
f 3498 3512 3497
f 3497 3512 3513
f 3494 3497 3499
f 3497 3500 3499
f 3495 3499 3510
f 3495 3510 3508
f 3499 3511 3510
f 3497 3513 3500
f 3499 3500 3511
f 3500 3529 3511
f 3362 3461 3439
f 3461 3501 3505
f 3501 3502 3506
f 3461 3505 3439
f 3501 3506 3505
f 3502 3503 3507
f 3502 3507 3506
f 3503 3504 3509
f 3504 3508 3521
f 3507 3503 3509
f 3508 3510 3522
f 3504 3521 3509
f 3508 3522 3521
f 3439 3505 3446
f 3505 3506 3523
f 3511 3530 3510
f 3512 3516 3513
f 3513 3516 3514
f 3513 3515 3500
f 3500 3515 3529
f 3529 3515 3532
f 3513 3514 3515
f 3514 3519 3515
f 3515 3519 3532
f 3516 3517 3514
f 3514 3518 3519
f 3514 3517 3518
f 3519 3534 3532
f 3518 3520 3519
f 3519 3520 3534
f 3521 3526 3509
f 3521 3522 3527
f 3522 3530 3528
f 3505 3523 3446
f 3506 3507 3524
f 3506 3524 3523
f 3507 3525 3524
f 3507 3509 3525
f 3525 3509 3526
f 3446 3523 3589
f 3523 3524 3669
f 3524 3525 3670
f 3521 3527 3526
f 3522 3528 3527
f 3511 3529 3531
f 3510 3530 3522
f 3511 3531 3530
f 3529 3532 3533
f 3529 3533 3531
f 3530 3531 3678
f 3532 3675 3533
f 3531 3533 3679
f 3532 3534 3675
f 3530 3678 3528
f 3531 3679 3678
f 2703 3415 2733
f 3415 3416 3535
f 3416 3417 3536
f 3417 3418 3537
f 3418 3419 3538
f 3415 3535 2733
f 3535 3416 3536
f 3417 3537 3536
f 3418 3538 3537
f 3419 3539 3538
f 3420 3540 3539
f 2733 3535 3090
f 3535 3536 3776
f 3536 3537 3777
f 3539 3540 3781
f 3540 3541 3780
f 3537 3538 3778
f 3538 3539 3779
f 3421 3541 3540
f 3541 3422 3542
f 3423 3543 3542
f 3424 3544 3543
f 3425 3545 3544
f 3426 3546 3545
f 3427 3547 3546
f 3541 3542 3782
f 3542 3543 3783
f 3543 3544 3784
f 3544 3545 3785
f 3545 3546 3786
f 3546 3547 3787
f 3547 3428 3548
f 3429 3549 3548
f 2674 2901 3555
f 3376 3555 3556
f 3377 3556 3557
f 3378 3557 3558
f 3379 3558 3559
f 3380 3559 3560
f 3381 3560 3561
f 3382 3561 3562
f 3383 3562 3563
f 3384 3563 3564
f 3385 3564 3565
f 3386 3565 3566
f 3387 3566 3567
f 2901 3590 3555
f 3555 3591 3556
f 3556 3592 3557
f 3557 3593 3558
f 3558 3594 3559
f 3559 3595 3560
f 2901 2934 3590
f 3555 3590 3591
f 3556 3591 3592
f 3557 3592 3593
f 3558 3593 3594
f 3559 3594 3595
f 3560 3595 3596
f 3560 3596 3561
f 3561 3597 3562
f 3562 3598 3563
f 3563 3599 3564
f 3564 3600 3565
f 3565 3601 3566
f 3566 3602 3567
f 3561 3596 3597
f 3562 3597 3598
f 3563 3598 3599
f 3564 3599 3600
f 3565 3600 3601
f 3566 3601 3602
f 3388 3568 3404
f 3404 3569 3405
f 3405 3570 3406
f 3388 3567 3568
f 3404 3568 3569
f 3406 3577 3407
f 3407 3578 3408
f 3408 3579 3409
f 3405 3569 3570
f 3406 3570 3577
f 3407 3577 3578
f 3408 3578 3579
f 3409 3579 3580
f 3409 3580 3410
f 3410 3581 3571
f 3571 3582 3572
f 3572 3583 3573
f 3410 3580 3581
f 3571 3581 3582
f 3572 3582 3583
f 3573 3584 3574
f 3574 3585 3575
f 3575 3586 3576
f 3567 3616 3568
f 3568 3617 3569
f 3569 3618 3570
f 3570 3619 3577
f 3567 3602 3616
f 3568 3616 3617
f 3569 3617 3618
f 3577 3620 3578
f 3570 3618 3619
f 3577 3619 3620
f 3578 3621 3579
f 3573 3583 3584
f 3574 3584 3585
f 3575 3585 3586
f 3579 3622 3580
f 3580 3623 3581
f 3581 3624 3582
f 3582 3625 3583
f 3583 3626 3584
f 3584 3627 3585
f 3446 3589 3588
f 2934 3603 3590
f 3590 3604 3591
f 3591 3605 3592
f 3592 3606 3593
f 3593 3607 3594
f 3594 3608 3595
f 3595 3609 3596
f 3596 3610 3597
f 3597 3611 3598
f 3598 3612 3599
f 3599 3613 3600
f 3600 3614 3601
f 3601 3615 3602
f 2934 2947 3603
f 3590 3603 3604
f 3591 3604 3605
f 3592 3605 3606
f 3593 3606 3607
f 3594 3607 3608
f 3595 3608 3609
f 3596 3609 3610
f 3597 3610 3611
f 3598 3611 3612
f 3599 3612 3613
f 3600 3613 3614
f 3601 3614 3615
f 3578 3620 3621
f 3579 3621 3622
f 3602 3629 3616
f 3616 3630 3617
f 3617 3631 3618
f 3618 3632 3619
f 3619 3633 3620
f 3620 3634 3621
f 3580 3622 3623
f 3581 3623 3624
f 3582 3624 3625
f 3585 3628 3586
f 3583 3625 3626
f 3584 3626 3627
f 3585 3627 3628
f 3602 3615 3629
f 3616 3629 3630
f 3617 3630 3631
f 3618 3631 3632
f 3619 3632 3633
f 3620 3633 3634
f 3621 3634 3635
f 3621 3635 3622
f 3622 4933 3623
f 3623 4934 3624
f 3624 4935 3625
f 3625 4936 3626
f 3626 4937 3627
f 3627 4938 3628
f 3622 3635 4933
f 3623 4933 4934
f 3624 4934 4935
f 3625 4935 4936
f 3626 4936 4937
f 3627 4937 4938
f 3414 3576 3636
f 3473 3636 3637
f 3476 3637 3638
f 3477 3638 3639
f 3478 3639 3640
f 3576 3651 3636
f 3636 3652 3637
f 3479 3640 3641
f 3641 3655 3480
f 3477 3639 3478
f 3478 3640 3479
f 3479 3641 3480
f 3482 3643 3647
f 3485 3648 3644
f 3655 3642 3480
f 3485 3647 3648
f 3645 3649 3486
f 3649 3646 3486
f 3646 3650 3517
f 3650 3666 3517
f 3656 3643 3642
f 3655 3656 3642
f 3657 3647 3643
f 3644 3659 3645
f 3644 3648 3659
f 3645 3661 3649
f 3660 3650 3646
f 3649 3660 3646
f 3576 3586 3651
f 3637 3653 3638
f 3636 3651 3652
f 3637 3652 3653
f 3638 3654 3639
f 3639 3704 3640
f 3638 3653 3654
f 3640 3705 3641
f 3639 3654 3704
f 3640 3704 3705
f 3641 3705 3707
f 3641 3707 3655
f 3655 3708 3656
f 3655 3707 3708
f 3656 3710 3657
f 3656 3657 3643
f 3658 3648 3647
f 3657 3658 3647
f 3645 3659 3661
f 3709 3659 3648
f 3649 3662 3660
f 3649 3661 3662
f 3658 3709 3648
f 3712 3661 3659
f 3709 3712 3659
f 3650 3663 3666
f 3666 3663 3692
f 3660 3664 3650
f 3664 3663 3650
f 3663 3665 3692
f 3692 3665 3695
f 3660 3726 3664
f 3660 3662 3726
f 3664 3727 3663
f 3663 3727 3665
f 3665 3728 3695
f 3695 3728 3699
f 3518 3517 3666
f 3518 3667 3520
f 3518 3666 3667
f 3667 3668 3520
f 3520 3676 3534
f 3520 3668 3676
f 3668 3680 3676
f 3523 3669 3589
f 3524 3670 3669
f 3525 3671 3670
f 3527 3528 3673
f 3525 3526 3671
f 3526 3527 3672
f 3528 3678 3674
f 3671 3526 3672
f 3527 3673 3672
f 3528 3674 3673
f 3533 3675 3682
f 3534 3677 3675
f 3534 3676 3677
f 3675 3677 3683
f 3533 3682 3679
f 3678 3679 3685
f 3682 3675 3683
f 3676 3680 3681
f 3676 3681 3677
f 3680 3684 3681
f 3677 3681 3688
f 3677 3688 3683
f 3679 3682 3686
f 3678 3685 3674
f 3682 3683 3687
f 3679 3686 3685
f 3670 3671 3852
f 3671 3672 3853
f 3672 3673 3854
f 3673 3674 3855
f 3674 3685 3856
f 3674 3856 3855
f 3681 3689 3688
f 3681 3684 3689
f 3682 3687 3686
f 3683 3691 3687
f 3683 3688 3691
f 3684 3690 3689
f 3685 3686 3858
f 3686 3687 3859
f 3685 3858 3856
f 3686 3859 3858
f 3687 3691 3743
f 3688 3689 3741
f 3688 3741 3691
f 3689 3690 3742
f 3689 3742 3741
f 3667 3693 3668
f 3667 3666 3692
f 3667 3692 3693
f 3693 3696 3694
f 3693 3694 3668
f 3668 3694 3680
f 3680 3694 3697
f 3693 3692 3695
f 3693 3695 3696
f 3696 3700 3698
f 3696 3698 3694
f 3694 3698 3697
f 3697 3698 3701
f 3696 3695 3699
f 3696 3699 3700
f 3700 3702 3698
f 3698 3702 3701
f 3701 3702 3751
f 3680 3697 3684
f 3697 3703 3684
f 3697 3701 3703
f 3684 3703 3690
f 3703 3701 3757
f 3701 3751 3757
f 3703 3758 3690
f 3586 3706 3651
f 3651 3714 3652
f 3652 3715 3653
f 3586 3628 3706
f 3653 3716 3654
f 3654 3717 3704
f 3704 3718 3705
f 3651 3706 3714
f 3652 3714 3715
f 3653 3715 3716
f 3654 3716 3717
f 3704 3717 3718
f 3705 3718 3719
f 3656 3708 3710
f 3657 3711 3658
f 3657 3710 3711
f 3658 3720 3709
f 3705 3719 3707
f 3707 3722 3708
f 3708 3723 3710
f 3658 3711 3720
f 3709 3721 3712
f 3709 3720 3721
f 3712 3724 3713
f 3713 3662 3661
f 3712 3713 3661
f 3628 4997 3706
f 3706 4998 3714
f 3714 4999 3715
f 3628 4938 4997
f 3706 4997 4998
f 3714 4998 4999
f 3715 5000 3716
f 3716 5001 3717
f 3717 5002 3718
f 3707 3719 3722
f 3708 3722 3723
f 3710 3725 3711
f 3710 3723 3725
f 3712 3721 3724
f 3711 5003 3720
f 3718 5005 3719
f 3719 5006 3722
f 3711 3725 5003
f 3720 5004 3721
f 3720 5003 5004
f 3721 5008 3724
f 3664 3729 3727
f 3662 3732 3726
f 3664 3726 3729
f 3665 3727 3730
f 3665 3730 3728
f 3728 3731 3699
f 3713 3732 3662
f 3727 3729 3733
f 3727 3733 3730
f 3726 3732 3736
f 3726 3736 3729
f 3730 3734 3728
f 3734 3731 3728
f 3731 3735 3749
f 3713 3724 5020
f 3732 5020 5021
f 3713 5020 3732
f 3729 3737 3733
f 3729 3736 3737
f 3730 3738 3734
f 3730 3733 3738
f 3734 3739 3731
f 3739 3735 3731
f 3735 3740 3753
f 3732 5021 3736
f 3738 5023 3734
f 3733 5024 3738
f 3733 3737 5024
f 3734 5023 3739
f 3739 5025 3735
f 3735 5025 3740
f 3740 5028 3761
f 3687 3743 3859
f 3691 3745 3743
f 3691 3741 3745
f 3690 3744 3742
f 3741 3742 3746
f 3741 3746 3745
f 3742 3744 3747
f 3742 3747 3746
f 3745 3746 3868
f 3747 3744 3748
f 3746 3747 5295
f 3747 3748 5296
f 3699 3749 3700
f 3700 3750 3702
f 3700 3749 3750
f 3731 3749 3699
f 3750 3752 3702
f 3702 3752 3751
f 3752 3755 3751
f 3749 3753 3750
f 3750 3754 3752
f 3750 3753 3754
f 3749 3735 3753
f 3754 3756 3752
f 3752 3756 3755
f 3755 3756 3763
f 3703 3757 3758
f 3751 3759 3757
f 3757 3759 3760
f 3758 3757 3760
f 3751 3755 3759
f 3690 3758 3744
f 3759 3769 3760
f 3755 3770 3759
f 3755 3763 3770
f 3759 3770 3769
f 3758 3760 3771
f 3758 3771 3744
f 3753 3761 3754
f 3754 3762 3756
f 3754 3761 3762
f 3740 3761 3753
f 3756 3764 3763
f 3762 3764 3756
f 3764 3765 3763
f 3761 3766 3762
f 3762 3767 3764
f 3764 3768 3765
f 3765 5052 5056
f 3761 5028 3766
f 3762 3766 3767
f 3764 3767 3768
f 3765 3768 5052
f 3763 3772 3770
f 3763 3765 3772
f 3770 3773 3769
f 3770 3772 3773
f 3760 3769 3774
f 3771 3760 3774
f 3771 3748 3744
f 3765 5056 3772
f 3772 5057 3773
f 3772 5056 5057
f 3769 3775 3774
f 3771 3774 5058
f 3771 5058 3748
f 3774 3775 5059
f 3774 5059 5058
f 3769 3773 3775
f 3773 5060 3775
f 3535 3776 3090
f 3536 3777 3776
f 3537 3778 3777
f 3538 3779 3778
f 3539 3781 3779
f 3540 3780 3781
f 3541 3782 3780
f 3782 3542 3783
f 3543 3784 3783
f 3544 3785 3784
f 3546 3787 3786
f 3547 3788 3787
f 3545 3786 3785
f 3090 3776 3171
f 3776 3777 3807
f 3777 3778 3808
f 3779 3809 3778
f 3779 3781 3810
f 3781 3780 3805
f 3780 3782 3806
f 3777 3808 3807
f 3778 3809 3808
f 3779 3810 3809
f 3781 3805 3810
f 3780 3806 3805
f 3776 3807 3171
f 3782 3783 3811
f 3784 3785 3813
f 3783 3784 3812
f 3785 3786 3814
f 3786 3787 3815
f 3787 3788 3816
f 3782 3811 3806
f 3811 3783 3812
f 3784 3813 3812
f 3785 3814 3813
f 3786 3815 3814
f 3787 3816 3815
f 3788 3817 3816
f 3547 3548 3788
f 3548 3549 3789
f 3549 3550 3790
f 3548 3789 3788
f 3552 3797 3551
f 3550 3551 3791
f 3552 3553 3795
f 3553 3554 3796
f 3549 3790 3789
f 3550 3791 3790
f 3551 3797 3791
f 3552 3795 3797
f 3795 3553 3796
f 3554 3792 3798
f 3792 3793 3799
f 3793 3794 3800
f 3554 3798 3796
f 3792 3799 3798
f 3794 3801 3800
f 3793 3800 3799
f 3794 3587 3801
f 3587 3588 3802
f 3588 3589 3803
f 3788 3789 3817
f 3789 3790 3831
f 3790 3791 3832
f 3791 3797 3833
f 3789 3831 3817
f 3790 3832 3831
f 3791 3833 3832
f 3797 3795 3834
f 3795 3796 3835
f 3796 3798 3836
f 3797 3834 3833
f 3795 3835 3834
f 3587 3802 3801
f 3802 3588 3803
f 3589 3804 3803
f 3799 3800 3838
f 3798 3799 3837
f 3800 3801 3839
f 3801 3802 3840
f 3802 3803 3842
f 3803 3804 3843
f 3806 3811 3823
f 3171 3807 3184
f 3807 3808 3818
f 3808 3809 3819
f 3809 3810 3820
f 3810 3805 3821
f 3805 3806 3822
f 3811 3812 3829
f 3812 3813 3830
f 3813 3814 3824
f 3814 3815 3825
f 3815 3816 3826
f 3816 3817 3827
f 3807 3818 3184
f 3809 3820 3819
f 3818 3808 3819
f 3810 3821 3820
f 3805 3822 3821
f 3806 3823 3822
f 3829 3812 3830
f 3813 3824 3830
f 3814 3825 3824
f 3815 3826 3825
f 3816 3827 3826
f 3817 3828 3827
f 3811 3829 3823
f 3835 3796 3836
f 3817 3831 3828
f 3832 3844 3831
f 3832 3833 3845
f 3833 3834 3846
f 3834 3835 3847
f 3835 3836 3848
f 3798 3837 3836
f 3799 3838 3837
f 3800 3839 3838
f 3801 3840 3839
f 3802 3842 3840
f 3803 3843 3842
f 3804 3841 3843
f 3831 3844 3828
f 3832 3845 3844
f 3833 3846 3845
f 3836 3837 3849
f 3834 3847 3846
f 3835 3848 3847
f 3836 3849 3848
f 3837 3838 3850
f 3838 3839 5225
f 3839 3840 5226
f 3837 3850 3849
f 3840 3842 5227
f 3842 3843 5228
f 3843 3841 5229
f 3838 5225 3850
f 3839 5226 5225
f 3840 5227 5226
f 3842 5228 5227
f 3843 5229 5228
f 3841 5230 5229
f 3589 3669 3804
f 3669 3670 3851
f 3669 3851 3804
f 3670 3852 3851
f 3671 3853 3852
f 3853 3672 3854
f 3673 3855 3854
f 3804 3851 3841
f 3851 3852 3857
f 3852 3853 3860
f 3853 3854 3861
f 3855 3862 3854
f 3855 3856 3863
f 3851 3857 3841
f 3852 3860 3857
f 3853 3861 3860
f 3861 3854 3862
f 3856 3858 3864
f 3855 3863 3862
f 3856 3864 3863
f 3858 3859 3865
f 3859 3743 3866
f 3860 5291 3857
f 3841 3857 5230
f 3860 3861 5289
f 3860 5289 5291
f 3861 5290 5289
f 3857 5291 5230
f 3861 3862 5290
f 3862 3863 5292
f 3863 3864 5293
f 3864 3865 5294
f 3858 3865 3864
f 3859 3866 3865
f 3743 3745 3867
f 3743 3867 3866
f 3745 3868 3867
f 3865 3866 5297
f 3746 5295 3868
f 2422 3905 3904
f 2421 3904 3906
f 3906 3904 3908
f 3906 3910 3907
f 2423 3907 3909
f 2423 3909 3914
f 3904 3905 3918
f 3905 3919 3918
f 3906 3908 3910
f 3907 3910 3909
f 3904 3918 3908
f 2428 2430 3915
f 2423 3914 2430
f 2429 3916 3917
f 2430 3914 3915
f 2428 3915 3916
f 2426 3911 3913
f 2427 3917 3911
f 3915 3928 3916
f 3916 3929 3917
f 3913 3932 3912
f 3917 3930 3911
f 3911 3931 3913
f 3919 3922 3918
f 3919 4029 3921
f 3908 3923 3910
f 3910 3924 3909
f 3918 3925 3908
f 3908 3925 3923
f 3910 3923 3924
f 3909 3924 3926
f 3919 3921 3922
f 3918 3922 3925
f 3909 3926 3914
f 3914 3927 3915
f 3914 3926 3927
f 3915 3927 3928
f 3916 3928 3929
f 3917 3929 3930
f 3911 3930 3931
f 3913 3931 3932
f 3924 4057 3926
f 3926 4058 3927
f 3928 3927 4059
f 3928 4060 3929
f 3929 4061 3930
f 3930 4062 3931
f 3931 4063 3932
f 3921 3964 3922
f 3921 4053 3963
f 3921 3963 3964
f 3922 3965 3925
f 3925 3966 3923
f 3923 3967 3924
f 3922 3964 3965
f 3925 3965 3966
f 3923 3966 3967
f 3924 3967 4057
f 3926 4057 4058
f 3927 4058 4059
f 3928 4059 4060
f 3912 3976 3972
f 3970 3978 3971
f 3972 3977 3970
f 3971 4094 3973
f 3973 4095 3974
f 3974 4096 3975
f 3973 4094 4095
f 3912 3932 3976
f 3972 3976 3977
f 3970 3977 3978
f 3971 3978 4094
f 2422 4026 3905
f 2422 4025 4026
f 3905 4026 4022
f 3905 4022 4023
f 3905 4023 3919
f 3919 4023 4028
f 3919 4028 4029
f 3921 4029 4031
f 3921 4031 4053
f 3963 4053 4055
f 3963 4055 4056
f 3963 4066 3964
f 3963 4056 4064
f 3963 4064 4066
f 3964 4069 3965
f 3965 4070 3966
f 3964 4066 4069
f 3966 4071 3967
f 3929 4060 4061
f 3930 4061 4062
f 3931 4062 4063
f 3967 4076 4057
f 4057 4077 4058
f 4058 4078 4059
f 4059 4079 4060
f 4060 4080 4061
f 4061 4081 4062
f 4062 4082 4063
f 4064 4056 4065
f 4064 4065 4068
f 4064 4073 4066
f 4064 4068 4073
f 3965 4069 4070
f 3966 4070 4071
f 3967 4071 4076
f 4066 4074 4069
f 4069 4075 4070
f 4073 4068 4072
f 4066 4073 4074
f 4069 4074 4075
f 4070 4389 4071
f 4070 4075 4389
f 4071 4389 4395
f 4073 4072 4383
f 4073 4383 4384
f 4073 4386 4387
f 4073 4384 4386
f 4073 4390 4074
f 4057 4076 4077
f 4058 4077 4078
f 4059 4078 4079
f 4060 4079 4080
f 4061 4080 4081
f 4062 4081 4082
f 4071 4395 4076
f 4076 4396 4077
f 4076 4395 4396
f 4077 4397 4078
f 4078 4398 4079
f 4079 4399 4080
f 4080 4403 4081
f 4081 4404 4082
f 3974 4095 4096
f 3975 4096 4097
f 3975 4097 4092
f 4092 4098 4093
f 4093 4099 2917
f 2917 4100 2918
f 2919 2918 4101
f 2919 4102 2921
f 2921 4103 2920
f 4092 4097 4098
f 2917 4099 4100
f 4093 4098 4099
f 2918 4100 4101
f 2919 4101 4102
f 2921 4102 4103
f 3932 4117 3976
f 3976 4118 3977
f 3977 4119 3978
f 3978 4120 4094
f 4094 4121 4095
f 4095 4122 4096
f 4096 4123 4097
f 4097 4124 4098
f 4098 4125 4099
f 4099 4126 4100
f 4100 4127 4101
f 4101 4128 4102
f 4102 4129 4103
f 2920 4104 2935
f 2935 4105 2936
f 2936 4106 2937
f 2940 4108 2938
f 2938 4109 2939
f 2937 4107 2940
f 2920 4103 4104
f 2935 4104 4105
f 2936 4105 4106
f 2937 4106 4107
f 2940 4107 4108
f 2938 4108 4109
f 2939 4109 4110
f 2939 4110 2941
f 2942 2941 4111
f 2942 4112 2943
f 2943 4113 2944
f 2944 4114 2945
f 2945 4115 2946
f 2946 4116 2947
f 2941 4110 4111
f 2942 4111 4112
f 2943 4112 4113
f 2944 4113 4114
f 2945 4114 4115
f 2946 4115 4116
f 4103 4143 4104
f 4104 4144 4105
f 4105 4145 4106
f 4106 4146 4107
f 4107 4147 4108
f 4108 4148 4109
f 4110 4150 4111
f 4109 4149 4110
f 4112 4111 4151
f 4112 4152 4113
f 4113 4153 4114
f 4114 4154 4115
f 4115 4155 4116
f 3932 4063 4117
f 3976 4117 4118
f 3977 4118 4119
f 4094 4120 4121
f 4095 4121 4122
f 4096 4122 4123
f 3978 4119 4120
f 4097 4123 4124
f 4098 4124 4125
f 4099 4125 4126
f 4100 4126 4127
f 4101 4127 4128
f 4102 4128 4129
f 4063 4130 4117
f 4117 4131 4118
f 4118 4132 4119
f 4063 4082 4130
f 4117 4130 4131
f 4118 4131 4132
f 4119 4133 4120
f 4120 4134 4121
f 4121 4135 4122
f 4119 4132 4133
f 4120 4133 4134
f 4121 4134 4135
f 4122 4135 4136
f 4122 4136 4123
f 4123 4137 4124
f 4124 4138 4125
f 4125 4139 4126
f 4123 4136 4137
f 4124 4137 4138
f 4125 4138 4139
f 4126 4140 4127
f 4127 4141 4128
f 4128 4142 4129
f 4126 4139 4140
f 4127 4140 4141
f 4128 4141 4142
f 4103 4129 4143
f 4104 4143 4144
f 4105 4144 4145
f 4107 4146 4147
f 4106 4145 4146
f 4108 4147 4148
f 4109 4148 4149
f 4146 4160 4147
f 4147 4161 4148
f 4110 4149 4150
f 4111 4150 4151
f 4112 4151 4152
f 4113 4152 4153
f 4114 4153 4154
f 4115 4154 4155
f 4148 4162 4149
f 4149 4163 4150
f 4150 4164 4151
f 4151 4165 4152
f 4152 4166 4153
f 4153 4167 4154
f 4154 4168 4155
f 4143 4129 4156
f 4143 4157 4144
f 4144 4158 4145
f 4129 4142 4156
f 4143 4156 4157
f 4144 4157 4158
f 4145 4159 4146
f 4145 4158 4159
f 4146 4159 4160
f 4147 4160 4161
f 4148 4161 4162
f 4149 4162 4163
f 4150 4163 4164
f 4151 4164 4165
f 4152 4165 4166
f 4153 4166 4167
f 4154 4167 4168
f 3146 3147 4261
f 3146 4259 4258
f 3148 3150 4263
f 3148 4262 3147
f 3150 3149 4264
f 3146 4261 4259
f 3147 4262 4261
f 3148 4263 4262
f 4263 3150 4264
f 3149 4265 4264
f 4261 4260 4259
f 4261 4301 4260
f 4261 4262 4303
f 4262 4263 4305
f 4263 4264 4306
f 4264 4265 4307
f 3149 3172 4265
f 3172 3173 4266
f 3173 3174 4267
f 3177 3175 4269
f 3175 3176 4271
f 3176 3178 4270
f 3174 3177 4268
f 3174 4268 4267
f 3172 4266 4265
f 3173 4267 4266
f 4268 3177 4269
f 3175 4271 4269
f 3176 4270 4271
f 3179 4272 3178
f 3180 3182 4274
f 3179 3180 4273
f 3182 3181 4275
f 3181 3183 4276
f 3183 3184 4277
f 3179 4273 4272
f 3178 4272 4270
f 3180 4274 4273
f 3182 4275 4274
f 3181 4276 4275
f 3184 4278 4277
f 3183 4277 4276
f 4265 4266 4308
f 4266 4267 4318
f 4267 4268 4319
f 4268 4269 4320
f 4269 4271 4321
f 4271 4270 4316
f 4270 4272 4317
f 4272 4273 4322
f 4274 4323 4273
f 4274 4275 4324
f 4275 4276 4325
f 4277 4326 4276
f 4277 4278 4327
f 4261 4303 4301
f 4262 4305 4303
f 4263 4306 4305
f 4306 4264 4307
f 4265 4308 4307
f 4303 4302 4301
f 4303 4309 4302
f 4303 4311 4309
f 4305 4312 4311
f 4306 4312 4305
f 4306 4307 4313
f 4307 4308 4314
f 4306 4313 4312
f 4313 4307 4314
f 4308 4315 4314
f 4303 4305 4311
f 4311 4310 4309
f 4266 4318 4308
f 4267 4319 4318
f 4268 4320 4319
f 4269 4321 4320
f 4271 4316 4321
f 4270 4317 4316
f 4321 4316 4332
f 4316 4317 4333
f 4317 4322 4334
f 4276 4326 4325
f 4277 4327 4326
f 4278 4328 4327
f 4272 4322 4317
f 4273 4323 4322
f 4274 4324 4323
f 4324 4275 4325
f 4322 4323 4335
f 4323 4324 4336
f 4324 4325 4337
f 4326 4327 4339
f 4325 4326 4338
f 4327 4328 4340
f 4318 4315 4308
f 4318 4319 4329
f 4319 4320 4330
f 4318 4329 4315
f 4320 4331 4330
f 4319 4330 4329
f 4320 4321 4331
f 4321 4332 4331
f 4316 4333 4332
f 4317 4334 4333
f 4322 4335 4334
f 4323 4336 4335
f 4324 4337 4336
f 4325 4338 4337
f 4326 4339 4338
f 4327 4340 4339
f 4328 4341 4340
f 4073 4387 4390
f 4074 4391 4075
f 4075 4394 4389
f 4390 4387 4388
f 4074 4390 4391
f 4075 4391 4394
f 4389 4394 4400
f 4077 4396 4397
f 4078 4397 4398
f 4079 4398 4399
f 4389 4400 4395
f 4395 4401 4396
f 4080 4399 4403
f 4081 4403 4404
f 4396 4402 4397
f 4397 4412 4398
f 4395 4400 4401
f 4396 4401 4402
f 4397 4402 4412
f 4398 4413 4399
f 4399 4428 4403
f 4398 4412 4413
f 4399 4413 4428
f 4403 4429 4404
f 4390 4388 4406
f 4390 4409 4391
f 4390 4406 4408
f 4390 4408 4409
f 4391 4417 4394
f 4391 4409 4417
f 4394 4417 4425
f 4409 4408 4407
f 4409 4407 4410
f 4409 4410 4418
f 4394 4425 4400
f 4400 4426 4401
f 4403 4428 4429
f 4409 4421 4417
f 4409 4418 4419
f 4409 4419 4421
f 4421 4419 4466
f 4417 4421 4430
f 4401 4427 4402
f 4402 4431 4412
f 4400 4425 4426
f 4401 4426 4427
f 4402 4427 4431
f 4412 4432 4413
f 4413 4433 4428
f 4412 4431 4432
f 4417 4430 4425
f 4425 4435 4426
f 4425 4430 4435
f 4428 4434 4429
f 4413 4432 4433
f 4428 4433 4434
f 4426 4436 4427
f 4426 4435 4436
f 4427 4437 4431
f 4427 4436 4437
f 4431 4513 4432
f 4431 4437 4513
f 4432 4513 4514
f 4432 4514 4433
f 4421 4466 4467
f 4421 4467 4468
f 4421 4468 4470
f 4421 4470 4476
f 4421 4476 4430
f 4476 4470 4471
f 4430 4477 4435
f 4430 4476 4477
f 4435 4477 4478
f 4476 4471 4479
f 4476 4482 4477
f 4435 4478 4436
f 4436 4520 4437
f 4436 4478 4520
f 4476 4479 4480
f 4476 4480 4481
f 4476 4481 4482
f 4477 4482 4483
f 4477 4483 4484
f 4477 4484 4487
f 4487 4484 4485
f 4487 4485 4486
f 4477 4487 4478
f 4478 4487 4490
f 4478 4490 4520
f 4487 4486 4488
f 4490 4488 4489
f 4487 4488 4490
f 4490 4489 4494
f 4520 4490 4524
f 4490 4494 4493
f 4490 4493 4495
f 4490 4495 4524
f 4524 4495 4497
f 4524 4497 4496
f 4524 4496 4498
f 4524 4498 4499
f 4433 4515 4434
f 4433 4514 4515
f 4437 4521 4513
f 4437 4520 4521
f 4513 4521 4522
f 4513 4522 4514
f 4514 4523 4515
f 4514 4522 4523
f 4520 4524 4521
f 4521 4524 4525
f 4521 4525 4522
f 4522 4525 4526
f 4524 4499 4525
f 4522 4526 4523
f 4525 4499 4500
f 4525 4500 4501
f 4525 4501 4502
f 4525 4502 4503
f 4526 4503 4506
f 4526 4506 4505
f 4525 4503 4526
f 4082 4542 4130
f 4130 4543 4131
f 4131 4544 4132
f 4132 4545 4133
f 4133 4546 4134
f 4134 4547 4135
f 4082 4404 4542
f 4130 4542 4543
f 4131 4543 4544
f 4132 4544 4545
f 4133 4545 4546
f 4134 4546 4547
f 4135 4547 4548
f 4404 4555 4542
f 4542 4556 4543
f 4135 4548 4136
f 4136 4549 4137
f 4137 4550 4138
f 4138 4551 4139
f 4139 4552 4140
f 4140 4553 4141
f 4141 4554 4142
f 4136 4548 4549
f 4137 4549 4550
f 4138 4550 4551
f 4139 4551 4552
f 4140 4552 4553
f 4141 4553 4554
f 4404 4429 4555
f 4542 4555 4556
f 4543 4557 4544
f 4543 4556 4557
f 4544 4558 4545
f 4545 4559 4546
f 4546 4560 4547
f 4544 4557 4558
f 4545 4558 4559
f 4546 4559 4560
f 4547 4560 4561
f 4547 4561 4548
f 4548 4562 4549
f 4549 4563 4550
f 4550 4564 4551
f 4548 4561 4562
f 4549 4562 4563
f 4550 4563 4564
f 4551 4565 4552
f 4552 4566 4553
f 4553 4567 4554
f 4551 4564 4565
f 4552 4565 4566
f 4553 4566 4567
f 4429 4653 4555
f 4555 4654 4556
f 4556 4655 4557
f 4429 4434 4653
f 4555 4653 4654
f 4556 4654 4655
f 4557 4656 4558
f 4558 4657 4559
f 4559 4658 4560
f 4557 4655 4656
f 4560 4665 4561
f 4561 4666 4562
f 4562 4667 4563
f 4563 4668 4564
f 4564 4669 4565
f 4142 4568 4156
f 4156 4569 4157
f 4157 4570 4158
f 4158 4571 4159
f 4159 4572 4160
f 4160 4573 4161
f 4142 4554 4568
f 4156 4568 4569
f 4157 4569 4570
f 4158 4570 4571
f 4159 4571 4572
f 4160 4572 4573
f 4161 4573 4574
f 4161 4574 4162
f 4162 4575 4163
f 4163 4576 4164
f 4164 4577 4165
f 4165 4578 4166
f 4166 4579 4167
f 4167 4580 4168
f 4162 4574 4575
f 4163 4575 4576
f 4164 4576 4577
f 4165 4577 4578
f 4166 4578 4579
f 4167 4579 4580
f 4554 4581 4568
f 4568 4582 4569
f 4569 4583 4570
f 4570 4584 4571
f 4571 4585 4572
f 4572 4586 4573
f 4554 4567 4581
f 4568 4581 4582
f 4569 4582 4583
f 4570 4583 4584
f 4573 4587 4574
f 4574 4588 4575
f 4575 4589 4576
f 4576 4590 4577
f 4577 4591 4578
f 4578 4592 4579
f 4579 4593 4580
f 4571 4584 4585
f 4572 4585 4586
f 4573 4586 4587
f 4574 4587 4588
f 4575 4588 4589
f 4576 4589 4590
f 4577 4590 4591
f 4578 4591 4592
f 4579 4592 4593
f 4730 4594 4596
f 4730 4596 4597
f 4731 4597 4598
f 4731 4598 4595
f 4731 4595 4599
f 4731 4599 4600
f 4732 4600 4603
f 4732 4603 4602
f 4732 4602 4601
f 4732 4601 4614
f 4733 4614 4612
f 4611 4608 4610
f 4611 4610 4609
f 4621 4609 4605
f 4611 4609 4621
f 4615 4604 4613
f 4733 4612 4613
f 4733 4613 4604
f 4734 4607 4608
f 4734 4608 4611
f 4735 4611 4621
f 4734 4604 4606
f 4734 4606 4607
f 4865 4619 4864
f 4623 4865 4866
f 4622 4619 4865
f 4622 4865 4623
f 4623 4866 4628
f 4628 4866 4867
f 4629 4867 4868
f 4630 4868 4869
f 4628 4867 4629
f 4629 4868 4630
f 4621 4605 4624
f 4621 4625 4622
f 4621 4624 4626
f 4621 4626 4625
f 4622 4625 4618
f 4622 4618 4617
f 4622 4617 4619
f 4739 4621 4622
f 4740 4622 4623
f 4741 4623 4628
f 4630 4869 4631
f 4742 4628 4629
f 4743 4629 4630
f 4631 4869 4879
f 4638 4879 4880
f 4639 4880 4881
f 4640 4881 4882
f 4641 4882 4883
f 4642 4883 4632
f 4643 4632 4633
f 4631 4879 4638
f 4638 4880 4639
f 4639 4881 4640
f 4640 4882 4641
f 4641 4883 4642
f 4642 4632 4643
f 4646 4633 4634
f 4647 4634 4635
f 4648 4635 4636
f 4649 4636 4637
f 4650 4637 4644
f 4651 4644 4645
f 4648 4636 4649
f 4643 4633 4646
f 4646 4634 4647
f 4647 4635 4648
f 4649 4637 4650
f 4650 4644 4651
f 4651 4645 4652
f 4558 4656 4657
f 4559 4657 4658
f 4560 4658 4665
f 4434 4659 4653
f 4653 4660 4654
f 4434 4515 4659
f 4654 4661 4655
f 4653 4659 4660
f 4654 4660 4661
f 4655 4662 4656
f 4656 4663 4657
f 4657 4664 4658
f 4655 4661 4662
f 4656 4662 4663
f 4657 4663 4664
f 4658 4664 4672
f 4561 4665 4666
f 4562 4666 4667
f 4563 4667 4668
f 4565 4670 4566
f 4566 4671 4567
f 4564 4668 4669
f 4565 4669 4670
f 4566 4670 4671
f 4658 4672 4665
f 4665 4673 4666
f 4666 4674 4667
f 4667 4675 4668
f 4665 4672 4673
f 4666 4673 4674
f 4667 4674 4675
f 4668 4676 4669
f 4669 4677 4670
f 4670 4678 4671
f 4668 4675 4676
f 4669 4676 4677
f 4670 4677 4678
f 4567 4679 4581
f 4581 4680 4582
f 4582 4681 4583
f 4567 4671 4679
f 4581 4679 4680
f 4582 4680 4681
f 4583 4685 4584
f 4584 4686 4585
f 4585 4687 4586
f 4583 4681 4685
f 4584 4685 4686
f 4585 4686 4687
f 4586 4687 4690
f 4671 4682 4679
f 4679 4683 4680
f 4680 4684 4681
f 4671 4678 4682
f 4679 4682 4683
f 4680 4683 4684
f 4681 4688 4685
f 4685 4689 4686
f 4686 4697 4687
f 4681 4684 4688
f 4685 4688 4689
f 4686 4689 4697
f 4687 4697 4698
f 4586 4690 4587
f 4587 4691 4588
f 4588 4692 4589
f 4589 4693 4590
f 4587 4690 4691
f 4588 4691 4692
f 4589 4692 4693
f 4590 4694 4591
f 4591 4695 4592
f 4592 4696 4593
f 4590 4693 4694
f 4591 4694 4695
f 4592 4695 4696
f 4687 4698 4690
f 4690 4699 4691
f 4691 4700 4692
f 4692 4701 4693
f 4690 4698 4699
f 4691 4699 4700
f 4692 4700 4701
f 4693 4702 4694
f 4694 4703 4695
f 4695 4704 4696
f 4693 4701 4702
f 4694 4702 4703
f 4695 4703 4704
f 4515 4707 4659
f 4515 4523 4707
f 4659 4707 4708
f 4659 4708 4660
f 4523 4526 4705
f 4523 4705 4707
f 4707 4705 4706
f 4660 4709 4661
f 4660 4708 4709
f 4661 4710 4662
f 4662 4711 4663
f 4661 4709 4710
f 4662 4710 4711
f 4663 4712 4664
f 4663 4711 4712
f 4664 4712 4717
f 4707 4706 4708
f 4708 4713 4709
f 4708 4706 4713
f 4709 4713 4714
f 4709 4714 4710
f 4710 4715 4711
f 4710 4714 4715
f 4711 4716 4712
f 4711 4715 4716
f 4712 4716 4723
f 4664 4717 4672
f 4672 4718 4673
f 4672 4717 4718
f 4673 4719 4674
f 4674 4720 4675
f 4673 4718 4719
f 4674 4719 4720
f 4675 4721 4676
f 4675 4720 4721
f 4676 4721 4722
f 4676 4722 4677
f 4677 4746 4678
f 4677 4722 4746
f 4725 4742 4726
f 4712 4723 4717
f 4717 4724 4718
f 4717 4723 4724
f 4718 4725 4719
f 4719 4726 4720
f 4718 4724 4725
f 4719 4725 4726
f 4726 4743 4727
f 4727 4744 4728
f 4728 4745 4729
f 4720 4726 4727
f 4721 4727 4728
f 4720 4727 4721
f 4721 4728 4722
f 4722 4729 4746
f 4722 4728 4729
f 4526 4505 4594
f 4526 4594 4730
f 4526 4730 4705
f 4705 4730 4731
f 4706 4731 4732
f 4730 4597 4731
f 4731 4600 4732
f 4705 4731 4706
f 4706 4732 4713
f 4732 4614 4733
f 4733 4604 4734
f 4734 4611 4735
f 4713 4732 4733
f 4714 4733 4734
f 4713 4733 4714
f 4714 4734 4715
f 4715 4734 4735
f 4716 4735 4739
f 4715 4735 4716
f 4735 4621 4739
f 4739 4622 4740
f 4740 4623 4741
f 4741 4628 4742
f 4723 4739 4740
f 4724 4740 4741
f 4742 4629 4743
f 4743 4630 4744
f 4744 4631 4745
f 4744 4630 4631
f 4716 4739 4723
f 4723 4740 4724
f 4724 4741 4725
f 4725 4741 4742
f 4726 4742 4743
f 4727 4743 4744
f 4728 4744 4745
f 4678 4765 4682
f 4678 4746 4765
f 4682 4765 4766
f 4682 4766 4683
f 4683 4767 4684
f 4746 4747 4765
f 4746 4729 4747
f 4765 4747 4748
f 4766 4748 4749
f 4729 4752 4747
f 4747 4753 4748
f 4748 4754 4749
f 4767 4749 4750
f 4749 4755 4750
f 4750 4756 4751
f 4751 4757 4771
f 4771 4759 4779
f 4779 4760 4780
f 4780 4758 4781
f 4781 4761 4782
f 4782 4762 4783
f 4783 4763 4784
f 4784 4764 4785
f 4638 4752 4745
f 4639 4753 4752
f 4640 4754 4753
f 4754 4641 4755
f 4642 4756 4755
f 4643 4757 4756
f 4631 4638 4745
f 4638 4639 4752
f 4639 4640 4753
f 4640 4641 4754
f 4641 4642 4755
f 4642 4643 4756
f 4643 4646 4757
f 4729 4745 4752
f 4747 4752 4753
f 4748 4753 4754
f 4749 4754 4755
f 4750 4755 4756
f 4751 4756 4757
f 4771 4757 4759
f 4646 4759 4757
f 4647 4760 4759
f 4648 4758 4760
f 4758 4649 4761
f 4650 4651 4762
f 4651 4652 4763
f 4650 4762 4761
f 4651 4763 4762
f 4652 4764 4763
f 4646 4647 4759
f 4647 4648 4760
f 4648 4649 4758
f 4649 4650 4761
f 4779 4759 4760
f 4780 4760 4758
f 4781 4758 4761
f 4782 4761 4762
f 4783 4762 4763
f 4784 4763 4764
f 4683 4766 4767
f 4684 4768 4688
f 4688 4769 4689
f 4684 4767 4768
f 4688 4768 4769
f 4689 4770 4697
f 4689 4769 4770
f 4697 4770 4772
f 4765 4748 4766
f 4766 4749 4767
f 4767 4750 4768
f 4768 4751 4769
f 4768 4750 4751
f 4769 4771 4770
f 4769 4751 4771
f 4770 4771 4779
f 4697 4772 4698
f 4698 4773 4699
f 4698 4772 4773
f 4699 4774 4700
f 4700 4775 4701
f 4699 4773 4774
f 4700 4774 4775
f 4701 4776 4702
f 4701 4775 4776
f 4702 4776 4777
f 4702 4777 4703
f 4703 4778 4704
f 4703 4777 4778
f 4770 4779 4772
f 4772 4780 4773
f 4772 4779 4780
f 4773 4780 4781
f 4774 4781 4782
f 4773 4781 4774
f 4774 4782 4775
f 4775 4782 4783
f 4776 4783 4784
f 4775 4783 4776
f 4777 4784 4785
f 4776 4784 4777
f 4777 4785 4778
f 4311 4863 4310
f 4311 4312 4865
f 4311 4865 4863
f 4312 4313 4866
f 4313 4314 4867
f 4314 4315 4868
f 4312 4866 4865
f 4865 4864 4863
f 4313 4867 4866
f 4867 4314 4868
f 4315 4869 4868
f 4315 4329 4869
f 4329 4330 4879
f 4330 4331 4880
f 4331 4332 4881
f 4332 4333 4882
f 4333 4334 4883
f 4334 4335 4632
f 4329 4879 4869
f 4330 4880 4879
f 4331 4881 4880
f 4881 4332 4882
f 4333 4883 4882
f 4334 4632 4883
f 4335 4336 4633
f 4336 4337 4634
f 4337 4338 4635
f 4338 4339 4636
f 4339 4340 4637
f 4340 4341 4644
f 4335 4633 4632
f 4336 4634 4633
f 4337 4635 4634
f 4635 4338 4636
f 4339 4637 4636
f 4340 4644 4637
f 4341 4645 4644
f 2947 4920 3603
f 3603 4921 3604
f 3604 4922 3605
f 3605 4923 3606
f 3606 4924 3607
f 3607 4925 3608
f 2947 4116 4920
f 3603 4920 4921
f 3604 4921 4922
f 3605 4922 4923
f 3606 4923 4924
f 3607 4924 4925
f 3608 4925 4926
f 3608 4926 3609
f 3609 4927 3610
f 3610 4928 3611
f 3611 4929 3612
f 3612 4930 3613
f 3613 4931 3614
f 3614 4932 3615
f 3609 4926 4927
f 3610 4927 4928
f 3611 4928 4929
f 3612 4929 4930
f 3613 4930 4931
f 3614 4931 4932
f 4116 4952 4920
f 4920 4953 4921
f 4921 4954 4922
f 4922 4955 4923
f 4923 4956 4924
f 4924 4957 4925
f 4925 4958 4926
f 4926 4959 4927
f 4927 4960 4928
f 4928 4961 4929
f 4929 4962 4930
f 4930 4963 4931
f 4931 4964 4932
f 3615 4939 3629
f 3629 4940 3630
f 3630 4941 3631
f 3631 4942 3632
f 3632 4943 3633
f 3633 4944 3634
f 3615 4932 4939
f 3629 4939 4940
f 3630 4940 4941
f 3631 4941 4942
f 3632 4942 4943
f 3633 4943 4944
f 3634 4944 4945
f 3634 4945 3635
f 3635 4946 4933
f 4933 4947 4934
f 4934 4948 4935
f 3635 4945 4946
f 4933 4946 4947
f 4935 4949 4936
f 4936 4950 4937
f 4937 4951 4938
f 4932 4978 4939
f 4939 4979 4940
f 4940 4980 4941
f 4941 4981 4942
f 4942 4982 4943
f 4943 4983 4944
f 4934 4947 4948
f 4935 4948 4949
f 4936 4949 4950
f 4937 4950 4951
f 4944 4984 4945
f 4945 4985 4946
f 4946 4986 4947
f 4947 4987 4948
f 4948 4988 4949
f 4116 4155 4952
f 4920 4952 4953
f 4921 4953 4954
f 4922 4954 4955
f 4923 4955 4956
f 4924 4956 4957
f 4925 4957 4958
f 4155 4965 4952
f 4952 4966 4953
f 4953 4967 4954
f 4954 4968 4955
f 4955 4969 4956
f 4956 4970 4957
f 4926 4958 4959
f 4927 4959 4960
f 4928 4960 4961
f 4929 4961 4962
f 4930 4962 4963
f 4931 4963 4964
f 4957 4971 4958
f 4958 4972 4959
f 4959 4973 4960
f 4155 4168 4965
f 4952 4965 4966
f 4953 4966 4967
f 4954 4967 4968
f 4955 4968 4969
f 4956 4969 4970
f 4957 4970 4971
f 4960 4974 4961
f 4958 4971 4972
f 4959 4972 4973
f 4960 4973 4974
f 4961 4975 4962
f 4962 4976 4963
f 4963 4977 4964
f 4961 4974 4975
f 4962 4975 4976
f 4963 4976 4977
f 4932 4964 4978
f 4939 4978 4979
f 4940 4979 4980
f 4941 4980 4981
f 4942 4981 4982
f 4943 4982 4983
f 4944 4983 4984
f 4945 4984 4985
f 4946 4985 4986
f 4947 4986 4987
f 4949 4989 4950
f 4950 4990 4951
f 4948 4987 4988
f 4949 4988 4989
f 4950 4989 4990
f 4964 4991 4978
f 4978 4992 4979
f 4979 4993 4980
f 4964 4977 4991
f 4978 4991 4992
f 4980 4994 4981
f 4981 4995 4982
f 4982 4996 4983
f 4979 4992 4993
f 4980 4993 4994
f 4981 4994 4995
f 4982 4995 4996
f 4983 4996 5350
f 4983 5350 4984
f 4984 5351 4985
f 4985 5352 4986
f 4986 5353 4987
f 4987 5354 4988
f 4988 5355 4989
f 4989 5356 4990
f 4984 5350 5351
f 4985 5351 5352
f 4986 5352 5353
f 4987 5353 5354
f 4988 5354 5355
f 4989 5355 5356
f 3715 4999 5000
f 3716 5000 5001
f 3717 5001 5002
f 3718 5002 5005
f 4938 5009 4997
f 4997 5010 4998
f 4998 5011 4999
f 4999 5012 5000
f 5000 5013 5001
f 3722 5007 3723
f 3719 5005 5006
f 3723 5015 3725
f 3722 5006 5007
f 3721 5004 5008
f 3723 5007 5015
f 3725 5016 5003
f 3725 5015 5016
f 5003 5018 5004
f 4938 4951 5009
f 4997 5009 5010
f 4998 5010 5011
f 5001 5014 5002
f 4999 5011 5012
f 5000 5012 5013
f 5001 5013 5014
f 5002 5014 5017
f 5002 5017 5005
f 5005 5089 5006
f 5006 5090 5007
f 5003 5016 5018
f 5004 5019 5008
f 5004 5018 5019
f 5005 5017 5089
f 5007 5091 5015
f 5006 5089 5090
f 5007 5090 5091
f 5015 5092 5016
f 5016 5093 5018
f 3724 5033 5020
f 3724 5008 5033
f 5020 5034 5021
f 5020 5033 5034
f 5021 5035 5022
f 3736 5022 3737
f 3736 5021 5022
f 3738 5024 5026
f 3738 5026 5023
f 3739 5023 5027
f 5037 5024 3737
f 3739 5027 5025
f 3740 5025 5030
f 5022 5037 3737
f 5023 5038 5027
f 5025 5027 5029
f 5023 5026 5038
f 5024 5039 5026
f 5037 5039 5024
f 3740 5030 5028
f 5028 5031 3766
f 5027 5042 5029
f 5025 5029 5030
f 5030 5032 5028
f 5032 5031 5028
f 5030 5029 5041
f 5030 5041 5032
f 5050 5031 5043
f 5021 5034 5035
f 5008 5107 5033
f 5022 5036 5037
f 5022 5035 5036
f 5008 5019 5107
f 5033 5108 5034
f 5033 5107 5108
f 5034 5110 5035
f 5037 5036 5109
f 5026 5040 5038
f 5027 5038 5042
f 5026 5039 5040
f 5037 5109 5039
f 5038 5040 5113
f 5112 5040 5039
f 5042 5045 5029
f 5029 5045 5041
f 5032 5044 5031
f 5044 5043 5031
f 5032 5041 5046
f 5032 5046 5044
f 5038 5113 5042
f 5042 5115 5045
f 5041 5045 5114
f 5041 5114 5046
f 5044 5048 5043
f 5043 5048 5047
f 5044 5046 5116
f 5044 5116 5048
f 3747 5296 5295
f 5296 3748 5049
f 3766 5050 3767
f 3767 5051 3768
f 3766 5031 5050
f 3767 5050 5051
f 3768 5053 5052
f 5051 5053 3768
f 5052 5053 5055
f 5052 5055 5064
f 5050 5067 5051
f 5051 5054 5053
f 5050 5043 5067
f 5051 5067 5054
f 5053 5068 5055
f 5054 5068 5053
f 5068 5069 5055
f 5055 5069 5065
f 3773 5057 5060
f 5056 5061 5057
f 5056 5064 5061
f 5061 5063 5057
f 3748 5058 5049
f 3775 5062 5059
f 3775 5060 5062
f 5060 5057 5063
f 5061 5066 5076
f 5058 5059 5074
f 5058 5074 5049
f 5059 5062 5075
f 5074 5059 5075
f 5060 5077 5062
f 5060 5063 5077
f 5061 5076 5063
f 5052 5064 5056
f 5055 5065 5064
f 5064 5066 5061
f 5064 5065 5066
f 5067 5070 5054
f 5054 5071 5068
f 5043 5047 5067
f 5067 5047 5070
f 5054 5070 5071
f 5068 5072 5069
f 5071 5072 5068
f 5069 5073 5082
f 5071 5070 5156
f 5047 5117 5070
f 5071 5157 5072
f 5069 5072 5073
f 5082 5073 5087
f 5072 5158 5073
f 5049 5074 5310
f 5062 5079 5075
f 5063 5078 5077
f 5076 5078 5063
f 5062 5077 5079
f 5076 5084 5080
f 5076 5080 5078
f 5074 5075 5161
f 5074 5161 5310
f 5075 5079 5162
f 5161 5075 5162
f 5077 5081 5079
f 5078 5081 5077
f 5078 5080 5163
f 5078 5163 5081
f 5069 5082 5065
f 5066 5065 5083
f 5066 5084 5076
f 5065 5082 5083
f 5066 5083 5084
f 5082 5086 5083
f 5082 5087 5086
f 5084 5083 5085
f 5083 5086 5085
f 5086 5167 5085
f 5084 5169 5080
f 5084 5085 5169
f 4951 5088 5009
f 5009 5095 5010
f 5010 5096 5011
f 5011 5097 5012
f 5012 5098 5013
f 5013 5099 5014
f 4951 4990 5088
f 5009 5088 5095
f 5010 5095 5096
f 5011 5096 5097
f 5012 5097 5098
f 5013 5098 5099
f 5014 5099 5100
f 5014 5100 5017
f 5017 5101 5089
f 5015 5091 5092
f 5016 5092 5093
f 5018 5094 5019
f 5018 5093 5094
f 5089 5102 5090
f 5090 5103 5091
f 5017 5100 5101
f 5089 5101 5102
f 5091 5104 5092
f 4990 5568 5088
f 5088 5569 5095
f 5095 5570 5096
f 5096 5571 5097
f 5097 5572 5098
f 4990 5356 5568
f 5088 5568 5569
f 5095 5569 5570
f 5098 5573 5099
f 5096 5570 5571
f 5097 5571 5572
f 5098 5572 5573
f 5099 5573 5574
f 5090 5102 5103
f 5091 5103 5104
f 5092 5105 5093
f 5093 5106 5094
f 5092 5104 5105
f 5099 5574 5100
f 5100 5575 5101
f 5101 5576 5102
f 5100 5574 5575
f 5102 5577 5103
f 5093 5105 5106
f 5103 5578 5104
f 5034 5108 5110
f 5019 5123 5107
f 5035 5111 5036
f 5035 5110 5111
f 5036 5125 5109
f 5019 5094 5123
f 5107 5124 5108
f 5107 5123 5124
f 5108 5127 5110
f 5036 5111 5125
f 5109 5126 5112
f 5109 5125 5126
f 5109 5112 5039
f 5112 5119 5040
f 5042 5113 5115
f 5040 5119 5113
f 5045 5118 5114
f 5114 5120 5046
f 5045 5115 5118
f 5046 5120 5116
f 5048 5121 5047
f 5116 5122 5048
f 5122 5121 5048
f 5047 5121 5117
f 5113 5130 5115
f 5113 5119 5130
f 5114 5133 5120
f 5114 5118 5133
f 5112 5132 5119
f 5115 5131 5118
f 5115 5130 5131
f 5133 5134 5120
f 5116 5120 5136
f 5116 5136 5122
f 5122 5138 5121
f 5121 5137 5117
f 5117 5137 5176
f 5108 5124 5127
f 5094 5594 5123
f 5110 5128 5111
f 5110 5127 5128
f 5111 5129 5125
f 5111 5128 5129
f 5125 5597 5126
f 5094 5106 5594
f 5123 5595 5124
f 5123 5594 5595
f 5124 5596 5127
f 5125 5129 5597
f 5127 5598 5128
f 5112 5126 5132
f 5126 5597 5601
f 5119 5139 5130
f 5118 5131 5135
f 5118 5135 5133
f 5132 5139 5119
f 5130 5140 5131
f 5130 5139 5140
f 5120 5134 5136
f 5133 5135 5141
f 5133 5141 5134
f 5136 5144 5122
f 5122 5144 5138
f 5121 5138 5137
f 5136 5134 5145
f 5136 5145 5144
f 5137 5149 5176
f 5126 5601 5132
f 5131 5142 5135
f 5131 5140 5142
f 5132 5602 5139
f 5132 5601 5602
f 5139 5603 5140
f 5140 5605 5142
f 5135 5143 5141
f 5134 5141 5146
f 5135 5142 5143
f 5141 5143 5604
f 5141 5604 5146
f 5134 5146 5145
f 5144 5147 5138
f 5138 5148 5137
f 5137 5148 5149
f 5144 5145 5607
f 5144 5607 5147
f 5146 5608 5145
f 5145 5608 5607
f 5138 5147 5148
f 5310 5150 5316
f 5315 5316 5153
f 5317 5648 5647
f 5318 5649 5648
f 5320 5321 5652
f 5321 5322 5651
f 5649 5319 5650
f 5320 5652 5650
f 5321 5651 5652
f 5151 5314 5152
f 5315 5153 5152
f 5316 5150 5154
f 5316 5154 5153
f 5322 5323 5653
f 5323 5151 5654
f 5322 5653 5651
f 5151 5152 5655
f 5150 5155 5154
f 5152 5153 5656
f 5117 5156 5070
f 5071 5156 5157
f 5157 5158 5072
f 5158 5159 5073
f 5073 5159 5087
f 5087 5159 5160
f 5117 5176 5156
f 5156 5175 5157
f 5157 5177 5158
f 5156 5176 5175
f 5157 5175 5177
f 5158 5178 5159
f 5159 5179 5160
f 5177 5178 5158
f 5159 5178 5179
f 5160 5180 5172
f 5160 5179 5180
f 5079 5164 5162
f 5310 5161 5150
f 5080 5165 5163
f 5080 5169 5165
f 5079 5081 5164
f 5081 5163 5166
f 5081 5166 5164
f 5161 5162 5188
f 5161 5188 5150
f 5162 5164 5189
f 5188 5162 5189
f 5163 5190 5166
f 5163 5165 5190
f 5164 5166 5192
f 5174 5191 5165
f 5165 5191 5190
f 5087 5168 5086
f 5086 5168 5167
f 5085 5167 5170
f 5168 5171 5167
f 5087 5160 5168
f 5169 5085 5170
f 5169 5174 5165
f 5169 5170 5174
f 5167 5173 5170
f 5167 5171 5173
f 5171 5196 5173
f 5160 5172 5168
f 5168 5172 5171
f 5171 5172 5195
f 5171 5195 5196
f 5174 5170 5199
f 5170 5173 5199
f 5173 5200 5199
f 5173 5196 5200
f 5176 5181 5175
f 5177 5175 5182
f 5177 5183 5178
f 5178 5184 5179
f 5179 5185 5180
f 5175 5181 5182
f 5176 5149 5181
f 5177 5182 5183
f 5183 5184 5178
f 5149 5673 5181
f 5181 5673 5182
f 5182 5673 5183
f 5183 5673 5184
f 5179 5184 5185
f 5180 5186 5197
f 5180 5185 5186
f 5197 5186 5187
f 5673 5185 5184
f 5673 5186 5185
f 5164 5192 5189
f 5150 5188 5155
f 5166 5190 5193
f 5166 5193 5192
f 5190 5191 5194
f 5188 5189 5682
f 5188 5682 5155
f 5192 5683 5189
f 5189 5683 5682
f 5190 5194 5193
f 5191 5201 5685
f 5191 5685 5194
f 5192 5193 5684
f 5197 5195 5172
f 5180 5197 5172
f 5195 5198 5196
f 5195 5203 5198
f 5197 5203 5195
f 5198 5202 5196
f 5198 5205 5202
f 5174 5199 5201
f 5174 5201 5191
f 5196 5202 5200
f 5199 5209 5201
f 5199 5200 5209
f 5202 5210 5200
f 5197 5187 5203
f 5203 5204 5198
f 5203 5206 5204
f 5198 5204 5205
f 5202 5205 5211
f 5203 5187 5206
f 5206 5689 5204
f 5204 5689 5208
f 5208 5207 5205
f 5211 5205 5207
f 5204 5208 5205
f 5208 5692 5207
f 5201 5209 5699
f 5200 5210 5209
f 5202 5211 5210
f 5201 5699 5685
f 5211 5701 5210
f 5209 5210 5700
f 3184 3818 4278
f 3818 3819 5214
f 3820 5215 3819
f 3820 3821 5216
f 3821 3822 5217
f 3822 3823 5212
f 3823 3829 5213
f 3818 5214 4278
f 3819 5215 5214
f 3820 5216 5215
f 3821 5217 5216
f 3822 5212 5217
f 3823 5213 5212
f 3830 3824 5219
f 3824 3825 5220
f 3825 3826 5221
f 3826 3827 5222
f 3827 3828 5223
f 3829 3830 5218
f 3829 5218 5213
f 5218 3830 5219
f 3824 5220 5219
f 3825 5221 5220
f 3826 5222 5221
f 3827 5223 5222
f 3828 5224 5223
f 5214 5215 5244
f 5215 5216 5245
f 5216 5217 5246
f 5217 5212 5247
f 5212 5213 5249
f 5213 5218 5248
f 4278 5214 4328
f 5218 5219 5250
f 5219 5220 5251
f 5220 5221 5252
f 5221 5222 5253
f 5222 5223 5254
f 5223 5224 5255
f 3828 3844 5224
f 3844 3845 5231
f 5232 3845 3846
f 5233 3846 3847
f 3848 5234 3847
f 3849 3850 5236
f 3848 3849 5235
f 5224 3844 5231
f 5232 5231 3845
f 5232 3846 5233
f 3848 5235 5234
f 5233 3847 5234
f 5235 3849 5236
f 3850 5225 5237
f 5225 5226 5238
f 5226 5227 5239
f 3850 5237 5236
f 5225 5238 5237
f 5226 5239 5238
f 5228 5241 5227
f 5228 5229 5242
f 5229 5230 5243
f 5224 5231 5256
f 5232 5270 5231
f 5232 5233 5271
f 5233 5234 5272
f 5234 5235 5275
f 5235 5236 5273
f 5236 5237 5274
f 5227 5241 5239
f 5228 5242 5241
f 5242 5229 5243
f 5230 5240 5243
f 5237 5238 5276
f 5238 5239 5277
f 5239 5241 5278
f 5241 5242 5279
f 5214 5244 4328
f 5215 5245 5244
f 5216 5246 5245
f 5217 5247 5246
f 5212 5249 5247
f 5213 5248 5249
f 4328 5244 4341
f 5244 5245 5257
f 5245 5246 5258
f 5247 5259 5246
f 5247 5249 5260
f 5249 5248 5261
f 5248 5250 5262
f 5218 5250 5248
f 5250 5219 5251
f 5221 5253 5252
f 5220 5252 5251
f 5222 5254 5253
f 5223 5255 5254
f 5224 5256 5255
f 5250 5251 5263
f 5251 5252 5264
f 5244 5257 4341
f 5245 5258 5257
f 5246 5259 5258
f 5249 5261 5260
f 5248 5262 5261
f 5247 5260 5259
f 5252 5253 5265
f 5250 5263 5262
f 5263 5251 5264
f 5252 5265 5264
f 5253 5267 5265
f 5254 5255 5266
f 5255 5256 5268
f 5253 5254 5267
f 5254 5266 5267
f 5255 5268 5266
f 5256 5269 5268
f 5231 5270 5256
f 5232 5271 5270
f 5233 5272 5271
f 5234 5275 5272
f 5235 5273 5275
f 5273 5236 5274
f 5238 5277 5276
f 5239 5278 5277
f 5241 5279 5278
f 5237 5276 5274
f 5242 5243 5280
f 5243 5240 5281
f 5242 5280 5279
f 5243 5281 5280
f 5240 5282 5281
f 5256 5270 5269
f 5270 5271 5283
f 5271 5272 5284
f 5270 5283 5269
f 5272 5275 5285
f 5275 5273 5286
f 5273 5274 5287
f 5274 5276 5288
f 5271 5284 5283
f 5272 5285 5284
f 5273 5287 5286
f 5275 5286 5285
f 5274 5288 5287
f 5276 5277 5905
f 5277 5278 5906
f 5278 5279 5907
f 5279 5280 5908
f 5280 5281 5399
f 5281 5282 5400
f 5276 5905 5288
f 5277 5906 5905
f 5278 5907 5906
f 5279 5908 5907
f 5280 5399 5908
f 5281 5400 5399
f 5282 5401 5400
f 3862 5292 5290
f 3863 5293 5292
f 3864 5294 5293
f 5230 5291 5240
f 5291 5289 5300
f 5289 5290 5301
f 5290 5292 5302
f 5292 5293 5303
f 3866 3867 5298
f 3867 3868 5299
f 3865 5297 5294
f 3866 5298 5297
f 3868 5295 5306
f 3867 5299 5298
f 5299 3868 5306
f 5295 5296 5307
f 5295 5307 5306
f 5296 5049 5309
f 5291 5300 5240
f 5289 5301 5300
f 5290 5302 5301
f 5293 5294 5304
f 5294 5297 5305
f 5302 5292 5303
f 5293 5304 5303
f 5294 5305 5304
f 5297 5298 5308
f 5298 5299 5312
f 5299 5306 5313
f 5296 5309 5307
f 5309 5049 5310
f 5297 5308 5305
f 5298 5312 5308
f 5299 5313 5312
f 5306 5314 5313
f 5306 5307 5314
f 5309 5315 5307
f 5240 5300 5282
f 5301 5311 5300
f 5301 5302 5317
f 5302 5303 5318
f 5303 5304 5319
f 5304 5305 5320
f 5305 5308 5321
f 5300 5311 5282
f 5301 5317 5311
f 5302 5318 5317
f 5318 5303 5319
f 5304 5320 5319
f 5305 5321 5320
f 5308 5312 5322
f 5307 5315 5314
f 5309 5310 5316
f 5309 5316 5315
f 5312 5313 5323
f 5313 5314 5151
f 5308 5322 5321
f 5312 5323 5322
f 5313 5151 5323
f 5314 5315 5152
f 5282 5311 5401
f 5311 5317 5647
f 5317 5318 5648
f 5318 5319 5649
f 5320 5650 5319
f 5311 5647 5401
f 4168 5324 4965
f 4965 5325 4966
f 4966 5326 4967
f 4967 5327 4968
f 4968 5328 4969
f 4969 5329 4970
f 4168 4580 5324
f 4965 5324 5325
f 4966 5325 5326
f 4967 5326 5327
f 4968 5327 5328
f 4969 5328 5329
f 4970 5329 5330
f 4970 5330 4971
f 4971 5331 4972
f 4972 5332 4973
f 4973 5333 4974
f 4974 5334 4975
f 4975 5335 4976
f 4976 5336 4977
f 4971 5330 5331
f 4972 5331 5332
f 4973 5332 5333
f 4974 5333 5334
f 4975 5334 5335
f 4976 5335 5336
f 4580 5337 5324
f 5324 5338 5325
f 5325 5339 5326
f 5326 5340 5327
f 5327 5341 5328
f 5328 5342 5329
f 5329 5343 5330
f 5330 5344 5331
f 4580 4593 5337
f 5324 5337 5338
f 5325 5338 5339
f 5326 5339 5340
f 5327 5340 5341
f 5328 5341 5342
f 5329 5342 5343
f 5331 5345 5332
f 5332 5346 5333
f 5333 5347 5334
f 5334 5348 5335
f 5335 5349 5336
f 5330 5343 5344
f 5331 5344 5345
f 5332 5345 5346
f 5333 5346 5347
f 5334 5347 5348
f 5335 5348 5349
f 4977 5357 4991
f 4991 5358 4992
f 4992 5359 4993
f 4993 5360 4994
f 4994 5361 4995
f 4995 5362 4996
f 4977 5336 5357
f 4991 5357 5358
f 4992 5358 5359
f 4993 5359 5360
f 4994 5360 5361
f 4995 5361 5362
f 4996 5362 5363
f 4996 5363 5350
f 5350 5364 5351
f 5351 5368 5352
f 5352 5369 5353
f 5353 5370 5354
f 5354 5371 5355
f 5355 5372 5356
f 5350 5363 5364
f 5351 5364 5368
f 5352 5368 5369
f 5353 5369 5370
f 5354 5370 5371
f 5355 5371 5372
f 5336 5365 5357
f 5357 5366 5358
f 5358 5367 5359
f 5359 5444 5360
f 5360 5445 5361
f 5361 5446 5362
f 5336 5349 5365
f 5357 5365 5366
f 5358 5366 5367
f 5359 5367 5444
f 5360 5444 5445
f 5361 5445 5446
f 5362 5446 5453
f 5362 5453 5363
f 5363 5454 5364
f 5364 5455 5368
f 5368 5456 5369
f 5369 5457 5370
f 5370 5458 5371
f 5371 5459 5372
f 5363 5453 5454
f 5364 5454 5455
f 5368 5455 5456
f 5369 5456 5457
f 5370 5457 5458
f 5371 5458 5459
f 5262 5378 5377
f 5263 5385 5378
f 5385 5264 5386
f 5265 5387 5386
f 5267 5388 5387
f 5266 5389 5388
f 5268 5390 5389
f 5269 5391 5390
f 4652 4645 5373
f 5379 5373 5374
f 5380 5374 5375
f 5381 5375 5376
f 5382 5376 5377
f 5383 5377 5378
f 5384 5378 5385
f 4652 5373 5379
f 5379 5374 5380
f 5380 5375 5381
f 5381 5376 5382
f 5382 5377 5383
f 5383 5378 5384
f 5392 5385 5386
f 5393 5386 5387
f 5394 5387 5388
f 5397 5390 5391
f 5395 5388 5389
f 5396 5389 5390
f 5384 5385 5392
f 5392 5386 5393
f 5394 5393 5387
f 5394 5388 5395
f 5395 5389 5396
f 5396 5390 5397
f 5397 5391 5398
f 5284 5285 5403
f 5285 5286 5404
f 5287 5405 5286
f 5287 5288 5406
f 5288 5905 5407
f 5391 5283 5402
f 5284 5403 5402
f 5285 5404 5403
f 5286 5405 5404
f 5287 5406 5405
f 5406 5288 5407
f 5905 5906 5411
f 5906 5907 5412
f 5907 5908 5413
f 5908 5399 5417
f 5399 5400 5414
f 5400 5401 5415
f 5905 5411 5407
f 5906 5412 5411
f 5907 5413 5412
f 5908 5417 5413
f 5399 5414 5417
f 5414 5400 5415
f 5416 5415 5401
f 5398 5391 5402
f 5408 5402 5403
f 5409 5403 5404
f 5410 5404 5405
f 5512 5405 5406
f 5513 5406 5407
f 5511 5407 5411
f 5398 5402 5408
f 5409 5404 5410
f 5408 5403 5409
f 5410 5405 5512
f 5512 5406 5513
f 5513 5407 5511
f 5520 5411 5412
f 5521 5412 5413
f 5522 5413 5417
f 5523 5417 5414
f 5524 5414 5415
f 5416 5525 5415
f 5511 5411 5520
f 5520 5412 5521
f 5521 5413 5522
f 5522 5417 5523
f 5523 5414 5524
f 5524 5415 5525
f 5416 5526 5525
f 4593 5418 5337
f 5337 5419 5338
f 5338 5420 5339
f 4593 4696 5418
f 5337 5418 5419
f 5338 5419 5420
f 5339 5421 5340
f 5340 5422 5341
f 5341 5423 5342
f 5339 5420 5421
f 5340 5421 5422
f 5341 5422 5423
f 5342 5423 5424
f 4696 5431 5418
f 5418 5432 5419
f 5419 5433 5420
f 4696 4704 5431
f 5418 5431 5432
f 5419 5432 5433
f 5420 5434 5421
f 5421 5435 5422
f 5422 5436 5423
f 5420 5433 5434
f 5421 5434 5435
f 5422 5435 5436
f 5423 5436 5437
f 5342 5424 5343
f 5343 5425 5344
f 5344 5426 5345
f 5345 5427 5346
f 5343 5424 5425
f 5344 5425 5426
f 5345 5426 5427
f 5346 5428 5347
f 5347 5429 5348
f 5348 5430 5349
f 5346 5427 5428
f 5347 5428 5429
f 5348 5429 5430
f 5423 5437 5424
f 5424 5438 5425
f 5425 5439 5426
f 5426 5440 5427
f 5424 5437 5438
f 5425 5438 5439
f 5426 5439 5440
f 5427 5441 5428
f 5428 5442 5429
f 5429 5443 5430
f 5427 5440 5441
f 5428 5441 5442
f 5429 5442 5443
f 5349 5447 5365
f 5365 5448 5366
f 5366 5449 5367
f 5349 5430 5447
f 5365 5447 5448
f 5366 5448 5449
f 5367 5450 5444
f 5444 5451 5445
f 5445 5452 5446
f 5367 5449 5450
f 5444 5450 5451
f 5445 5451 5452
f 5446 5452 5460
f 5430 5467 5447
f 5447 5468 5448
f 5448 5469 5449
f 5430 5443 5467
f 5447 5467 5468
f 5448 5468 5469
f 5449 5470 5450
f 5450 5471 5451
f 5449 5469 5470
f 5450 5470 5471
f 5451 5537 5452
f 5451 5471 5537
f 5452 5537 5547
f 5446 5460 5453
f 5453 5461 5454
f 5454 5462 5455
f 5455 5463 5456
f 5456 5464 5457
f 5457 5465 5458
f 5458 5466 5459
f 5453 5460 5461
f 5454 5461 5462
f 5455 5462 5463
f 5456 5463 5464
f 5457 5464 5465
f 5458 5465 5466
f 5452 5547 5460
f 5460 5548 5461
f 5460 5547 5548
f 5461 5549 5462
f 5462 5553 5463
f 5461 5548 5549
f 5462 5549 5553
f 5463 5554 5464
f 5463 5553 5554
f 5464 5554 5555
f 5464 5555 5465
f 5465 5556 5466
f 5465 5555 5556
f 4785 5472 5491
f 5491 5473 5492
f 5492 5474 5493
f 5493 5475 5494
f 5494 5476 5495
f 5496 5495 5477
f 5496 5478 5504
f 5504 5479 5505
f 5505 5480 5506
f 5506 5481 5507
f 5507 5482 5508
f 5508 5483 5509
f 5509 5484 5510
f 4652 5379 4764
f 5379 5380 5472
f 5380 5381 5473
f 5379 5472 4764
f 5472 5380 5473
f 5381 5474 5473
f 5381 5382 5474
f 5382 5383 5475
f 5383 5384 5476
f 5384 5392 5477
f 5382 5475 5474
f 5383 5476 5475
f 5384 5477 5476
f 4785 4764 5472
f 5491 5472 5473
f 5492 5473 5474
f 5493 5474 5475
f 5494 5475 5476
f 5495 5476 5477
f 5496 5477 5478
f 5392 5393 5478
f 5394 5479 5393
f 5394 5395 5480
f 5392 5478 5477
f 5478 5393 5479
f 5394 5480 5479
f 5395 5481 5480
f 5395 5396 5481
f 5396 5397 5482
f 5397 5398 5483
f 5396 5482 5481
f 5397 5483 5482
f 5398 5484 5483
f 5504 5478 5479
f 5505 5479 5480
f 5506 5480 5481
f 5507 5481 5482
f 5508 5482 5483
f 5509 5483 5484
f 4704 5485 5431
f 4704 4778 5485
f 5431 5485 5486
f 5431 5486 5432
f 5432 5487 5433
f 5432 5486 5487
f 5433 5488 5434
f 5434 5489 5435
f 5433 5487 5488
f 5434 5488 5489
f 5435 5490 5436
f 5435 5489 5490
f 5436 5490 5497
f 4778 5491 5485
f 4778 4785 5491
f 5485 5491 5492
f 5485 5492 5486
f 5486 5493 5487
f 5486 5492 5493
f 5487 5494 5488
f 5488 5495 5489
f 5487 5493 5494
f 5488 5494 5495
f 5489 5496 5490
f 5489 5495 5496
f 5490 5496 5504
f 5436 5497 5437
f 5437 5498 5438
f 5438 5499 5439
f 5439 5500 5440
f 5437 5497 5498
f 5438 5498 5499
f 5439 5499 5500
f 5440 5501 5441
f 5441 5502 5442
f 5442 5503 5443
f 5440 5500 5501
f 5441 5501 5502
f 5442 5502 5503
f 5490 5504 5497
f 5497 5505 5498
f 5497 5504 5505
f 5498 5506 5499
f 5499 5507 5500
f 5498 5505 5506
f 5499 5506 5507
f 5500 5508 5501
f 5500 5507 5508
f 5501 5508 5509
f 5501 5509 5502
f 5502 5510 5503
f 5502 5509 5510
f 5510 5514 5541
f 5541 5515 5542
f 5542 5516 5543
f 5543 5517 5544
f 5544 5518 5545
f 5545 5519 5546
f 5546 5527 5561
f 5561 5528 5562
f 5562 5529 5563
f 5563 5530 5564
f 5564 5531 5565
f 5566 5532 5533
f 5565 5532 5566
f 5566 5533 5567
f 5398 5408 5484
f 5408 5409 5514
f 5409 5410 5515
f 5484 5408 5514
f 5409 5515 5514
f 5410 5516 5515
f 5410 5512 5516
f 5512 5513 5517
f 5513 5511 5518
f 5511 5520 5519
f 5512 5517 5516
f 5513 5518 5517
f 5518 5511 5519
f 5510 5484 5514
f 5541 5514 5515
f 5542 5515 5516
f 5543 5516 5517
f 5544 5517 5518
f 5545 5518 5519
f 5546 5519 5527
f 5520 5521 5527
f 5523 5530 5529
f 5520 5527 5519
f 5521 5528 5527
f 5521 5522 5528
f 5522 5523 5529
f 5522 5529 5528
f 5524 5531 5530
f 5531 5525 5532
f 5526 5533 5532
f 5523 5524 5530
f 5524 5525 5531
f 5525 5526 5532
f 5561 5527 5528
f 5562 5528 5529
f 5563 5529 5530
f 5564 5530 5531
f 5565 5531 5532
f 5443 5534 5467
f 5467 5535 5468
f 5468 5536 5469
f 5443 5503 5534
f 5467 5534 5535
f 5468 5535 5536
f 5469 5538 5470
f 5470 5539 5471
f 5471 5540 5537
f 5469 5536 5538
f 5470 5538 5539
f 5471 5539 5540
f 5537 5540 5550
f 5503 5541 5534
f 5503 5510 5541
f 5534 5541 5542
f 5534 5542 5535
f 5535 5543 5536
f 5535 5542 5543
f 5536 5544 5538
f 5538 5545 5539
f 5536 5543 5544
f 5538 5544 5545
f 5539 5546 5540
f 5539 5545 5546
f 5540 5546 5561
f 5537 5550 5547
f 5547 5551 5548
f 5548 5552 5549
f 5549 5557 5553
f 5547 5550 5551
f 5548 5551 5552
f 5549 5552 5557
f 5553 5558 5554
f 5554 5559 5555
f 5555 5560 5556
f 5553 5557 5558
f 5554 5558 5559
f 5555 5559 5560
f 5540 5561 5550
f 5550 5562 5551
f 5550 5561 5562
f 5551 5563 5552
f 5552 5564 5557
f 5551 5562 5563
f 5552 5563 5564
f 5557 5565 5558
f 5557 5564 5565
f 5558 5565 5566
f 5558 5566 5559
f 5559 5567 5560
f 5559 5566 5567
f 5356 5581 5568
f 5568 5582 5569
f 5569 5583 5570
f 5356 5372 5581
f 5568 5581 5582
f 5570 5584 5571
f 5571 5585 5572
f 5572 5586 5573
f 5101 5575 5576
f 5102 5576 5577
f 5104 5579 5105
f 5105 5580 5106
f 5103 5577 5578
f 5104 5578 5579
f 5573 5587 5574
f 5105 5579 5580
f 5569 5582 5583
f 5570 5583 5584
f 5571 5584 5585
f 5572 5585 5586
f 5573 5586 5587
f 5574 5588 5575
f 5575 5589 5576
f 5576 5590 5577
f 5577 5591 5578
f 5372 5740 5581
f 5581 5741 5582
f 5582 5742 5583
f 5372 5459 5740
f 5581 5740 5741
f 5582 5741 5742
f 5583 5743 5584
f 5584 5744 5585
f 5585 5745 5586
f 5583 5742 5743
f 5584 5743 5744
f 5585 5744 5745
f 5586 5745 5752
f 5574 5587 5588
f 5575 5588 5589
f 5576 5589 5590
f 5577 5590 5591
f 5578 5592 5579
f 5579 5593 5580
f 5578 5591 5592
f 5579 5592 5593
f 5586 5752 5587
f 5587 5753 5588
f 5588 5754 5589
f 5587 5752 5753
f 5589 5755 5590
f 5588 5753 5754
f 5589 5754 5755
f 5590 5756 5591
f 5591 5757 5592
f 5592 5758 5593
f 5124 5595 5596
f 5106 5626 5594
f 5128 5599 5129
f 5127 5596 5598
f 5594 5627 5595
f 5129 5600 5597
f 5128 5598 5599
f 5129 5599 5600
f 5106 5580 5626
f 5595 5628 5596
f 5594 5626 5627
f 5595 5627 5628
f 5597 5600 5617
f 5596 5629 5598
f 5598 5630 5599
f 5599 5631 5600
f 5139 5602 5603
f 5140 5603 5605
f 5597 5617 5601
f 5601 5618 5602
f 5602 5619 5603
f 5603 5621 5605
f 5142 5606 5143
f 5142 5605 5606
f 5143 5606 5610
f 5143 5610 5604
f 5605 5620 5606
f 5606 5620 5613
f 5606 5613 5610
f 5146 5604 5609
f 5146 5609 5608
f 5604 5611 5609
f 5604 5610 5611
f 5147 5673 5148
f 5608 5673 5607
f 5607 5673 5147
f 5609 5673 5608
f 5609 5611 5673
f 5610 5612 5611
f 5610 5613 5612
f 5613 5614 5612
f 5622 5615 5614
f 5611 5612 5673
f 5612 5614 5673
f 5614 5615 5673
f 5601 5617 5618
f 5602 5618 5619
f 5603 5619 5621
f 5618 5637 5619
f 5621 5619 5638
f 5605 5621 5620
f 5621 5623 5620
f 5621 5638 5623
f 5620 5623 5622
f 5613 5620 5622
f 5613 5622 5614
f 5615 5624 5616
f 5622 5624 5615
f 5616 5625 5676
f 5623 5639 5624
f 5623 5624 5622
f 5616 5624 5625
f 5639 5625 5624
f 5580 5632 5626
f 5626 5633 5627
f 5627 5634 5628
f 5596 5628 5629
f 5598 5629 5630
f 5599 5630 5631
f 5600 5631 5635
f 5580 5593 5632
f 5626 5632 5633
f 5627 5633 5634
f 5628 5766 5629
f 5629 5767 5630
f 5628 5634 5766
f 5630 5768 5631
f 5629 5766 5767
f 5630 5767 5768
f 5631 5768 5641
f 5600 5635 5617
f 5617 5636 5618
f 5617 5635 5636
f 5619 5637 5638
f 5618 5636 5637
f 5637 5644 5638
f 5636 5643 5637
f 5638 5639 5623
f 5639 5640 5625
f 5625 5640 5711
f 5638 5644 5639
f 5639 5644 5640
f 5640 5645 5711
f 5631 5641 5635
f 5635 5642 5636
f 5637 5643 5644
f 5636 5642 5643
f 5635 5641 5642
f 5643 5646 5644
f 5642 5778 5643
f 5643 5778 5646
f 5778 5782 5646
f 5640 5644 5646
f 5640 5646 5645
f 5646 5782 5645
f 5660 5647 5648
f 5416 5401 5647
f 5661 5648 5649
f 5416 5647 5660
f 5660 5648 5661
f 5661 5649 5662
f 5662 5649 5650
f 5663 5650 5652
f 5664 5652 5651
f 5665 5651 5653
f 5663 5652 5664
f 5664 5651 5665
f 5662 5650 5663
f 5323 5654 5653
f 5151 5655 5654
f 5152 5656 5655
f 5153 5154 5657
f 5154 5155 5659
f 5153 5657 5656
f 5154 5659 5657
f 5666 5653 5654
f 5665 5653 5666
f 5668 5655 5656
f 5667 5654 5655
f 5155 5658 5659
f 5669 5656 5657
f 5416 5660 5526
f 5790 5663 5791
f 5664 5792 5791
f 5665 5793 5792
f 5660 5661 5788
f 5661 5662 5789
f 5660 5788 5526
f 5661 5789 5788
f 5662 5790 5789
f 5662 5663 5790
f 5663 5664 5791
f 5664 5665 5792
f 5665 5666 5793
f 5666 5654 5667
f 5667 5655 5668
f 5668 5656 5669
f 5670 5657 5659
f 5671 5659 5658
f 5669 5657 5670
f 5671 5670 5659
f 5671 5658 5672
f 5666 5800 5793
f 5667 5801 5800
f 5668 5802 5801
f 5803 5669 5670
f 5804 5670 5671
f 5805 5671 5672
f 5666 5667 5800
f 5667 5668 5801
f 5668 5669 5802
f 5148 5673 5149
f 5615 5616 5673
f 5616 5676 5673
f 5676 5677 5673
f 5673 5677 5678
f 5673 5678 5679
f 5673 5187 5186
f 5673 5206 5187
f 5673 5689 5206
f 5673 5690 5689
f 5673 5691 5690
f 5673 5694 5691
f 5673 5674 5675
f 5673 5679 5680
f 5673 5680 5674
f 5673 5695 5693
f 5673 5675 5695
f 5673 5693 5694
f 5676 5711 5677
f 5677 5712 5678
f 5678 5713 5679
f 5676 5625 5711
f 5711 5712 5677
f 5678 5712 5713
f 5713 5714 5679
f 5680 5679 5714
f 5680 5715 5674
f 5675 5706 5695
f 5674 5681 5675
f 5675 5681 5706
f 5680 5714 5715
f 5674 5715 5681
f 5192 5684 5683
f 5155 5682 5658
f 5721 5682 5683
f 5193 5194 5687
f 5193 5687 5684
f 5686 5194 5685
f 5699 5688 5685
f 5686 5685 5688
f 5686 5687 5194
f 5721 5658 5682
f 5722 5683 5684
f 5721 5683 5722
f 5722 5684 5723
f 5723 5684 5687
f 5724 5687 5686
f 5688 5709 5726
f 5686 5688 5725
f 5208 5689 5690
f 5208 5690 5692
f 5690 5691 5692
f 5694 5698 5691
f 5691 5698 5692
f 5211 5207 5702
f 5692 5697 5207
f 5702 5207 5697
f 5692 5698 5697
f 5694 5693 5696
f 5694 5696 5698
f 5695 5703 5693
f 5693 5703 5696
f 5698 5704 5697
f 5702 5697 5707
f 5696 5704 5698
f 5699 5209 5700
f 5210 5701 5700
f 5211 5702 5701
f 5699 5700 5709
f 5700 5701 5708
f 5702 5710 5701
f 5702 5707 5710
f 5707 5731 5710
f 5695 5706 5703
f 5696 5703 5705
f 5697 5704 5707
f 5696 5705 5704
f 5703 5732 5705
f 5706 5732 5703
f 5733 5707 5704
f 5733 5704 5705
f 5699 5709 5688
f 5709 5700 5708
f 5701 5710 5708
f 5711 5645 5712
f 5712 5645 5717
f 5713 5717 5718
f 5712 5717 5713
f 5713 5718 5714
f 5681 5716 5706
f 5681 5715 5720
f 5718 5719 5714
f 5715 5719 5720
f 5714 5719 5715
f 5681 5720 5716
f 5782 5717 5645
f 5856 5718 5717
f 5782 5856 5717
f 5857 5719 5718
f 5856 5857 5718
f 5716 5720 5860
f 5716 5860 5739
f 5859 5720 5719
f 5857 5859 5719
f 5859 5860 5720
f 5721 5672 5658
f 5721 5722 5729
f 5722 5723 5727
f 5723 5687 5724
f 5724 5686 5725
f 5688 5726 5725
f 5726 5734 5873
f 5725 5872 5871
f 5726 5873 5872
f 5721 5729 5672
f 5729 5722 5727
f 5723 5728 5727
f 5723 5724 5728
f 5724 5725 5871
f 5726 5872 5725
f 5724 5871 5728
f 5733 5731 5707
f 5710 5731 5730
f 5733 5735 5731
f 5733 5738 5735
f 5706 5716 5732
f 5705 5732 5738
f 5733 5705 5738
f 5732 5739 5738
f 5716 5739 5732
f 5709 5708 5734
f 5709 5734 5726
f 5734 5708 5730
f 5710 5730 5708
f 5734 5730 5736
f 5730 5737 5736
f 5730 5731 5737
f 5731 5735 5737
f 5739 5880 5738
f 5738 5880 5735
f 5737 5735 5881
f 5734 5736 5873
f 5459 5746 5740
f 5740 5747 5741
f 5741 5748 5742
f 5742 5749 5743
f 5743 5750 5744
f 5744 5751 5745
f 5459 5466 5746
f 5740 5746 5747
f 5741 5747 5748
f 5466 5814 5746
f 5466 5556 5814
f 5746 5814 5815
f 5746 5815 5747
f 5747 5816 5748
f 5747 5815 5816
f 5742 5748 5749
f 5743 5749 5750
f 5744 5750 5751
f 5745 5751 5759
f 5748 5820 5749
f 5749 5821 5750
f 5748 5816 5820
f 5749 5820 5821
f 5750 5822 5751
f 5750 5821 5822
f 5751 5822 5832
f 5590 5755 5756
f 5591 5756 5757
f 5592 5757 5758
f 5745 5759 5752
f 5752 5760 5753
f 5753 5761 5754
f 5754 5762 5755
f 5752 5759 5760
f 5753 5760 5761
f 5754 5761 5762
f 5751 5832 5759
f 5759 5833 5760
f 5760 5834 5761
f 5761 5838 5762
f 5755 5763 5756
f 5755 5762 5763
f 5756 5763 5764
f 5756 5764 5757
f 5757 5765 5758
f 5757 5764 5765
f 5762 5839 5763
f 5759 5832 5833
f 5760 5833 5834
f 5761 5834 5838
f 5762 5838 5839
f 5763 5839 5840
f 5763 5840 5764
f 5764 5841 5765
f 5764 5840 5841
f 5593 5770 5632
f 5632 5771 5633
f 5633 5772 5634
f 5593 5758 5770
f 5632 5770 5771
f 5633 5771 5772
f 5634 5773 5766
f 5766 5774 5767
f 5767 5769 5768
f 5634 5772 5773
f 5766 5773 5774
f 5767 5774 5769
f 5768 5769 5780
f 5758 5785 5770
f 5770 5786 5771
f 5771 5787 5772
f 5758 5765 5785
f 5770 5785 5786
f 5771 5786 5787
f 5772 5775 5773
f 5773 5777 5774
f 5774 5776 5769
f 5769 5776 5784
f 5772 5787 5775
f 5773 5775 5777
f 5774 5777 5776
f 5776 5777 5890
f 5641 5768 5780
f 5641 5779 5642
f 5641 5780 5779
f 5642 5779 5778
f 5779 5781 5778
f 5778 5781 5782
f 5780 5783 5779
f 5779 5783 5781
f 5781 5783 5861
f 5780 5769 5784
f 5780 5784 5783
f 5784 5863 5783
f 5776 5864 5784
f 5765 5883 5785
f 5765 5841 5883
f 5785 5883 5884
f 5785 5884 5786
f 5786 5885 5787
f 5786 5884 5885
f 5787 5889 5775
f 5775 5891 5777
f 5787 5885 5889
f 5567 5533 5794
f 5827 5794 5795
f 5567 5794 5827
f 5828 5795 5796
f 5827 5795 5828
f 5828 5796 5826
f 5826 5796 5797
f 5829 5797 5798
f 5826 5797 5829
f 5829 5798 5830
f 5830 5798 5799
f 5831 5799 5807
f 5830 5799 5831
f 5831 5807 5846
f 5808 5846 5807
f 5808 5809 5847
f 5809 5810 5848
f 5849 5810 5811
f 5526 5788 5533
f 5788 5789 5794
f 5789 5790 5795
f 5790 5791 5796
f 5792 5797 5791
f 5792 5793 5798
f 5793 5800 5799
f 5788 5794 5533
f 5789 5795 5794
f 5790 5796 5795
f 5796 5791 5797
f 5792 5798 5797
f 5793 5799 5798
f 5802 5669 5803
f 5809 5802 5803
f 5800 5801 5807
f 5808 5801 5802
f 5803 5670 5804
f 5805 5804 5671
f 5805 5672 5806
f 5810 5803 5804
f 5800 5807 5799
f 5808 5807 5801
f 5808 5802 5809
f 5809 5803 5810
f 5811 5804 5805
f 5810 5804 5811
f 5812 5805 5806
f 5811 5805 5812
f 5812 5806 5813
f 5556 5817 5814
f 5814 5818 5815
f 5815 5819 5816
f 5556 5560 5817
f 5814 5817 5818
f 5815 5818 5819
f 5816 5823 5820
f 5820 5824 5821
f 5821 5825 5822
f 5816 5819 5823
f 5820 5823 5824
f 5821 5824 5825
f 5822 5825 5835
f 5560 5827 5817
f 5560 5567 5827
f 5817 5827 5828
f 5817 5828 5818
f 5818 5826 5819
f 5818 5828 5826
f 5819 5829 5823
f 5823 5830 5824
f 5819 5826 5829
f 5823 5829 5830
f 5824 5830 5831
f 5824 5831 5825
f 5825 5831 5846
f 5822 5835 5832
f 5832 5836 5833
f 5833 5837 5834
f 5834 5842 5838
f 5832 5835 5836
f 5833 5836 5837
f 5834 5837 5842
f 5838 5843 5839
f 5839 5844 5840
f 5840 5845 5841
f 5838 5842 5843
f 5839 5843 5844
f 5842 5850 5843
f 5840 5844 5845
f 5843 5851 5844
f 5844 5852 5845
f 5825 5846 5835
f 5835 5846 5847
f 5835 5847 5836
f 5836 5848 5837
f 5836 5847 5848
f 5837 5848 5849
f 5808 5847 5846
f 5809 5848 5847
f 5848 5810 5849
f 5837 5849 5842
f 5849 5811 5850
f 5850 5811 5812
f 5851 5812 5813
f 5850 5812 5851
f 5851 5813 5852
f 5842 5849 5850
f 5843 5850 5851
f 5844 5851 5852
f 5776 5890 5864
f 5903 5855 5854
f 5902 5854 5868
f 5782 5781 5856
f 5781 5861 5856
f 5856 5861 5857
f 5857 5862 5859
f 5857 5861 5862
f 5859 5866 5860
f 5739 5860 5858
f 5739 5858 5880
f 5862 5866 5859
f 5860 5866 5858
f 5858 5867 5880
f 5783 5863 5861
f 5863 5862 5861
f 5863 5865 5862
f 5865 5866 5862
f 5784 5864 5863
f 5864 5865 5863
f 5904 5869 5865
f 5864 5904 5865
f 5858 5866 5869
f 5865 5869 5866
f 5868 5881 5867
f 5870 5868 5867
f 5854 5882 5868
f 5858 5869 5867
f 5870 5867 5869
f 5904 5870 5869
f 5902 5868 5870
f 5672 5729 5806
f 5729 5727 5876
f 5727 5728 5877
f 5729 5876 5806
f 5876 5727 5877
f 5728 5875 5877
f 5871 5872 5878
f 5728 5871 5875
f 5873 5879 5872
f 5736 5874 5873
f 5873 5874 5879
f 5871 5878 5875
f 5872 5879 5878
f 5813 5806 5876
f 5895 5876 5877
f 5896 5877 5875
f 5813 5876 5895
f 5895 5877 5896
f 5897 5896 5875
f 5853 5878 5879
f 5897 5875 5878
f 5854 5874 5882
f 5855 5879 5874
f 5897 5878 5853
f 5853 5879 5855
f 5854 5855 5874
f 5882 5737 5881
f 5735 5880 5881
f 5736 5737 5882
f 5736 5882 5874
f 5868 5882 5881
f 5867 5881 5880
f 5841 5886 5883
f 5883 5887 5884
f 5884 5888 5885
f 5841 5845 5886
f 5883 5886 5887
f 5845 5898 5886
f 5884 5887 5888
f 5887 5900 5888
f 5886 5899 5887
f 5775 5889 5891
f 5889 5894 5891
f 5777 5891 5890
f 5890 5891 5892
f 5890 5892 5904
f 5891 5894 5892
f 5892 5894 5902
f 5885 5893 5889
f 5885 5888 5893
f 5889 5893 5894
f 5888 5901 5893
f 5893 5903 5894
f 5852 5813 5895
f 5898 5895 5896
f 5852 5895 5898
f 5899 5896 5897
f 5898 5896 5899
f 5899 5897 5900
f 5845 5852 5898
f 5886 5898 5899
f 5887 5899 5900
f 5892 5902 5870
f 5894 5903 5902
f 5900 5897 5853
f 5901 5853 5855
f 5901 5855 5903
f 5900 5853 5901
f 5902 5903 5854
f 5888 5900 5901
f 5893 5901 5903
f 5890 5904 5864
f 5892 5870 5904
f 5257 5258 5373
f 4341 5257 4645
f 5258 5259 5374
f 5259 5260 5375
f 5260 5261 5376
f 5261 5262 5377
f 5262 5263 5378
f 5257 5373 4645
f 5373 5258 5374
f 5259 5375 5374
f 5260 5376 5375
f 5261 5377 5376
f 5263 5264 5385
f 5264 5265 5386
f 5265 5267 5387
f 5267 5266 5388
f 5266 5268 5389
f 5268 5269 5390
f 5269 5283 5391
f 5283 5284 5402

