# https://github.com/mikedh/trimesh
v -0.09272727 -0.00587890 -0.00218111
v -0.09454545 -0.00423570 -0.00258491
v -0.09272727 -0.00461902 -0.00259331
v -0.09636363 -0.00479033 -0.00207553
v -0.09636363 -0.00376373 -0.00244056
v -0.09454545 -0.00539103 -0.00219306
v -0.08909091 -0.00664747 -0.00192262
v -0.09090909 -0.00629726 -0.00208183
v -0.09090909 -0.00494772 -0.00251110
v -0.08727273 -0.00375099 -0.00252270
v -0.08909091 -0.00522288 -0.00236585
v -0.08727273 -0.00544559 -0.00218515
v -0.08545455 -0.00561692 -0.00199659
v -0.08545455 -0.00386900 -0.00234029
v -0.09454545 -0.00148738 -0.00305538
v -0.09272727 -0.00162199 -0.00308822
v -0.09636363 -0.00259251 -0.00271181
v -0.09454545 -0.00291760 -0.00287608
v -0.09272727 -0.00318164 -0.00289961
v -0.09636363 -0.00132165 -0.00287884
v -0.09818182 -0.00162927 -0.00189621
v -0.09818182 -0.00083059 -0.00201300
v -0.09090909 -0.00340805 -0.00283007
v -0.08909091 -0.00359759 -0.00269520
v -0.08727273 -0.00191224 -0.00273056
v -0.08545455 -0.00197240 -0.00255194
v -0.09090909 -0.00173741 -0.00302650
v -0.08909091 -0.00183403 -0.00289802
v -0.08727273 -0.00000000 -0.00280075
v -0.08545455 -0.00000000 -0.00262341
v -0.08363637 -0.00395237 -0.00217569
v -0.08181818 -0.00400185 -0.00205660
v -0.08000000 -0.00401818 -0.00201074
v -0.07818182 -0.00401818 -0.00201074
v -0.07636364 -0.00401818 -0.00201074
v -0.07454546 -0.00401818 -0.00201074
v -0.07272727 -0.00401818 -0.00201074
v -0.07090909 -0.00401818 -0.00201074
v -0.06909091 -0.00401818 -0.00201074
v -0.08363637 -0.00201490 -0.00238994
v -0.08181818 -0.00204013 -0.00227236
v -0.08000000 -0.00204845 -0.00222698
v -0.07818182 -0.00204845 -0.00222698
v -0.07636364 -0.00204845 -0.00222698
v -0.08363637 -0.00000000 -0.00246228
v -0.08181818 -0.00000000 -0.00234521
v -0.08000000 -0.00000000 -0.00230000
v -0.07818182 -0.00000000 -0.00230000
v -0.07636364 -0.00000000 -0.00230000
v -0.07454546 -0.00204845 -0.00222698
v -0.07272727 -0.00204845 -0.00222698
v -0.07090909 -0.00204845 -0.00222698
v -0.06909091 -0.00204845 -0.00222698
v -0.07454546 -0.00000000 -0.00230000
v -0.07272727 -0.00000000 -0.00230000
v -0.07090909 -0.00000000 -0.00230000
v -0.06909091 -0.00000000 -0.00230000
v -0.06727273 -0.00401818 -0.00201074
v -0.06545454 -0.00401818 -0.00201074
v -0.06363636 -0.00401818 -0.00201074
v -0.06181818 -0.00401818 -0.00201074
v -0.06000000 -0.00401818 -0.00201074
v -0.05818182 -0.00401818 -0.00201074
v -0.05636363 -0.00401818 -0.00201074
v -0.05454545 -0.00401818 -0.00201074
v -0.05272727 -0.00401818 -0.00201074
v -0.06727273 -0.00204845 -0.00222698
v -0.06545454 -0.00204845 -0.00222698
v -0.06363636 -0.00204845 -0.00222698
v -0.06181818 -0.00204845 -0.00222698
v -0.06727273 -0.00000000 -0.00230000
v -0.06545454 -0.00000000 -0.00230000
v -0.06363636 -0.00000000 -0.00230000
v -0.06181818 -0.00000000 -0.00230000
v -0.06000000 -0.00204845 -0.00222698
v -0.05818182 -0.00204845 -0.00222698
v -0.05636363 -0.00204845 -0.00222698
v -0.05454545 -0.00204845 -0.00222698
v -0.05272727 -0.00204845 -0.00222698
v -0.06000000 -0.00000000 -0.00230000
v -0.05818182 -0.00000000 -0.00230000
v -0.05636363 -0.00000000 -0.00230000
v -0.05454545 -0.00000000 -0.00230000
v -0.05272727 -0.00000000 -0.00230000
v -0.05090909 -0.00401818 -0.00201074
v -0.04909091 -0.00401818 -0.00201074
v -0.04727273 -0.00401818 -0.00201074
v -0.04545455 -0.00401818 -0.00201074
v -0.04363636 -0.00401818 -0.00201074
v -0.04181818 -0.00401818 -0.00201074
v -0.04000000 -0.00401818 -0.00201074
v -0.03818182 -0.00401818 -0.00201074
v -0.03636364 -0.00401818 -0.00201074
v -0.05090909 -0.00204845 -0.00222698
v -0.04909091 -0.00204845 -0.00222698
v -0.04727273 -0.00204845 -0.00222698
v -0.04545455 -0.00204845 -0.00222698
v -0.05090909 -0.00000000 -0.00230000
v -0.04909091 -0.00000000 -0.00230000
v -0.04727273 -0.00000000 -0.00230000
v -0.04545455 -0.00000000 -0.00230000
v -0.04363636 -0.00204845 -0.00222698
v -0.04181818 -0.00204845 -0.00222698
v -0.04000000 -0.00204845 -0.00222698
v -0.03818182 -0.00204845 -0.00222698
v -0.03636364 -0.00204845 -0.00222698
v -0.04363636 -0.00000000 -0.00230000
v -0.04181818 -0.00000000 -0.00230000
v -0.04000000 -0.00000000 -0.00230000
v -0.03818182 -0.00000000 -0.00230000
v -0.03636364 -0.00000000 -0.00230000
v -0.09272727 -0.00768116 -0.00110581
v -0.08909091 -0.00781660 -0.00138253
v -0.08909091 -0.00868534 -0.00076636
v -0.09090909 -0.00822776 -0.00096199
v -0.08727273 -0.00814990 -0.00117736
v -0.08545455 -0.00840631 -0.00097045
v -0.09272727 -0.00815427 -0.00048403
v -0.09454545 -0.00762406 0.00003494
v -0.09272727 -0.00831402 0.00016260
v -0.08727273 -0.00961346 0.00013938
v -0.08545455 -0.00991592 0.00037028
v -0.09090909 -0.00873455 -0.00031447
v -0.08727273 -0.00905568 -0.00054585
v -0.08545455 -0.00934059 -0.00032743
v -0.08909091 -0.00922031 -0.00009777
v -0.09090909 -0.00890567 0.00035894
v -0.08363637 -0.00858746 -0.00078898
v -0.08363637 -0.00954187 -0.00013805
v -0.08181818 -0.00966132 -0.00000465
v -0.08000000 -0.00970074 0.00004580
v -0.07818182 -0.00970074 0.00004580
v -0.07636364 -0.00970074 0.00004580
v -0.08181818 -0.00869496 -0.00066015
v -0.08000000 -0.00873043 -0.00061117
v -0.07818182 -0.00873043 -0.00061117
v -0.07636364 -0.00873043 -0.00061117
v -0.07454546 -0.00970074 0.00004580
v -0.07272727 -0.00970074 0.00004580
v -0.07090909 -0.00970074 0.00004580
v -0.06909091 -0.00970074 0.00004580
v -0.07454546 -0.00873043 -0.00061117
v -0.07272727 -0.00873043 -0.00061117
v -0.07090909 -0.00873043 -0.00061117
v -0.06909091 -0.00873043 -0.00061117
v -0.09272727 -0.00815427 0.00080923
v -0.09272727 -0.00768116 0.00143101
v -0.08909091 -0.00940094 0.00059754
v -0.08727273 -0.00980180 0.00085199
v -0.08545455 -0.01011018 0.00109587
v -0.08727273 -0.00961346 0.00156461
v -0.09090909 -0.00873455 0.00103235
v -0.08909091 -0.00922031 0.00129285
v -0.08545455 -0.00991592 0.00182147
v -0.08909091 -0.00868534 0.00196144
v -0.09090909 -0.00822776 0.00167987
v -0.08909091 -0.00781660 0.00257762
v -0.08727273 -0.00905568 0.00224984
v -0.08545455 -0.00934059 0.00251918
v -0.08363637 -0.01012960 0.00056825
v -0.08181818 -0.01025640 0.00070661
v -0.08000000 -0.01029825 0.00075866
v -0.07818182 -0.01029825 0.00075866
v -0.07636364 -0.01029825 0.00075866
v -0.08363637 -0.01032805 0.00130278
v -0.08181818 -0.01045734 0.00144629
v -0.08000000 -0.01050000 0.00150000
v -0.07818182 -0.01050000 0.00150000
v -0.07636364 -0.01050000 0.00150000
v -0.07454546 -0.01029825 0.00075866
v -0.07272727 -0.01029825 0.00075866
v -0.07090909 -0.01029825 0.00075866
v -0.06909091 -0.01029825 0.00075866
v -0.07454546 -0.01050000 0.00150000
v -0.07272727 -0.01050000 0.00150000
v -0.07090909 -0.01050000 0.00150000
v -0.06909091 -0.01050000 0.00150000
v -0.08363637 -0.01012960 0.00203731
v -0.08181818 -0.01025640 0.00218598
v -0.08363637 -0.00954187 0.00274361
v -0.08000000 -0.01029825 0.00224134
v -0.07818182 -0.01029825 0.00224134
v -0.07636364 -0.01029825 0.00224134
v -0.07454546 -0.01029825 0.00224134
v -0.07272727 -0.01029825 0.00224134
v -0.07090909 -0.01029825 0.00224134
v -0.06909091 -0.01029825 0.00224134
v -0.09636363 -0.00563283 -0.00163073
v -0.09272727 -0.00691286 -0.00167884
v -0.09454545 -0.00633918 -0.00171559
v -0.09636363 -0.00625886 -0.00112327
v -0.09454545 -0.00704372 -0.00117085
v -0.09818182 -0.00393340 -0.00078544
v -0.09090909 -0.00740479 -0.00155876
v -0.08727273 -0.00693092 -0.00173089
v -0.08545455 -0.00714898 -0.00153405
v -0.09636363 -0.00664437 -0.00057264
v -0.09454545 -0.00747757 -0.00057977
v -0.09636363 -0.00677454 0.00000000
v -0.09818182 -0.00417567 -0.00040041
v -0.09818182 -0.00425748 0.00000000
v -0.09818182 -0.00417567 0.00040041
v -0.09818182 -0.00301049 -0.00145130
v -0.09818182 -0.00236533 -0.00170654
v -0.09818182 -0.00353996 -0.00114028
v -0.10000000 -0.00030615 -0.00073910
v -0.10000000 -0.00015607 -0.00078463
v -0.10000000 -0.00056569 -0.00056569
v -0.10000000 -0.00066518 -0.00044446
v -0.10000000 -0.00044446 -0.00066518
v -0.10000000 -0.00073910 -0.00030615
v -0.10000000 -0.00078463 -0.00015607
v -0.10000000 -0.00080000 0.00000000
v -0.10000000 -0.00078463 0.00015607
v -0.10000000 -0.00073910 0.00030615
v -0.08363637 -0.00730303 -0.00135952
v -0.08363637 -0.00573796 -0.00182776
v -0.08181818 -0.00580978 -0.00170622
v -0.08000000 -0.00583349 -0.00165958
v -0.07818182 -0.00583349 -0.00165958
v -0.07636364 -0.00583349 -0.00165958
v -0.08181818 -0.00739445 -0.00123470
v -0.08000000 -0.00742462 -0.00118701
v -0.07818182 -0.00742462 -0.00118701
v -0.07636364 -0.00742462 -0.00118701
v -0.07454546 -0.00583349 -0.00165958
v -0.07272727 -0.00583349 -0.00165958
v -0.07090909 -0.00583349 -0.00165958
v -0.06909091 -0.00583349 -0.00165958
v -0.07454546 -0.00742462 -0.00118701
v -0.07272727 -0.00742462 -0.00118701
v -0.07090909 -0.00742462 -0.00118701
v -0.06909091 -0.00742462 -0.00118701
v -0.09636363 -0.00664437 0.00057264
v -0.09454545 -0.00747757 0.00064964
v -0.09636363 -0.00625886 0.00112327
v -0.09454545 -0.00704372 0.00124072
v -0.09818182 -0.00393340 0.00078544
v -0.09636363 -0.00563283 0.00163073
v -0.09272727 -0.00691286 0.00200404
v -0.09454545 -0.00633918 0.00178546
v -0.09272727 -0.00587890 0.00250631
v -0.09636363 -0.00479033 0.00207553
v -0.09636363 -0.00376373 0.00244056
v -0.09454545 -0.00539103 0.00226293
v -0.09454545 -0.00423570 0.00265478
v -0.09090909 -0.00740479 0.00227664
v -0.09818182 -0.00353996 0.00114028
v -0.09818182 -0.00301049 0.00145130
v -0.10000000 -0.00066518 0.00044446
v -0.10000000 -0.00056569 0.00056569
v -0.10000000 -0.00044446 0.00066518
v -0.10000000 -0.00030615 0.00073910
v -0.10000000 -0.00015607 0.00078463
v -0.09818182 -0.00236533 0.00170654
v -0.09636363 -0.00259251 0.00271181
v -0.09818182 -0.00162927 0.00189621
v -0.09818182 -0.00083059 0.00201300
v -0.06727273 -0.00970074 0.00004580
v -0.06545454 -0.00970074 0.00004580
v -0.06363636 -0.00970074 0.00004580
v -0.06181818 -0.00970074 0.00004580
v -0.06727273 -0.00873043 -0.00061117
v -0.06545454 -0.00873043 -0.00061117
v -0.06363636 -0.00873043 -0.00061117
v -0.06181818 -0.00873043 -0.00061117
v -0.06000000 -0.00970074 0.00004580
v -0.05818182 -0.00970074 0.00004580
v -0.05636363 -0.00970074 0.00004580
v -0.05454545 -0.00970074 0.00004580
v -0.05272727 -0.00970074 0.00004580
v -0.06000000 -0.00873043 -0.00061117
v -0.05818182 -0.00873043 -0.00061117
v -0.05636363 -0.00873043 -0.00061117
v -0.05454545 -0.00873043 -0.00061117
v -0.05272727 -0.00873043 -0.00061117
v -0.05090909 -0.00970074 0.00004580
v -0.04909091 -0.00970074 0.00004580
v -0.04727273 -0.00970074 0.00004580
v -0.04545455 -0.00970074 0.00004580
v -0.05090909 -0.00873043 -0.00061117
v -0.04909091 -0.00873043 -0.00061117
v -0.04727273 -0.00873043 -0.00061117
v -0.04545455 -0.00873043 -0.00061117
v -0.04363636 -0.00970074 0.00004580
v -0.04181818 -0.00970074 0.00004580
v -0.04000000 -0.00970074 0.00004580
v -0.03818182 -0.00970074 0.00004580
v -0.03636364 -0.00970074 0.00004580
v -0.04363636 -0.00873043 -0.00061117
v -0.04181818 -0.00873043 -0.00061117
v -0.04000000 -0.00873043 -0.00061117
v -0.03818182 -0.00873043 -0.00061117
v -0.03636364 -0.00873043 -0.00061117
v -0.06727273 -0.01029825 0.00075866
v -0.06545454 -0.01029825 0.00075866
v -0.06363636 -0.01029825 0.00075866
v -0.06181818 -0.01029825 0.00075866
v -0.06727273 -0.01050000 0.00150000
v -0.06545454 -0.01050000 0.00150000
v -0.06363636 -0.01050000 0.00150000
v -0.06181818 -0.01050000 0.00150000
v -0.06000000 -0.01029825 0.00075866
v -0.05818182 -0.01029825 0.00075866
v -0.05636363 -0.01029825 0.00075866
v -0.05454545 -0.01029825 0.00075866
v -0.05272727 -0.01029825 0.00075866
v -0.06000000 -0.01050000 0.00150000
v -0.05818182 -0.01050000 0.00150000
v -0.05636363 -0.01050000 0.00150000
v -0.05454545 -0.01050000 0.00150000
v -0.05272727 -0.01050000 0.00150000
v -0.06727273 -0.01029825 0.00224134
v -0.06545454 -0.01029825 0.00224134
v -0.06363636 -0.01029825 0.00224134
v -0.06181818 -0.01029825 0.00224134
v -0.06000000 -0.01029825 0.00224134
v -0.05818182 -0.01029825 0.00224134
v -0.05636363 -0.01029825 0.00224134
v -0.05454545 -0.01029825 0.00224134
v -0.05272727 -0.01029825 0.00224134
v -0.05090909 -0.01029825 0.00075866
v -0.04909091 -0.01029825 0.00075866
v -0.04727273 -0.01029825 0.00075866
v -0.04545455 -0.01029825 0.00075866
v -0.05090909 -0.01050000 0.00150000
v -0.04909091 -0.01050000 0.00150000
v -0.04727273 -0.01050000 0.00150000
v -0.04545455 -0.01050000 0.00150000
v -0.04363636 -0.01029825 0.00075866
v -0.04181818 -0.01029825 0.00075866
v -0.04000000 -0.01029825 0.00075866
v -0.03818182 -0.01029825 0.00075866
v -0.03636364 -0.01029825 0.00075866
v -0.04363636 -0.01050000 0.00150000
v -0.04181818 -0.01050000 0.00150000
v -0.04000000 -0.01050000 0.00150000
v -0.03818182 -0.01050000 0.00150000
v -0.03636364 -0.01050000 0.00150000
v -0.05090909 -0.01029825 0.00224134
v -0.04909091 -0.01029825 0.00224134
v -0.04727273 -0.01029825 0.00224134
v -0.04545455 -0.01029825 0.00224134
v -0.04363636 -0.01029825 0.00224134
v -0.04181818 -0.01029825 0.00224134
v -0.04000000 -0.01029825 0.00224134
v -0.03818182 -0.01029825 0.00224134
v -0.03636364 -0.01029825 0.00224134
v -0.06727273 -0.00583349 -0.00165958
v -0.06545454 -0.00583349 -0.00165958
v -0.06363636 -0.00583349 -0.00165958
v -0.06181818 -0.00583349 -0.00165958
v -0.06727273 -0.00742462 -0.00118701
v -0.06545454 -0.00742462 -0.00118701
v -0.06363636 -0.00742462 -0.00118701
v -0.06181818 -0.00742462 -0.00118701
v -0.06000000 -0.00583349 -0.00165958
v -0.05818182 -0.00583349 -0.00165958
v -0.05636363 -0.00583349 -0.00165958
v -0.05454545 -0.00583349 -0.00165958
v -0.05272727 -0.00583349 -0.00165958
v -0.06000000 -0.00742462 -0.00118701
v -0.05818182 -0.00742462 -0.00118701
v -0.05636363 -0.00742462 -0.00118701
v -0.05454545 -0.00742462 -0.00118701
v -0.05272727 -0.00742462 -0.00118701
v -0.05090909 -0.00583349 -0.00165958
v -0.04909091 -0.00583349 -0.00165958
v -0.04727273 -0.00583349 -0.00165958
v -0.04545455 -0.00583349 -0.00165958
v -0.05090909 -0.00742462 -0.00118701
v -0.04909091 -0.00742462 -0.00118701
v -0.04727273 -0.00742462 -0.00118701
v -0.04545455 -0.00742462 -0.00118701
v -0.04363636 -0.00583349 -0.00165958
v -0.04181818 -0.00583349 -0.00165958
v -0.04000000 -0.00583349 -0.00165958
v -0.03818182 -0.00583349 -0.00165958
v -0.03636364 -0.00583349 -0.00165958
v -0.04363636 -0.00742462 -0.00118701
v -0.04181818 -0.00742462 -0.00118701
v -0.04000000 -0.00742462 -0.00118701
v -0.03818182 -0.00742462 -0.00118701
v -0.03636364 -0.00742462 -0.00118701
v -0.03454546 -0.00401818 -0.00201074
v -0.03272727 -0.00401818 -0.00201074
v -0.03090909 -0.00401818 -0.00201074
v -0.02909091 -0.00401818 -0.00201074
v -0.02727273 -0.00401818 -0.00201074
v -0.02545455 -0.00401818 -0.00201074
v -0.02363636 -0.00401818 -0.00201074
v -0.02181818 -0.00401818 -0.00201074
v -0.03454546 -0.00204845 -0.00222698
v -0.03272727 -0.00204845 -0.00222698
v -0.03090909 -0.00204845 -0.00222698
v -0.02909091 -0.00204845 -0.00222698
v -0.03454546 -0.00000000 -0.00230000
v -0.03272727 -0.00000000 -0.00230000
v -0.03090909 -0.00000000 -0.00230000
v -0.02909091 -0.00000000 -0.00230000
v -0.02727273 -0.00204845 -0.00222698
v -0.02545455 -0.00204845 -0.00222698
v -0.02363636 -0.00204845 -0.00222698
v -0.02181818 -0.00204845 -0.00222698
v -0.02727273 -0.00000000 -0.00230000
v -0.02545455 -0.00000000 -0.00230000
v -0.02363636 -0.00000000 -0.00230000
v -0.02181818 -0.00000000 -0.00230000
v -0.02000000 -0.00401818 -0.00201074
v -0.01818182 -0.00401818 -0.00201074
v -0.01636364 -0.00401818 -0.00201074
v -0.01454545 -0.00401818 -0.00201074
v -0.01272727 -0.00401818 -0.00201074
v -0.01090909 -0.00401818 -0.00201074
v -0.00909091 -0.00401818 -0.00201074
v -0.00727273 -0.00401818 -0.00201074
v -0.00545455 -0.00401818 -0.00201074
v -0.02000000 -0.00204845 -0.00222698
v -0.01818182 -0.00204845 -0.00222698
v -0.01636364 -0.00204845 -0.00222698
v -0.01454545 -0.00204845 -0.00222698
v -0.01272727 -0.00204845 -0.00222698
v -0.02000000 -0.00000000 -0.00230000
v -0.01818182 -0.00000000 -0.00230000
v -0.01636364 -0.00000000 -0.00230000
v -0.01454545 -0.00000000 -0.00230000
v -0.01272727 -0.00000000 -0.00230000
v -0.01090909 -0.00204845 -0.00222698
v -0.00909091 -0.00204845 -0.00222698
v -0.00727273 -0.00204845 -0.00222698
v -0.00545455 -0.00204845 -0.00222698
v -0.01090909 -0.00000000 -0.00230000
v -0.00909091 -0.00000000 -0.00230000
v -0.00727273 -0.00000000 -0.00230000
v -0.00545455 -0.00000000 -0.00230000
v -0.00363636 -0.00401818 -0.00201074
v -0.00181818 -0.00401818 -0.00201074
v 0.00000000 -0.00401818 -0.00201074
v 0.00181818 -0.00401818 -0.00201074
v 0.00363636 -0.00401818 -0.00201074
v 0.00545455 -0.00401818 -0.00201074
v 0.00727273 -0.00401818 -0.00201074
v 0.00909091 -0.00401818 -0.00201074
v 0.01090909 -0.00401818 -0.00201074
v -0.00363636 -0.00204845 -0.00222698
v -0.00181818 -0.00204845 -0.00222698
v 0.00000000 -0.00204845 -0.00222698
v 0.00181818 -0.00204845 -0.00222698
v -0.00363636 -0.00000000 -0.00230000
v -0.00181818 -0.00000000 -0.00230000
v 0.00000000 -0.00000000 -0.00230000
v 0.00181818 -0.00000000 -0.00230000
v 0.00363636 -0.00204845 -0.00222698
v 0.00545455 -0.00204845 -0.00222698
v 0.00727273 -0.00204845 -0.00222698
v 0.00909091 -0.00204845 -0.00222698
v 0.01090909 -0.00204845 -0.00222698
v 0.00363636 -0.00000000 -0.00230000
v 0.00545455 -0.00000000 -0.00230000
v 0.00727273 -0.00000000 -0.00230000
v 0.00909091 -0.00000000 -0.00230000
v 0.01090909 -0.00000000 -0.00230000
v 0.01272727 -0.00401818 -0.00201074
v 0.01454545 -0.00401818 -0.00201074
v 0.01636364 -0.00401818 -0.00201074
v 0.01818182 -0.00401818 -0.00201074
v 0.02000000 -0.00401818 -0.00201074
v 0.02181818 -0.00401818 -0.00201074
v 0.02363636 -0.00401818 -0.00201074
v 0.02545455 -0.00401555 -0.00200716
v 0.02727273 -0.00395652 -0.00192541
v 0.01272727 -0.00204845 -0.00222698
v 0.01454545 -0.00204845 -0.00222698
v 0.01636364 -0.00204845 -0.00222698
v 0.01818182 -0.00204845 -0.00222698
v 0.01272727 -0.00000000 -0.00230000
v 0.01454545 -0.00000000 -0.00230000
v 0.01636364 -0.00000000 -0.00230000
v 0.01818182 -0.00000000 -0.00230000
v 0.02000000 -0.00204845 -0.00222698
v 0.02181818 -0.00204845 -0.00222698
v 0.02363636 -0.00204845 -0.00222698
v 0.02545455 -0.00204711 -0.00222333
v 0.02727273 -0.00201702 -0.00213999
v 0.02000000 -0.00000000 -0.00230000
v 0.02181818 -0.00000000 -0.00230000
v 0.02363636 -0.00000000 -0.00230000
v 0.02545455 -0.00000000 -0.00229632
v 0.02727273 -0.00000000 -0.00221244
v -0.03454546 -0.00970074 0.00004580
v -0.03272727 -0.00970074 0.00004580
v -0.03090909 -0.00970074 0.00004580
v -0.02909091 -0.00970074 0.00004580
v -0.03454546 -0.00873043 -0.00061117
v -0.03272727 -0.00873043 -0.00061117
v -0.03090909 -0.00873043 -0.00061117
v -0.02909091 -0.00873043 -0.00061117
v -0.02727273 -0.00970074 0.00004580
v -0.02545455 -0.00970074 0.00004580
v -0.02363636 -0.00970074 0.00004580
v -0.02181818 -0.00970074 0.00004580
v -0.02727273 -0.00873043 -0.00061117
v -0.02545455 -0.00873043 -0.00061117
v -0.02363636 -0.00873043 -0.00061117
v -0.02181818 -0.00873043 -0.00061117
v -0.02000000 -0.00970074 0.00004580
v -0.01818182 -0.00970074 0.00004580
v -0.01636364 -0.00970074 0.00004580
v -0.01454545 -0.00970074 0.00004580
v -0.01272727 -0.00970074 0.00004580
v -0.02000000 -0.00873043 -0.00061117
v -0.01818182 -0.00873043 -0.00061117
v -0.01636364 -0.00873043 -0.00061117
v -0.01454545 -0.00873043 -0.00061117
v -0.01272727 -0.00873043 -0.00061117
v -0.01090909 -0.00970074 0.00004580
v -0.00909091 -0.00970074 0.00004580
v -0.00727273 -0.00970074 0.00004580
v -0.00545455 -0.00970074 0.00004580
v -0.01090909 -0.00873043 -0.00061117
v -0.00909091 -0.00873043 -0.00061117
v -0.00727273 -0.00873043 -0.00061117
v -0.00545455 -0.00873043 -0.00061117
v -0.03454546 -0.01029825 0.00075866
v -0.03272727 -0.01029825 0.00075866
v -0.03090909 -0.01029825 0.00075866
v -0.02909091 -0.01029825 0.00075866
v -0.03454546 -0.01050000 0.00150000
v -0.03272727 -0.01050000 0.00150000
v -0.03090909 -0.01050000 0.00150000
v -0.02909091 -0.01050000 0.00150000
v -0.02727273 -0.01029825 0.00075866
v -0.02545455 -0.01029825 0.00075866
v -0.02363636 -0.01029825 0.00075866
v -0.02181818 -0.01029825 0.00075866
v -0.02727273 -0.01050000 0.00150000
v -0.02545455 -0.01050000 0.00150000
v -0.02363636 -0.01050000 0.00150000
v -0.02181818 -0.01050000 0.00150000
v -0.03454546 -0.01029825 0.00224134
v -0.03272727 -0.01029825 0.00224134
v -0.03090909 -0.01029825 0.00224134
v -0.02909091 -0.01029825 0.00224134
v -0.02727273 -0.01029825 0.00224134
v -0.02545455 -0.01029825 0.00224134
v -0.02363636 -0.01029825 0.00224134
v -0.02181818 -0.01029825 0.00224134
v -0.02000000 -0.01029825 0.00075866
v -0.01818182 -0.01029825 0.00075866
v -0.01636364 -0.01029825 0.00075866
v -0.01454545 -0.01029825 0.00075866
v -0.01272727 -0.01029825 0.00075866
v -0.02000000 -0.01050000 0.00150000
v -0.01818182 -0.01050000 0.00150000
v -0.01636364 -0.01050000 0.00150000
v -0.01454545 -0.01050000 0.00150000
v -0.01272727 -0.01050000 0.00150000
v -0.01090909 -0.01029825 0.00075866
v -0.00909091 -0.01029825 0.00075866
v -0.00727273 -0.01029825 0.00075866
v -0.00545455 -0.01029825 0.00075866
v -0.01090909 -0.01050000 0.00150000
v -0.00909091 -0.01050000 0.00150000
v -0.00727273 -0.01050000 0.00150000
v -0.00545455 -0.01050000 0.00150000
v -0.02000000 -0.01029825 0.00224134
v -0.01818182 -0.01029825 0.00224134
v -0.01636364 -0.01029825 0.00224134
v -0.01454545 -0.01029825 0.00224134
v -0.01272727 -0.01029825 0.00224134
v -0.01090909 -0.01029825 0.00224134
v -0.00909091 -0.01029825 0.00224134
v -0.00727273 -0.01029825 0.00224134
v -0.00545455 -0.01029825 0.00224134
v -0.03454546 -0.00583349 -0.00165958
v -0.03272727 -0.00583349 -0.00165958
v -0.03090909 -0.00583349 -0.00165958
v -0.02909091 -0.00583349 -0.00165958
v -0.03454546 -0.00742462 -0.00118701
v -0.03272727 -0.00742462 -0.00118701
v -0.03090909 -0.00742462 -0.00118701
v -0.02909091 -0.00742462 -0.00118701
v -0.02727273 -0.00583349 -0.00165958
v -0.02545455 -0.00583349 -0.00165958
v -0.02363636 -0.00583349 -0.00165958
v -0.02181818 -0.00583349 -0.00165958
v -0.02727273 -0.00742462 -0.00118701
v -0.02545455 -0.00742462 -0.00118701
v -0.02363636 -0.00742462 -0.00118701
v -0.02181818 -0.00742462 -0.00118701
v -0.02000000 -0.00583349 -0.00165958
v -0.01818182 -0.00583349 -0.00165958
v -0.01636364 -0.00583349 -0.00165958
v -0.01454545 -0.00583349 -0.00165958
v -0.01272727 -0.00583349 -0.00165958
v -0.02000000 -0.00742462 -0.00118701
v -0.01818182 -0.00742462 -0.00118701
v -0.01636364 -0.00742462 -0.00118701
v -0.01454545 -0.00742462 -0.00118701
v -0.01272727 -0.00742462 -0.00118701
v -0.01090909 -0.00583349 -0.00165958
v -0.00909091 -0.00583349 -0.00165958
v -0.00727273 -0.00583349 -0.00165958
v -0.00545455 -0.00583349 -0.00165958
v -0.01090909 -0.00742462 -0.00118701
v -0.00909091 -0.00742462 -0.00118701
v -0.00727273 -0.00742462 -0.00118701
v -0.00545455 -0.00742462 -0.00118701
v -0.00363636 -0.00970074 0.00004580
v -0.00181818 -0.00970074 0.00004580
v 0.00000000 -0.00970074 0.00004580
v 0.00181818 -0.00970074 0.00004580
v -0.00363636 -0.00873043 -0.00061117
v -0.00181818 -0.00873043 -0.00061117
v 0.00000000 -0.00873043 -0.00061117
v 0.00181818 -0.00873043 -0.00061117
v 0.00363636 -0.00970074 0.00004580
v 0.00545455 -0.00970074 0.00004580
v 0.00727273 -0.00970074 0.00004580
v 0.00909091 -0.00970074 0.00004580
v 0.01090909 -0.00970074 0.00004580
v 0.00363636 -0.00873043 -0.00061117
v 0.00545455 -0.00873043 -0.00061117
v 0.00727273 -0.00873043 -0.00061117
v 0.00909091 -0.00873043 -0.00061117
v 0.01090909 -0.00873043 -0.00061117
v 0.01272727 -0.00970074 0.00004580
v 0.01454545 -0.00970074 0.00004580
v 0.01636364 -0.00970074 0.00004580
v 0.01818182 -0.00970074 0.00004580
v 0.01272727 -0.00873043 -0.00061117
v 0.01454545 -0.00873043 -0.00061117
v 0.01636364 -0.00873043 -0.00061117
v 0.01818182 -0.00873043 -0.00061117
v 0.02000000 -0.00970074 0.00004580
v 0.02181818 -0.00970074 0.00004580
v 0.02363636 -0.00970074 0.00004580
v 0.02545455 -0.00969439 0.00004872
v 0.02727273 -0.00955188 0.00011530
v 0.02000000 -0.00873043 -0.00061117
v 0.02181818 -0.00873043 -0.00061117
v 0.02363636 -0.00873043 -0.00061117
v 0.02545455 -0.00872472 -0.00060804
v 0.02727273 -0.00859646 -0.00053661
v -0.00363636 -0.01029825 0.00075866
v -0.00181818 -0.01029825 0.00075866
v 0.00000000 -0.01029825 0.00075866
v 0.00181818 -0.01029825 0.00075866
v -0.00363636 -0.01050000 0.00150000
v -0.00181818 -0.01050000 0.00150000
v 0.00000000 -0.01050000 0.00150000
v 0.00181818 -0.01050000 0.00150000
v 0.00363636 -0.01029825 0.00075866
v 0.00545455 -0.01029825 0.00075866
v 0.00727273 -0.01029825 0.00075866
v 0.00909091 -0.01029825 0.00075866
v 0.01090909 -0.01029825 0.00075866
v 0.00363636 -0.01050000 0.00150000
v 0.00545455 -0.01050000 0.00150000
v 0.00727273 -0.01050000 0.00150000
v 0.00909091 -0.01050000 0.00150000
v 0.01090909 -0.01050000 0.00150000
v -0.00363636 -0.01029825 0.00224134
v -0.00181818 -0.01029825 0.00224134
v 0.00000000 -0.01029825 0.00224134
v 0.00181818 -0.01029825 0.00224134
v 0.00363636 -0.01029825 0.00224134
v 0.00545455 -0.01029825 0.00224134
v 0.00727273 -0.01029825 0.00224134
v 0.00909091 -0.01029825 0.00224134
v 0.01090909 -0.01029825 0.00224134
v 0.01272727 -0.01029825 0.00075866
v 0.01454545 -0.01029825 0.00075866
v 0.01636364 -0.01029825 0.00075866
v 0.01818182 -0.01029825 0.00075866
v 0.01272727 -0.01050000 0.00150000
v 0.01454545 -0.01050000 0.00150000
v 0.01636364 -0.01050000 0.00150000
v 0.01818182 -0.01050000 0.00150000
v 0.02000000 -0.01029825 0.00075866
v 0.02181818 -0.01029825 0.00075866
v 0.02363636 -0.01029825 0.00075866
v 0.02545455 -0.01029151 0.00076134
v 0.02727273 -0.01014022 0.00082266
v 0.02000000 -0.01050000 0.00150000
v 0.02181818 -0.01050000 0.00150000
v 0.02363636 -0.01050000 0.00150000
v 0.02545455 -0.01049313 0.00150244
v 0.02727273 -0.01033888 0.00155830
v 0.01272727 -0.01029825 0.00224134
v 0.01454545 -0.01029825 0.00224134
v 0.01636364 -0.01029825 0.00224134
v 0.01818182 -0.01029825 0.00224134
v 0.02000000 -0.01029825 0.00224134
v 0.02181818 -0.01029825 0.00224134
v 0.02363636 -0.01029825 0.00224134
v 0.02545455 -0.01029151 0.00224354
v 0.02727273 -0.01014022 0.00229393
v -0.00363636 -0.00583349 -0.00165958
v -0.00181818 -0.00583349 -0.00165958
v 0.00000000 -0.00583349 -0.00165958
v 0.00181818 -0.00583349 -0.00165958
v -0.00363636 -0.00742462 -0.00118701
v -0.00181818 -0.00742462 -0.00118701
v 0.00000000 -0.00742462 -0.00118701
v 0.00181818 -0.00742462 -0.00118701
v 0.00363636 -0.00583349 -0.00165958
v 0.00545455 -0.00583349 -0.00165958
v 0.00727273 -0.00583349 -0.00165958
v 0.00909091 -0.00583349 -0.00165958
v 0.01090909 -0.00583349 -0.00165958
v 0.00363636 -0.00742462 -0.00118701
v 0.00545455 -0.00742462 -0.00118701
v 0.00727273 -0.00742462 -0.00118701
v 0.00909091 -0.00742462 -0.00118701
v 0.01090909 -0.00742462 -0.00118701
v 0.01272727 -0.00583349 -0.00165958
v 0.01454545 -0.00583349 -0.00165958
v 0.01636364 -0.00583349 -0.00165958
v 0.01818182 -0.00583349 -0.00165958
v 0.01272727 -0.00742462 -0.00118701
v 0.01454545 -0.00742462 -0.00118701
v 0.01636364 -0.00742462 -0.00118701
v 0.01818182 -0.00742462 -0.00118701
v 0.02000000 -0.00583349 -0.00165958
v 0.02181818 -0.00583349 -0.00165958
v 0.02363636 -0.00583349 -0.00165958
v 0.02545455 -0.00582967 -0.00165612
v 0.02727273 -0.00574397 -0.00157696
v 0.02000000 -0.00742462 -0.00118701
v 0.02181818 -0.00742462 -0.00118701
v 0.02363636 -0.00742462 -0.00118701
v 0.02545455 -0.00741976 -0.00118369
v 0.02727273 -0.00731069 -0.00110802
v -0.08727273 -0.00814990 0.00288135
v -0.08545455 -0.00840631 0.00316220
v -0.08181818 -0.00966132 0.00289724
v -0.08000000 -0.00970074 0.00295420
v -0.07818182 -0.00970074 0.00295420
v -0.07636364 -0.00970074 0.00295420
v -0.08363637 -0.00858746 0.00339454
v -0.08181818 -0.00869496 0.00355274
v -0.08000000 -0.00873043 0.00361117
v -0.07818182 -0.00873043 0.00361117
v -0.07636364 -0.00873043 0.00361117
v -0.07454546 -0.00970074 0.00295420
v -0.07272727 -0.00970074 0.00295420
v -0.07090909 -0.00970074 0.00295420
v -0.06909091 -0.00970074 0.00295420
v -0.07454546 -0.00873043 0.00361117
v -0.07272727 -0.00873043 0.00361117
v -0.07090909 -0.00873043 0.00361117
v -0.06909091 -0.00873043 0.00361117
v -0.09272727 -0.00461902 0.00291852
v -0.08909091 -0.00664747 0.00311770
v -0.09090909 -0.00629726 0.00279971
v -0.08727273 -0.00693092 0.00343487
v -0.08545455 -0.00714898 0.00372580
v -0.09090909 -0.00494772 0.00322898
v -0.08909091 -0.00522288 0.00356093
v -0.08727273 -0.00544559 0.00388914
v -0.08545455 -0.00561692 0.00418834
v -0.08727273 -0.00375099 0.00422669
v -0.08545455 -0.00386900 0.00453204
v -0.09454545 -0.00291760 0.00294595
v -0.09272727 -0.00318164 0.00322481
v -0.09636363 -0.00132165 0.00287884
v -0.09454545 -0.00148738 0.00312526
v -0.09272727 -0.00162199 0.00341342
v -0.09090909 -0.00340805 0.00354796
v -0.08909091 -0.00359759 0.00389029
v -0.09090909 -0.00173741 0.00374438
v -0.08727273 -0.00191224 0.00443455
v -0.08545455 -0.00197240 0.00474369
v -0.08909091 -0.00183403 0.00409310
v -0.08363637 -0.00730303 0.00396508
v -0.08181818 -0.00739445 0.00412729
v -0.08363637 -0.00573796 0.00443332
v -0.08000000 -0.00742462 0.00418701
v -0.07818182 -0.00742462 0.00418701
v -0.07636364 -0.00742462 0.00418701
v -0.08181818 -0.00580978 0.00459881
v -0.08000000 -0.00583349 0.00465958
v -0.07818182 -0.00583349 0.00465958
v -0.07636364 -0.00583349 0.00465958
v -0.08363637 -0.00395237 0.00478125
v -0.08181818 -0.00400185 0.00494918
v -0.08000000 -0.00401818 0.00501074
v -0.07818182 -0.00401818 0.00501074
v -0.07636364 -0.00401818 0.00501074
v -0.07454546 -0.00742462 0.00418701
v -0.07272727 -0.00742462 0.00418701
v -0.07090909 -0.00742462 0.00418701
v -0.06909091 -0.00742462 0.00418701
v -0.07454546 -0.00583349 0.00465958
v -0.07272727 -0.00583349 0.00465958
v -0.07090909 -0.00583349 0.00465958
v -0.06909091 -0.00583349 0.00465958
v -0.07454546 -0.00401818 0.00501074
v -0.07272727 -0.00401818 0.00501074
v -0.07090909 -0.00401818 0.00501074
v -0.06909091 -0.00401818 0.00501074
v -0.08363637 -0.00201490 0.00499550
v -0.08181818 -0.00204013 0.00516494
v -0.08000000 -0.00204845 0.00522698
v -0.07818182 -0.00204845 0.00522698
v -0.07636364 -0.00204845 0.00522698
v -0.07454546 -0.00204845 0.00522698
v -0.07272727 -0.00204845 0.00522698
v -0.07090909 -0.00204845 0.00522698
v -0.06909091 -0.00204845 0.00522698
v -0.06727273 -0.00970074 0.00295420
v -0.06545454 -0.00970074 0.00295420
v -0.06363636 -0.00970074 0.00295420
v -0.06181818 -0.00970074 0.00295420
v -0.06727273 -0.00873043 0.00361117
v -0.06545454 -0.00873043 0.00361117
v -0.06363636 -0.00873043 0.00361117
v -0.06181818 -0.00873043 0.00361117
v -0.06000000 -0.00970074 0.00295420
v -0.05818182 -0.00970074 0.00295420
v -0.05636363 -0.00970074 0.00295420
v -0.05454545 -0.00970074 0.00295420
v -0.05272727 -0.00970074 0.00295420
v -0.06000000 -0.00873043 0.00361117
v -0.05818182 -0.00873043 0.00361117
v -0.05636363 -0.00873043 0.00361117
v -0.05454545 -0.00873043 0.00361117
v -0.05272727 -0.00873043 0.00361117
v -0.05090909 -0.00970074 0.00295420
v -0.04909091 -0.00970074 0.00295420
v -0.04727273 -0.00970074 0.00295420
v -0.04545455 -0.00970074 0.00295420
v -0.05090909 -0.00873043 0.00361117
v -0.04909091 -0.00873043 0.00361117
v -0.04727273 -0.00873043 0.00361117
v -0.04545455 -0.00873043 0.00361117
v -0.04363636 -0.00970074 0.00295420
v -0.04181818 -0.00970074 0.00295420
v -0.04000000 -0.00970074 0.00295420
v -0.03818182 -0.00970074 0.00295420
v -0.03636364 -0.00970074 0.00295420
v -0.04363636 -0.00873043 0.00361117
v -0.04181818 -0.00873043 0.00361117
v -0.04000000 -0.00873043 0.00361117
v -0.03818182 -0.00873043 0.00361117
v -0.03636364 -0.00873043 0.00361117
v -0.06727273 -0.00742462 0.00418701
v -0.06545454 -0.00742462 0.00418701
v -0.06363636 -0.00742462 0.00418701
v -0.06181818 -0.00742462 0.00418701
v -0.06727273 -0.00583349 0.00465958
v -0.06545454 -0.00583349 0.00465958
v -0.06363636 -0.00583349 0.00465958
v -0.06181818 -0.00583349 0.00465958
v -0.06727273 -0.00401818 0.00501074
v -0.06545454 -0.00401818 0.00501074
v -0.06363636 -0.00401818 0.00501074
v -0.06181818 -0.00401818 0.00501074
v -0.06000000 -0.00742462 0.00418701
v -0.05818182 -0.00742462 0.00418701
v -0.05636363 -0.00742462 0.00418701
v -0.05454545 -0.00742462 0.00418701
v -0.05272727 -0.00742462 0.00418701
v -0.06000000 -0.00583349 0.00465958
v -0.05818182 -0.00583349 0.00465958
v -0.05636363 -0.00583349 0.00465958
v -0.05454545 -0.00583349 0.00465958
v -0.05272727 -0.00583349 0.00465958
v -0.06000000 -0.00401818 0.00501074
v -0.05818182 -0.00401818 0.00501074
v -0.05636363 -0.00401818 0.00501074
v -0.05454545 -0.00401818 0.00501074
v -0.05272727 -0.00401818 0.00501074
v -0.05090909 -0.00742462 0.00418701
v -0.04909091 -0.00742462 0.00418701
v -0.04727273 -0.00742462 0.00418701
v -0.04545455 -0.00742462 0.00418701
v -0.05090909 -0.00583349 0.00465958
v -0.04909091 -0.00583349 0.00465958
v -0.04727273 -0.00583349 0.00465958
v -0.04545455 -0.00583349 0.00465958
v -0.05090909 -0.00401818 0.00501074
v -0.04909091 -0.00401818 0.00501074
v -0.04727273 -0.00401818 0.00501074
v -0.04545455 -0.00401818 0.00501074
v -0.04363636 -0.00742462 0.00418701
v -0.04181818 -0.00742462 0.00418701
v -0.04000000 -0.00742462 0.00418701
v -0.03818182 -0.00742462 0.00418701
v -0.03636364 -0.00742462 0.00418701
v -0.04363636 -0.00583349 0.00465958
v -0.04181818 -0.00583349 0.00465958
v -0.04000000 -0.00583349 0.00465958
v -0.03818182 -0.00583349 0.00465958
v -0.03636364 -0.00583349 0.00465958
v -0.04363636 -0.00401818 0.00501074
v -0.04181818 -0.00401818 0.00501074
v -0.04000000 -0.00401818 0.00501074
v -0.03818182 -0.00401818 0.00501074
v -0.03636364 -0.00401818 0.00501074
v -0.06727273 -0.00204845 0.00522698
v -0.06545454 -0.00204845 0.00522698
v -0.06363636 -0.00204845 0.00522698
v -0.06181818 -0.00204845 0.00522698
v -0.06000000 -0.00204845 0.00522698
v -0.05818182 -0.00204845 0.00522698
v -0.05636363 -0.00204845 0.00522698
v -0.05454545 -0.00204845 0.00522698
v -0.05272727 -0.00204845 0.00522698
v -0.05090909 -0.00204845 0.00522698
v -0.04909091 -0.00204845 0.00522698
v -0.04727273 -0.00204845 0.00522698
v -0.04545455 -0.00204845 0.00522698
v -0.04363636 -0.00204845 0.00522698
v -0.04181818 -0.00204845 0.00522698
v -0.04000000 -0.00204845 0.00522698
v -0.03818182 -0.00204845 0.00522698
v -0.03636364 -0.00204845 0.00522698
v -0.03454546 -0.00970074 0.00295420
v -0.03272727 -0.00970074 0.00295420
v -0.03090909 -0.00970074 0.00295420
v -0.02909091 -0.00970074 0.00295420
v -0.03454546 -0.00873043 0.00361117
v -0.03272727 -0.00873043 0.00361117
v -0.03090909 -0.00873043 0.00361117
v -0.02909091 -0.00873043 0.00361117
v -0.02727273 -0.00970074 0.00295420
v -0.02545455 -0.00970074 0.00295420
v -0.02363636 -0.00970074 0.00295420
v -0.02181818 -0.00970074 0.00295420
v -0.02727273 -0.00873043 0.00361117
v -0.02545455 -0.00873043 0.00361117
v -0.02363636 -0.00873043 0.00361117
v -0.02181818 -0.00873043 0.00361117
v -0.02000000 -0.00970074 0.00295420
v -0.01818182 -0.00970074 0.00295420
v -0.01636364 -0.00970074 0.00295420
v -0.01454545 -0.00970074 0.00295420
v -0.01272727 -0.00970074 0.00295420
v -0.02000000 -0.00873043 0.00361117
v -0.01818182 -0.00873043 0.00361117
v -0.01636364 -0.00873043 0.00361117
v -0.01454545 -0.00873043 0.00361117
v -0.01272727 -0.00873043 0.00361117
v -0.01090909 -0.00970074 0.00295420
v -0.00909091 -0.00970074 0.00295420
v -0.00727273 -0.00970074 0.00295420
v -0.00545455 -0.00970074 0.00295420
v -0.01090909 -0.00873043 0.00361117
v -0.00909091 -0.00873043 0.00361117
v -0.00727273 -0.00873043 0.00361117
v -0.00545455 -0.00873043 0.00361117
v -0.03454546 -0.00742462 0.00418701
v -0.03272727 -0.00742462 0.00418701
v -0.03090909 -0.00742462 0.00418701
v -0.02909091 -0.00742462 0.00418701
v -0.03454546 -0.00583349 0.00465958
v -0.03272727 -0.00583349 0.00465958
v -0.03090909 -0.00583349 0.00465958
v -0.02909091 -0.00583349 0.00465958
v -0.03454546 -0.00401818 0.00501074
v -0.03272727 -0.00401818 0.00501074
v -0.03090909 -0.00401818 0.00501074
v -0.02909091 -0.00401818 0.00501074
v -0.02727273 -0.00742462 0.00418701
v -0.02545455 -0.00742462 0.00418701
v -0.02363636 -0.00742462 0.00418701
v -0.02181818 -0.00742462 0.00418701
v -0.02727273 -0.00583349 0.00465958
v -0.02545455 -0.00583349 0.00465958
v -0.02363636 -0.00583349 0.00465958
v -0.02181818 -0.00583349 0.00465958
v -0.02727273 -0.00401818 0.00501074
v -0.02545455 -0.00401818 0.00501074
v -0.02363636 -0.00401818 0.00501074
v -0.02181818 -0.00401818 0.00501074
v -0.02000000 -0.00742462 0.00418701
v -0.01818182 -0.00742462 0.00418701
v -0.01636364 -0.00742462 0.00418701
v -0.01454545 -0.00742462 0.00418701
v -0.01272727 -0.00742462 0.00418701
v -0.02000000 -0.00583349 0.00465958
v -0.01818182 -0.00583349 0.00465958
v -0.01636364 -0.00583349 0.00465958
v -0.01454545 -0.00583349 0.00465958
v -0.01272727 -0.00583349 0.00465958
v -0.02000000 -0.00401818 0.00501074
v -0.01818182 -0.00401818 0.00501074
v -0.01636364 -0.00401818 0.00501074
v -0.01454545 -0.00401818 0.00501074
v -0.01272727 -0.00401818 0.00501074
v -0.01090909 -0.00742462 0.00418701
v -0.00909091 -0.00742462 0.00418701
v -0.00727273 -0.00742462 0.00418701
v -0.00545455 -0.00742462 0.00418701
v -0.01090909 -0.00583349 0.00465958
v -0.00909091 -0.00583349 0.00465958
v -0.00727273 -0.00583349 0.00465958
v -0.00545455 -0.00583349 0.00465958
v -0.01090909 -0.00401818 0.00501074
v -0.00909091 -0.00401818 0.00501074
v -0.00727273 -0.00401818 0.00501074
v -0.00545455 -0.00401818 0.00501074
v -0.03454546 -0.00204845 0.00522698
v -0.03272727 -0.00204845 0.00522698
v -0.03090909 -0.00204845 0.00522698
v -0.02909091 -0.00204845 0.00522698
v -0.02727273 -0.00204845 0.00522698
v -0.02545455 -0.00204845 0.00522698
v -0.02363636 -0.00204845 0.00522698
v -0.02181818 -0.00204845 0.00522698
v -0.02000000 -0.00204845 0.00522698
v -0.01818182 -0.00204845 0.00522698
v -0.01636364 -0.00204845 0.00522698
v -0.01454545 -0.00204845 0.00522698
v -0.01272727 -0.00204845 0.00522698
v -0.01090909 -0.00204845 0.00522698
v -0.00909091 -0.00204845 0.00522698
v -0.00727273 -0.00204845 0.00522698
v -0.00545455 -0.00204845 0.00522698
v -0.00363636 -0.00970074 0.00295420
v -0.00181818 -0.00970074 0.00295420
v 0.00000000 -0.00970074 0.00295420
v 0.00181818 -0.00970074 0.00295420
v -0.00363636 -0.00873043 0.00361117
v -0.00181818 -0.00873043 0.00361117
v 0.00000000 -0.00873043 0.00361117
v 0.00181818 -0.00873043 0.00361117
v 0.00363636 -0.00970074 0.00295420
v 0.00545455 -0.00970074 0.00295420
v 0.00727273 -0.00970074 0.00295420
v 0.00909091 -0.00970074 0.00295420
v 0.01090909 -0.00970074 0.00295420
v 0.00363636 -0.00873043 0.00361117
v 0.00545455 -0.00873043 0.00361117
v 0.00727273 -0.00873043 0.00361117
v 0.00909091 -0.00873043 0.00361117
v 0.01090909 -0.00873043 0.00361117
v 0.01272727 -0.00970074 0.00295420
v 0.01454545 -0.00970074 0.00295420
v 0.01636364 -0.00970074 0.00295420
v 0.01818182 -0.00970074 0.00295420
v 0.01272727 -0.00873043 0.00361117
v 0.01454545 -0.00873043 0.00361117
v 0.01636364 -0.00873043 0.00361117
v 0.01818182 -0.00873043 0.00361117
v 0.02000000 -0.00970074 0.00295420
v 0.02181818 -0.00970074 0.00295420
v 0.02363636 -0.00970074 0.00295420
v 0.02545455 -0.00969439 0.00295616
v 0.02727273 -0.00955188 0.00300129
v 0.02000000 -0.00873043 0.00361117
v 0.02181818 -0.00873043 0.00361117
v 0.02363636 -0.00873043 0.00361117
v 0.02545455 -0.00872472 0.00361292
v 0.02727273 -0.00859646 0.00365320
v -0.00363636 -0.00742462 0.00418701
v -0.00181818 -0.00742462 0.00418701
v 0.00000000 -0.00742462 0.00418701
v 0.00181818 -0.00742462 0.00418701
v -0.00363636 -0.00583349 0.00465958
v -0.00181818 -0.00583349 0.00465958
v 0.00000000 -0.00583349 0.00465958
v 0.00181818 -0.00583349 0.00465958
v -0.00363636 -0.00401818 0.00501074
v -0.00181818 -0.00401818 0.00501074
v 0.00000000 -0.00401818 0.00501074
v 0.00181818 -0.00401818 0.00501074
v 0.00363636 -0.00742462 0.00418701
v 0.00545455 -0.00742462 0.00418701
v 0.00727273 -0.00742462 0.00418701
v 0.00909091 -0.00742462 0.00418701
v 0.01090909 -0.00742462 0.00418701
v 0.00363636 -0.00583349 0.00465958
v 0.00545455 -0.00583349 0.00465958
v 0.00727273 -0.00583349 0.00465958
v 0.00909091 -0.00583349 0.00465958
v 0.01090909 -0.00583349 0.00465958
v 0.00363636 -0.00401818 0.00501074
v 0.00545455 -0.00401818 0.00501074
v 0.00727273 -0.00401818 0.00501074
v 0.00909091 -0.00401818 0.00501074
v 0.01090909 -0.00401818 0.00501074
v 0.01272727 -0.00742462 0.00418701
v 0.01454545 -0.00742462 0.00418701
v 0.01636364 -0.00742462 0.00418701
v 0.01818182 -0.00742462 0.00418701
v 0.01272727 -0.00583349 0.00465958
v 0.01454545 -0.00583349 0.00465958
v 0.01636364 -0.00583349 0.00465958
v 0.01818182 -0.00583349 0.00465958
v 0.01272727 -0.00401818 0.00501074
v 0.01454545 -0.00401818 0.00501074
v 0.01636364 -0.00401818 0.00501074
v 0.01818182 -0.00401818 0.00501074
v 0.02000000 -0.00742462 0.00418701
v 0.02181818 -0.00742462 0.00418701
v 0.02363636 -0.00742462 0.00418701
v 0.02545455 -0.00741976 0.00418857
v 0.02727273 -0.00731069 0.00422461
v 0.02000000 -0.00583349 0.00465958
v 0.02181818 -0.00583349 0.00465958
v 0.02363636 -0.00583349 0.00465958
v 0.02545455 -0.00582967 0.00466099
v 0.02727273 -0.00574397 0.00469355
v 0.02000000 -0.00401818 0.00501074
v 0.02181818 -0.00401818 0.00501074
v 0.02363636 -0.00401818 0.00501074
v 0.02545455 -0.00401555 0.00501204
v 0.02727273 -0.00395652 0.00504200
v -0.00363636 -0.00204845 0.00522698
v -0.00181818 -0.00204845 0.00522698
v 0.00000000 -0.00204845 0.00522698
v 0.00181818 -0.00204845 0.00522698
v 0.00363636 -0.00204845 0.00522698
v 0.00545455 -0.00204845 0.00522698
v 0.00727273 -0.00204845 0.00522698
v 0.00909091 -0.00204845 0.00522698
v 0.01090909 -0.00204845 0.00522698
v 0.01272727 -0.00204845 0.00522698
v 0.01454545 -0.00204845 0.00522698
v 0.01636364 -0.00204845 0.00522698
v 0.01818182 -0.00204845 0.00522698
v 0.02000000 -0.00204845 0.00522698
v 0.02181818 -0.00204845 0.00522698
v 0.02363636 -0.00204845 0.00522698
v 0.02545455 -0.00204711 0.00522821
v 0.02727273 -0.00201702 0.00525658
v -0.09454545 -0.00000000 -0.00311593
v -0.09272727 -0.00000000 -0.00315191
v -0.09454545 0.00148738 -0.00305538
v -0.09272727 0.00162199 -0.00308822
v -0.09090909 -0.00000000 -0.00309282
v -0.09636363 -0.00000000 -0.00293524
v -0.09636363 0.00132165 -0.00287884
v -0.09818182 -0.00000000 -0.00205244
v -0.09818182 0.00083059 -0.00201300
v -0.09818182 0.00162927 -0.00189621
v -0.09636363 0.00259251 -0.00271181
v -0.09454545 0.00291760 -0.00287608
v -0.09272727 0.00318164 -0.00289961
v -0.08909091 -0.00000000 -0.00296650
v -0.09090909 0.00173741 -0.00302650
v -0.08909091 0.00183403 -0.00289802
v -0.09090909 0.00340805 -0.00283007
v -0.08909091 0.00359759 -0.00269520
v -0.08727273 0.00191224 -0.00273056
v -0.08545455 0.00197240 -0.00255194
v -0.09454545 0.00423570 -0.00258491
v -0.09272727 0.00461902 -0.00259331
v -0.09636363 0.00376373 -0.00244056
v -0.09636363 0.00479033 -0.00207553
v -0.09454545 0.00539103 -0.00219306
v -0.09272727 0.00587890 -0.00218111
v -0.09090909 0.00494772 -0.00251110
v -0.08727273 0.00375099 -0.00252270
v -0.08909091 0.00522288 -0.00236585
v -0.08545455 0.00386900 -0.00234029
v -0.08727273 0.00544559 -0.00218515
v -0.08545455 0.00561692 -0.00199659
v -0.09090909 0.00629726 -0.00208183
v -0.08909091 0.00664747 -0.00192262
v -0.08363637 0.00201490 -0.00238994
v -0.08181818 0.00204013 -0.00227236
v -0.08000000 0.00204845 -0.00222698
v -0.07818182 0.00204845 -0.00222698
v -0.07636364 0.00204845 -0.00222698
v -0.07454546 0.00204845 -0.00222698
v -0.07272727 0.00204845 -0.00222698
v -0.07090909 0.00204845 -0.00222698
v -0.06909091 0.00204845 -0.00222698
v -0.08363637 0.00395237 -0.00217569
v -0.08181818 0.00400185 -0.00205660
v -0.08000000 0.00401818 -0.00201074
v -0.07818182 0.00401818 -0.00201074
v -0.07636364 0.00401818 -0.00201074
v -0.07454546 0.00401818 -0.00201074
v -0.07272727 0.00401818 -0.00201074
v -0.07090909 0.00401818 -0.00201074
v -0.06909091 0.00401818 -0.00201074
v -0.06727273 0.00204845 -0.00222698
v -0.06545454 0.00204845 -0.00222698
v -0.06363636 0.00204845 -0.00222698
v -0.06181818 0.00204845 -0.00222698
v -0.06000000 0.00204845 -0.00222698
v -0.05818182 0.00204845 -0.00222698
v -0.05636363 0.00204845 -0.00222698
v -0.05454545 0.00204845 -0.00222698
v -0.05272727 0.00204845 -0.00222698
v -0.06727273 0.00401818 -0.00201074
v -0.06545454 0.00401818 -0.00201074
v -0.06363636 0.00401818 -0.00201074
v -0.06181818 0.00401818 -0.00201074
v -0.06000000 0.00401818 -0.00201074
v -0.05818182 0.00401818 -0.00201074
v -0.05636363 0.00401818 -0.00201074
v -0.05454545 0.00401818 -0.00201074
v -0.05272727 0.00401818 -0.00201074
v -0.05090909 0.00204845 -0.00222698
v -0.04909091 0.00204845 -0.00222698
v -0.04727273 0.00204845 -0.00222698
v -0.04545455 0.00204845 -0.00222698
v -0.04363636 0.00204845 -0.00222698
v -0.04181818 0.00204845 -0.00222698
v -0.04000000 0.00204845 -0.00222698
v -0.03818182 0.00204845 -0.00222698
v -0.03636364 0.00204845 -0.00222698
v -0.05090909 0.00401818 -0.00201074
v -0.04909091 0.00401818 -0.00201074
v -0.04727273 0.00401818 -0.00201074
v -0.04545455 0.00401818 -0.00201074
v -0.04363636 0.00401818 -0.00201074
v -0.04181818 0.00401818 -0.00201074
v -0.04000000 0.00401818 -0.00201074
v -0.03818182 0.00401818 -0.00201074
v -0.03636364 0.00401818 -0.00201074
v -0.10000000 -0.00000000 -0.00080000
v -0.10000000 0.00015607 -0.00078463
v -0.10000000 0.00030615 -0.00073910
v -0.09818182 0.00236533 -0.00170654
v -0.09818182 0.00301049 -0.00145130
v -0.09818182 0.00353996 -0.00114028
v -0.10000000 0.00044446 -0.00066518
v -0.10000000 0.00056569 -0.00056569
v -0.10000000 0.00066518 -0.00044446
v -0.10000000 0.00073910 -0.00030615
v -0.10000000 0.00078463 -0.00015607
v -0.10000000 0.00000000 0.00000000
v -0.10000000 0.00080000 0.00000000
v -0.10000000 0.00078463 0.00015607
v -0.10000000 0.00073910 0.00030615
v -0.09818182 0.00393340 -0.00078544
v -0.09636363 0.00563283 -0.00163073
v -0.09454545 0.00633918 -0.00171559
v -0.09272727 0.00691286 -0.00167884
v -0.09636363 0.00625886 -0.00112327
v -0.09454545 0.00704372 -0.00117085
v -0.09090909 0.00740479 -0.00155876
v -0.08727273 0.00693092 -0.00173089
v -0.08545455 0.00714898 -0.00153405
v -0.09818182 0.00417567 -0.00040041
v -0.09818182 0.00425748 0.00000000
v -0.09818182 0.00417567 0.00040041
v -0.09636363 0.00664437 -0.00057264
v -0.09454545 0.00747757 -0.00057977
v -0.09636363 0.00677454 0.00000000
v -0.08363637 0.00573796 -0.00182776
v -0.08181818 0.00580978 -0.00170622
v -0.08363637 0.00730303 -0.00135952
v -0.08000000 0.00583349 -0.00165958
v -0.07818182 0.00583349 -0.00165958
v -0.07636364 0.00583349 -0.00165958
v -0.08181818 0.00739445 -0.00123470
v -0.08000000 0.00742462 -0.00118701
v -0.07818182 0.00742462 -0.00118701
v -0.07636364 0.00742462 -0.00118701
v -0.07454546 0.00583349 -0.00165958
v -0.07272727 0.00583349 -0.00165958
v -0.07090909 0.00583349 -0.00165958
v -0.06909091 0.00583349 -0.00165958
v -0.07454546 0.00742462 -0.00118701
v -0.07272727 0.00742462 -0.00118701
v -0.07090909 0.00742462 -0.00118701
v -0.06909091 0.00742462 -0.00118701
v -0.10000000 0.00044446 0.00066518
v -0.10000000 0.00066518 0.00044446
v -0.10000000 0.00056569 0.00056569
v -0.10000000 0.00015607 0.00078463
v -0.10000000 0.00000000 0.00080000
v -0.10000000 0.00030615 0.00073910
v -0.09818182 0.00353996 0.00114028
v -0.09818182 0.00301049 0.00145130
v -0.09818182 0.00000000 0.00205244
v -0.09818182 0.00083059 0.00201300
v -0.09818182 0.00162927 0.00189621
v -0.09818182 0.00236533 0.00170654
v -0.09636363 0.00259251 0.00271181
v -0.09818182 0.00393340 0.00078544
v -0.09636363 0.00664437 0.00057264
v -0.09454545 0.00747757 0.00064964
v -0.09636363 0.00625886 0.00112327
v -0.09454545 0.00704372 0.00124072
v -0.09636363 0.00479033 0.00207553
v -0.09636363 0.00376373 0.00244056
v -0.09454545 0.00423570 0.00265478
v -0.09454545 0.00539103 0.00226293
v -0.09636363 0.00563283 0.00163073
v -0.09454545 0.00633918 0.00178546
v -0.09272727 0.00691286 0.00200404
v -0.09272727 0.00587890 0.00250631
v -0.09090909 0.00740479 0.00227664
v -0.09272727 0.00768116 -0.00110581
v -0.08909091 0.00781660 -0.00138253
v -0.09090909 0.00822776 -0.00096199
v -0.08909091 0.00868534 -0.00076636
v -0.08727273 0.00814990 -0.00117736
v -0.08545455 0.00840631 -0.00097045
v -0.09272727 0.00815427 -0.00048403
v -0.09454545 0.00762406 0.00003494
v -0.09272727 0.00831402 0.00016260
v -0.09090909 0.00873455 -0.00031447
v -0.08727273 0.00905568 -0.00054585
v -0.08545455 0.00934059 -0.00032743
v -0.08909091 0.00922031 -0.00009777
v -0.09090909 0.00890567 0.00035894
v -0.08727273 0.00961346 0.00013938
v -0.08545455 0.00991592 0.00037028
v -0.08363637 0.00858746 -0.00078898
v -0.08181818 0.00869496 -0.00066015
v -0.08000000 0.00873043 -0.00061117
v -0.07818182 0.00873043 -0.00061117
v -0.07636364 0.00873043 -0.00061117
v -0.08363637 0.00954187 -0.00013805
v -0.08181818 0.00966132 -0.00000465
v -0.08000000 0.00970074 0.00004580
v -0.07818182 0.00970074 0.00004580
v -0.07636364 0.00970074 0.00004580
v -0.07454546 0.00873043 -0.00061117
v -0.07272727 0.00873043 -0.00061117
v -0.07090909 0.00873043 -0.00061117
v -0.06909091 0.00873043 -0.00061117
v -0.07454546 0.00970074 0.00004580
v -0.07272727 0.00970074 0.00004580
v -0.07090909 0.00970074 0.00004580
v -0.06909091 0.00970074 0.00004580
v -0.09272727 0.00815427 0.00080923
v -0.09272727 0.00768116 0.00143101
v -0.09090909 0.00873455 0.00103235
v -0.08909091 0.00922031 0.00129285
v -0.08909091 0.00940094 0.00059754
v -0.08727273 0.00980180 0.00085199
v -0.08545455 0.01011018 0.00109587
v -0.08727273 0.00961346 0.00156461
v -0.09090909 0.00822776 0.00167987
v -0.08909091 0.00868534 0.00196144
v -0.08909091 0.00781660 0.00257762
v -0.08727273 0.00905568 0.00224984
v -0.08545455 0.00934059 0.00251918
v -0.08545455 0.00991592 0.00182147
v -0.08363637 0.01012960 0.00056825
v -0.08181818 0.01025640 0.00070661
v -0.08000000 0.01029825 0.00075866
v -0.07818182 0.01029825 0.00075866
v -0.07636364 0.01029825 0.00075866
v -0.08363637 0.01032805 0.00130278
v -0.08181818 0.01045734 0.00144629
v -0.08000000 0.01050000 0.00150000
v -0.07818182 0.01050000 0.00150000
v -0.07636364 0.01050000 0.00150000
v -0.07454546 0.01029825 0.00075866
v -0.07272727 0.01029825 0.00075866
v -0.07090909 0.01029825 0.00075866
v -0.06909091 0.01029825 0.00075866
v -0.07454546 0.01050000 0.00150000
v -0.07272727 0.01050000 0.00150000
v -0.07090909 0.01050000 0.00150000
v -0.06909091 0.01050000 0.00150000
v -0.08363637 0.01012960 0.00203731
v -0.08181818 0.01025640 0.00218598
v -0.08363637 0.00954187 0.00274361
v -0.08000000 0.01029825 0.00224134
v -0.07818182 0.01029825 0.00224134
v -0.07636364 0.01029825 0.00224134
v -0.07454546 0.01029825 0.00224134
v -0.07272727 0.01029825 0.00224134
v -0.07090909 0.01029825 0.00224134
v -0.06909091 0.01029825 0.00224134
v -0.06727273 0.00583349 -0.00165958
v -0.06545454 0.00583349 -0.00165958
v -0.06363636 0.00583349 -0.00165958
v -0.06181818 0.00583349 -0.00165958
v -0.06727273 0.00742462 -0.00118701
v -0.06545454 0.00742462 -0.00118701
v -0.06363636 0.00742462 -0.00118701
v -0.06181818 0.00742462 -0.00118701
v -0.06000000 0.00583349 -0.00165958
v -0.05818182 0.00583349 -0.00165958
v -0.05636363 0.00583349 -0.00165958
v -0.05454545 0.00583349 -0.00165958
v -0.05272727 0.00583349 -0.00165958
v -0.06000000 0.00742462 -0.00118701
v -0.05818182 0.00742462 -0.00118701
v -0.05636363 0.00742462 -0.00118701
v -0.05454545 0.00742462 -0.00118701
v -0.05272727 0.00742462 -0.00118701
v -0.05090909 0.00583349 -0.00165958
v -0.04909091 0.00583349 -0.00165958
v -0.04727273 0.00583349 -0.00165958
v -0.04545455 0.00583349 -0.00165958
v -0.05090909 0.00742462 -0.00118701
v -0.04909091 0.00742462 -0.00118701
v -0.04727273 0.00742462 -0.00118701
v -0.04545455 0.00742462 -0.00118701
v -0.04363636 0.00583349 -0.00165958
v -0.04181818 0.00583349 -0.00165958
v -0.04000000 0.00583349 -0.00165958
v -0.03818182 0.00583349 -0.00165958
v -0.03636364 0.00583349 -0.00165958
v -0.04363636 0.00742462 -0.00118701
v -0.04181818 0.00742462 -0.00118701
v -0.04000000 0.00742462 -0.00118701
v -0.03818182 0.00742462 -0.00118701
v -0.03636364 0.00742462 -0.00118701
v -0.06727273 0.00873043 -0.00061117
v -0.06545454 0.00873043 -0.00061117
v -0.06363636 0.00873043 -0.00061117
v -0.06181818 0.00873043 -0.00061117
v -0.06727273 0.00970074 0.00004580
v -0.06545454 0.00970074 0.00004580
v -0.06363636 0.00970074 0.00004580
v -0.06181818 0.00970074 0.00004580
v -0.06000000 0.00873043 -0.00061117
v -0.05818182 0.00873043 -0.00061117
v -0.05636363 0.00873043 -0.00061117
v -0.05454545 0.00873043 -0.00061117
v -0.05272727 0.00873043 -0.00061117
v -0.06000000 0.00970074 0.00004580
v -0.05818182 0.00970074 0.00004580
v -0.05636363 0.00970074 0.00004580
v -0.05454545 0.00970074 0.00004580
v -0.05272727 0.00970074 0.00004580
v -0.05090909 0.00873043 -0.00061117
v -0.04909091 0.00873043 -0.00061117
v -0.04727273 0.00873043 -0.00061117
v -0.04545455 0.00873043 -0.00061117
v -0.05090909 0.00970074 0.00004580
v -0.04909091 0.00970074 0.00004580
v -0.04727273 0.00970074 0.00004580
v -0.04545455 0.00970074 0.00004580
v -0.04363636 0.00873043 -0.00061117
v -0.04181818 0.00873043 -0.00061117
v -0.04000000 0.00873043 -0.00061117
v -0.03818182 0.00873043 -0.00061117
v -0.03636364 0.00873043 -0.00061117
v -0.04363636 0.00970074 0.00004580
v -0.04181818 0.00970074 0.00004580
v -0.04000000 0.00970074 0.00004580
v -0.03818182 0.00970074 0.00004580
v -0.03636364 0.00970074 0.00004580
v -0.06727273 0.01029825 0.00075866
v -0.06545454 0.01029825 0.00075866
v -0.06363636 0.01029825 0.00075866
v -0.06181818 0.01029825 0.00075866
v -0.06727273 0.01050000 0.00150000
v -0.06545454 0.01050000 0.00150000
v -0.06363636 0.01050000 0.00150000
v -0.06181818 0.01050000 0.00150000
v -0.06000000 0.01029825 0.00075866
v -0.05818182 0.01029825 0.00075866
v -0.05636363 0.01029825 0.00075866
v -0.05454545 0.01029825 0.00075866
v -0.05272727 0.01029825 0.00075866
v -0.06000000 0.01050000 0.00150000
v -0.05818182 0.01050000 0.00150000
v -0.05636363 0.01050000 0.00150000
v -0.05454545 0.01050000 0.00150000
v -0.05272727 0.01050000 0.00150000
v -0.06727273 0.01029825 0.00224134
v -0.06545454 0.01029825 0.00224134
v -0.06363636 0.01029825 0.00224134
v -0.06181818 0.01029825 0.00224134
v -0.06000000 0.01029825 0.00224134
v -0.05818182 0.01029825 0.00224134
v -0.05636363 0.01029825 0.00224134
v -0.05454545 0.01029825 0.00224134
v -0.05272727 0.01029825 0.00224134
v -0.05090909 0.01029825 0.00075866
v -0.04909091 0.01029825 0.00075866
v -0.04727273 0.01029825 0.00075866
v -0.04545455 0.01029825 0.00075866
v -0.05090909 0.01050000 0.00150000
v -0.04909091 0.01050000 0.00150000
v -0.04727273 0.01050000 0.00150000
v -0.04545455 0.01050000 0.00150000
v -0.04363636 0.01029825 0.00075866
v -0.04181818 0.01029825 0.00075866
v -0.04000000 0.01029825 0.00075866
v -0.03818182 0.01029825 0.00075866
v -0.03636364 0.01029825 0.00075866
v -0.04363636 0.01050000 0.00150000
v -0.04181818 0.01050000 0.00150000
v -0.04000000 0.01050000 0.00150000
v -0.03818182 0.01050000 0.00150000
v -0.03636364 0.01050000 0.00150000
v -0.05090909 0.01029825 0.00224134
v -0.04909091 0.01029825 0.00224134
v -0.04727273 0.01029825 0.00224134
v -0.04545455 0.01029825 0.00224134
v -0.04363636 0.01029825 0.00224134
v -0.04181818 0.01029825 0.00224134
v -0.04000000 0.01029825 0.00224134
v -0.03818182 0.01029825 0.00224134
v -0.03636364 0.01029825 0.00224134
v -0.03454546 0.00204845 -0.00222698
v -0.03272727 0.00204845 -0.00222698
v -0.03090909 0.00204845 -0.00222698
v -0.02909091 0.00204845 -0.00222698
v -0.02727273 0.00204845 -0.00222698
v -0.02545455 0.00204845 -0.00222698
v -0.02363636 0.00204845 -0.00222698
v -0.02181818 0.00204845 -0.00222698
v -0.03454546 0.00401818 -0.00201074
v -0.03272727 0.00401818 -0.00201074
v -0.03090909 0.00401818 -0.00201074
v -0.02909091 0.00401818 -0.00201074
v -0.02727273 0.00401818 -0.00201074
v -0.02545455 0.00401818 -0.00201074
v -0.02363636 0.00401818 -0.00201074
v -0.02181818 0.00401818 -0.00201074
v -0.02000000 0.00204845 -0.00222698
v -0.01818182 0.00204845 -0.00222698
v -0.01636364 0.00204845 -0.00222698
v -0.01454545 0.00204845 -0.00222698
v -0.01272727 0.00204845 -0.00222698
v -0.01090909 0.00204845 -0.00222698
v -0.00909091 0.00204845 -0.00222698
v -0.00727273 0.00204845 -0.00222698
v -0.00545455 0.00204845 -0.00222698
v -0.02000000 0.00401818 -0.00201074
v -0.01818182 0.00401818 -0.00201074
v -0.01636364 0.00401818 -0.00201074
v -0.01454545 0.00401818 -0.00201074
v -0.01272727 0.00401818 -0.00201074
v -0.01090909 0.00401818 -0.00201074
v -0.00909091 0.00401818 -0.00201074
v -0.00727273 0.00401818 -0.00201074
v -0.00545455 0.00401818 -0.00201074
v -0.00363636 0.00204845 -0.00222698
v -0.00181818 0.00204845 -0.00222698
v 0.00000000 0.00204845 -0.00222698
v 0.00181818 0.00204845 -0.00222698
v 0.00363636 0.00204845 -0.00222698
v 0.00545455 0.00204845 -0.00222698
v 0.00727273 0.00204845 -0.00222698
v 0.00909091 0.00204845 -0.00222698
v 0.01090909 0.00204845 -0.00222698
v -0.00363636 0.00401818 -0.00201074
v -0.00181818 0.00401818 -0.00201074
v 0.00000000 0.00401818 -0.00201074
v 0.00181818 0.00401818 -0.00201074
v 0.00363636 0.00401818 -0.00201074
v 0.00545455 0.00401818 -0.00201074
v 0.00727273 0.00401818 -0.00201074
v 0.00909091 0.00401818 -0.00201074
v 0.01090909 0.00401818 -0.00201074
v 0.01272727 0.00204845 -0.00222698
v 0.01454545 0.00204845 -0.00222698
v 0.01636364 0.00204845 -0.00222698
v 0.01818182 0.00204845 -0.00222698
v 0.02000000 0.00204845 -0.00222698
v 0.02181818 0.00204845 -0.00222698
v 0.02363636 0.00204845 -0.00222698
v 0.02545455 0.00204711 -0.00222333
v 0.02727273 0.00201702 -0.00213999
v 0.01272727 0.00401818 -0.00201074
v 0.01454545 0.00401818 -0.00201074
v 0.01636364 0.00401818 -0.00201074
v 0.01818182 0.00401818 -0.00201074
v 0.02000000 0.00401818 -0.00201074
v 0.02181818 0.00401818 -0.00201074
v 0.02363636 0.00401818 -0.00201074
v 0.02545455 0.00401555 -0.00200716
v 0.02727273 0.00395652 -0.00192541
v -0.03454546 0.00583349 -0.00165958
v -0.03272727 0.00583349 -0.00165958
v -0.03090909 0.00583349 -0.00165958
v -0.02909091 0.00583349 -0.00165958
v -0.03454546 0.00742462 -0.00118701
v -0.03272727 0.00742462 -0.00118701
v -0.03090909 0.00742462 -0.00118701
v -0.02909091 0.00742462 -0.00118701
v -0.02727273 0.00583349 -0.00165958
v -0.02545455 0.00583349 -0.00165958
v -0.02363636 0.00583349 -0.00165958
v -0.02181818 0.00583349 -0.00165958
v -0.02727273 0.00742462 -0.00118701
v -0.02545455 0.00742462 -0.00118701
v -0.02363636 0.00742462 -0.00118701
v -0.02181818 0.00742462 -0.00118701
v -0.02000000 0.00583349 -0.00165958
v -0.01818182 0.00583349 -0.00165958
v -0.01636364 0.00583349 -0.00165958
v -0.01454545 0.00583349 -0.00165958
v -0.01272727 0.00583349 -0.00165958
v -0.02000000 0.00742462 -0.00118701
v -0.01818182 0.00742462 -0.00118701
v -0.01636364 0.00742462 -0.00118701
v -0.01454545 0.00742462 -0.00118701
v -0.01272727 0.00742462 -0.00118701
v -0.01090909 0.00583349 -0.00165958
v -0.00909091 0.00583349 -0.00165958
v -0.00727273 0.00583349 -0.00165958
v -0.00545455 0.00583349 -0.00165958
v -0.01090909 0.00742462 -0.00118701
v -0.00909091 0.00742462 -0.00118701
v -0.00727273 0.00742462 -0.00118701
v -0.00545455 0.00742462 -0.00118701
v -0.03454546 0.00873043 -0.00061117
v -0.03272727 0.00873043 -0.00061117
v -0.03090909 0.00873043 -0.00061117
v -0.02909091 0.00873043 -0.00061117
v -0.03454546 0.00970074 0.00004580
v -0.03272727 0.00970074 0.00004580
v -0.03090909 0.00970074 0.00004580
v -0.02909091 0.00970074 0.00004580
v -0.02727273 0.00873043 -0.00061117
v -0.02545455 0.00873043 -0.00061117
v -0.02363636 0.00873043 -0.00061117
v -0.02181818 0.00873043 -0.00061117
v -0.02727273 0.00970074 0.00004580
v -0.02545455 0.00970074 0.00004580
v -0.02363636 0.00970074 0.00004580
v -0.02181818 0.00970074 0.00004580
v -0.02000000 0.00873043 -0.00061117
v -0.01818182 0.00873043 -0.00061117
v -0.01636364 0.00873043 -0.00061117
v -0.01454545 0.00873043 -0.00061117
v -0.01272727 0.00873043 -0.00061117
v -0.02000000 0.00970074 0.00004580
v -0.01818182 0.00970074 0.00004580
v -0.01636364 0.00970074 0.00004580
v -0.01454545 0.00970074 0.00004580
v -0.01272727 0.00970074 0.00004580
v -0.01090909 0.00873043 -0.00061117
v -0.00909091 0.00873043 -0.00061117
v -0.00727273 0.00873043 -0.00061117
v -0.00545455 0.00873043 -0.00061117
v -0.01090909 0.00970074 0.00004580
v -0.00909091 0.00970074 0.00004580
v -0.00727273 0.00970074 0.00004580
v -0.00545455 0.00970074 0.00004580
v -0.03454546 0.01029825 0.00075866
v -0.03272727 0.01029825 0.00075866
v -0.03090909 0.01029825 0.00075866
v -0.02909091 0.01029825 0.00075866
v -0.03454546 0.01050000 0.00150000
v -0.03272727 0.01050000 0.00150000
v -0.03090909 0.01050000 0.00150000
v -0.02909091 0.01050000 0.00150000
v -0.02727273 0.01029825 0.00075866
v -0.02545455 0.01029825 0.00075866
v -0.02363636 0.01029825 0.00075866
v -0.02181818 0.01029825 0.00075866
v -0.02727273 0.01050000 0.00150000
v -0.02545455 0.01050000 0.00150000
v -0.02363636 0.01050000 0.00150000
v -0.02181818 0.01050000 0.00150000
v -0.03454546 0.01029825 0.00224134
v -0.03272727 0.01029825 0.00224134
v -0.03090909 0.01029825 0.00224134
v -0.02909091 0.01029825 0.00224134
v -0.02727273 0.01029825 0.00224134
v -0.02545455 0.01029825 0.00224134
v -0.02363636 0.01029825 0.00224134
v -0.02181818 0.01029825 0.00224134
v -0.02000000 0.01029825 0.00075866
v -0.01818182 0.01029825 0.00075866
v -0.01636364 0.01029825 0.00075866
v -0.01454545 0.01029825 0.00075866
v -0.01272727 0.01029825 0.00075866
v -0.02000000 0.01050000 0.00150000
v -0.01818182 0.01050000 0.00150000
v -0.01636364 0.01050000 0.00150000
v -0.01454545 0.01050000 0.00150000
v -0.01272727 0.01050000 0.00150000
v -0.01090909 0.01029825 0.00075866
v -0.00909091 0.01029825 0.00075866
v -0.00727273 0.01029825 0.00075866
v -0.00545455 0.01029825 0.00075866
v -0.01090909 0.01050000 0.00150000
v -0.00909091 0.01050000 0.00150000
v -0.00727273 0.01050000 0.00150000
v -0.00545455 0.01050000 0.00150000
v -0.02000000 0.01029825 0.00224134
v -0.01818182 0.01029825 0.00224134
v -0.01636364 0.01029825 0.00224134
v -0.01454545 0.01029825 0.00224134
v -0.01272727 0.01029825 0.00224134
v -0.01090909 0.01029825 0.00224134
v -0.00909091 0.01029825 0.00224134
v -0.00727273 0.01029825 0.00224134
v -0.00545455 0.01029825 0.00224134
v -0.00363636 0.00583349 -0.00165958
v -0.00181818 0.00583349 -0.00165958
v 0.00000000 0.00583349 -0.00165958
v 0.00181818 0.00583349 -0.00165958
v -0.00363636 0.00742462 -0.00118701
v -0.00181818 0.00742462 -0.00118701
v 0.00000000 0.00742462 -0.00118701
v 0.00181818 0.00742462 -0.00118701
v 0.00363636 0.00583349 -0.00165958
v 0.00545455 0.00583349 -0.00165958
v 0.00727273 0.00583349 -0.00165958
v 0.00909091 0.00583349 -0.00165958
v 0.01090909 0.00583349 -0.00165958
v 0.00363636 0.00742462 -0.00118701
v 0.00545455 0.00742462 -0.00118701
v 0.00727273 0.00742462 -0.00118701
v 0.00909091 0.00742462 -0.00118701
v 0.01090909 0.00742462 -0.00118701
v 0.01272727 0.00583349 -0.00165958
v 0.01454545 0.00583349 -0.00165958
v 0.01636364 0.00583349 -0.00165958
v 0.01818182 0.00583349 -0.00165958
v 0.01272727 0.00742462 -0.00118701
v 0.01454545 0.00742462 -0.00118701
v 0.01636364 0.00742462 -0.00118701
v 0.01818182 0.00742462 -0.00118701
v 0.02000000 0.00583349 -0.00165958
v 0.02181818 0.00583349 -0.00165958
v 0.02363636 0.00583349 -0.00165958
v 0.02545455 0.00582967 -0.00165612
v 0.02727273 0.00574397 -0.00157696
v 0.02000000 0.00742462 -0.00118701
v 0.02181818 0.00742462 -0.00118701
v 0.02363636 0.00742462 -0.00118701
v 0.02545455 0.00741976 -0.00118369
v 0.02727273 0.00731069 -0.00110802
v -0.00363636 0.00873043 -0.00061117
v -0.00181818 0.00873043 -0.00061117
v 0.00000000 0.00873043 -0.00061117
v 0.00181818 0.00873043 -0.00061117
v -0.00363636 0.00970074 0.00004580
v -0.00181818 0.00970074 0.00004580
v 0.00000000 0.00970074 0.00004580
v 0.00181818 0.00970074 0.00004580
v 0.00363636 0.00873043 -0.00061117
v 0.00545455 0.00873043 -0.00061117
v 0.00727273 0.00873043 -0.00061117
v 0.00909091 0.00873043 -0.00061117
v 0.01090909 0.00873043 -0.00061117
v 0.00363636 0.00970074 0.00004580
v 0.00545455 0.00970074 0.00004580
v 0.00727273 0.00970074 0.00004580
v 0.00909091 0.00970074 0.00004580
v 0.01090909 0.00970074 0.00004580
v 0.01272727 0.00873043 -0.00061117
v 0.01454545 0.00873043 -0.00061117
v 0.01636364 0.00873043 -0.00061117
v 0.01818182 0.00873043 -0.00061117
v 0.01272727 0.00970074 0.00004580
v 0.01454545 0.00970074 0.00004580
v 0.01636364 0.00970074 0.00004580
v 0.01818182 0.00970074 0.00004580
v 0.02000000 0.00873043 -0.00061117
v 0.02181818 0.00873043 -0.00061117
v 0.02363636 0.00873043 -0.00061117
v 0.02545455 0.00872472 -0.00060804
v 0.02727273 0.00859646 -0.00053661
v 0.02000000 0.00970074 0.00004580
v 0.02181818 0.00970074 0.00004580
v 0.02363636 0.00970074 0.00004580
v 0.02545455 0.00969439 0.00004872
v 0.02727273 0.00955188 0.00011530
v -0.00363636 0.01029825 0.00075866
v -0.00181818 0.01029825 0.00075866
v 0.00000000 0.01029825 0.00075866
v 0.00181818 0.01029825 0.00075866
v -0.00363636 0.01050000 0.00150000
v -0.00181818 0.01050000 0.00150000
v 0.00000000 0.01050000 0.00150000
v 0.00181818 0.01050000 0.00150000
v 0.00363636 0.01029825 0.00075866
v 0.00545455 0.01029825 0.00075866
v 0.00727273 0.01029825 0.00075866
v 0.00909091 0.01029825 0.00075866
v 0.01090909 0.01029825 0.00075866
v 0.00363636 0.01050000 0.00150000
v 0.00545455 0.01050000 0.00150000
v 0.00727273 0.01050000 0.00150000
v 0.00909091 0.01050000 0.00150000
v 0.01090909 0.01050000 0.00150000
v -0.00363636 0.01029825 0.00224134
v -0.00181818 0.01029825 0.00224134
v 0.00000000 0.01029825 0.00224134
v 0.00181818 0.01029825 0.00224134
v 0.00363636 0.01029825 0.00224134
v 0.00545455 0.01029825 0.00224134
v 0.00727273 0.01029825 0.00224134
v 0.00909091 0.01029825 0.00224134
v 0.01090909 0.01029825 0.00224134
v 0.01272727 0.01029825 0.00075866
v 0.01454545 0.01029825 0.00075866
v 0.01636364 0.01029825 0.00075866
v 0.01818182 0.01029825 0.00075866
v 0.01272727 0.01050000 0.00150000
v 0.01454545 0.01050000 0.00150000
v 0.01636364 0.01050000 0.00150000
v 0.01818182 0.01050000 0.00150000
v 0.02000000 0.01029825 0.00075866
v 0.02181818 0.01029825 0.00075866
v 0.02363636 0.01029825 0.00075866
v 0.02545455 0.01029151 0.00076134
v 0.02727273 0.01014022 0.00082266
v 0.02000000 0.01050000 0.00150000
v 0.02181818 0.01050000 0.00150000
v 0.02363636 0.01050000 0.00150000
v 0.02545455 0.01049313 0.00150244
v 0.02727273 0.01033888 0.00155830
v 0.01272727 0.01029825 0.00224134
v 0.01454545 0.01029825 0.00224134
v 0.01636364 0.01029825 0.00224134
v 0.01818182 0.01029825 0.00224134
v 0.02000000 0.01029825 0.00224134
v 0.02181818 0.01029825 0.00224134
v 0.02363636 0.01029825 0.00224134
v 0.02545455 0.01029151 0.00224354
v 0.02727273 0.01014022 0.00229393
v -0.09636363 0.00000000 0.00293524
v -0.09636363 0.00132165 0.00287884
v -0.09454545 0.00000000 0.00318580
v -0.09454545 0.00148738 0.00312526
v -0.09272727 0.00000000 0.00347711
v -0.09272727 0.00162199 0.00341342
v -0.09454545 0.00291760 0.00294595
v -0.09272727 0.00318164 0.00322481
v -0.09090909 0.00000000 0.00381071
v -0.09090909 0.00173741 0.00374438
v -0.09090909 0.00340805 0.00354796
v -0.08909091 0.00359759 0.00389029
v -0.08909091 0.00000000 0.00416158
v -0.08909091 0.00183403 0.00409310
v -0.08727273 0.00000000 0.00450473
v -0.08545455 0.00000000 0.00481516
v -0.08727273 0.00191224 0.00443455
v -0.08545455 0.00197240 0.00474369
v -0.09272727 0.00461902 0.00291852
v -0.09090909 0.00494772 0.00322898
v -0.08909091 0.00522288 0.00356093
v -0.08727273 0.00544559 0.00388914
v -0.09090909 0.00629726 0.00279971
v -0.08909091 0.00664747 0.00311770
v -0.08727273 0.00693092 0.00343487
v -0.08545455 0.00714898 0.00372580
v -0.08727273 0.00375099 0.00422669
v -0.08545455 0.00561692 0.00418834
v -0.08545455 0.00386900 0.00453204
v -0.08363637 0.00201490 0.00499550
v -0.08363637 0.00395237 0.00478125
v -0.08181818 0.00400185 0.00494918
v -0.08000000 0.00401818 0.00501074
v -0.07818182 0.00401818 0.00501074
v -0.07636364 0.00401818 0.00501074
v -0.08363637 0.00573796 0.00443332
v -0.08363637 0.00730303 0.00396508
v -0.08181818 0.00739445 0.00412729
v -0.08000000 0.00742462 0.00418701
v -0.07818182 0.00742462 0.00418701
v -0.07636364 0.00742462 0.00418701
v -0.08181818 0.00580978 0.00459881
v -0.08000000 0.00583349 0.00465958
v -0.07818182 0.00583349 0.00465958
v -0.07636364 0.00583349 0.00465958
v -0.07454546 0.00401818 0.00501074
v -0.07272727 0.00401818 0.00501074
v -0.07090909 0.00401818 0.00501074
v -0.06909091 0.00401818 0.00501074
v -0.07454546 0.00742462 0.00418701
v -0.07272727 0.00742462 0.00418701
v -0.07090909 0.00742462 0.00418701
v -0.06909091 0.00742462 0.00418701
v -0.07454546 0.00583349 0.00465958
v -0.07272727 0.00583349 0.00465958
v -0.07090909 0.00583349 0.00465958
v -0.06909091 0.00583349 0.00465958
v -0.08363637 0.00000000 0.00506784
v -0.08181818 0.00000000 0.00523779
v -0.08000000 0.00000000 0.00530000
v -0.07818182 0.00000000 0.00530000
v -0.07636364 0.00000000 0.00530000
v -0.08181818 0.00204013 0.00516494
v -0.08000000 0.00204845 0.00522698
v -0.07818182 0.00204845 0.00522698
v -0.07636364 0.00204845 0.00522698
v -0.07454546 0.00000000 0.00530000
v -0.07272727 0.00000000 0.00530000
v -0.07090909 0.00000000 0.00530000
v -0.06909091 0.00000000 0.00530000
v -0.07454546 0.00204845 0.00522698
v -0.07272727 0.00204845 0.00522698
v -0.07090909 0.00204845 0.00522698
v -0.06909091 0.00204845 0.00522698
v -0.08727273 0.00814990 0.00288135
v -0.08545455 0.00840631 0.00316220
v -0.08363637 0.00858746 0.00339454
v -0.08181818 0.00869496 0.00355274
v -0.08000000 0.00873043 0.00361117
v -0.07818182 0.00873043 0.00361117
v -0.07636364 0.00873043 0.00361117
v -0.08181818 0.00966132 0.00289724
v -0.08000000 0.00970074 0.00295420
v -0.07818182 0.00970074 0.00295420
v -0.07636364 0.00970074 0.00295420
v -0.07454546 0.00873043 0.00361117
v -0.07272727 0.00873043 0.00361117
v -0.07090909 0.00873043 0.00361117
v -0.06909091 0.00873043 0.00361117
v -0.07454546 0.00970074 0.00295420
v -0.07272727 0.00970074 0.00295420
v -0.07090909 0.00970074 0.00295420
v -0.06909091 0.00970074 0.00295420
v -0.06727273 0.00401818 0.00501074
v -0.06545454 0.00401818 0.00501074
v -0.06363636 0.00401818 0.00501074
v -0.06181818 0.00401818 0.00501074
v -0.06727273 0.00742462 0.00418701
v -0.06545454 0.00742462 0.00418701
v -0.06363636 0.00742462 0.00418701
v -0.06181818 0.00742462 0.00418701
v -0.06727273 0.00583349 0.00465958
v -0.06545454 0.00583349 0.00465958
v -0.06363636 0.00583349 0.00465958
v -0.06181818 0.00583349 0.00465958
v -0.06000000 0.00401818 0.00501074
v -0.05818182 0.00401818 0.00501074
v -0.05636363 0.00401818 0.00501074
v -0.05454545 0.00401818 0.00501074
v -0.05272727 0.00401818 0.00501074
v -0.06000000 0.00742462 0.00418701
v -0.05818182 0.00742462 0.00418701
v -0.05636363 0.00742462 0.00418701
v -0.05454545 0.00742462 0.00418701
v -0.05272727 0.00742462 0.00418701
v -0.06000000 0.00583349 0.00465958
v -0.05818182 0.00583349 0.00465958
v -0.05636363 0.00583349 0.00465958
v -0.05454545 0.00583349 0.00465958
v -0.05272727 0.00583349 0.00465958
v -0.05090909 0.00401818 0.00501074
v -0.04909091 0.00401818 0.00501074
v -0.04727273 0.00401818 0.00501074
v -0.04545455 0.00401818 0.00501074
v -0.05090909 0.00742462 0.00418701
v -0.04909091 0.00742462 0.00418701
v -0.04727273 0.00742462 0.00418701
v -0.04545455 0.00742462 0.00418701
v -0.05090909 0.00583349 0.00465958
v -0.04909091 0.00583349 0.00465958
v -0.04727273 0.00583349 0.00465958
v -0.04545455 0.00583349 0.00465958
v -0.04363636 0.00401818 0.00501074
v -0.04181818 0.00401818 0.00501074
v -0.04000000 0.00401818 0.00501074
v -0.03818182 0.00401818 0.00501074
v -0.03636364 0.00401818 0.00501074
v -0.04363636 0.00742462 0.00418701
v -0.04181818 0.00742462 0.00418701
v -0.04000000 0.00742462 0.00418701
v -0.03818182 0.00742462 0.00418701
v -0.03636364 0.00742462 0.00418701
v -0.04363636 0.00583349 0.00465958
v -0.04181818 0.00583349 0.00465958
v -0.04000000 0.00583349 0.00465958
v -0.03818182 0.00583349 0.00465958
v -0.03636364 0.00583349 0.00465958
v -0.06727273 0.00000000 0.00530000
v -0.06545454 0.00000000 0.00530000
v -0.06363636 0.00000000 0.00530000
v -0.06181818 0.00000000 0.00530000
v -0.06727273 0.00204845 0.00522698
v -0.06545454 0.00204845 0.00522698
v -0.06363636 0.00204845 0.00522698
v -0.06181818 0.00204845 0.00522698
v -0.06000000 0.00000000 0.00530000
v -0.05818182 0.00000000 0.00530000
v -0.05636363 0.00000000 0.00530000
v -0.05454545 0.00000000 0.00530000
v -0.05272727 0.00000000 0.00530000
v -0.06000000 0.00204845 0.00522698
v -0.05818182 0.00204845 0.00522698
v -0.05636363 0.00204845 0.00522698
v -0.05454545 0.00204845 0.00522698
v -0.05272727 0.00204845 0.00522698
v -0.05090909 0.00000000 0.00530000
v -0.04909091 0.00000000 0.00530000
v -0.04727273 0.00000000 0.00530000
v -0.04545455 0.00000000 0.00530000
v -0.05090909 0.00204845 0.00522698
v -0.04909091 0.00204845 0.00522698
v -0.04727273 0.00204845 0.00522698
v -0.04545455 0.00204845 0.00522698
v -0.04363636 0.00000000 0.00530000
v -0.04181818 0.00000000 0.00530000
v -0.04000000 0.00000000 0.00530000
v -0.03818182 0.00000000 0.00530000
v -0.03636364 0.00000000 0.00530000
v -0.04363636 0.00204845 0.00522698
v -0.04181818 0.00204845 0.00522698
v -0.04000000 0.00204845 0.00522698
v -0.03818182 0.00204845 0.00522698
v -0.03636364 0.00204845 0.00522698
v -0.06727273 0.00873043 0.00361117
v -0.06545454 0.00873043 0.00361117
v -0.06363636 0.00873043 0.00361117
v -0.06181818 0.00873043 0.00361117
v -0.06727273 0.00970074 0.00295420
v -0.06545454 0.00970074 0.00295420
v -0.06363636 0.00970074 0.00295420
v -0.06181818 0.00970074 0.00295420
v -0.06000000 0.00873043 0.00361117
v -0.05818182 0.00873043 0.00361117
v -0.05636363 0.00873043 0.00361117
v -0.05454545 0.00873043 0.00361117
v -0.05272727 0.00873043 0.00361117
v -0.06000000 0.00970074 0.00295420
v -0.05818182 0.00970074 0.00295420
v -0.05636363 0.00970074 0.00295420
v -0.05454545 0.00970074 0.00295420
v -0.05272727 0.00970074 0.00295420
v -0.05090909 0.00873043 0.00361117
v -0.04909091 0.00873043 0.00361117
v -0.04727273 0.00873043 0.00361117
v -0.04545455 0.00873043 0.00361117
v -0.05090909 0.00970074 0.00295420
v -0.04909091 0.00970074 0.00295420
v -0.04727273 0.00970074 0.00295420
v -0.04545455 0.00970074 0.00295420
v -0.04363636 0.00873043 0.00361117
v -0.04181818 0.00873043 0.00361117
v -0.04000000 0.00873043 0.00361117
v -0.03818182 0.00873043 0.00361117
v -0.03636364 0.00873043 0.00361117
v -0.04363636 0.00970074 0.00295420
v -0.04181818 0.00970074 0.00295420
v -0.04000000 0.00970074 0.00295420
v -0.03818182 0.00970074 0.00295420
v -0.03636364 0.00970074 0.00295420
v -0.03454546 0.00401818 0.00501074
v -0.03272727 0.00401818 0.00501074
v -0.03090909 0.00401818 0.00501074
v -0.02909091 0.00401818 0.00501074
v -0.03454546 0.00742462 0.00418701
v -0.03272727 0.00742462 0.00418701
v -0.03090909 0.00742462 0.00418701
v -0.02909091 0.00742462 0.00418701
v -0.03454546 0.00583349 0.00465958
v -0.03272727 0.00583349 0.00465958
v -0.03090909 0.00583349 0.00465958
v -0.02909091 0.00583349 0.00465958
v -0.02727273 0.00401818 0.00501074
v -0.02545455 0.00401818 0.00501074
v -0.02363636 0.00401818 0.00501074
v -0.02181818 0.00401818 0.00501074
v -0.02727273 0.00742462 0.00418701
v -0.02545455 0.00742462 0.00418701
v -0.02363636 0.00742462 0.00418701
v -0.02181818 0.00742462 0.00418701
v -0.02727273 0.00583349 0.00465958
v -0.02545455 0.00583349 0.00465958
v -0.02363636 0.00583349 0.00465958
v -0.02181818 0.00583349 0.00465958
v -0.02000000 0.00401818 0.00501074
v -0.01818182 0.00401818 0.00501074
v -0.01636364 0.00401818 0.00501074
v -0.01454545 0.00401818 0.00501074
v -0.01272727 0.00401818 0.00501074
v -0.02000000 0.00742462 0.00418701
v -0.01818182 0.00742462 0.00418701
v -0.01636364 0.00742462 0.00418701
v -0.01454545 0.00742462 0.00418701
v -0.01272727 0.00742462 0.00418701
v -0.02000000 0.00583349 0.00465958
v -0.01818182 0.00583349 0.00465958
v -0.01636364 0.00583349 0.00465958
v -0.01454545 0.00583349 0.00465958
v -0.01272727 0.00583349 0.00465958
v -0.01090909 0.00401818 0.00501074
v -0.00909091 0.00401818 0.00501074
v -0.00727273 0.00401818 0.00501074
v -0.00545455 0.00401818 0.00501074
v -0.01090909 0.00742462 0.00418701
v -0.00909091 0.00742462 0.00418701
v -0.00727273 0.00742462 0.00418701
v -0.00545455 0.00742462 0.00418701
v -0.01090909 0.00583349 0.00465958
v -0.00909091 0.00583349 0.00465958
v -0.00727273 0.00583349 0.00465958
v -0.00545455 0.00583349 0.00465958
v -0.03454546 0.00000000 0.00530000
v -0.03272727 0.00000000 0.00530000
v -0.03090909 0.00000000 0.00530000
v -0.02909091 0.00000000 0.00530000
v -0.03454546 0.00204845 0.00522698
v -0.03272727 0.00204845 0.00522698
v -0.03090909 0.00204845 0.00522698
v -0.02909091 0.00204845 0.00522698
v -0.02727273 0.00000000 0.00530000
v -0.02545455 0.00000000 0.00530000
v -0.02363636 0.00000000 0.00530000
v -0.02181818 0.00000000 0.00530000
v -0.02727273 0.00204845 0.00522698
v -0.02545455 0.00204845 0.00522698
v -0.02363636 0.00204845 0.00522698
v -0.02181818 0.00204845 0.00522698
v -0.02000000 0.00000000 0.00530000
v -0.01818182 0.00000000 0.00530000
v -0.01636364 0.00000000 0.00530000
v -0.01454545 0.00000000 0.00530000
v -0.01272727 0.00000000 0.00530000
v -0.02000000 0.00204845 0.00522698
v -0.01818182 0.00204845 0.00522698
v -0.01636364 0.00204845 0.00522698
v -0.01454545 0.00204845 0.00522698
v -0.01272727 0.00204845 0.00522698
v -0.01090909 0.00000000 0.00530000
v -0.00909091 0.00000000 0.00530000
v -0.00727273 0.00000000 0.00530000
v -0.00545455 0.00000000 0.00530000
v -0.01090909 0.00204845 0.00522698
v -0.00909091 0.00204845 0.00522698
v -0.00727273 0.00204845 0.00522698
v -0.00545455 0.00204845 0.00522698
v -0.03454546 0.00873043 0.00361117
v -0.03272727 0.00873043 0.00361117
v -0.03090909 0.00873043 0.00361117
v -0.02909091 0.00873043 0.00361117
v -0.03454546 0.00970074 0.00295420
v -0.03272727 0.00970074 0.00295420
v -0.03090909 0.00970074 0.00295420
v -0.02909091 0.00970074 0.00295420
v -0.02727273 0.00873043 0.00361117
v -0.02545455 0.00873043 0.00361117
v -0.02363636 0.00873043 0.00361117
v -0.02181818 0.00873043 0.00361117
v -0.02727273 0.00970074 0.00295420
v -0.02545455 0.00970074 0.00295420
v -0.02363636 0.00970074 0.00295420
v -0.02181818 0.00970074 0.00295420
v -0.02000000 0.00873043 0.00361117
v -0.01818182 0.00873043 0.00361117
v -0.01636364 0.00873043 0.00361117
v -0.01454545 0.00873043 0.00361117
v -0.01272727 0.00873043 0.00361117
v -0.02000000 0.00970074 0.00295420
v -0.01818182 0.00970074 0.00295420
v -0.01636364 0.00970074 0.00295420
v -0.01454545 0.00970074 0.00295420
v -0.01272727 0.00970074 0.00295420
v -0.01090909 0.00873043 0.00361117
v -0.00909091 0.00873043 0.00361117
v -0.00727273 0.00873043 0.00361117
v -0.00545455 0.00873043 0.00361117
v -0.01090909 0.00970074 0.00295420
v -0.00909091 0.00970074 0.00295420
v -0.00727273 0.00970074 0.00295420
v -0.00545455 0.00970074 0.00295420
v -0.00363636 0.00401818 0.00501074
v -0.00181818 0.00401818 0.00501074
v 0.00000000 0.00401818 0.00501074
v 0.00181818 0.00401818 0.00501074
v -0.00363636 0.00742462 0.00418701
v -0.00181818 0.00742462 0.00418701
v 0.00000000 0.00742462 0.00418701
v 0.00181818 0.00742462 0.00418701
v -0.00363636 0.00583349 0.00465958
v -0.00181818 0.00583349 0.00465958
v 0.00000000 0.00583349 0.00465958
v 0.00181818 0.00583349 0.00465958
v 0.00363636 0.00401818 0.00501074
v 0.00545455 0.00401818 0.00501074
v 0.00727273 0.00401818 0.00501074
v 0.00909091 0.00401818 0.00501074
v 0.01090909 0.00401818 0.00501074
v 0.00363636 0.00742462 0.00418701
v 0.00545455 0.00742462 0.00418701
v 0.00727273 0.00742462 0.00418701
v 0.00909091 0.00742462 0.00418701
v 0.01090909 0.00742462 0.00418701
v 0.00363636 0.00583349 0.00465958
v 0.00545455 0.00583349 0.00465958
v 0.00727273 0.00583349 0.00465958
v 0.00909091 0.00583349 0.00465958
v 0.01090909 0.00583349 0.00465958
v 0.01272727 0.00401818 0.00501074
v 0.01454545 0.00401818 0.00501074
v 0.01636364 0.00401818 0.00501074
v 0.01818182 0.00401818 0.00501074
v 0.01272727 0.00742462 0.00418701
v 0.01454545 0.00742462 0.00418701
v 0.01636364 0.00742462 0.00418701
v 0.01818182 0.00742462 0.00418701
v 0.01272727 0.00583349 0.00465958
v 0.01454545 0.00583349 0.00465958
v 0.01636364 0.00583349 0.00465958
v 0.01818182 0.00583349 0.00465958
v 0.02000000 0.00401818 0.00501074
v 0.02181818 0.00401818 0.00501074
v 0.02363636 0.00401818 0.00501074
v 0.02545455 0.00401555 0.00501204
v 0.02727273 0.00395652 0.00504200
v 0.02000000 0.00742462 0.00418701
v 0.02181818 0.00742462 0.00418701
v 0.02363636 0.00742462 0.00418701
v 0.02545455 0.00741976 0.00418857
v 0.02727273 0.00731069 0.00422461
v 0.02000000 0.00583349 0.00465958
v 0.02181818 0.00583349 0.00465958
v 0.02363636 0.00583349 0.00465958
v 0.02545455 0.00582967 0.00466099
v 0.02727273 0.00574397 0.00469355
v -0.00363636 0.00000000 0.00530000
v -0.00181818 0.00000000 0.00530000
v 0.00000000 0.00000000 0.00530000
v 0.00181818 0.00000000 0.00530000
v -0.00363636 0.00204845 0.00522698
v -0.00181818 0.00204845 0.00522698
v 0.00000000 0.00204845 0.00522698
v 0.00181818 0.00204845 0.00522698
v 0.00363636 0.00000000 0.00530000
v 0.00545455 0.00000000 0.00530000
v 0.00727273 0.00000000 0.00530000
v 0.00909091 0.00000000 0.00530000
v 0.01090909 0.00000000 0.00530000
v 0.00363636 0.00204845 0.00522698
v 0.00545455 0.00204845 0.00522698
v 0.00727273 0.00204845 0.00522698
v 0.00909091 0.00204845 0.00522698
v 0.01090909 0.00204845 0.00522698
v 0.01272727 0.00000000 0.00530000
v 0.01454545 0.00000000 0.00530000
v 0.01636364 0.00000000 0.00530000
v 0.01818182 0.00000000 0.00530000
v 0.01272727 0.00204845 0.00522698
v 0.01454545 0.00204845 0.00522698
v 0.01636364 0.00204845 0.00522698
v 0.01818182 0.00204845 0.00522698
v 0.02000000 0.00000000 0.00530000
v 0.02181818 0.00000000 0.00530000
v 0.02363636 0.00000000 0.00530000
v 0.02545455 0.00000000 0.00530120
v 0.02727273 0.00000000 0.00532903
v 0.02000000 0.00204845 0.00522698
v 0.02181818 0.00204845 0.00522698
v 0.02363636 0.00204845 0.00522698
v 0.02545455 0.00204711 0.00522821
v 0.02727273 0.00201702 0.00525658
v -0.00363636 0.00873043 0.00361117
v -0.00181818 0.00873043 0.00361117
v 0.00000000 0.00873043 0.00361117
v 0.00181818 0.00873043 0.00361117
v -0.00363636 0.00970074 0.00295420
v -0.00181818 0.00970074 0.00295420
v 0.00000000 0.00970074 0.00295420
v 0.00181818 0.00970074 0.00295420
v 0.00363636 0.00873043 0.00361117
v 0.00545455 0.00873043 0.00361117
v 0.00727273 0.00873043 0.00361117
v 0.00909091 0.00873043 0.00361117
v 0.01090909 0.00873043 0.00361117
v 0.00363636 0.00970074 0.00295420
v 0.00545455 0.00970074 0.00295420
v 0.00727273 0.00970074 0.00295420
v 0.00909091 0.00970074 0.00295420
v 0.01090909 0.00970074 0.00295420
v 0.01272727 0.00873043 0.00361117
v 0.01454545 0.00873043 0.00361117
v 0.01636364 0.00873043 0.00361117
v 0.01818182 0.00873043 0.00361117
v 0.01272727 0.00970074 0.00295420
v 0.01454545 0.00970074 0.00295420
v 0.01636364 0.00970074 0.00295420
v 0.01818182 0.00970074 0.00295420
v 0.02000000 0.00873043 0.00361117
v 0.02181818 0.00873043 0.00361117
v 0.02363636 0.00873043 0.00361117
v 0.02545455 0.00872472 0.00361292
v 0.02727273 0.00859646 0.00365320
v 0.02000000 0.00970074 0.00295420
v 0.02181818 0.00970074 0.00295420
v 0.02363636 0.00970074 0.00295420
v 0.02545455 0.00969439 0.00295616
v 0.02727273 0.00955188 0.00300129
v 0.08974792 -0.01636291 0.00106250
v 0.08814819 -0.01550670 0.00106250
v 0.08625257 -0.01691640 0.00250000
v 0.08799773 -0.01785045 0.00250000
v 0.08983283 -0.01870807 0.00250000
v 0.08460481 -0.01590990 0.00250000
v 0.02909091 -0.00195328 -0.00195908
v 0.02909091 -0.00000000 -0.00203038
v 0.09075287 -0.00913142 -0.00250000
v 0.08987620 -0.00833355 -0.00250000
v 0.09095044 -0.00580504 -0.00343750
v 0.09040692 -0.00502272 -0.00343750
v 0.08994303 -0.00421889 -0.00343750
v 0.08908141 -0.00750000 -0.00250000
v 0.08837193 -0.00663433 -0.00250000
v 0.08775077 -0.00574025 -0.00250000
v 0.08722061 -0.00482159 -0.00250000
v 0.08678371 -0.00388229 -0.00250000
v 0.08956074 -0.00339700 -0.00343750
v 0.08926170 -0.00256056 -0.00343750
v 0.08904717 -0.00171316 -0.00343750
v 0.08891809 -0.00085842 -0.00343750
v 0.08644194 -0.00292635 -0.00250000
v 0.08619677 -0.00195789 -0.00250000
v 0.08604924 -0.00098105 -0.00250000
v 0.02909091 -0.00832484 -0.00038127
v 0.03090909 -0.00794358 -0.00015585
v 0.02909091 -0.00925006 0.00026024
v 0.02909091 -0.00981982 0.00095633
v 0.03090909 -0.00882643 0.00047084
v 0.03272727 -0.00831846 0.00073438
v 0.03090909 -0.00937009 0.00115084
v 0.03272727 -0.00883083 0.00139469
v 0.03454546 -0.00776364 0.00103816
v 0.02909091 -0.01001220 0.00168024
v 0.03090909 -0.00955366 0.00185801
v 0.02909091 -0.00981982 0.00240414
v 0.03272727 -0.00900384 0.00208138
v 0.03454546 -0.00824184 0.00167637
v 0.03090909 -0.00937009 0.00256518
v 0.03454546 -0.00840330 0.00234009
v 0.03636364 -0.00764289 0.00198439
v 0.03636364 -0.00779263 0.00262390
v 0.02909091 -0.00707969 -0.00094357
v 0.02909091 -0.00556248 -0.00140503
v 0.02909091 -0.00383150 -0.00174793
v 0.03090909 -0.00530773 -0.00115594
v 0.03272727 -0.00500226 -0.00084528
v 0.03090909 -0.00675546 -0.00070514
v 0.03272727 -0.00636668 -0.00040754
v 0.03272727 -0.00748642 0.00012585
v 0.03454546 -0.00594203 -0.00006556
v 0.03454546 -0.00466863 -0.00048866
v 0.03636364 -0.00551022 0.00030599
v 0.03636364 -0.00432935 -0.00010167
v 0.03818182 -0.00400698 0.00030008
v 0.03090909 -0.00365603 -0.00149091
v 0.03272727 -0.00344562 -0.00117055
v 0.03454546 -0.00321580 -0.00080305
v 0.03090909 -0.00186383 -0.00169718
v 0.03090909 -0.00000000 -0.00176684
v 0.03272727 -0.00175656 -0.00137085
v 0.03454546 -0.00163940 -0.00099665
v 0.03636364 -0.00298211 -0.00040459
v 0.03818182 -0.00276006 0.00000862
v 0.04000000 -0.00256517 0.00042039
v 0.03636364 -0.00152027 -0.00059113
v 0.03818182 -0.00140706 -0.00017086
v 0.04000000 -0.00130771 0.00024759
v 0.03454546 -0.00698709 0.00044998
v 0.03636364 -0.00647933 0.00080273
v 0.03636364 -0.00719945 0.00136946
v 0.03818182 -0.00599687 0.00117028
v 0.03818182 -0.00509992 0.00069233
v 0.04000000 -0.00473983 0.00107865
v 0.04000000 -0.00557344 0.00153880
v 0.04181818 -0.00445862 0.00145015
v 0.03818182 -0.00666337 0.00171557
v 0.04000000 -0.00619288 0.00206379
v 0.03818182 -0.00707379 0.00230725
v 0.04000000 -0.00657433 0.00263344
v 0.04181818 -0.00582547 0.00240141
v 0.04181818 -0.00524279 0.00189448
v 0.04000000 -0.00372406 0.00070101
v 0.04181818 -0.00241299 0.00081453
v 0.04181818 -0.00350312 0.00108549
v 0.04181818 -0.00123013 0.00064768
v 0.04363636 -0.00428500 0.00179203
v 0.04545455 -0.00424480 0.00209292
v 0.04363636 -0.00503863 0.00222347
v 0.04363636 -0.00559862 0.00271571
v 0.04545455 -0.00499136 0.00251528
v 0.04727273 -0.00429328 0.00241347
v 0.04363636 -0.00336670 0.00143795
v 0.04363636 -0.00231903 0.00117485
v 0.04545455 -0.00229727 0.00148872
v 0.04363636 -0.00118223 0.00101283
v 0.04545455 -0.00117114 0.00133011
v 0.04545455 -0.00333512 0.00174629
v 0.04727273 -0.00337321 0.00207273
v 0.04727273 -0.00232350 0.00181953
v 0.04909091 -0.00345387 0.00243488
v 0.04909091 -0.00237907 0.00218555
v 0.05090909 -0.00245706 0.00257300
v 0.04727273 -0.00118451 0.00166361
v 0.04909091 -0.00121284 0.00203202
v 0.05090909 -0.00125260 0.00242161
v 0.09070361 -0.01193243 -0.00143750
v 0.09004381 -0.01409700 -0.00025000
v 0.08867068 -0.01325825 -0.00025000
v 0.08619109 -0.01141428 -0.00025000
v 0.08738460 -0.01236273 -0.00025000
v 0.08954614 -0.01112646 -0.00143750
v 0.08847198 -0.01027285 -0.00143750
v 0.08748572 -0.00937525 -0.00143750
v 0.08659159 -0.00843750 -0.00143750
v 0.08321491 -0.00829291 -0.00025000
v 0.08509525 -0.01041694 -0.00025000
v 0.08410177 -0.00937500 -0.00025000
v 0.09075287 -0.00913142 0.00000000
v 0.08987620 -0.00833355 0.00000000
v 0.08270478 -0.01145864 0.00106250
v 0.08663775 -0.01458408 0.00106250
v 0.08522306 -0.01359901 0.00106250
v 0.08391020 -0.01255570 0.00106250
v 0.09070361 -0.01193243 0.00106250
v 0.08306152 -0.01483528 0.00250000
v 0.08162931 -0.01369713 0.00250000
v 0.07912213 -0.01125000 0.00250000
v 0.08031430 -0.01250033 0.00250000
v 0.09004381 -0.01409700 0.00225000
v 0.08867068 -0.01325825 0.00225000
v 0.08619109 -0.01141428 0.00225000
v 0.08738460 -0.01236273 0.00225000
v 0.08161195 -0.01031250 0.00106250
v 0.08063640 -0.00912220 0.00106250
v 0.07978231 -0.00789285 0.00106250
v 0.08954614 -0.01112646 0.00106250
v 0.08847198 -0.01027285 0.00106250
v 0.08748572 -0.00937525 0.00106250
v 0.08659159 -0.00843750 0.00106250
v 0.07805789 -0.00995150 0.00250000
v 0.07712615 -0.00861038 0.00250000
v 0.08321491 -0.00829291 0.00225000
v 0.08509525 -0.01041694 0.00225000
v 0.08410177 -0.00937500 0.00225000
v 0.08579342 -0.00746362 -0.00143750
v 0.08509462 -0.00645778 -0.00143750
v 0.09095044 -0.00580504 -0.00093750
v 0.08449818 -0.00542429 -0.00143750
v 0.08400667 -0.00436757 -0.00143750
v 0.09040692 -0.00502272 -0.00093750
v 0.08994303 -0.00421889 -0.00093750
v 0.08243846 -0.00717531 -0.00025000
v 0.08177576 -0.00602699 -0.00025000
v 0.08122963 -0.00485286 -0.00025000
v 0.08908141 -0.00750000 0.00000000
v 0.08837193 -0.00663433 0.00000000
v 0.08775077 -0.00574025 0.00000000
v 0.08722061 -0.00482159 0.00000000
v 0.08678371 -0.00388229 0.00000000
v 0.08318040 -0.00110368 -0.00143750
v 0.08362218 -0.00329215 -0.00143750
v 0.08334637 -0.00220263 -0.00143750
v 0.08956074 -0.00339700 -0.00093750
v 0.08926170 -0.00256056 -0.00093750
v 0.08904717 -0.00171316 -0.00093750
v 0.08891809 -0.00085842 -0.00093750
v 0.08080243 -0.00365794 -0.00025000
v 0.08049596 -0.00244737 -0.00025000
v 0.08031156 -0.00122631 -0.00025000
v 0.08644194 -0.00292635 0.00000000
v 0.08619677 -0.00195789 0.00000000
v 0.08604924 -0.00098105 0.00000000
v 0.07516291 -0.00438953 0.00250000
v 0.07479515 -0.00293684 0.00250000
v 0.07457387 -0.00147157 0.00250000
v 0.07905333 -0.00662969 0.00106250
v 0.07845259 -0.00533814 0.00106250
v 0.07798266 -0.00402374 0.00106250
v 0.08579342 -0.00746362 0.00106250
v 0.08509462 -0.00645778 0.00106250
v 0.08449818 -0.00542429 0.00106250
v 0.08400667 -0.00436757 0.00106250
v 0.07633091 -0.00723239 0.00250000
v 0.07567556 -0.00582343 0.00250000
v 0.08243846 -0.00717531 0.00225000
v 0.08177576 -0.00602699 0.00225000
v 0.08122963 -0.00485286 0.00225000
v 0.07764556 -0.00269210 0.00106250
v 0.07744271 -0.00134894 0.00106250
v 0.08318040 -0.00110368 0.00106250
v 0.08362218 -0.00329215 0.00106250
v 0.08334637 -0.00220263 0.00106250
v 0.08080243 -0.00365794 0.00225000
v 0.08049596 -0.00244737 0.00225000
v 0.08031156 -0.00122631 0.00225000
v 0.10900000 -0.02250000 0.00250000
v 0.09909806 -0.01559047 -0.00143750
v 0.09755578 -0.01513473 -0.00143750
v 0.10068275 -0.01597945 -0.00143750
v 0.10230306 -0.01630000 -0.00143750
v 0.10395204 -0.01655075 -0.00143750
v 0.10562263 -0.01673063 -0.00143750
v 0.09799785 -0.01732274 -0.00025000
v 0.09462500 -0.01623798 -0.00025000
v 0.09302735 -0.01559005 -0.00025000
v 0.09628420 -0.01681636 -0.00025000
v 0.10155895 -0.01811111 -0.00025000
v 0.09975862 -0.01775494 -0.00025000
v 0.10339116 -0.01838972 -0.00025000
v 0.10524737 -0.01858959 -0.00025000
v 0.10711966 -0.01870986 -0.00025000
v 0.10900000 -0.01875000 -0.00025000
v 0.10900000 -0.01687500 -0.00143750
v 0.10730769 -0.01683887 -0.00143750
v 0.11069231 -0.01683887 -0.00143750
v 0.11237737 -0.01673063 -0.00143750
v 0.11404796 -0.01655075 -0.00143750
v 0.11569694 -0.01630000 -0.00143750
v 0.11731724 -0.01597945 -0.00143750
v 0.11890193 -0.01559047 -0.00143750
v 0.12044422 -0.01513473 -0.00143750
v 0.11088034 -0.01870986 -0.00025000
v 0.11275263 -0.01858959 -0.00025000
v 0.11460885 -0.01838972 -0.00025000
v 0.11644105 -0.01811111 -0.00025000
v 0.11824138 -0.01775494 -0.00025000
v 0.12000215 -0.01732274 -0.00025000
v 0.12171580 -0.01681636 -0.00025000
v 0.09689764 -0.01905501 0.00106250
v 0.09883448 -0.01953043 0.00106250
v 0.10081485 -0.01992222 0.00106250
v 0.10283027 -0.02022870 0.00106250
v 0.10487211 -0.02044855 0.00106250
v 0.10693163 -0.02058084 0.00106250
v 0.09579742 -0.02078729 0.00250000
v 0.09791034 -0.02130593 0.00250000
v 0.09374104 -0.02017964 0.00250000
v 0.09175000 -0.01948557 0.00250000
v 0.10007074 -0.02173333 0.00250000
v 0.10226938 -0.02206767 0.00250000
v 0.10449684 -0.02230751 0.00250000
v 0.10674359 -0.02245183 0.00250000
v 0.09318750 -0.01786177 0.00106250
v 0.09501262 -0.01849800 0.00106250
v 0.09143009 -0.01714906 0.00106250
v 0.09909806 -0.01559047 0.00106250
v 0.09755578 -0.01513473 0.00106250
v 0.10068275 -0.01597945 0.00106250
v 0.10230306 -0.01630000 0.00106250
v 0.10395204 -0.01655075 0.00106250
v 0.10562263 -0.01673063 0.00106250
v 0.09799785 -0.01732274 0.00225000
v 0.09462500 -0.01623798 0.00225000
v 0.09302735 -0.01559005 0.00225000
v 0.09628420 -0.01681636 0.00225000
v 0.10155895 -0.01811111 0.00225000
v 0.09975862 -0.01775494 0.00225000
v 0.10339116 -0.01838972 0.00225000
v 0.10524737 -0.01858959 0.00225000
v 0.10711966 -0.01870986 0.00225000
v 0.10900000 -0.02062500 0.00106250
v 0.11106838 -0.02058084 0.00106250
v 0.11312789 -0.02044855 0.00106250
v 0.11516973 -0.02022870 0.00106250
v 0.11718515 -0.01992222 0.00106250
v 0.11916552 -0.01953043 0.00106250
v 0.12110236 -0.01905501 0.00106250
v 0.11125641 -0.02245183 0.00250000
v 0.11350315 -0.02230751 0.00250000
v 0.10900000 -0.01875000 0.00225000
v 0.11573061 -0.02206767 0.00250000
v 0.11792926 -0.02173333 0.00250000
v 0.12008967 -0.02130593 0.00250000
v 0.12220258 -0.02078729 0.00250000
v 0.10900000 -0.01687500 0.00106250
v 0.10730769 -0.01683887 0.00106250
v 0.11069231 -0.01683887 0.00106250
v 0.11237737 -0.01673063 0.00106250
v 0.11404796 -0.01655075 0.00106250
v 0.12298738 -0.01849800 0.00106250
v 0.11569694 -0.01630000 0.00106250
v 0.11731724 -0.01597945 0.00106250
v 0.11890193 -0.01559047 0.00106250
v 0.12044422 -0.01513473 0.00106250
v 0.11088034 -0.01870986 0.00225000
v 0.11275263 -0.01858959 0.00225000
v 0.11460885 -0.01838972 0.00225000
v 0.11644105 -0.01811111 0.00225000
v 0.11824138 -0.01775494 0.00225000
v 0.12000215 -0.01732274 0.00225000
v 0.12171580 -0.01681636 0.00225000
v 0.12337500 -0.01623798 -0.00025000
v 0.12497264 -0.01559005 -0.00025000
v 0.12425896 -0.02017964 0.00250000
v 0.12625000 -0.01948557 0.00250000
v 0.12481250 -0.01786177 0.00106250
v 0.12656991 -0.01714906 0.00106250
v 0.12825207 -0.01636291 0.00106250
v 0.12985182 -0.01550670 0.00106250
v 0.12816717 -0.01870807 0.00250000
v 0.13000228 -0.01785045 0.00250000
v 0.12337500 -0.01623798 0.00225000
v 0.12497264 -0.01559005 0.00225000
v 0.13174742 -0.01691640 0.00250000
v 0.13339518 -0.01590990 0.00250000
v 0.09849887 -0.00892522 -0.00425000
v 0.09762628 -0.00845820 -0.00425000
v 0.09680241 -0.00795495 -0.00425000
v 0.10239871 -0.01039364 -0.00425000
v 0.10037500 -0.00974279 -0.00425000
v 0.10137052 -0.01008982 -0.00425000
v 0.10453537 -0.01086667 -0.00425000
v 0.10345517 -0.01065296 -0.00425000
v 0.10563469 -0.01103383 -0.00425000
v 0.10674842 -0.01115375 -0.00425000
v 0.10101368 -0.00779503 -0.00493750
v 0.10181250 -0.00811899 -0.00493750
v 0.10264210 -0.00840818 -0.00493750
v 0.10349893 -0.00866137 -0.00493750
v 0.10437931 -0.00887747 -0.00493750
v 0.10527948 -0.00905555 -0.00493750
v 0.10619558 -0.00919486 -0.00493750
v 0.10712369 -0.00929480 -0.00493750
v 0.09941641 -0.00935403 -0.00425000
v 0.10900000 -0.01125000 -0.00425000
v 0.10900000 -0.00937500 -0.00493750
v 0.10787179 -0.01122591 -0.00425000
v 0.11012820 -0.01122591 -0.00425000
v 0.11125158 -0.01115375 -0.00425000
v 0.11236531 -0.01103383 -0.00425000
v 0.11346463 -0.01086667 -0.00425000
v 0.11454483 -0.01065296 -0.00425000
v 0.10805983 -0.00935493 -0.00493750
v 0.10994017 -0.00935493 -0.00493750
v 0.11087631 -0.00929480 -0.00493750
v 0.11180443 -0.00919486 -0.00493750
v 0.11272053 -0.00905555 -0.00493750
v 0.11362069 -0.00887747 -0.00493750
v 0.11450107 -0.00866137 -0.00493750
v 0.11560129 -0.01039364 -0.00425000
v 0.11662948 -0.01008982 -0.00425000
v 0.11762500 -0.00974279 -0.00425000
v 0.11535790 -0.00840818 -0.00493750
v 0.11618750 -0.00811899 -0.00493750
v 0.11698632 -0.00779503 -0.00493750
v 0.11858359 -0.00935403 -0.00425000
v 0.11950114 -0.00892522 -0.00425000
v 0.12037372 -0.00845820 -0.00425000
v 0.12119759 -0.00795495 -0.00425000
v 0.09893750 -0.01136658 -0.00343750
v 0.10253103 -0.01242846 -0.00343750
v 0.10009894 -0.01177145 -0.00343750
v 0.10129850 -0.01212592 -0.00343750
v 0.10379127 -0.01267778 -0.00343750
v 0.10507381 -0.01287281 -0.00343750
v 0.10637316 -0.01301271 -0.00343750
v 0.09882736 -0.01345309 -0.00250000
v 0.09499849 -0.01190030 -0.00250000
v 0.09383505 -0.01127760 -0.00250000
v 0.09622189 -0.01247204 -0.00250000
v 0.09750000 -0.01299038 -0.00250000
v 0.10160689 -0.01420395 -0.00250000
v 0.10304716 -0.01448889 -0.00250000
v 0.10019828 -0.01385819 -0.00250000
v 0.10451292 -0.01471178 -0.00250000
v 0.10599790 -0.01487167 -0.00250000
v 0.09674868 -0.01041276 -0.00343750
v 0.09781915 -0.01091304 -0.00343750
v 0.09573066 -0.00986790 -0.00343750
v 0.09476948 -0.00928078 -0.00343750
v 0.09386922 -0.00865391 -0.00343750
v 0.09303376 -0.00798999 -0.00343750
v 0.09273654 -0.01060660 -0.00250000
v 0.09170768 -0.00989019 -0.00250000
v 0.10101368 -0.00779503 -0.00243750
v 0.10181250 -0.00811899 -0.00243750
v 0.10264210 -0.00840818 -0.00243750
v 0.10349893 -0.00866137 -0.00243750
v 0.10437931 -0.00887747 -0.00243750
v 0.10527948 -0.00905555 -0.00243750
v 0.10619558 -0.00919486 -0.00243750
v 0.10712369 -0.00929480 -0.00243750
v 0.10768376 -0.01309690 -0.00343750
v 0.10900000 -0.01312500 -0.00343750
v 0.11031624 -0.01309690 -0.00343750
v 0.11162684 -0.01301271 -0.00343750
v 0.11292619 -0.01287281 -0.00343750
v 0.11420874 -0.01267778 -0.00343750
v 0.11546897 -0.01242846 -0.00343750
v 0.11670151 -0.01212592 -0.00343750
v 0.11790106 -0.01177145 -0.00343750
v 0.11906250 -0.01136658 -0.00343750
v 0.10749573 -0.01496788 -0.00250000
v 0.10900000 -0.01500000 -0.00250000
v 0.11050427 -0.01496788 -0.00250000
v 0.11200210 -0.01487167 -0.00250000
v 0.11348708 -0.01471178 -0.00250000
v 0.11495284 -0.01448889 -0.00250000
v 0.11639310 -0.01420395 -0.00250000
v 0.11780172 -0.01385819 -0.00250000
v 0.11917264 -0.01345309 -0.00250000
v 0.12050000 -0.01299038 -0.00250000
v 0.12177812 -0.01247204 -0.00250000
v 0.12300152 -0.01190030 -0.00250000
v 0.12018085 -0.01091304 -0.00343750
v 0.12125132 -0.01041276 -0.00343750
v 0.12226933 -0.00986790 -0.00343750
v 0.10900000 -0.00937500 -0.00243750
v 0.10805983 -0.00935493 -0.00243750
v 0.10994017 -0.00935493 -0.00243750
v 0.11087631 -0.00929480 -0.00243750
v 0.11180443 -0.00919486 -0.00243750
v 0.11272053 -0.00905555 -0.00243750
v 0.11362069 -0.00887747 -0.00243750
v 0.11450107 -0.00866137 -0.00243750
v 0.11535790 -0.00840818 -0.00243750
v 0.11618750 -0.00811899 -0.00243750
v 0.11698632 -0.00779503 -0.00243750
v 0.10261095 -0.00623602 -0.00550000
v 0.10199925 -0.00595015 -0.00550000
v 0.10141753 -0.00563880 -0.00550000
v 0.10391368 -0.00672655 -0.00550000
v 0.10459914 -0.00692910 -0.00550000
v 0.10530344 -0.00710198 -0.00550000
v 0.10602358 -0.00724444 -0.00550000
v 0.10675646 -0.00735589 -0.00550000
v 0.10325000 -0.00649519 -0.00550000
v 0.10290121 -0.00397748 -0.00593750
v 0.10518526 -0.00504491 -0.00593750
v 0.10468750 -0.00487139 -0.00593750
v 0.10569935 -0.00519682 -0.00593750
v 0.10676768 -0.00543333 -0.00593750
v 0.10622758 -0.00532648 -0.00593750
v 0.10374943 -0.00446261 -0.00593750
v 0.10331314 -0.00422910 -0.00593750
v 0.10420821 -0.00467702 -0.00593750
v 0.10086827 -0.00530330 -0.00550000
v 0.10035384 -0.00494509 -0.00550000
v 0.09987643 -0.00456571 -0.00550000
v 0.09943810 -0.00416678 -0.00550000
v 0.09883534 -0.00662913 -0.00493750
v 0.09819230 -0.00618137 -0.00493750
v 0.09759554 -0.00570714 -0.00493750
v 0.09465715 -0.00625016 -0.00425000
v 0.09406106 -0.00562500 -0.00425000
v 0.09603076 -0.00741764 -0.00425000
v 0.09531465 -0.00684857 -0.00425000
v 0.09704763 -0.00520847 -0.00493750
v 0.09655088 -0.00468750 -0.00493750
v 0.09610745 -0.00414646 -0.00493750
v 0.09352895 -0.00497575 -0.00425000
v 0.09306308 -0.00430519 -0.00425000
v 0.09952191 -0.00704850 -0.00493750
v 0.10024905 -0.00743769 -0.00493750
v 0.09904071 -0.00375000 -0.00550000
v 0.09868596 -0.00331717 -0.00550000
v 0.09837539 -0.00287013 -0.00550000
v 0.09811030 -0.00241080 -0.00550000
v 0.09789185 -0.00194114 -0.00550000
v 0.09772097 -0.00146318 -0.00550000
v 0.09759838 -0.00097895 -0.00550000
v 0.09752462 -0.00049052 -0.00550000
v 0.10215732 -0.00342428 -0.00593750
v 0.10251538 -0.00370882 -0.00593750
v 0.10182858 -0.00312508 -0.00593750
v 0.10153053 -0.00281250 -0.00593750
v 0.10103154 -0.00215259 -0.00593750
v 0.10126447 -0.00248787 -0.00593750
v 0.10715172 -0.00355099 -0.00625000
v 0.10645684 -0.00336327 -0.00625000
v 0.10679957 -0.00346455 -0.00625000
v 0.10612500 -0.00324760 -0.00625000
v 0.10580547 -0.00311801 -0.00625000
v 0.10549963 -0.00297508 -0.00625000
v 0.10520876 -0.00281940 -0.00625000
v 0.10493413 -0.00265165 -0.00625000
v 0.10467692 -0.00247255 -0.00625000
v 0.10443822 -0.00228286 -0.00625000
v 0.10421905 -0.00208339 -0.00625000
v 0.10083273 -0.00180810 -0.00593750
v 0.10066889 -0.00145586 -0.00593750
v 0.10054073 -0.00109738 -0.00593750
v 0.10044879 -0.00073421 -0.00593750
v 0.10039347 -0.00036789 -0.00593750
v 0.10402036 -0.00187500 -0.00625000
v 0.10384298 -0.00165858 -0.00625000
v 0.10368770 -0.00143506 -0.00625000
v 0.10355515 -0.00120540 -0.00625000
v 0.10344592 -0.00097057 -0.00625000
v 0.10710438 -0.00140970 -0.00643750
v 0.10696707 -0.00132583 -0.00643750
v 0.10683846 -0.00123627 -0.00643750
v 0.10660952 -0.00104169 -0.00643750
v 0.10671911 -0.00114143 -0.00643750
v 0.10336048 -0.00073159 -0.00625000
v 0.10329919 -0.00048947 -0.00625000
v 0.10326231 -0.00024526 -0.00625000
v 0.10642149 -0.00082929 -0.00643750
v 0.10651018 -0.00093750 -0.00643750
v 0.10634384 -0.00071753 -0.00643750
v 0.10627758 -0.00060270 -0.00643750
v 0.10622296 -0.00048529 -0.00643750
v 0.10618024 -0.00036579 -0.00643750
v 0.10614960 -0.00024474 -0.00643750
v 0.10613116 -0.00012263 -0.00643750
v 0.09511482 -0.00242643 -0.00493750
v 0.09571923 -0.00358766 -0.00493750
v 0.09538788 -0.00301349 -0.00493750
v 0.09266546 -0.00361619 -0.00425000
v 0.09233778 -0.00291171 -0.00425000
v 0.09208146 -0.00219477 -0.00425000
v 0.09490121 -0.00182897 -0.00493750
v 0.09474798 -0.00122368 -0.00493750
v 0.09465577 -0.00061315 -0.00493750
v 0.09189758 -0.00146842 -0.00425000
v 0.09178694 -0.00073579 -0.00425000
v 0.10900000 -0.00562500 -0.00593750
v 0.10749895 -0.00743584 -0.00550000
v 0.10824786 -0.00748394 -0.00550000
v 0.10900000 -0.00750000 -0.00550000
v 0.10975213 -0.00748394 -0.00550000
v 0.11050105 -0.00743584 -0.00550000
v 0.11124354 -0.00735589 -0.00550000
v 0.11197642 -0.00724444 -0.00550000
v 0.11269655 -0.00710198 -0.00550000
v 0.11340086 -0.00692910 -0.00550000
v 0.11408632 -0.00672655 -0.00550000
v 0.11475000 -0.00649519 -0.00550000
v 0.10731734 -0.00551692 -0.00593750
v 0.10787421 -0.00557688 -0.00593750
v 0.10843590 -0.00561296 -0.00593750
v 0.10956410 -0.00561296 -0.00593750
v 0.11012579 -0.00557688 -0.00593750
v 0.11068265 -0.00551692 -0.00593750
v 0.11123232 -0.00543333 -0.00593750
v 0.11177242 -0.00532648 -0.00593750
v 0.11230064 -0.00519682 -0.00593750
v 0.11281474 -0.00504491 -0.00593750
v 0.11331250 -0.00487139 -0.00593750
v 0.11379179 -0.00467702 -0.00593750
v 0.11425057 -0.00446261 -0.00593750
v 0.11468685 -0.00422910 -0.00593750
v 0.11509880 -0.00397748 -0.00593750
v 0.11538906 -0.00623602 -0.00550000
v 0.11600076 -0.00595015 -0.00550000
v 0.11658248 -0.00563880 -0.00550000
v 0.11713172 -0.00530330 -0.00550000
v 0.11764616 -0.00494509 -0.00550000
v 0.11812356 -0.00456571 -0.00550000
v 0.11856190 -0.00416678 -0.00550000
v 0.11775094 -0.00743769 -0.00493750
v 0.11847810 -0.00704850 -0.00493750
v 0.11916466 -0.00662913 -0.00493750
v 0.11980770 -0.00618137 -0.00493750
v 0.12040445 -0.00570714 -0.00493750
v 0.12196924 -0.00741764 -0.00425000
v 0.12268534 -0.00684857 -0.00425000
v 0.12095238 -0.00520847 -0.00493750
v 0.12144911 -0.00468750 -0.00493750
v 0.12189255 -0.00414646 -0.00493750
v 0.10751179 -0.00362222 -0.00625000
v 0.10787823 -0.00367794 -0.00625000
v 0.10824948 -0.00371792 -0.00625000
v 0.10862393 -0.00374197 -0.00625000
v 0.10900000 -0.00375000 -0.00625000
v 0.10937607 -0.00374197 -0.00625000
v 0.10975052 -0.00371792 -0.00625000
v 0.11012177 -0.00367794 -0.00625000
v 0.11048821 -0.00362222 -0.00625000
v 0.11084828 -0.00355099 -0.00625000
v 0.11120043 -0.00346455 -0.00625000
v 0.11154316 -0.00336327 -0.00625000
v 0.11187500 -0.00324760 -0.00625000
v 0.11219453 -0.00311801 -0.00625000
v 0.11250038 -0.00297508 -0.00625000
v 0.11279124 -0.00281940 -0.00625000
v 0.11306586 -0.00265165 -0.00625000
v 0.11332308 -0.00247255 -0.00625000
v 0.11356178 -0.00228286 -0.00625000
v 0.11378095 -0.00208339 -0.00625000
v 0.10807586 -0.00177549 -0.00643750
v 0.10789979 -0.00173227 -0.00643750
v 0.10772842 -0.00168164 -0.00643750
v 0.10740273 -0.00155901 -0.00643750
v 0.10756250 -0.00162380 -0.00643750
v 0.10724981 -0.00148754 -0.00643750
v 0.10825589 -0.00181111 -0.00643750
v 0.10843912 -0.00183897 -0.00643750
v 0.10862473 -0.00185896 -0.00643750
v 0.10881197 -0.00187099 -0.00643750
v 0.10900000 -0.00187500 -0.00643750
v 0.10918804 -0.00187099 -0.00643750
v 0.10937526 -0.00185896 -0.00643750
v 0.10956088 -0.00183897 -0.00643750
v 0.10974410 -0.00181111 -0.00643750
v 0.10992414 -0.00177549 -0.00643750
v 0.11010022 -0.00173227 -0.00643750
v 0.11027158 -0.00168164 -0.00643750
v 0.11043750 -0.00162380 -0.00643750
v 0.11059727 -0.00155901 -0.00643750
v 0.11075019 -0.00148754 -0.00643750
v 0.11089562 -0.00140970 -0.00643750
v 0.11103293 -0.00132583 -0.00643750
v 0.11116154 -0.00123627 -0.00643750
v 0.11128089 -0.00114143 -0.00643750
v 0.11139047 -0.00104169 -0.00643750
v 0.11397965 -0.00187500 -0.00625000
v 0.11415702 -0.00165858 -0.00625000
v 0.11431231 -0.00143506 -0.00625000
v 0.11444485 -0.00120540 -0.00625000
v 0.11455407 -0.00097057 -0.00625000
v 0.11148982 -0.00093750 -0.00643750
v 0.11157851 -0.00082929 -0.00643750
v 0.11165615 -0.00071753 -0.00643750
v 0.11172242 -0.00060270 -0.00643750
v 0.11177704 -0.00048529 -0.00643750
v 0.11181976 -0.00036579 -0.00643750
v 0.11185040 -0.00024474 -0.00643750
v 0.11186884 -0.00012263 -0.00643750
v 0.11463951 -0.00073159 -0.00625000
v 0.11470081 -0.00048947 -0.00625000
v 0.11473769 -0.00024526 -0.00625000
v 0.11548462 -0.00370882 -0.00593750
v 0.11584267 -0.00342428 -0.00593750
v 0.11617143 -0.00312508 -0.00593750
v 0.11646947 -0.00281250 -0.00593750
v 0.11673553 -0.00248787 -0.00593750
v 0.11696846 -0.00215259 -0.00593750
v 0.11895929 -0.00375000 -0.00550000
v 0.11931404 -0.00331717 -0.00550000
v 0.11962461 -0.00287013 -0.00550000
v 0.11988970 -0.00241080 -0.00550000
v 0.12010815 -0.00194114 -0.00550000
v 0.11716727 -0.00180810 -0.00593750
v 0.11733111 -0.00145586 -0.00593750
v 0.11745927 -0.00109738 -0.00593750
v 0.11755121 -0.00073421 -0.00593750
v 0.11760654 -0.00036789 -0.00593750
v 0.12027903 -0.00146318 -0.00550000
v 0.12040161 -0.00097895 -0.00550000
v 0.12047537 -0.00049052 -0.00550000
v 0.12228077 -0.00358766 -0.00493750
v 0.12261212 -0.00301349 -0.00493750
v 0.12288518 -0.00242643 -0.00493750
v 0.12309879 -0.00182897 -0.00493750
v 0.09226667 -0.00729186 -0.00343750
v 0.09157124 -0.00656250 -0.00343750
v 0.10290121 -0.00397748 -0.00343750
v 0.10518526 -0.00504491 -0.00343750
v 0.10468750 -0.00487139 -0.00343750
v 0.10569935 -0.00519682 -0.00343750
v 0.10676768 -0.00543333 -0.00343750
v 0.10622758 -0.00532648 -0.00343750
v 0.10374943 -0.00446261 -0.00343750
v 0.10331314 -0.00422910 -0.00343750
v 0.10420821 -0.00467702 -0.00343750
v 0.09883534 -0.00662913 -0.00243750
v 0.09819230 -0.00618137 -0.00243750
v 0.09759554 -0.00570714 -0.00243750
v 0.09704763 -0.00520847 -0.00243750
v 0.09655088 -0.00468750 -0.00243750
v 0.09610745 -0.00414646 -0.00243750
v 0.10261095 -0.00623602 -0.00300000
v 0.10199925 -0.00595015 -0.00300000
v 0.10141753 -0.00563880 -0.00300000
v 0.10391368 -0.00672655 -0.00300000
v 0.10459914 -0.00692910 -0.00300000
v 0.10530344 -0.00710198 -0.00300000
v 0.10602358 -0.00724444 -0.00300000
v 0.10675646 -0.00735589 -0.00300000
v 0.10325000 -0.00649519 -0.00300000
v 0.09952191 -0.00704850 -0.00243750
v 0.10024905 -0.00743769 -0.00243750
v 0.10086827 -0.00530330 -0.00300000
v 0.10035384 -0.00494509 -0.00300000
v 0.09987643 -0.00456571 -0.00300000
v 0.09943810 -0.00416678 -0.00300000
v 0.10715172 -0.00355099 -0.00375000
v 0.10645684 -0.00336327 -0.00375000
v 0.10679957 -0.00346455 -0.00375000
v 0.10612500 -0.00324760 -0.00375000
v 0.10580547 -0.00311801 -0.00375000
v 0.10549963 -0.00297508 -0.00375000
v 0.10520876 -0.00281940 -0.00375000
v 0.10493413 -0.00265165 -0.00375000
v 0.10467692 -0.00247255 -0.00375000
v 0.10443822 -0.00228286 -0.00375000
v 0.10421905 -0.00208339 -0.00375000
v 0.10215732 -0.00342428 -0.00343750
v 0.10251538 -0.00370882 -0.00343750
v 0.10182858 -0.00312508 -0.00343750
v 0.10153053 -0.00281250 -0.00343750
v 0.10103154 -0.00215259 -0.00343750
v 0.10126447 -0.00248787 -0.00343750
v 0.10710438 -0.00140970 -0.00393750
v 0.10696707 -0.00132583 -0.00393750
v 0.10683846 -0.00123627 -0.00393750
v 0.10660952 -0.00104169 -0.00393750
v 0.10671911 -0.00114143 -0.00393750
v 0.10402036 -0.00187500 -0.00375000
v 0.10384298 -0.00165858 -0.00375000
v 0.10368770 -0.00143506 -0.00375000
v 0.10355515 -0.00120540 -0.00375000
v 0.10344592 -0.00097057 -0.00375000
v 0.10642149 -0.00082929 -0.00393750
v 0.10651018 -0.00093750 -0.00393750
v 0.10634384 -0.00071753 -0.00393750
v 0.10627758 -0.00060270 -0.00393750
v 0.10622296 -0.00048529 -0.00393750
v 0.10618024 -0.00036579 -0.00393750
v 0.10614960 -0.00024474 -0.00393750
v 0.10613116 -0.00012263 -0.00393750
v 0.10336048 -0.00073159 -0.00375000
v 0.10329919 -0.00048947 -0.00375000
v 0.10326231 -0.00024526 -0.00375000
v 0.10083273 -0.00180810 -0.00343750
v 0.10066889 -0.00145586 -0.00343750
v 0.10054073 -0.00109738 -0.00343750
v 0.10044879 -0.00073421 -0.00343750
v 0.10039347 -0.00036789 -0.00343750
v 0.09904071 -0.00375000 -0.00300000
v 0.09868596 -0.00331717 -0.00300000
v 0.09837539 -0.00287013 -0.00300000
v 0.09811030 -0.00241080 -0.00300000
v 0.09789185 -0.00194114 -0.00300000
v 0.09511482 -0.00242643 -0.00243750
v 0.09571923 -0.00358766 -0.00243750
v 0.09538788 -0.00301349 -0.00243750
v 0.09772097 -0.00146318 -0.00300000
v 0.09759838 -0.00097895 -0.00300000
v 0.09752462 -0.00049052 -0.00300000
v 0.09490121 -0.00182897 -0.00243750
v 0.09474798 -0.00122368 -0.00243750
v 0.09465577 -0.00061315 -0.00243750
v 0.10900000 -0.00562500 -0.00343750
v 0.10731734 -0.00551692 -0.00343750
v 0.10787421 -0.00557688 -0.00343750
v 0.10843590 -0.00561296 -0.00343750
v 0.10956410 -0.00561296 -0.00343750
v 0.11012579 -0.00557688 -0.00343750
v 0.11068265 -0.00551692 -0.00343750
v 0.11123232 -0.00543333 -0.00343750
v 0.11177242 -0.00532648 -0.00343750
v 0.11230064 -0.00519682 -0.00343750
v 0.11281474 -0.00504491 -0.00343750
v 0.11331250 -0.00487139 -0.00343750
v 0.11379179 -0.00467702 -0.00343750
v 0.11425057 -0.00446261 -0.00343750
v 0.11468685 -0.00422910 -0.00343750
v 0.11509880 -0.00397748 -0.00343750
v 0.10749895 -0.00743584 -0.00300000
v 0.10824786 -0.00748394 -0.00300000
v 0.10900000 -0.00750000 -0.00300000
v 0.10975213 -0.00748394 -0.00300000
v 0.11050105 -0.00743584 -0.00300000
v 0.11124354 -0.00735589 -0.00300000
v 0.11197642 -0.00724444 -0.00300000
v 0.11269655 -0.00710198 -0.00300000
v 0.11340086 -0.00692910 -0.00300000
v 0.11408632 -0.00672655 -0.00300000
v 0.11475000 -0.00649519 -0.00300000
v 0.11538906 -0.00623602 -0.00300000
v 0.11600076 -0.00595015 -0.00300000
v 0.11658248 -0.00563880 -0.00300000
v 0.11775094 -0.00743769 -0.00243750
v 0.11847810 -0.00704850 -0.00243750
v 0.11916466 -0.00662913 -0.00243750
v 0.11980770 -0.00618137 -0.00243750
v 0.12040445 -0.00570714 -0.00243750
v 0.11713172 -0.00530330 -0.00300000
v 0.11764616 -0.00494509 -0.00300000
v 0.11812356 -0.00456571 -0.00300000
v 0.11856190 -0.00416678 -0.00300000
v 0.12095238 -0.00520847 -0.00243750
v 0.12144911 -0.00468750 -0.00243750
v 0.12189255 -0.00414646 -0.00243750
v 0.10751179 -0.00362222 -0.00375000
v 0.10787823 -0.00367794 -0.00375000
v 0.10824948 -0.00371792 -0.00375000
v 0.10862393 -0.00374197 -0.00375000
v 0.10900000 -0.00375000 -0.00375000
v 0.10937607 -0.00374197 -0.00375000
v 0.10975052 -0.00371792 -0.00375000
v 0.11012177 -0.00367794 -0.00375000
v 0.11048821 -0.00362222 -0.00375000
v 0.11084828 -0.00355099 -0.00375000
v 0.11120043 -0.00346455 -0.00375000
v 0.11154316 -0.00336327 -0.00375000
v 0.11187500 -0.00324760 -0.00375000
v 0.11219453 -0.00311801 -0.00375000
v 0.11250038 -0.00297508 -0.00375000
v 0.11279124 -0.00281940 -0.00375000
v 0.11306586 -0.00265165 -0.00375000
v 0.11332308 -0.00247255 -0.00375000
v 0.11356178 -0.00228286 -0.00375000
v 0.11378095 -0.00208339 -0.00375000
v 0.10807586 -0.00177549 -0.00393750
v 0.10789979 -0.00173227 -0.00393750
v 0.10772842 -0.00168164 -0.00393750
v 0.10740273 -0.00155901 -0.00393750
v 0.10756250 -0.00162380 -0.00393750
v 0.10724981 -0.00148754 -0.00393750
v 0.10825589 -0.00181111 -0.00393750
v 0.10843912 -0.00183897 -0.00393750
v 0.10862473 -0.00185896 -0.00393750
v 0.10881197 -0.00187099 -0.00393750
v 0.10900000 -0.00187500 -0.00393750
v 0.10918804 -0.00187099 -0.00393750
v 0.10937526 -0.00185896 -0.00393750
v 0.10956088 -0.00183897 -0.00393750
v 0.10974410 -0.00181111 -0.00393750
v 0.10992414 -0.00177549 -0.00393750
v 0.11010022 -0.00173227 -0.00393750
v 0.11027158 -0.00168164 -0.00393750
v 0.11043750 -0.00162380 -0.00393750
v 0.11059727 -0.00155901 -0.00393750
v 0.11075019 -0.00148754 -0.00393750
v 0.11089562 -0.00140970 -0.00393750
v 0.11103293 -0.00132583 -0.00393750
v 0.11116154 -0.00123627 -0.00393750
v 0.11128089 -0.00114143 -0.00393750
v 0.11139047 -0.00104169 -0.00393750
v 0.11397965 -0.00187500 -0.00375000
v 0.11415702 -0.00165858 -0.00375000
v 0.11431231 -0.00143506 -0.00375000
v 0.11444485 -0.00120540 -0.00375000
v 0.11455407 -0.00097057 -0.00375000
v 0.11148982 -0.00093750 -0.00393750
v 0.11157851 -0.00082929 -0.00393750
v 0.11165615 -0.00071753 -0.00393750
v 0.11172242 -0.00060270 -0.00393750
v 0.11177704 -0.00048529 -0.00393750
v 0.11181976 -0.00036579 -0.00393750
v 0.11185040 -0.00024474 -0.00393750
v 0.11186884 -0.00012263 -0.00393750
v 0.11463951 -0.00073159 -0.00375000
v 0.11470081 -0.00048947 -0.00375000
v 0.11473769 -0.00024526 -0.00375000
v 0.11548462 -0.00370882 -0.00343750
v 0.11584267 -0.00342428 -0.00343750
v 0.11617143 -0.00312508 -0.00343750
v 0.11646947 -0.00281250 -0.00343750
v 0.11673553 -0.00248787 -0.00343750
v 0.11696846 -0.00215259 -0.00343750
v 0.11716727 -0.00180810 -0.00343750
v 0.11733111 -0.00145586 -0.00343750
v 0.11745927 -0.00109738 -0.00343750
v 0.11755121 -0.00073421 -0.00343750
v 0.11760654 -0.00036789 -0.00343750
v 0.11895929 -0.00375000 -0.00300000
v 0.11931404 -0.00331717 -0.00300000
v 0.11962461 -0.00287013 -0.00300000
v 0.11988970 -0.00241080 -0.00300000
v 0.12010815 -0.00194114 -0.00300000
v 0.12228077 -0.00358766 -0.00243750
v 0.12261212 -0.00301349 -0.00243750
v 0.12288518 -0.00242643 -0.00243750
v 0.12027903 -0.00146318 -0.00300000
v 0.12040161 -0.00097895 -0.00300000
v 0.12047537 -0.00049052 -0.00300000
v 0.12309879 -0.00182897 -0.00243750
v 0.12416495 -0.01127760 -0.00250000
v 0.12323052 -0.00928078 -0.00343750
v 0.12413078 -0.00865391 -0.00343750
v 0.12496623 -0.00798999 -0.00343750
v 0.12526345 -0.01060660 -0.00250000
v 0.12629232 -0.00989019 -0.00250000
v 0.12724712 -0.00913142 -0.00250000
v 0.12812380 -0.00833355 -0.00250000
v 0.12334285 -0.00625016 -0.00425000
v 0.12393894 -0.00562500 -0.00425000
v 0.12447105 -0.00497575 -0.00425000
v 0.12493692 -0.00430519 -0.00425000
v 0.12533455 -0.00361619 -0.00425000
v 0.12566222 -0.00291171 -0.00425000
v 0.12591855 -0.00219477 -0.00425000
v 0.12325202 -0.00122368 -0.00493750
v 0.12334422 -0.00061315 -0.00493750
v 0.12610242 -0.00146842 -0.00425000
v 0.12621307 -0.00073579 -0.00425000
v 0.12573333 -0.00729186 -0.00343750
v 0.12642877 -0.00656250 -0.00343750
v 0.12704957 -0.00580504 -0.00343750
v 0.12759307 -0.00502272 -0.00343750
v 0.12805697 -0.00421889 -0.00343750
v 0.12891859 -0.00750000 -0.00250000
v 0.12962808 -0.00663433 -0.00250000
v 0.13024923 -0.00574025 -0.00250000
v 0.13077939 -0.00482159 -0.00250000
v 0.13121629 -0.00388229 -0.00250000
v 0.12843926 -0.00339700 -0.00343750
v 0.12873830 -0.00256056 -0.00343750
v 0.12895283 -0.00171316 -0.00343750
v 0.12908190 -0.00085842 -0.00343750
v 0.12325202 -0.00122368 -0.00243750
v 0.12334422 -0.00061315 -0.00243750
v 0.13155806 -0.00292635 -0.00250000
v 0.13180323 -0.00195789 -0.00250000
v 0.13195075 -0.00098105 -0.00250000
v 0.09462462 -0.01403105 -0.00143750
v 0.09324830 -0.01338784 -0.00143750
v 0.09606250 -0.01461418 -0.00143750
v 0.09193943 -0.01268730 -0.00143750
v 0.09893750 -0.01136658 -0.00093750
v 0.10253103 -0.01242846 -0.00093750
v 0.10009894 -0.01177145 -0.00093750
v 0.10129850 -0.01212592 -0.00093750
v 0.10379127 -0.01267778 -0.00093750
v 0.10507381 -0.01287281 -0.00093750
v 0.10637316 -0.01301271 -0.00093750
v 0.09149811 -0.01487537 -0.00025000
v 0.09882736 -0.01345309 0.00000000
v 0.09499849 -0.01190030 0.00000000
v 0.09383505 -0.01127760 0.00000000
v 0.09622189 -0.01247204 0.00000000
v 0.09750000 -0.01299038 0.00000000
v 0.10160689 -0.01420395 0.00000000
v 0.10304716 -0.01448889 0.00000000
v 0.10019828 -0.01385819 0.00000000
v 0.10451292 -0.01471178 0.00000000
v 0.10599790 -0.01487167 0.00000000
v 0.09674868 -0.01041276 -0.00093750
v 0.09781915 -0.01091304 -0.00093750
v 0.09573066 -0.00986790 -0.00093750
v 0.09849887 -0.00892522 -0.00175000
v 0.09762628 -0.00845820 -0.00175000
v 0.09680241 -0.00795495 -0.00175000
v 0.09476948 -0.00928078 -0.00093750
v 0.09386922 -0.00865391 -0.00093750
v 0.09303376 -0.00798999 -0.00093750
v 0.10239871 -0.01039364 -0.00175000
v 0.10037500 -0.00974279 -0.00175000
v 0.10137052 -0.01008982 -0.00175000
v 0.10453537 -0.01086667 -0.00175000
v 0.10345517 -0.01065296 -0.00175000
v 0.10563469 -0.01103383 -0.00175000
v 0.10674842 -0.01115375 -0.00175000
v 0.09941641 -0.00935403 -0.00175000
v 0.09273654 -0.01060660 0.00000000
v 0.09170768 -0.00989019 0.00000000
v 0.10900000 -0.01125000 -0.00175000
v 0.10768376 -0.01309690 -0.00093750
v 0.10900000 -0.01312500 -0.00093750
v 0.11031624 -0.01309690 -0.00093750
v 0.11162684 -0.01301271 -0.00093750
v 0.11292619 -0.01287281 -0.00093750
v 0.11420874 -0.01267778 -0.00093750
v 0.12193750 -0.01461418 -0.00143750
v 0.11546897 -0.01242846 -0.00093750
v 0.11670151 -0.01212592 -0.00093750
v 0.11790106 -0.01177145 -0.00093750
v 0.11906250 -0.01136658 -0.00093750
v 0.10749573 -0.01496788 0.00000000
v 0.10900000 -0.01500000 0.00000000
v 0.11050427 -0.01496788 0.00000000
v 0.11200210 -0.01487167 0.00000000
v 0.11348708 -0.01471178 0.00000000
v 0.11495284 -0.01448889 0.00000000
v 0.11639310 -0.01420395 0.00000000
v 0.11780172 -0.01385819 0.00000000
v 0.11917264 -0.01345309 0.00000000
v 0.12050000 -0.01299038 0.00000000
v 0.12177812 -0.01247204 0.00000000
v 0.12300152 -0.01190030 0.00000000
v 0.10787179 -0.01122591 -0.00175000
v 0.11012820 -0.01122591 -0.00175000
v 0.11125158 -0.01115375 -0.00175000
v 0.11236531 -0.01103383 -0.00175000
v 0.11346463 -0.01086667 -0.00175000
v 0.11454483 -0.01065296 -0.00175000
v 0.11560129 -0.01039364 -0.00175000
v 0.11662948 -0.01008982 -0.00175000
v 0.11762500 -0.00974279 -0.00175000
v 0.12018085 -0.01091304 -0.00093750
v 0.12125132 -0.01041276 -0.00093750
v 0.12226933 -0.00986790 -0.00093750
v 0.11858359 -0.00935403 -0.00175000
v 0.11950114 -0.00892522 -0.00175000
v 0.12037372 -0.00845820 -0.00175000
v 0.12119759 -0.00795495 -0.00175000
v 0.09462462 -0.01403105 0.00106250
v 0.09324830 -0.01338784 0.00106250
v 0.09606250 -0.01461418 0.00106250
v 0.09193943 -0.01268730 0.00106250
v 0.09149811 -0.01487537 0.00225000
v 0.12193750 -0.01461418 0.00106250
v 0.09465715 -0.00625016 -0.00175000
v 0.09406106 -0.00562500 -0.00175000
v 0.09603076 -0.00741764 -0.00175000
v 0.09531465 -0.00684857 -0.00175000
v 0.09226667 -0.00729186 -0.00093750
v 0.09157124 -0.00656250 -0.00093750
v 0.09352895 -0.00497575 -0.00175000
v 0.09306308 -0.00430519 -0.00175000
v 0.09266546 -0.00361619 -0.00175000
v 0.09233778 -0.00291171 -0.00175000
v 0.09208146 -0.00219477 -0.00175000
v 0.09189758 -0.00146842 -0.00175000
v 0.09178694 -0.00073579 -0.00175000
v 0.12196924 -0.00741764 -0.00175000
v 0.12268534 -0.00684857 -0.00175000
v 0.12337538 -0.01403105 -0.00143750
v 0.12475170 -0.01338784 -0.00143750
v 0.12606058 -0.01268730 -0.00143750
v 0.12729639 -0.01193243 -0.00143750
v 0.12650189 -0.01487537 -0.00025000
v 0.12795620 -0.01409700 -0.00025000
v 0.12932932 -0.01325825 -0.00025000
v 0.13061540 -0.01236273 -0.00025000
v 0.12416495 -0.01127760 0.00000000
v 0.13180891 -0.01141428 -0.00025000
v 0.12845385 -0.01112646 -0.00143750
v 0.12952802 -0.01027285 -0.00143750
v 0.13051428 -0.00937525 -0.00143750
v 0.12323052 -0.00928078 -0.00093750
v 0.12413078 -0.00865391 -0.00093750
v 0.12496623 -0.00798999 -0.00093750
v 0.13140841 -0.00843750 -0.00143750
v 0.12526345 -0.01060660 0.00000000
v 0.12629232 -0.00989019 0.00000000
v 0.12724712 -0.00913142 0.00000000
v 0.12812380 -0.00833355 0.00000000
v 0.13290475 -0.01041694 -0.00025000
v 0.13389823 -0.00937500 -0.00025000
v 0.13478509 -0.00829291 -0.00025000
v 0.12337538 -0.01403105 0.00106250
v 0.12475170 -0.01338784 0.00106250
v 0.12606058 -0.01268730 0.00106250
v 0.12729639 -0.01193243 0.00106250
v 0.13136226 -0.01458408 0.00106250
v 0.13277693 -0.01359901 0.00106250
v 0.13408980 -0.01255570 0.00106250
v 0.13529523 -0.01145864 0.00106250
v 0.12650189 -0.01487537 0.00225000
v 0.12795620 -0.01409700 0.00225000
v 0.12932932 -0.01325825 0.00225000
v 0.13061540 -0.01236273 0.00225000
v 0.13493848 -0.01483528 0.00250000
v 0.13637069 -0.01369713 0.00250000
v 0.13180891 -0.01141428 0.00225000
v 0.13768570 -0.01250033 0.00250000
v 0.13887788 -0.01125000 0.00250000
v 0.12845385 -0.01112646 0.00106250
v 0.12952802 -0.01027285 0.00106250
v 0.13051428 -0.00937525 0.00106250
v 0.13638805 -0.01031250 0.00106250
v 0.13140841 -0.00843750 0.00106250
v 0.13736360 -0.00912220 0.00106250
v 0.13821769 -0.00789285 0.00106250
v 0.13290475 -0.01041694 0.00225000
v 0.13389823 -0.00937500 0.00225000
v 0.13478509 -0.00829291 0.00225000
v 0.13994211 -0.00995150 0.00250000
v 0.14087385 -0.00861038 0.00250000
v 0.12334285 -0.00625016 -0.00175000
v 0.12393894 -0.00562500 -0.00175000
v 0.12573333 -0.00729186 -0.00093750
v 0.12642877 -0.00656250 -0.00093750
v 0.12704957 -0.00580504 -0.00093750
v 0.12447105 -0.00497575 -0.00175000
v 0.12493692 -0.00430519 -0.00175000
v 0.12759307 -0.00502272 -0.00093750
v 0.12805697 -0.00421889 -0.00093750
v 0.13220659 -0.00746362 -0.00143750
v 0.13290538 -0.00645778 -0.00143750
v 0.13350181 -0.00542429 -0.00143750
v 0.13399333 -0.00436757 -0.00143750
v 0.12891859 -0.00750000 0.00000000
v 0.12962808 -0.00663433 0.00000000
v 0.13024923 -0.00574025 0.00000000
v 0.13077939 -0.00482159 0.00000000
v 0.13556154 -0.00717531 -0.00025000
v 0.13622424 -0.00602699 -0.00025000
v 0.13677037 -0.00485286 -0.00025000
v 0.13121629 -0.00388229 0.00000000
v 0.12533455 -0.00361619 -0.00175000
v 0.12566222 -0.00291171 -0.00175000
v 0.12591855 -0.00219477 -0.00175000
v 0.12843926 -0.00339700 -0.00093750
v 0.12873830 -0.00256056 -0.00093750
v 0.12610242 -0.00146842 -0.00175000
v 0.12621307 -0.00073579 -0.00175000
v 0.12895283 -0.00171316 -0.00093750
v 0.12908190 -0.00085842 -0.00093750
v 0.13437782 -0.00329215 -0.00143750
v 0.13465364 -0.00220263 -0.00143750
v 0.13481960 -0.00110368 -0.00143750
v 0.13719758 -0.00365794 -0.00025000
v 0.13750404 -0.00244737 -0.00025000
v 0.13155806 -0.00292635 0.00000000
v 0.13180323 -0.00195789 0.00000000
v 0.13768844 -0.00122631 -0.00025000
v 0.13195075 -0.00098105 0.00000000
v 0.13220659 -0.00746362 0.00106250
v 0.13290538 -0.00645778 0.00106250
v 0.13894667 -0.00662969 0.00106250
v 0.13350181 -0.00542429 0.00106250
v 0.13399333 -0.00436757 0.00106250
v 0.13556154 -0.00717531 0.00225000
v 0.13622424 -0.00602699 0.00225000
v 0.13677037 -0.00485286 0.00225000
v 0.13437782 -0.00329215 0.00106250
v 0.13465364 -0.00220263 0.00106250
v 0.13481960 -0.00110368 0.00106250
v 0.13719758 -0.00365794 0.00225000
v 0.13750404 -0.00244737 0.00225000
v 0.13768844 -0.00122631 0.00225000
v 0.13954741 -0.00533814 0.00106250
v 0.14001733 -0.00402374 0.00106250
v 0.14166909 -0.00723239 0.00250000
v 0.14232445 -0.00582343 0.00250000
v 0.14283709 -0.00438953 0.00250000
v 0.14035444 -0.00269210 0.00106250
v 0.14055729 -0.00134894 0.00106250
v 0.14320485 -0.00293684 0.00250000
v 0.14342614 -0.00147157 0.00250000
v 0.09119788 -0.02354291 0.00575000
v 0.08887500 -0.02273317 0.00575000
v 0.09031250 -0.02110937 0.00406250
v 0.08624754 -0.01933799 0.00406250
v 0.08823556 -0.02026707 0.00406250
v 0.08974792 -0.01636291 0.00356250
v 0.08814819 -0.01550670 0.00356250
v 0.08257189 -0.01723573 0.00406250
v 0.08089998 -0.01607155 0.00406250
v 0.08435695 -0.01832610 0.00406250
v 0.08625257 -0.01691640 0.00500000
v 0.08799773 -0.01785045 0.00500000
v 0.08983283 -0.01870807 0.00500000
v 0.08460481 -0.01590990 0.00500000
v 0.08246133 -0.01973579 0.00575000
v 0.08663830 -0.02182608 0.00575000
v 0.08449735 -0.02082553 0.00575000
v 0.09031250 -0.02110937 0.00656250
v 0.08624754 -0.01933799 0.00656250
v 0.08823556 -0.02026707 0.00656250
v 0.07873845 -0.01730783 0.00575000
v 0.08053895 -0.01856155 0.00575000
v 0.07706753 -0.01597999 0.00575000
v 0.08257189 -0.01723573 0.00656250
v 0.08089998 -0.01607155 0.00656250
v 0.08435695 -0.01832610 0.00656250
v 0.08865472 -0.02690618 0.00950000
v 0.08992630 -0.02522455 0.00756250
v 0.08504103 -0.02338508 0.00756250
v 0.08743750 -0.02435696 0.00756250
v 0.09119788 -0.02354291 0.00825000
v 0.08887500 -0.02273317 0.00825000
v 0.07867009 -0.02255519 0.00950000
v 0.08099698 -0.02380060 0.00950000
v 0.08600000 -0.02598076 0.00950000
v 0.08344377 -0.02494409 0.00950000
v 0.08865472 -0.02690618 0.01200000
v 0.08992630 -0.02522455 0.01006250
v 0.08504103 -0.02338508 0.01006250
v 0.08743750 -0.02435696 0.01006250
v 0.07867009 -0.02255519 0.01200000
v 0.08099698 -0.02380060 0.01200000
v 0.08600000 -0.02598076 0.01200000
v 0.08344377 -0.02494409 0.01200000
v 0.07441537 -0.01978038 0.00950000
v 0.07478664 -0.01712142 0.00756250
v 0.07314287 -0.01562541 0.00756250
v 0.07250575 -0.01826284 0.00950000
v 0.07075240 -0.01666711 0.00950000
v 0.08274716 -0.02231306 0.00756250
v 0.08056571 -0.02114549 0.00756250
v 0.07850602 -0.01988738 0.00756250
v 0.08246133 -0.01973579 0.00825000
v 0.08663830 -0.02182608 0.00825000
v 0.08449735 -0.02082553 0.00825000
v 0.07647309 -0.02121320 0.00950000
v 0.07657691 -0.01854410 0.00756250
v 0.07873845 -0.01730783 0.00825000
v 0.08053895 -0.01856155 0.00825000
v 0.07706753 -0.01597999 0.00825000
v 0.07441537 -0.01978038 0.01200000
v 0.07478664 -0.01712142 0.01006250
v 0.07314287 -0.01562541 0.01006250
v 0.07250575 -0.01826284 0.01200000
v 0.07075240 -0.01666711 0.01200000
v 0.08274716 -0.02231306 0.01006250
v 0.08056571 -0.02114549 0.01006250
v 0.07850602 -0.01988738 0.01006250
v 0.07647309 -0.02121320 0.01200000
v 0.07657691 -0.01854410 0.01006250
v 0.02909091 -0.00925006 0.00310023
v 0.03090909 -0.00882643 0.00324518
v 0.03272727 -0.00883083 0.00276807
v 0.03454546 -0.00824184 0.00300381
v 0.02909091 -0.00832484 0.00374174
v 0.03090909 -0.00794358 0.00387187
v 0.03272727 -0.00831846 0.00342837
v 0.03454546 -0.00776364 0.00364202
v 0.03636364 -0.00764289 0.00326341
v 0.03818182 -0.00721238 0.00292257
v 0.04000000 -0.00670312 0.00322585
v 0.04181818 -0.00618429 0.00295146
v 0.03818182 -0.00707379 0.00353790
v 0.03636364 -0.00719945 0.00387835
v 0.04000000 -0.00657433 0.00381826
v 0.04181818 -0.00630544 0.00352350
v 0.02909091 -0.00707969 0.00430404
v 0.03090909 -0.00675546 0.00442116
v 0.03272727 -0.00748642 0.00403691
v 0.03454546 -0.00698709 0.00423020
v 0.03272727 -0.00636668 0.00457030
v 0.03454546 -0.00594203 0.00474574
v 0.02909091 -0.00556248 0.00476550
v 0.03090909 -0.00530773 0.00487196
v 0.03272727 -0.00500226 0.00500804
v 0.03818182 -0.00666337 0.00412957
v 0.03636364 -0.00647933 0.00444507
v 0.04181818 -0.00618429 0.00409553
v 0.04000000 -0.00619288 0.00438791
v 0.03818182 -0.00599687 0.00467486
v 0.04181818 -0.00582547 0.00464559
v 0.03636364 -0.00551022 0.00494181
v 0.04000000 -0.00557344 0.00491290
v 0.04363636 -0.00594347 0.00324981
v 0.04545455 -0.00588771 0.00352002
v 0.04363636 -0.00605991 0.00380526
v 0.04727273 -0.00595495 0.00381636
v 0.04909091 -0.00574358 0.00364570
v 0.04545455 -0.00554610 0.00299715
v 0.04727273 -0.00504836 0.00282867
v 0.04727273 -0.00560944 0.00330237
v 0.04909091 -0.00516908 0.00317925
v 0.04909091 -0.00439594 0.00277041
v 0.05090909 -0.00454005 0.00314970
v 0.05090909 -0.00533853 0.00355284
v 0.05272727 -0.00471284 0.00353733
v 0.05454545 -0.00385114 0.00359671
v 0.04545455 -0.00600305 0.00406378
v 0.04363636 -0.00594347 0.00436071
v 0.04727273 -0.00607161 0.00435090
v 0.04909091 -0.00609735 0.00415183
v 0.05090909 -0.00593186 0.00401279
v 0.04545455 -0.00588771 0.00460754
v 0.04727273 -0.00595495 0.00488543
v 0.04909091 -0.00621680 0.00467818
v 0.05090909 -0.00629723 0.00451186
v 0.05090909 -0.00642060 0.00503087
v 0.04363636 -0.00559862 0.00489481
v 0.05272727 -0.00615762 0.00438928
v 0.05454545 -0.00576364 0.00431237
v 0.05454545 -0.00640421 0.00476082
v 0.05272727 -0.00653690 0.00488190
v 0.05636363 -0.00598931 0.00466995
v 0.05818182 -0.00620373 0.00499386
v 0.05272727 -0.00554171 0.00393527
v 0.05454545 -0.00490157 0.00391929
v 0.05636363 -0.00509349 0.00428157
v 0.05636363 -0.00400193 0.00396283
v 0.05818182 -0.00414520 0.00429524
v 0.05818182 -0.00527584 0.00461015
v 0.05090909 -0.00356709 0.00281884
v 0.05272727 -0.00370285 0.00321075
v 0.05272727 -0.00255057 0.00296808
v 0.05454545 -0.00265271 0.00335700
v 0.05636363 -0.00275657 0.00372599
v 0.05272727 -0.00130027 0.00281864
v 0.05454545 -0.00135234 0.00320940
v 0.05636363 -0.00140529 0.00358014
v 0.05818182 -0.00285526 0.00406125
v 0.05818182 -0.00145560 0.00391715
v 0.02909091 -0.00383150 0.00510840
v 0.03454546 -0.00466863 0.00516884
v 0.03818182 -0.00509992 0.00515282
v 0.03636364 -0.00432935 0.00534948
v 0.03818182 -0.00400698 0.00554506
v 0.04181818 -0.00524279 0.00515252
v 0.04000000 -0.00473983 0.00537306
v 0.04181818 -0.00445862 0.00559685
v 0.03090909 -0.00365603 0.00520693
v 0.02909091 -0.00195328 0.00531955
v 0.03272727 -0.00344562 0.00533331
v 0.03454546 -0.00321580 0.00548323
v 0.03090909 -0.00186383 0.00541321
v 0.03272727 -0.00175656 0.00553361
v 0.03454546 -0.00163940 0.00567683
v 0.03636364 -0.00298211 0.00565240
v 0.03818182 -0.00276006 0.00583653
v 0.04000000 -0.00372406 0.00575070
v 0.04181818 -0.00350312 0.00596150
v 0.04000000 -0.00256517 0.00603131
v 0.03636364 -0.00152027 0.00583894
v 0.03818182 -0.00140706 0.00601601
v 0.04000000 -0.00130771 0.00620411
v 0.04181818 -0.00241299 0.00623246
v 0.04181818 -0.00123013 0.00639932
v 0.04909091 -0.00609735 0.00520454
v 0.05090909 -0.00629723 0.00554989
v 0.04909091 -0.00574358 0.00571066
v 0.05090909 -0.00593186 0.00604896
v 0.04545455 -0.00554610 0.00513040
v 0.04363636 -0.00503863 0.00538705
v 0.04727273 -0.00560944 0.00539942
v 0.04545455 -0.00499136 0.00561227
v 0.04727273 -0.00504836 0.00587312
v 0.04363636 -0.00428500 0.00581849
v 0.04545455 -0.00424480 0.00603464
v 0.04909091 -0.00516908 0.00617711
v 0.05454545 -0.00679867 0.00524742
v 0.05272727 -0.00666496 0.00539422
v 0.05636363 -0.00665496 0.00511306
v 0.05636363 -0.00706487 0.00559385
v 0.05818182 -0.00689322 0.00543164
v 0.05454545 -0.00693187 0.00575347
v 0.05272727 -0.00653690 0.00590653
v 0.05818182 -0.00731780 0.00590666
v 0.05636363 -0.00720328 0.00609386
v 0.04727273 -0.00429328 0.00628832
v 0.05090909 -0.00533853 0.00650890
v 0.04909091 -0.00439594 0.00658596
v 0.05090909 -0.00454005 0.00691205
v 0.05454545 -0.00679867 0.00625951
v 0.05272727 -0.00615762 0.00639916
v 0.05454545 -0.00640421 0.00674611
v 0.05818182 -0.00746117 0.00640066
v 0.05636363 -0.00706487 0.00659387
v 0.05454545 -0.00576364 0.00719457
v 0.05636363 -0.00665496 0.00707467
v 0.05818182 -0.00731780 0.00689466
v 0.05818182 -0.00689322 0.00736967
v 0.05272727 -0.00554171 0.00685317
v 0.05272727 -0.00471284 0.00725111
v 0.04363636 -0.00336670 0.00617257
v 0.04545455 -0.00333512 0.00638126
v 0.04727273 -0.00337321 0.00662907
v 0.04363636 -0.00231903 0.00643568
v 0.04545455 -0.00229727 0.00663883
v 0.04727273 -0.00232350 0.00688226
v 0.04909091 -0.00345387 0.00692149
v 0.05090909 -0.00356709 0.00724290
v 0.04909091 -0.00237907 0.00717081
v 0.04363636 -0.00118223 0.00659770
v 0.04545455 -0.00117114 0.00679744
v 0.04727273 -0.00118451 0.00703818
v 0.04909091 -0.00121284 0.00732434
v 0.07447001 -0.00932791 0.00406250
v 0.07360849 -0.00783509 0.00406250
v 0.08270478 -0.01145864 0.00356250
v 0.08663775 -0.01458408 0.00356250
v 0.08522306 -0.01359901 0.00356250
v 0.08391020 -0.01255570 0.00356250
v 0.07792383 -0.01354202 0.00406250
v 0.07934842 -0.01483856 0.00406250
v 0.08306152 -0.01483528 0.00500000
v 0.08162931 -0.01369713 0.00500000
v 0.07663230 -0.01218750 0.00406250
v 0.07912213 -0.01125000 0.00500000
v 0.08031430 -0.01250033 0.00500000
v 0.08161195 -0.01031250 0.00356250
v 0.08063640 -0.00912220 0.00356250
v 0.07978231 -0.00789285 0.00356250
v 0.07547938 -0.01078079 0.00406250
v 0.07805789 -0.00995150 0.00500000
v 0.07712615 -0.00861038 0.00500000
v 0.07414248 -0.01312500 0.00575000
v 0.07290087 -0.01161008 0.00575000
v 0.06000000 -0.00753979 0.00617128
v 0.07181385 -0.01004544 0.00575000
v 0.07088606 -0.00843779 0.00575000
v 0.06181818 -0.00771314 0.00637317
v 0.06000000 -0.00768750 0.00665909
v 0.06363636 -0.00782017 0.00649779
v 0.06545454 -0.00784404 0.00653384
v 0.06727273 -0.00779170 0.00654228
v 0.06181818 -0.00786425 0.00685442
v 0.06000000 -0.00753979 0.00714690
v 0.06181818 -0.00771314 0.00733566
v 0.06363636 -0.00797338 0.00697188
v 0.06545454 -0.00799772 0.00700000
v 0.06727273 -0.00794435 0.00700000
v 0.06923542 -0.00762513 0.00651818
v 0.06909091 -0.00767385 0.00655107
v 0.06919784 -0.00766338 0.00655161
v 0.06909091 -0.00769900 0.00662615
v 0.07447001 -0.00932791 0.00656250
v 0.07360849 -0.00783509 0.00656250
v 0.06854653 -0.00786017 0.00700000
v 0.06811441 -0.00780674 0.00724583
v 0.07553335 -0.01458372 0.00575000
v 0.07792383 -0.01354202 0.00656250
v 0.07934842 -0.01483856 0.00656250
v 0.07663230 -0.01218750 0.00656250
v 0.07547938 -0.01078079 0.00656250
v 0.06000000 -0.00543588 0.00489101
v 0.06000000 -0.00427095 0.00458005
v 0.06181818 -0.00436914 0.00480337
v 0.06363636 -0.00442977 0.00495132
v 0.06545454 -0.00444329 0.00501322
v 0.06727273 -0.00441364 0.00504920
v 0.07289852 -0.00630871 0.00406250
v 0.07234315 -0.00475533 0.00406250
v 0.07516291 -0.00438953 0.00500000
v 0.06000000 -0.00294188 0.00434899
v 0.06181818 -0.00300952 0.00457542
v 0.06363636 -0.00305128 0.00472676
v 0.06545454 -0.00306059 0.00479241
v 0.06727273 -0.00304017 0.00483239
v 0.06000000 -0.00149976 0.00420670
v 0.06181818 -0.00153424 0.00443505
v 0.06363636 -0.00155553 0.00458847
v 0.06545454 -0.00156028 0.00465643
v 0.06727273 -0.00154987 0.00469888
v 0.07194475 -0.00318158 0.00406250
v 0.06909091 -0.00299419 0.00487403
v 0.07042342 -0.00330459 0.00496249
v 0.07042255 -0.00331227 0.00496367
v 0.07046416 -0.00294170 0.00490665
v 0.07046510 -0.00246435 0.00486396
v 0.07479515 -0.00293684 0.00500000
v 0.07470197 -0.00300594 0.00505938
v 0.07470477 -0.00294460 0.00504954
v 0.07473733 -0.00270987 0.00501274
v 0.07474029 -0.00257331 0.00499998
v 0.07474028 -0.00257354 0.00500000
v 0.07170502 -0.00159420 0.00406250
v 0.06909091 -0.00152642 0.00474308
v 0.07046631 -0.00185707 0.00480966
v 0.07046664 -0.00164714 0.00479094
v 0.07048102 -0.00149934 0.00477814
v 0.07048049 -0.00070457 0.00475504
v 0.07048026 -0.00036002 0.00474502
v 0.07477544 -0.00146295 0.00489900
v 0.07478591 -0.00137974 0.00489167
v 0.07478611 -0.00136007 0.00489108
v 0.07478774 -0.00120335 0.00488633
v 0.07905333 -0.00662969 0.00356250
v 0.07845259 -0.00533814 0.00356250
v 0.07798266 -0.00402374 0.00356250
v 0.07633091 -0.00723239 0.00500000
v 0.07567556 -0.00582343 0.00500000
v 0.07764556 -0.00269210 0.00356250
v 0.07744271 -0.00134894 0.00356250
v 0.07636364 -0.00259559 0.00505489
v 0.07636364 -0.00132322 0.00493508
v 0.07818182 -0.00125027 0.00498625
v 0.08000000 -0.00117054 0.00503843
v 0.06000000 -0.00639192 0.00526992
v 0.06181818 -0.00653888 0.00548395
v 0.06363636 -0.00662962 0.00562179
v 0.06363636 -0.00563803 0.00525354
v 0.06545454 -0.00565524 0.00531038
v 0.06000000 -0.00710232 0.00570221
v 0.06181818 -0.00726562 0.00591042
v 0.06545454 -0.00664986 0.00567248
v 0.06727273 -0.00660548 0.00569652
v 0.06363636 -0.00736644 0.00604192
v 0.06545454 -0.00738893 0.00608559
v 0.06727273 -0.00733962 0.00610215
v 0.06181818 -0.00556086 0.00511015
v 0.06727273 -0.00561750 0.00534098
v 0.07016116 -0.00585722 0.00553576
v 0.07012148 -0.00679400 0.00575000
v 0.06909091 -0.00722861 0.00611940
v 0.06967695 -0.00717453 0.00612516
v 0.06980993 -0.00684844 0.00595334
v 0.06979251 -0.00689134 0.00597590
v 0.06909091 -0.00650558 0.00572156
v 0.07000136 -0.00645802 0.00575000
v 0.07001744 -0.00642863 0.00573479
v 0.07383047 -0.00667954 0.00616731
v 0.07454546 -0.00657475 0.00617479
v 0.07411931 -0.00613371 0.00588490
v 0.07421937 -0.00596013 0.00579703
v 0.07414113 -0.00609157 0.00586335
v 0.07454546 -0.00591712 0.00580198
v 0.07028956 -0.00502173 0.00529148
v 0.06909091 -0.00553254 0.00537285
v 0.07026305 -0.00544976 0.00539416
v 0.06909091 -0.00434689 0.00508668
v 0.07034837 -0.00464276 0.00520182
v 0.07040523 -0.00427396 0.00511478
v 0.07038046 -0.00443459 0.00515269
v 0.07449035 -0.00506619 0.00548428
v 0.07450842 -0.00494424 0.00545162
v 0.07454546 -0.00503209 0.00547521
v 0.07449885 -0.00503732 0.00547431
v 0.07455739 -0.00446808 0.00533554
v 0.07466278 -0.00386605 0.00519722
v 0.07465882 -0.00394213 0.00520968
v 0.07454546 -0.00458429 0.00536385
v 0.07351982 -0.00696278 0.00639751
v 0.07328398 -0.00717600 0.00657258
v 0.07329631 -0.00716392 0.00656250
v 0.07454546 -0.00697971 0.00657931
v 0.07272727 -0.00738510 0.00694010
v 0.07272727 -0.00740490 0.00700000
v 0.07263548 -0.00741690 0.00700000
v 0.07256301 -0.00741311 0.00703973
v 0.07454546 -0.00711645 0.00700000
v 0.07636364 -0.00563952 0.00583032
v 0.07636364 -0.00626630 0.00619431
v 0.07818182 -0.00592083 0.00621427
v 0.07636364 -0.00479602 0.00551128
v 0.07636364 -0.00376821 0.00524945
v 0.07818182 -0.00453161 0.00554817
v 0.08000000 -0.00424264 0.00558579
v 0.07818182 -0.00532861 0.00585930
v 0.08000000 -0.00498882 0.00588886
v 0.07636364 -0.00665227 0.00658926
v 0.07818182 -0.00628552 0.00659944
v 0.08000000 -0.00588471 0.00660982
v 0.07636364 -0.00678259 0.00700000
v 0.07818182 -0.00640866 0.00700000
v 0.08000000 -0.00600000 0.00700000
v 0.08000000 -0.00554328 0.00623463
v 0.07818182 -0.00356046 0.00529282
v 0.07818182 -0.00245249 0.00510309
v 0.08000000 -0.00333342 0.00533706
v 0.08000000 -0.00229610 0.00515224
v 0.05636363 -0.00598931 0.00751777
v 0.05818182 -0.00620373 0.00780745
v 0.05454545 -0.00490157 0.00758764
v 0.05454545 -0.00385114 0.00791022
v 0.05636363 -0.00509349 0.00790615
v 0.05818182 -0.00527584 0.00819116
v 0.05636363 -0.00400193 0.00822489
v 0.05818182 -0.00414520 0.00850607
v 0.05090909 -0.00245706 0.00748875
v 0.05090909 -0.00125260 0.00764014
v 0.05272727 -0.00370285 0.00757769
v 0.05272727 -0.00255057 0.00782036
v 0.05454545 -0.00265271 0.00814993
v 0.05636363 -0.00275657 0.00846174
v 0.05272727 -0.00130027 0.00796979
v 0.05454545 -0.00135234 0.00829754
v 0.05818182 -0.00285526 0.00874006
v 0.05636363 -0.00140529 0.00860758
v 0.05818182 -0.00145560 0.00888416
v 0.07165265 -0.01406250 0.00756250
v 0.07032236 -0.01243937 0.00756250
v 0.07414248 -0.01312500 0.00825000
v 0.07290087 -0.01161008 0.00825000
v 0.06650154 -0.01148050 0.00950000
v 0.06916283 -0.01500000 0.00950000
v 0.06774385 -0.01326866 0.00950000
v 0.06363636 -0.00782017 0.00744597
v 0.06545454 -0.00784404 0.00746616
v 0.06727273 -0.00779170 0.00745772
v 0.06727273 -0.00755236 0.00769073
v 0.06716580 -0.00750118 0.00774436
v 0.06915770 -0.01076297 0.00756250
v 0.07181385 -0.01004544 0.00825000
v 0.06816364 -0.00904049 0.00756250
v 0.06774590 -0.00776103 0.00745543
v 0.06752456 -0.00766650 0.00756250
v 0.07088606 -0.00843779 0.00825000
v 0.06544121 -0.00964318 0.00950000
v 0.06456741 -0.00776457 0.00950000
v 0.07553335 -0.01458372 0.00825000
v 0.07165265 -0.01406250 0.01006250
v 0.07032236 -0.01243937 0.01006250
v 0.06650154 -0.01148050 0.01200000
v 0.06916283 -0.01500000 0.01200000
v 0.06774385 -0.01326866 0.01200000
v 0.06915770 -0.01076297 0.01006250
v 0.06816364 -0.00904049 0.01006250
v 0.06544121 -0.00964318 0.01200000
v 0.06456741 -0.00776457 0.01200000
v 0.06000000 -0.00710232 0.00761597
v 0.06181818 -0.00726562 0.00779841
v 0.06363636 -0.00736644 0.00790184
v 0.06545454 -0.00738893 0.00791441
v 0.06687401 -0.00736149 0.00789072
v 0.06685358 -0.00735099 0.00790167
v 0.06000000 -0.00639192 0.00804826
v 0.06181818 -0.00653888 0.00822488
v 0.06644534 -0.00702574 0.00809338
v 0.06363636 -0.00662962 0.00832197
v 0.06545454 -0.00664986 0.00832752
v 0.06596016 -0.00663752 0.00832084
v 0.06579180 -0.00645912 0.00838951
v 0.06545454 -0.00610173 0.00852707
v 0.06000000 -0.00543588 0.00842717
v 0.07095791 -0.00706626 0.00785111
v 0.07093380 -0.00705785 0.00786246
v 0.07090909 -0.00704312 0.00787250
v 0.07188745 -0.00737838 0.00741031
v 0.07184249 -0.00737607 0.00743497
v 0.07272727 -0.00726262 0.00743039
v 0.07454546 -0.00697971 0.00742069
v 0.07272727 -0.00684124 0.00784423
v 0.07454546 -0.00657475 0.00782521
v 0.07042068 -0.00674172 0.00806819
v 0.07028127 -0.00664737 0.00812863
v 0.07012148 -0.00679400 0.00825000
v 0.07000133 -0.00645794 0.00825000
v 0.06996643 -0.00643287 0.00826593
v 0.07090909 -0.00635459 0.00825247
v 0.07272727 -0.00615695 0.00822564
v 0.07454546 -0.00591712 0.00819802
v 0.07454546 -0.00503209 0.00852479
v 0.06508689 -0.00569665 0.00867340
v 0.06363636 -0.00563803 0.00869022
v 0.06505085 -0.00565142 0.00868975
v 0.06388388 -0.00585271 0.00950000
v 0.06181818 -0.00556086 0.00859868
v 0.06000000 -0.00427095 0.00873813
v 0.06181818 -0.00436914 0.00890546
v 0.06475937 -0.00518669 0.00880540
v 0.06470273 -0.00509576 0.00882776
v 0.06363636 -0.00442977 0.00899243
v 0.06429090 -0.00443464 0.00899040
v 0.06400551 -0.00386324 0.00908402
v 0.06339353 -0.00391579 0.00950000
v 0.06908108 -0.00555921 0.00861792
v 0.06905612 -0.00553417 0.00862776
v 0.06909091 -0.00556907 0.00861405
v 0.06909091 -0.00553254 0.00862715
v 0.06902079 -0.00548939 0.00863963
v 0.06880406 -0.00521444 0.00871238
v 0.07090909 -0.00540413 0.00859409
v 0.06824131 -0.00437808 0.00893083
v 0.06816261 -0.00422939 0.00895638
v 0.06909091 -0.00434689 0.00891332
v 0.07090909 -0.00424600 0.00887445
v 0.07272727 -0.00523606 0.00855994
v 0.07454546 -0.00395369 0.00879296
v 0.07272727 -0.00411394 0.00883430
v 0.06000000 -0.00294188 0.00896920
v 0.06181818 -0.00300952 0.00913341
v 0.06309849 -0.00196209 0.00950000
v 0.06387339 -0.00352868 0.00913877
v 0.06363636 -0.00305128 0.00921699
v 0.06370588 -0.00310450 0.00920819
v 0.06368514 -0.00305153 0.00921674
v 0.06363636 -0.00288381 0.00923248
v 0.06338392 -0.00194989 0.00930723
v 0.06727273 -0.00201368 0.00925957
v 0.06000000 -0.00149976 0.00911149
v 0.06181818 -0.00153424 0.00927379
v 0.06335434 -0.00178129 0.00932146
v 0.06331407 -0.00155175 0.00934084
v 0.06328756 -0.00125711 0.00934874
v 0.06720340 -0.00178663 0.00928157
v 0.06727273 -0.00154987 0.00930112
v 0.06715622 -0.00155053 0.00930384
v 0.06714521 -0.00144117 0.00930732
v 0.06710950 -0.00108444 0.00931855
v 0.06779655 -0.00353774 0.00907523
v 0.06772365 -0.00336425 0.00910455
v 0.07090909 -0.00292470 0.00908278
v 0.07272727 -0.00283373 0.00903816
v 0.07454546 -0.00272335 0.00899223
v 0.06758443 -0.00303229 0.00916047
v 0.06909091 -0.00299419 0.00912597
v 0.06749198 -0.00273018 0.00918986
v 0.06909091 -0.00152642 0.00925692
v 0.07090909 -0.00149100 0.00921107
v 0.07272727 -0.00144462 0.00916370
v 0.07454546 -0.00138835 0.00911494
v 0.07636364 -0.00665227 0.00741074
v 0.07818182 -0.00628552 0.00740056
v 0.07636364 -0.00626630 0.00780569
v 0.07818182 -0.00592083 0.00778573
v 0.08000000 -0.00588471 0.00739018
v 0.07636364 -0.00563952 0.00816968
v 0.08000000 -0.00554328 0.00776537
v 0.07818182 -0.00532861 0.00814070
v 0.07636364 -0.00479602 0.00848872
v 0.07818182 -0.00453161 0.00845183
v 0.08000000 -0.00498882 0.00811114
v 0.08000000 -0.00424264 0.00841421
v 0.07636364 -0.00376821 0.00875055
v 0.07818182 -0.00356046 0.00870718
v 0.07636364 -0.00259559 0.00894511
v 0.07818182 -0.00245249 0.00889691
v 0.08000000 -0.00333342 0.00866294
v 0.08000000 -0.00229610 0.00884776
v 0.07636364 -0.00132322 0.00906492
v 0.07818182 -0.00125027 0.00901375
v 0.08000000 -0.00117054 0.00896157
v 0.06670363 -0.00548692 0.01006250
v 0.06734445 -0.00727929 0.01006250
v 0.06388388 -0.00585271 0.01200000
v 0.06339353 -0.00391579 0.01200000
v 0.06624394 -0.00367105 0.01006250
v 0.06596734 -0.00183946 0.01006250
v 0.06309849 -0.00196209 0.01200000
v 0.09469721 -0.02251956 0.00406250
v 0.09698620 -0.02308142 0.00406250
v 0.09932664 -0.02354444 0.00406250
v 0.10170850 -0.02390664 0.00406250
v 0.10412158 -0.02416647 0.00406250
v 0.10655556 -0.02432281 0.00406250
v 0.10900000 -0.02437500 0.00406250
v 0.11144444 -0.02432281 0.00406250
v 0.11387841 -0.02416647 0.00406250
v 0.10900000 -0.02250000 0.00500000
v 0.11629150 -0.02390664 0.00406250
v 0.11867336 -0.02354444 0.00406250
v 0.12101380 -0.02308142 0.00406250
v 0.09858254 -0.02535555 0.00575000
v 0.09606206 -0.02485692 0.00575000
v 0.09359699 -0.02425184 0.00575000
v 0.10114761 -0.02574561 0.00575000
v 0.10374632 -0.02602543 0.00575000
v 0.10636752 -0.02619380 0.00575000
v 0.09469721 -0.02251956 0.00656250
v 0.09698620 -0.02308142 0.00656250
v 0.09932664 -0.02354444 0.00656250
v 0.10170850 -0.02390664 0.00656250
v 0.10412158 -0.02416647 0.00656250
v 0.10655556 -0.02432281 0.00656250
v 0.10900000 -0.02625000 0.00575000
v 0.11163247 -0.02619380 0.00575000
v 0.11425368 -0.02602543 0.00575000
v 0.11685239 -0.02574561 0.00575000
v 0.11941747 -0.02535555 0.00575000
v 0.12193794 -0.02485692 0.00575000
v 0.10900000 -0.02437500 0.00656250
v 0.11144444 -0.02432281 0.00656250
v 0.11387841 -0.02416647 0.00656250
v 0.11629150 -0.02390664 0.00656250
v 0.11867336 -0.02354444 0.00656250
v 0.12101380 -0.02308142 0.00656250
v 0.09689764 -0.01905501 0.00356250
v 0.09883448 -0.01953043 0.00356250
v 0.10081485 -0.01992222 0.00356250
v 0.10283027 -0.02022870 0.00356250
v 0.10487211 -0.02044855 0.00356250
v 0.10693163 -0.02058084 0.00356250
v 0.09246946 -0.02186127 0.00406250
v 0.09579742 -0.02078729 0.00500000
v 0.09791034 -0.02130593 0.00500000
v 0.09374104 -0.02017964 0.00500000
v 0.09175000 -0.01948557 0.00500000
v 0.10007074 -0.02173333 0.00500000
v 0.10226938 -0.02206767 0.00500000
v 0.10449684 -0.02230751 0.00500000
v 0.10674359 -0.02245183 0.00500000
v 0.09318750 -0.01786177 0.00356250
v 0.09501262 -0.01849800 0.00356250
v 0.09143009 -0.01714906 0.00356250
v 0.10900000 -0.02062500 0.00356250
v 0.11106838 -0.02058084 0.00356250
v 0.11312789 -0.02044855 0.00356250
v 0.11516973 -0.02022870 0.00356250
v 0.11718515 -0.01992222 0.00356250
v 0.11916552 -0.01953043 0.00356250
v 0.12110236 -0.01905501 0.00356250
v 0.11125641 -0.02245183 0.00500000
v 0.11350315 -0.02230751 0.00500000
v 0.11573061 -0.02206767 0.00500000
v 0.11792926 -0.02173333 0.00500000
v 0.12008967 -0.02130593 0.00500000
v 0.12220258 -0.02078729 0.00500000
v 0.12298738 -0.01849800 0.00356250
v 0.09246946 -0.02186127 0.00656250
v 0.12330279 -0.02251956 0.00406250
v 0.12440301 -0.02425184 0.00575000
v 0.12680212 -0.02354291 0.00575000
v 0.12912500 -0.02273317 0.00575000
v 0.12330279 -0.02251956 0.00656250
v 0.12553054 -0.02186127 0.00406250
v 0.12768750 -0.02110937 0.00406250
v 0.12976444 -0.02026707 0.00406250
v 0.12425896 -0.02017964 0.00500000
v 0.12625000 -0.01948557 0.00500000
v 0.13175246 -0.01933799 0.00406250
v 0.12481250 -0.01786177 0.00356250
v 0.12656991 -0.01714906 0.00356250
v 0.12825207 -0.01636291 0.00356250
v 0.12985182 -0.01550670 0.00356250
v 0.12816717 -0.01870807 0.00500000
v 0.13000228 -0.01785045 0.00500000
v 0.13364305 -0.01832610 0.00406250
v 0.13542812 -0.01723573 0.00406250
v 0.13174742 -0.01691640 0.00500000
v 0.13710001 -0.01607155 0.00406250
v 0.13339518 -0.01590990 0.00500000
v 0.13136171 -0.02182608 0.00575000
v 0.13350265 -0.02082553 0.00575000
v 0.13553867 -0.01973579 0.00575000
v 0.12553054 -0.02186127 0.00656250
v 0.12768750 -0.02110937 0.00656250
v 0.12976444 -0.02026707 0.00656250
v 0.13175246 -0.01933799 0.00656250
v 0.13746105 -0.01856155 0.00575000
v 0.13364305 -0.01832610 0.00656250
v 0.13542812 -0.01723573 0.00656250
v 0.13710001 -0.01607155 0.00656250
v 0.13926156 -0.01730783 0.00575000
v 0.14093247 -0.01597999 0.00575000
v 0.09513792 -0.02663241 0.00756250
v 0.09783843 -0.02716666 0.00756250
v 0.10058673 -0.02758459 0.00756250
v 0.10337106 -0.02788439 0.00756250
v 0.10617949 -0.02806478 0.00756250
v 0.09421378 -0.02840790 0.00950000
v 0.09709433 -0.02897777 0.00950000
v 0.09139656 -0.02771639 0.00950000
v 0.10002585 -0.02942356 0.00950000
v 0.10299580 -0.02974335 0.00950000
v 0.10599145 -0.02993577 0.00950000
v 0.09249678 -0.02598411 0.00756250
v 0.09858254 -0.02535555 0.00825000
v 0.09606206 -0.02485692 0.00825000
v 0.09359699 -0.02425184 0.00825000
v 0.10114761 -0.02574561 0.00825000
v 0.10374632 -0.02602543 0.00825000
v 0.10636752 -0.02619380 0.00825000
v 0.10900000 -0.02812500 0.00756250
v 0.11182051 -0.02806478 0.00756250
v 0.11462894 -0.02788439 0.00756250
v 0.11741327 -0.02758459 0.00756250
v 0.12016157 -0.02716666 0.00756250
v 0.12286208 -0.02663241 0.00756250
v 0.10900000 -0.03000000 0.00950000
v 0.11200854 -0.02993577 0.00950000
v 0.11500420 -0.02974335 0.00950000
v 0.11797415 -0.02942356 0.00950000
v 0.12090567 -0.02897777 0.00950000
v 0.10900000 -0.02625000 0.00825000
v 0.11163247 -0.02619380 0.00825000
v 0.11425368 -0.02602543 0.00825000
v 0.11685239 -0.02574561 0.00825000
v 0.11941747 -0.02535555 0.00825000
v 0.12193794 -0.02485692 0.00825000
v 0.09513792 -0.02663241 0.01006250
v 0.09783843 -0.02716666 0.01006250
v 0.10058673 -0.02758459 0.01006250
v 0.10337106 -0.02788439 0.01006250
v 0.10617949 -0.02806478 0.01006250
v 0.09421378 -0.02840790 0.01200000
v 0.09709433 -0.02897777 0.01200000
v 0.09139656 -0.02771639 0.01200000
v 0.10002585 -0.02942356 0.01200000
v 0.10299580 -0.02974335 0.01200000
v 0.10599145 -0.02993577 0.01200000
v 0.09249678 -0.02598411 0.01006250
v 0.10900000 -0.02812500 0.01006250
v 0.11182051 -0.02806478 0.01006250
v 0.11462894 -0.02788439 0.01006250
v 0.11741327 -0.02758459 0.01006250
v 0.12016157 -0.02716666 0.01006250
v 0.12286208 -0.02663241 0.01006250
v 0.10900000 -0.03000000 0.01200000
v 0.11200854 -0.02993577 0.01200000
v 0.11500420 -0.02974335 0.01200000
v 0.11797415 -0.02942356 0.01200000
v 0.12090567 -0.02897777 0.01200000
v 0.12378622 -0.02840790 0.00950000
v 0.12660344 -0.02771639 0.00950000
v 0.12934528 -0.02690618 0.00950000
v 0.12550323 -0.02598411 0.00756250
v 0.12807369 -0.02522455 0.00756250
v 0.13056250 -0.02435696 0.00756250
v 0.12440301 -0.02425184 0.00825000
v 0.12680212 -0.02354291 0.00825000
v 0.12912500 -0.02273317 0.00825000
v 0.13295896 -0.02338508 0.00756250
v 0.13200000 -0.02598076 0.00950000
v 0.13455623 -0.02494409 0.00950000
v 0.13700302 -0.02380060 0.00950000
v 0.13932991 -0.02255519 0.00950000
v 0.12378622 -0.02840790 0.01200000
v 0.12660344 -0.02771639 0.01200000
v 0.12934528 -0.02690618 0.01200000
v 0.12550323 -0.02598411 0.01006250
v 0.12807369 -0.02522455 0.01006250
v 0.13056250 -0.02435696 0.01006250
v 0.13295896 -0.02338508 0.01006250
v 0.13200000 -0.02598076 0.01200000
v 0.13455623 -0.02494409 0.01200000
v 0.13700302 -0.02380060 0.01200000
v 0.13932991 -0.02255519 0.01200000
v 0.13525283 -0.02231306 0.00756250
v 0.13743429 -0.02114549 0.00756250
v 0.13136171 -0.02182608 0.00825000
v 0.13350265 -0.02082553 0.00825000
v 0.13553867 -0.01973579 0.00825000
v 0.13746105 -0.01856155 0.00825000
v 0.13949399 -0.01988738 0.00756250
v 0.14152691 -0.02121320 0.00950000
v 0.14358462 -0.01978038 0.00950000
v 0.14142309 -0.01854410 0.00756250
v 0.14321336 -0.01712142 0.00756250
v 0.13926156 -0.01730783 0.00825000
v 0.14485712 -0.01562541 0.00756250
v 0.14093247 -0.01597999 0.00825000
v 0.14549425 -0.01826284 0.00950000
v 0.14724760 -0.01666711 0.00950000
v 0.13525283 -0.02231306 0.01006250
v 0.13743429 -0.02114549 0.01006250
v 0.13949399 -0.01988738 0.01006250
v 0.14152691 -0.02121320 0.01200000
v 0.14358462 -0.01978038 0.01200000
v 0.14142309 -0.01854410 0.01006250
v 0.14321336 -0.01712142 0.01006250
v 0.14485712 -0.01562541 0.01006250
v 0.14549425 -0.01826284 0.01200000
v 0.14724760 -0.01666711 0.01200000
v 0.13136226 -0.01458408 0.00356250
v 0.13277693 -0.01359901 0.00356250
v 0.13408980 -0.01255570 0.00356250
v 0.13529523 -0.01145864 0.00356250
v 0.13865158 -0.01483856 0.00406250
v 0.13493848 -0.01483528 0.00500000
v 0.13637069 -0.01369713 0.00500000
v 0.13768570 -0.01250033 0.00500000
v 0.13887788 -0.01125000 0.00500000
v 0.13638805 -0.01031250 0.00356250
v 0.13736360 -0.00912220 0.00356250
v 0.13821769 -0.00789285 0.00356250
v 0.14007618 -0.01354202 0.00406250
v 0.14136770 -0.01218750 0.00406250
v 0.14252062 -0.01078079 0.00406250
v 0.13994211 -0.00995150 0.00500000
v 0.14353000 -0.00932791 0.00406250
v 0.14439151 -0.00783509 0.00406250
v 0.14087385 -0.00861038 0.00500000
v 0.13865158 -0.01483856 0.00656250
v 0.14246665 -0.01458372 0.00575000
v 0.14385752 -0.01312500 0.00575000
v 0.14509913 -0.01161008 0.00575000
v 0.14007618 -0.01354202 0.00656250
v 0.14136770 -0.01218750 0.00656250
v 0.14618616 -0.01004544 0.00575000
v 0.14711393 -0.00843779 0.00575000
v 0.14252062 -0.01078079 0.00656250
v 0.14353000 -0.00932791 0.00656250
v 0.14439151 -0.00783509 0.00656250
v 0.13894667 -0.00662969 0.00356250
v 0.13954741 -0.00533814 0.00356250
v 0.14001733 -0.00402374 0.00356250
v 0.14510147 -0.00630871 0.00406250
v 0.14166909 -0.00723239 0.00500000
v 0.14232445 -0.00582343 0.00500000
v 0.14565685 -0.00475533 0.00406250
v 0.14283709 -0.00438953 0.00500000
v 0.14035444 -0.00269210 0.00356250
v 0.14055729 -0.00134894 0.00356250
v 0.14605525 -0.00318158 0.00406250
v 0.14320485 -0.00293684 0.00500000
v 0.14629498 -0.00159420 0.00406250
v 0.14342614 -0.00147157 0.00500000
v 0.14787851 -0.00679400 0.00575000
v 0.14847660 -0.00512112 0.00575000
v 0.14510147 -0.00630871 0.00656250
v 0.14565685 -0.00475533 0.00656250
v 0.14890565 -0.00342631 0.00575000
v 0.14916383 -0.00171683 0.00575000
v 0.14605525 -0.00318158 0.00656250
v 0.14629498 -0.00159420 0.00656250
v 0.14634734 -0.01406250 0.00756250
v 0.14246665 -0.01458372 0.00825000
v 0.14385752 -0.01312500 0.00825000
v 0.14509913 -0.01161008 0.00825000
v 0.14767763 -0.01243937 0.00756250
v 0.14883716 -0.01500000 0.00950000
v 0.15025614 -0.01326866 0.00950000
v 0.15149845 -0.01148050 0.00950000
v 0.14618616 -0.01004544 0.00825000
v 0.14884230 -0.01076297 0.00756250
v 0.14983636 -0.00904049 0.00756250
v 0.14711393 -0.00843779 0.00825000
v 0.15255879 -0.00964318 0.00950000
v 0.15343259 -0.00776457 0.00950000
v 0.14634734 -0.01406250 0.01006250
v 0.14767763 -0.01243937 0.01006250
v 0.14883716 -0.01500000 0.01200000
v 0.15025614 -0.01326866 0.01200000
v 0.15149845 -0.01148050 0.01200000
v 0.14884230 -0.01076297 0.01006250
v 0.14983636 -0.00904049 0.01006250
v 0.15255879 -0.00964318 0.01200000
v 0.15343259 -0.00776457 0.01200000
v 0.15065555 -0.00727929 0.00756250
v 0.14787851 -0.00679400 0.00825000
v 0.15129636 -0.00548692 0.00756250
v 0.14847660 -0.00512112 0.00825000
v 0.15411612 -0.00585271 0.00950000
v 0.15460646 -0.00391579 0.00950000
v 0.15175606 -0.00367105 0.00756250
v 0.14890565 -0.00342631 0.00825000
v 0.15203267 -0.00183946 0.00756250
v 0.14916383 -0.00171683 0.00825000
v 0.15490150 -0.00196209 0.00950000
v 0.15065555 -0.00727929 0.01006250
v 0.15129636 -0.00548692 0.01006250
v 0.15411612 -0.00585271 0.01200000
v 0.15460646 -0.00391579 0.01200000
v 0.15175606 -0.00367105 0.01006250
v 0.15203267 -0.00183946 0.01006250
v 0.15490150 -0.00196209 0.01200000
v 0.02909091 0.00195328 -0.00195908
v 0.08887500 0.00000000 -0.00343750
v 0.08891809 0.00085842 -0.00343750
v 0.08904717 0.00171316 -0.00343750
v 0.08926170 0.00256056 -0.00343750
v 0.08956074 0.00339700 -0.00343750
v 0.08600000 0.00000000 -0.00250000
v 0.08604924 0.00098105 -0.00250000
v 0.08619677 0.00195789 -0.00250000
v 0.08644194 0.00292635 -0.00250000
v 0.08994303 0.00421889 -0.00343750
v 0.09040692 0.00502272 -0.00343750
v 0.09095044 0.00580504 -0.00343750
v 0.08678371 0.00388229 -0.00250000
v 0.08722061 0.00482159 -0.00250000
v 0.08775077 0.00574025 -0.00250000
v 0.08837193 0.00663433 -0.00250000
v 0.08908141 0.00750000 -0.00250000
v 0.08987620 0.00833355 -0.00250000
v 0.09075287 0.00913142 -0.00250000
v 0.03090909 0.00186383 -0.00169718
v 0.03272727 -0.00000000 -0.00143849
v 0.03272727 0.00175656 -0.00137085
v 0.03454546 -0.00000000 -0.00106202
v 0.03454546 0.00163940 -0.00099665
v 0.03090909 0.00365603 -0.00149091
v 0.03272727 0.00344562 -0.00117055
v 0.03454546 0.00321580 -0.00080305
v 0.03636364 -0.00000000 -0.00065412
v 0.03818182 -0.00000000 -0.00023147
v 0.03636364 0.00152027 -0.00059113
v 0.03818182 0.00140706 -0.00017086
v 0.04000000 -0.00000000 0.00018925
v 0.04000000 0.00130771 0.00024759
v 0.03636364 0.00298211 -0.00040459
v 0.03818182 0.00276006 0.00000862
v 0.04000000 0.00256517 0.00042039
v 0.02909091 0.00383150 -0.00174793
v 0.02909091 0.00556248 -0.00140503
v 0.03090909 0.00530773 -0.00115594
v 0.03272727 0.00500226 -0.00084528
v 0.02909091 0.00707969 -0.00094357
v 0.03454546 0.00466863 -0.00048866
v 0.03090909 0.00675546 -0.00070514
v 0.03272727 0.00636668 -0.00040754
v 0.03454546 0.00594203 -0.00006556
v 0.03272727 0.00748642 0.00012585
v 0.03636364 0.00432935 -0.00010167
v 0.03818182 0.00400698 0.00030008
v 0.03636364 0.00551022 0.00030599
v 0.04181818 -0.00000000 0.00059134
v 0.04181818 0.00123013 0.00064768
v 0.04181818 0.00241299 0.00081453
v 0.04000000 0.00372406 0.00070101
v 0.04181818 0.00350312 0.00108549
v 0.03454546 0.00698709 0.00044998
v 0.03818182 0.00509992 0.00069233
v 0.04181818 0.00445862 0.00145015
v 0.04000000 0.00473983 0.00107865
v 0.04000000 0.00557344 0.00153880
v 0.03636364 0.00647933 0.00080273
v 0.03818182 0.00599687 0.00117028
v 0.03636364 0.00719945 0.00136946
v 0.04181818 0.00524279 0.00189448
v 0.03818182 0.00666337 0.00171557
v 0.04000000 0.00619288 0.00206379
v 0.03818182 0.00707379 0.00230725
v 0.04181818 0.00582547 0.00240141
v 0.04000000 0.00657433 0.00263344
v 0.04363636 -0.00000000 0.00095812
v 0.04363636 0.00118223 0.00101283
v 0.04545455 -0.00000000 0.00127656
v 0.04545455 0.00117114 0.00133011
v 0.04363636 0.00231903 0.00117485
v 0.04545455 0.00229727 0.00148872
v 0.04363636 0.00336670 0.00143795
v 0.04727273 -0.00000000 0.00161097
v 0.04727273 0.00118451 0.00166361
v 0.04909091 -0.00000000 0.00198018
v 0.04909091 0.00121284 0.00203202
v 0.05090909 -0.00000000 0.00237049
v 0.05090909 0.00125260 0.00242161
v 0.04727273 0.00232350 0.00181953
v 0.04545455 0.00333512 0.00174629
v 0.04727273 0.00337321 0.00207273
v 0.04909091 0.00237907 0.00218555
v 0.05090909 0.00245706 0.00257300
v 0.04909091 0.00345387 0.00243488
v 0.04363636 0.00428500 0.00179203
v 0.04545455 0.00424480 0.00209292
v 0.04727273 0.00429328 0.00241347
v 0.04363636 0.00503863 0.00222347
v 0.04363636 0.00559862 0.00271571
v 0.04545455 0.00499136 0.00251528
v 0.02909091 0.00832484 -0.00038127
v 0.03090909 0.00794358 -0.00015585
v 0.02909091 0.00925006 0.00026024
v 0.03090909 0.00882643 0.00047084
v 0.03272727 0.00831846 0.00073438
v 0.03090909 0.00937009 0.00115084
v 0.03454546 0.00776364 0.00103816
v 0.03272727 0.00883083 0.00139469
v 0.02909091 0.00981982 0.00095633
v 0.03454546 0.00824184 0.00167637
v 0.03272727 0.00900384 0.00208138
v 0.03090909 0.00937009 0.00256518
v 0.03454546 0.00840330 0.00234009
v 0.02909091 0.01001220 0.00168024
v 0.03090909 0.00955366 0.00185801
v 0.02909091 0.00981982 0.00240414
v 0.03636364 0.00764289 0.00198439
v 0.03636364 0.00779263 0.00262390
v 0.08312500 0.00000000 -0.00143750
v 0.08318040 0.00110368 -0.00143750
v 0.08887500 0.00000000 -0.00093750
v 0.08891809 0.00085842 -0.00093750
v 0.08904717 0.00171316 -0.00093750
v 0.08334637 0.00220263 -0.00143750
v 0.08362218 0.00329215 -0.00143750
v 0.08926170 0.00256056 -0.00093750
v 0.08956074 0.00339700 -0.00093750
v 0.08025000 0.00000000 -0.00025000
v 0.08031156 0.00122631 -0.00025000
v 0.08049596 0.00244737 -0.00025000
v 0.08080243 0.00365794 -0.00025000
v 0.08600000 0.00000000 0.00000000
v 0.08604924 0.00098105 0.00000000
v 0.08619677 0.00195789 0.00000000
v 0.08644194 0.00292635 0.00000000
v 0.08400667 0.00436757 -0.00143750
v 0.08449818 0.00542429 -0.00143750
v 0.08994303 0.00421889 -0.00093750
v 0.09040692 0.00502272 -0.00093750
v 0.08509462 0.00645778 -0.00143750
v 0.08579342 0.00746362 -0.00143750
v 0.09095044 0.00580504 -0.00093750
v 0.08122963 0.00485286 -0.00025000
v 0.08177576 0.00602699 -0.00025000
v 0.08243846 0.00717531 -0.00025000
v 0.08678371 0.00388229 0.00000000
v 0.08722061 0.00482159 0.00000000
v 0.08775077 0.00574025 0.00000000
v 0.08837193 0.00663433 0.00000000
v 0.07450000 0.00000000 0.00250000
v 0.07457387 0.00147157 0.00250000
v 0.07479515 0.00293684 0.00250000
v 0.07516291 0.00438953 0.00250000
v 0.07737500 0.00000000 0.00106250
v 0.07744271 0.00134894 0.00106250
v 0.08312500 0.00000000 0.00106250
v 0.08318040 0.00110368 0.00106250
v 0.07764556 0.00269210 0.00106250
v 0.08334637 0.00220263 0.00106250
v 0.08362218 0.00329215 0.00106250
v 0.08025000 0.00000000 0.00225000
v 0.08031156 0.00122631 0.00225000
v 0.08049596 0.00244737 0.00225000
v 0.08080243 0.00365794 0.00225000
v 0.07798266 0.00402374 0.00106250
v 0.07845259 0.00533814 0.00106250
v 0.07905333 0.00662969 0.00106250
v 0.08400667 0.00436757 0.00106250
v 0.08449818 0.00542429 0.00106250
v 0.08509462 0.00645778 0.00106250
v 0.08579342 0.00746362 0.00106250
v 0.08122963 0.00485286 0.00225000
v 0.07567556 0.00582343 0.00250000
v 0.07633091 0.00723239 0.00250000
v 0.08177576 0.00602699 0.00225000
v 0.08243846 0.00717531 0.00225000
v 0.08659159 0.00843750 -0.00143750
v 0.08748572 0.00937525 -0.00143750
v 0.08847198 0.01027285 -0.00143750
v 0.08954614 0.01112646 -0.00143750
v 0.08321491 0.00829291 -0.00025000
v 0.08908141 0.00750000 0.00000000
v 0.08987620 0.00833355 0.00000000
v 0.09075287 0.00913142 0.00000000
v 0.08410177 0.00937500 -0.00025000
v 0.08509525 0.01041694 -0.00025000
v 0.09070361 0.01193243 -0.00143750
v 0.08619109 0.01141428 -0.00025000
v 0.08738460 0.01236273 -0.00025000
v 0.08867068 0.01325825 -0.00025000
v 0.09004381 0.01409700 -0.00025000
v 0.07978231 0.00789285 0.00106250
v 0.08063640 0.00912220 0.00106250
v 0.08161195 0.01031250 0.00106250
v 0.08659159 0.00843750 0.00106250
v 0.08748572 0.00937525 0.00106250
v 0.08847198 0.01027285 0.00106250
v 0.08954614 0.01112646 0.00106250
v 0.07712615 0.00861038 0.00250000
v 0.08321491 0.00829291 0.00225000
v 0.07805789 0.00995150 0.00250000
v 0.08410177 0.00937500 0.00225000
v 0.08509525 0.01041694 0.00225000
v 0.08270478 0.01145864 0.00106250
v 0.08391020 0.01255570 0.00106250
v 0.09070361 0.01193243 0.00106250
v 0.08522306 0.01359901 0.00106250
v 0.08663775 0.01458408 0.00106250
v 0.07912213 0.01125000 0.00250000
v 0.08031430 0.01250033 0.00250000
v 0.08162931 0.01369713 0.00250000
v 0.08306152 0.01483528 0.00250000
v 0.08619109 0.01141428 0.00225000
v 0.08738460 0.01236273 0.00225000
v 0.08867068 0.01325825 0.00225000
v 0.09004381 0.01409700 0.00225000
v 0.08814819 0.01550670 0.00106250
v 0.08974792 0.01636291 0.00106250
v 0.08460481 0.01590990 0.00250000
v 0.08625257 0.01691640 0.00250000
v 0.08799773 0.01785045 0.00250000
v 0.08983283 0.01870807 0.00250000
v 0.09750000 0.00000000 -0.00550000
v 0.09752462 0.00049052 -0.00550000
v 0.09759838 0.00097895 -0.00550000
v 0.09772097 0.00146318 -0.00550000
v 0.09789185 0.00194114 -0.00550000
v 0.09811030 0.00241080 -0.00550000
v 0.09837539 0.00287013 -0.00550000
v 0.09868596 0.00331717 -0.00550000
v 0.10037500 0.00000000 -0.00593750
v 0.10039347 0.00036789 -0.00593750
v 0.10044879 0.00073421 -0.00593750
v 0.10054073 0.00109738 -0.00593750
v 0.10066889 0.00145586 -0.00593750
v 0.10083273 0.00180810 -0.00593750
v 0.10325000 0.00000000 -0.00625000
v 0.10326231 0.00024526 -0.00625000
v 0.10329919 0.00048947 -0.00625000
v 0.10336048 0.00073159 -0.00625000
v 0.10612500 0.00000000 -0.00643750
v 0.10613116 0.00012263 -0.00643750
v 0.10614960 0.00024474 -0.00643750
v 0.10618024 0.00036579 -0.00643750
v 0.10622296 0.00048529 -0.00643750
v 0.10627758 0.00060270 -0.00643750
v 0.10634384 0.00071753 -0.00643750
v 0.10642149 0.00082929 -0.00643750
v 0.10344592 0.00097057 -0.00625000
v 0.10355515 0.00120540 -0.00625000
v 0.10368770 0.00143506 -0.00625000
v 0.10384298 0.00165858 -0.00625000
v 0.10651018 0.00093750 -0.00643750
v 0.10660952 0.00104169 -0.00643750
v 0.10671911 0.00114143 -0.00643750
v 0.10683846 0.00123627 -0.00643750
v 0.10696707 0.00132583 -0.00643750
v 0.10710438 0.00140970 -0.00643750
v 0.10103154 0.00215259 -0.00593750
v 0.10126447 0.00248787 -0.00593750
v 0.10153053 0.00281250 -0.00593750
v 0.10182858 0.00312508 -0.00593750
v 0.10215732 0.00342428 -0.00593750
v 0.10251538 0.00370882 -0.00593750
v 0.10402036 0.00187500 -0.00625000
v 0.10421905 0.00208339 -0.00625000
v 0.10443822 0.00228286 -0.00625000
v 0.10467692 0.00247255 -0.00625000
v 0.10493413 0.00265165 -0.00625000
v 0.10520876 0.00281940 -0.00625000
v 0.10549963 0.00297508 -0.00625000
v 0.10580547 0.00311801 -0.00625000
v 0.10612500 0.00324760 -0.00625000
v 0.10645684 0.00336327 -0.00625000
v 0.10679957 0.00346455 -0.00625000
v 0.10715172 0.00355099 -0.00625000
v 0.09462500 0.00000000 -0.00493750
v 0.09465577 0.00061315 -0.00493750
v 0.09474798 0.00122368 -0.00493750
v 0.09490121 0.00182897 -0.00493750
v 0.09175000 0.00000000 -0.00425000
v 0.09178694 0.00073579 -0.00425000
v 0.09189758 0.00146842 -0.00425000
v 0.09511482 0.00242643 -0.00493750
v 0.09538788 0.00301349 -0.00493750
v 0.09571923 0.00358766 -0.00493750
v 0.09208146 0.00219477 -0.00425000
v 0.09233778 0.00291171 -0.00425000
v 0.09266546 0.00361619 -0.00425000
v 0.09904071 0.00375000 -0.00550000
v 0.10290121 0.00397748 -0.00593750
v 0.10331314 0.00422910 -0.00593750
v 0.10374943 0.00446261 -0.00593750
v 0.10420821 0.00467702 -0.00593750
v 0.10468750 0.00487139 -0.00593750
v 0.10518526 0.00504491 -0.00593750
v 0.10569935 0.00519682 -0.00593750
v 0.10622758 0.00532648 -0.00593750
v 0.10676768 0.00543333 -0.00593750
v 0.09943810 0.00416678 -0.00550000
v 0.09987643 0.00456571 -0.00550000
v 0.10035384 0.00494509 -0.00550000
v 0.10086827 0.00530330 -0.00550000
v 0.10141753 0.00563880 -0.00550000
v 0.10199925 0.00595015 -0.00550000
v 0.10261095 0.00623602 -0.00550000
v 0.10325000 0.00649519 -0.00550000
v 0.10391368 0.00672655 -0.00550000
v 0.10459914 0.00692910 -0.00550000
v 0.10530344 0.00710198 -0.00550000
v 0.10602358 0.00724444 -0.00550000
v 0.10675646 0.00735589 -0.00550000
v 0.09610745 0.00414646 -0.00493750
v 0.09655088 0.00468750 -0.00493750
v 0.09704763 0.00520847 -0.00493750
v 0.09306308 0.00430519 -0.00425000
v 0.09352895 0.00497575 -0.00425000
v 0.09759554 0.00570714 -0.00493750
v 0.09819230 0.00618137 -0.00493750
v 0.09883534 0.00662913 -0.00493750
v 0.09406106 0.00562500 -0.00425000
v 0.09465715 0.00625016 -0.00425000
v 0.09531465 0.00684857 -0.00425000
v 0.09603076 0.00741764 -0.00425000
v 0.09952191 0.00704850 -0.00493750
v 0.10024905 0.00743769 -0.00493750
v 0.10900000 0.00000000 -0.00650000
v 0.10724981 0.00148754 -0.00643750
v 0.10740273 0.00155901 -0.00643750
v 0.10756250 0.00162380 -0.00643750
v 0.10772842 0.00168164 -0.00643750
v 0.10789979 0.00173227 -0.00643750
v 0.10807586 0.00177549 -0.00643750
v 0.10825589 0.00181111 -0.00643750
v 0.10843912 0.00183897 -0.00643750
v 0.10862473 0.00185896 -0.00643750
v 0.10881197 0.00187099 -0.00643750
v 0.11116154 0.00123627 -0.00643750
v 0.11103293 0.00132583 -0.00643750
v 0.10918804 0.00187099 -0.00643750
v 0.10937526 0.00185896 -0.00643750
v 0.10956088 0.00183897 -0.00643750
v 0.11010022 0.00173227 -0.00643750
v 0.10974410 0.00181111 -0.00643750
v 0.10992414 0.00177549 -0.00643750
v 0.11059727 0.00155901 -0.00643750
v 0.11043750 0.00162380 -0.00643750
v 0.11089562 0.00140970 -0.00643750
v 0.11075019 0.00148754 -0.00643750
v 0.11027158 0.00168164 -0.00643750
v 0.11187500 0.00000000 -0.00643750
v 0.11186884 0.00012263 -0.00643750
v 0.11185040 0.00024474 -0.00643750
v 0.11181976 0.00036579 -0.00643750
v 0.11177704 0.00048529 -0.00643750
v 0.11172242 0.00060270 -0.00643750
v 0.11165615 0.00071753 -0.00643750
v 0.11157851 0.00082929 -0.00643750
v 0.11475000 0.00000000 -0.00625000
v 0.11473769 0.00024526 -0.00625000
v 0.11470081 0.00048947 -0.00625000
v 0.11463951 0.00073159 -0.00625000
v 0.11139047 0.00104169 -0.00643750
v 0.11148982 0.00093750 -0.00643750
v 0.11128089 0.00114143 -0.00643750
v 0.11455407 0.00097057 -0.00625000
v 0.11444485 0.00120540 -0.00625000
v 0.11415702 0.00165858 -0.00625000
v 0.11431231 0.00143506 -0.00625000
v 0.10900000 0.00187500 -0.00643750
v 0.10751179 0.00362222 -0.00625000
v 0.10787823 0.00367794 -0.00625000
v 0.10824948 0.00371792 -0.00625000
v 0.10862393 0.00374197 -0.00625000
v 0.10937607 0.00374197 -0.00625000
v 0.10975052 0.00371792 -0.00625000
v 0.11012177 0.00367794 -0.00625000
v 0.11048821 0.00362222 -0.00625000
v 0.11084828 0.00355099 -0.00625000
v 0.11306586 0.00265165 -0.00625000
v 0.11397965 0.00187500 -0.00625000
v 0.11378095 0.00208339 -0.00625000
v 0.11356178 0.00228286 -0.00625000
v 0.11332308 0.00247255 -0.00625000
v 0.11187500 0.00324760 -0.00625000
v 0.11250038 0.00297508 -0.00625000
v 0.11279124 0.00281940 -0.00625000
v 0.11219453 0.00311801 -0.00625000
v 0.11154316 0.00336327 -0.00625000
v 0.11120043 0.00346455 -0.00625000
v 0.11762500 0.00000000 -0.00593750
v 0.11760654 0.00036789 -0.00593750
v 0.11755121 0.00073421 -0.00593750
v 0.11745927 0.00109738 -0.00593750
v 0.11733111 0.00145586 -0.00593750
v 0.11716727 0.00180810 -0.00593750
v 0.12050000 0.00000000 -0.00550000
v 0.12047537 0.00049052 -0.00550000
v 0.12040161 0.00097895 -0.00550000
v 0.12027903 0.00146318 -0.00550000
v 0.11696846 0.00215259 -0.00593750
v 0.11673553 0.00248787 -0.00593750
v 0.11646947 0.00281250 -0.00593750
v 0.11617143 0.00312508 -0.00593750
v 0.11584267 0.00342428 -0.00593750
v 0.11548462 0.00370882 -0.00593750
v 0.12010815 0.00194114 -0.00550000
v 0.11988970 0.00241080 -0.00550000
v 0.11962461 0.00287013 -0.00550000
v 0.11931404 0.00331717 -0.00550000
v 0.12309879 0.00182897 -0.00493750
v 0.12288518 0.00242643 -0.00493750
v 0.12261212 0.00301349 -0.00493750
v 0.12228077 0.00358766 -0.00493750
v 0.10900000 0.00375000 -0.00625000
v 0.10731734 0.00551692 -0.00593750
v 0.10787421 0.00557688 -0.00593750
v 0.10843590 0.00561296 -0.00593750
v 0.10956410 0.00561296 -0.00593750
v 0.11012579 0.00557688 -0.00593750
v 0.11068265 0.00551692 -0.00593750
v 0.11509880 0.00397748 -0.00593750
v 0.11379179 0.00467702 -0.00593750
v 0.11468685 0.00422910 -0.00593750
v 0.11425057 0.00446261 -0.00593750
v 0.11281474 0.00504491 -0.00593750
v 0.11177242 0.00532648 -0.00593750
v 0.11123232 0.00543333 -0.00593750
v 0.11230064 0.00519682 -0.00593750
v 0.11331250 0.00487139 -0.00593750
v 0.10900000 0.00562500 -0.00593750
v 0.10749895 0.00743584 -0.00550000
v 0.10824786 0.00748394 -0.00550000
v 0.10975213 0.00748394 -0.00550000
v 0.11050105 0.00743584 -0.00550000
v 0.11475000 0.00649519 -0.00550000
v 0.11197642 0.00724444 -0.00550000
v 0.11124354 0.00735589 -0.00550000
v 0.11269655 0.00710198 -0.00550000
v 0.11408632 0.00672655 -0.00550000
v 0.11340086 0.00692910 -0.00550000
v 0.11895929 0.00375000 -0.00550000
v 0.11856190 0.00416678 -0.00550000
v 0.11812356 0.00456571 -0.00550000
v 0.11713172 0.00530330 -0.00550000
v 0.11764616 0.00494509 -0.00550000
v 0.11600076 0.00595015 -0.00550000
v 0.11658248 0.00563880 -0.00550000
v 0.11538906 0.00623602 -0.00550000
v 0.12189255 0.00414646 -0.00493750
v 0.12095238 0.00520847 -0.00493750
v 0.12144911 0.00468750 -0.00493750
v 0.11775094 0.00743769 -0.00493750
v 0.11847810 0.00704850 -0.00493750
v 0.12040445 0.00570714 -0.00493750
v 0.11980770 0.00618137 -0.00493750
v 0.11916466 0.00662913 -0.00493750
v 0.12268534 0.00684857 -0.00425000
v 0.12196924 0.00741764 -0.00425000
v 0.10612500 0.00000000 -0.00393750
v 0.10613116 0.00012263 -0.00393750
v 0.10614960 0.00024474 -0.00393750
v 0.10618024 0.00036579 -0.00393750
v 0.10622296 0.00048529 -0.00393750
v 0.10627758 0.00060270 -0.00393750
v 0.10634384 0.00071753 -0.00393750
v 0.10642149 0.00082929 -0.00393750
v 0.10325000 0.00000000 -0.00375000
v 0.10326231 0.00024526 -0.00375000
v 0.10329919 0.00048947 -0.00375000
v 0.10336048 0.00073159 -0.00375000
v 0.10651018 0.00093750 -0.00393750
v 0.10660952 0.00104169 -0.00393750
v 0.10671911 0.00114143 -0.00393750
v 0.10683846 0.00123627 -0.00393750
v 0.10696707 0.00132583 -0.00393750
v 0.10710438 0.00140970 -0.00393750
v 0.10344592 0.00097057 -0.00375000
v 0.10355515 0.00120540 -0.00375000
v 0.10368770 0.00143506 -0.00375000
v 0.10384298 0.00165858 -0.00375000
v 0.10037500 0.00000000 -0.00343750
v 0.10039347 0.00036789 -0.00343750
v 0.10044879 0.00073421 -0.00343750
v 0.10054073 0.00109738 -0.00343750
v 0.10066889 0.00145586 -0.00343750
v 0.10083273 0.00180810 -0.00343750
v 0.10402036 0.00187500 -0.00375000
v 0.10421905 0.00208339 -0.00375000
v 0.10443822 0.00228286 -0.00375000
v 0.10467692 0.00247255 -0.00375000
v 0.10493413 0.00265165 -0.00375000
v 0.10520876 0.00281940 -0.00375000
v 0.10549963 0.00297508 -0.00375000
v 0.10580547 0.00311801 -0.00375000
v 0.10612500 0.00324760 -0.00375000
v 0.10645684 0.00336327 -0.00375000
v 0.10679957 0.00346455 -0.00375000
v 0.10715172 0.00355099 -0.00375000
v 0.10103154 0.00215259 -0.00343750
v 0.10126447 0.00248787 -0.00343750
v 0.10153053 0.00281250 -0.00343750
v 0.10182858 0.00312508 -0.00343750
v 0.10215732 0.00342428 -0.00343750
v 0.10251538 0.00370882 -0.00343750
v 0.09750000 0.00000000 -0.00300000
v 0.09752462 0.00049052 -0.00300000
v 0.09759838 0.00097895 -0.00300000
v 0.09772097 0.00146318 -0.00300000
v 0.09462500 0.00000000 -0.00243750
v 0.09465577 0.00061315 -0.00243750
v 0.09474798 0.00122368 -0.00243750
v 0.09490121 0.00182897 -0.00243750
v 0.09789185 0.00194114 -0.00300000
v 0.09811030 0.00241080 -0.00300000
v 0.09837539 0.00287013 -0.00300000
v 0.09868596 0.00331717 -0.00300000
v 0.09511482 0.00242643 -0.00243750
v 0.09538788 0.00301349 -0.00243750
v 0.09571923 0.00358766 -0.00243750
v 0.09157124 0.00656250 -0.00343750
v 0.09226667 0.00729186 -0.00343750
v 0.10290121 0.00397748 -0.00343750
v 0.10331314 0.00422910 -0.00343750
v 0.10374943 0.00446261 -0.00343750
v 0.10420821 0.00467702 -0.00343750
v 0.10468750 0.00487139 -0.00343750
v 0.10518526 0.00504491 -0.00343750
v 0.10569935 0.00519682 -0.00343750
v 0.10622758 0.00532648 -0.00343750
v 0.10676768 0.00543333 -0.00343750
v 0.09904071 0.00375000 -0.00300000
v 0.09610745 0.00414646 -0.00243750
v 0.09655088 0.00468750 -0.00243750
v 0.09704763 0.00520847 -0.00243750
v 0.09759554 0.00570714 -0.00243750
v 0.09819230 0.00618137 -0.00243750
v 0.09883534 0.00662913 -0.00243750
v 0.09943810 0.00416678 -0.00300000
v 0.09987643 0.00456571 -0.00300000
v 0.10035384 0.00494509 -0.00300000
v 0.10086827 0.00530330 -0.00300000
v 0.10141753 0.00563880 -0.00300000
v 0.10199925 0.00595015 -0.00300000
v 0.10261095 0.00623602 -0.00300000
v 0.10325000 0.00649519 -0.00300000
v 0.10391368 0.00672655 -0.00300000
v 0.10459914 0.00692910 -0.00300000
v 0.10530344 0.00710198 -0.00300000
v 0.10602358 0.00724444 -0.00300000
v 0.10675646 0.00735589 -0.00300000
v 0.09952191 0.00704850 -0.00243750
v 0.10024905 0.00743769 -0.00243750
v 0.10900000 0.00000000 -0.00400000
v 0.10724981 0.00148754 -0.00393750
v 0.10740273 0.00155901 -0.00393750
v 0.10756250 0.00162380 -0.00393750
v 0.10772842 0.00168164 -0.00393750
v 0.10789979 0.00173227 -0.00393750
v 0.10807586 0.00177549 -0.00393750
v 0.10825589 0.00181111 -0.00393750
v 0.10843912 0.00183897 -0.00393750
v 0.10862473 0.00185896 -0.00393750
v 0.10881197 0.00187099 -0.00393750
v 0.11116154 0.00123627 -0.00393750
v 0.11103293 0.00132583 -0.00393750
v 0.10918804 0.00187099 -0.00393750
v 0.10937526 0.00185896 -0.00393750
v 0.10956088 0.00183897 -0.00393750
v 0.11010022 0.00173227 -0.00393750
v 0.10974410 0.00181111 -0.00393750
v 0.10992414 0.00177549 -0.00393750
v 0.11059727 0.00155901 -0.00393750
v 0.11043750 0.00162380 -0.00393750
v 0.11089562 0.00140970 -0.00393750
v 0.11075019 0.00148754 -0.00393750
v 0.11027158 0.00168164 -0.00393750
v 0.11187500 0.00000000 -0.00393750
v 0.11186884 0.00012263 -0.00393750
v 0.11185040 0.00024474 -0.00393750
v 0.11181976 0.00036579 -0.00393750
v 0.11177704 0.00048529 -0.00393750
v 0.11172242 0.00060270 -0.00393750
v 0.11165615 0.00071753 -0.00393750
v 0.11157851 0.00082929 -0.00393750
v 0.11475000 0.00000000 -0.00375000
v 0.11473769 0.00024526 -0.00375000
v 0.11470081 0.00048947 -0.00375000
v 0.11463951 0.00073159 -0.00375000
v 0.11139047 0.00104169 -0.00393750
v 0.11148982 0.00093750 -0.00393750
v 0.11128089 0.00114143 -0.00393750
v 0.11455407 0.00097057 -0.00375000
v 0.11444485 0.00120540 -0.00375000
v 0.11415702 0.00165858 -0.00375000
v 0.11431231 0.00143506 -0.00375000
v 0.10900000 0.00187500 -0.00393750
v 0.10751179 0.00362222 -0.00375000
v 0.10787823 0.00367794 -0.00375000
v 0.10824948 0.00371792 -0.00375000
v 0.10862393 0.00374197 -0.00375000
v 0.10937607 0.00374197 -0.00375000
v 0.10975052 0.00371792 -0.00375000
v 0.11012177 0.00367794 -0.00375000
v 0.11048821 0.00362222 -0.00375000
v 0.11084828 0.00355099 -0.00375000
v 0.11306586 0.00265165 -0.00375000
v 0.11397965 0.00187500 -0.00375000
v 0.11378095 0.00208339 -0.00375000
v 0.11356178 0.00228286 -0.00375000
v 0.11332308 0.00247255 -0.00375000
v 0.11187500 0.00324760 -0.00375000
v 0.11250038 0.00297508 -0.00375000
v 0.11279124 0.00281940 -0.00375000
v 0.11219453 0.00311801 -0.00375000
v 0.11154316 0.00336327 -0.00375000
v 0.11120043 0.00346455 -0.00375000
v 0.11762500 0.00000000 -0.00343750
v 0.11760654 0.00036789 -0.00343750
v 0.11755121 0.00073421 -0.00343750
v 0.11745927 0.00109738 -0.00343750
v 0.11733111 0.00145586 -0.00343750
v 0.11716727 0.00180810 -0.00343750
v 0.11696846 0.00215259 -0.00343750
v 0.11673553 0.00248787 -0.00343750
v 0.11646947 0.00281250 -0.00343750
v 0.11617143 0.00312508 -0.00343750
v 0.11584267 0.00342428 -0.00343750
v 0.11548462 0.00370882 -0.00343750
v 0.12050000 0.00000000 -0.00300000
v 0.12047537 0.00049052 -0.00300000
v 0.12040161 0.00097895 -0.00300000
v 0.12027903 0.00146318 -0.00300000
v 0.12309879 0.00182897 -0.00243750
v 0.12010815 0.00194114 -0.00300000
v 0.11988970 0.00241080 -0.00300000
v 0.11962461 0.00287013 -0.00300000
v 0.11931404 0.00331717 -0.00300000
v 0.12288518 0.00242643 -0.00243750
v 0.12261212 0.00301349 -0.00243750
v 0.12228077 0.00358766 -0.00243750
v 0.10900000 0.00375000 -0.00375000
v 0.10731734 0.00551692 -0.00343750
v 0.10787421 0.00557688 -0.00343750
v 0.10843590 0.00561296 -0.00343750
v 0.10956410 0.00561296 -0.00343750
v 0.11012579 0.00557688 -0.00343750
v 0.11068265 0.00551692 -0.00343750
v 0.11509880 0.00397748 -0.00343750
v 0.11379179 0.00467702 -0.00343750
v 0.11468685 0.00422910 -0.00343750
v 0.11425057 0.00446261 -0.00343750
v 0.11281474 0.00504491 -0.00343750
v 0.11177242 0.00532648 -0.00343750
v 0.11123232 0.00543333 -0.00343750
v 0.11230064 0.00519682 -0.00343750
v 0.11331250 0.00487139 -0.00343750
v 0.10900000 0.00562500 -0.00343750
v 0.10749895 0.00743584 -0.00300000
v 0.10824786 0.00748394 -0.00300000
v 0.10975213 0.00748394 -0.00300000
v 0.11050105 0.00743584 -0.00300000
v 0.11475000 0.00649519 -0.00300000
v 0.11197642 0.00724444 -0.00300000
v 0.11124354 0.00735589 -0.00300000
v 0.11269655 0.00710198 -0.00300000
v 0.11408632 0.00672655 -0.00300000
v 0.11340086 0.00692910 -0.00300000
v 0.11895929 0.00375000 -0.00300000
v 0.11856190 0.00416678 -0.00300000
v 0.11812356 0.00456571 -0.00300000
v 0.11713172 0.00530330 -0.00300000
v 0.11764616 0.00494509 -0.00300000
v 0.12189255 0.00414646 -0.00243750
v 0.12095238 0.00520847 -0.00243750
v 0.12144911 0.00468750 -0.00243750
v 0.11600076 0.00595015 -0.00300000
v 0.11658248 0.00563880 -0.00300000
v 0.11538906 0.00623602 -0.00300000
v 0.11775094 0.00743769 -0.00243750
v 0.11847810 0.00704850 -0.00243750
v 0.12040445 0.00570714 -0.00243750
v 0.11980770 0.00618137 -0.00243750
v 0.11916466 0.00662913 -0.00243750
v 0.09680241 0.00795495 -0.00425000
v 0.09762628 0.00845820 -0.00425000
v 0.09849887 0.00892522 -0.00425000
v 0.10101368 0.00779503 -0.00493750
v 0.10181250 0.00811899 -0.00493750
v 0.10264210 0.00840818 -0.00493750
v 0.10349893 0.00866137 -0.00493750
v 0.10437931 0.00887747 -0.00493750
v 0.10527948 0.00905555 -0.00493750
v 0.10619558 0.00919486 -0.00493750
v 0.10712369 0.00929480 -0.00493750
v 0.09941641 0.00935403 -0.00425000
v 0.10037500 0.00974279 -0.00425000
v 0.10137052 0.01008982 -0.00425000
v 0.10239871 0.01039364 -0.00425000
v 0.10345517 0.01065296 -0.00425000
v 0.10453537 0.01086667 -0.00425000
v 0.10563469 0.01103383 -0.00425000
v 0.10674842 0.01115375 -0.00425000
v 0.10900000 0.00750000 -0.00550000
v 0.10805983 0.00935493 -0.00493750
v 0.10994017 0.00935493 -0.00493750
v 0.11087631 0.00929480 -0.00493750
v 0.11180443 0.00919486 -0.00493750
v 0.11272053 0.00905555 -0.00493750
v 0.11362069 0.00887747 -0.00493750
v 0.11450107 0.00866137 -0.00493750
v 0.10900000 0.00937500 -0.00493750
v 0.10787179 0.01122591 -0.00425000
v 0.11012820 0.01122591 -0.00425000
v 0.11125158 0.01115375 -0.00425000
v 0.11236531 0.01103383 -0.00425000
v 0.11454483 0.01065296 -0.00425000
v 0.11346463 0.01086667 -0.00425000
v 0.11698632 0.00779503 -0.00493750
v 0.11535790 0.00840818 -0.00493750
v 0.11618750 0.00811899 -0.00493750
v 0.11858359 0.00935403 -0.00425000
v 0.12119759 0.00795495 -0.00425000
v 0.12037372 0.00845820 -0.00425000
v 0.11950114 0.00892522 -0.00425000
v 0.11662948 0.01008982 -0.00425000
v 0.11762500 0.00974279 -0.00425000
v 0.11560129 0.01039364 -0.00425000
v 0.10900000 0.01125000 -0.00425000
v 0.09303376 0.00798999 -0.00343750
v 0.09386922 0.00865391 -0.00343750
v 0.09476948 0.00928078 -0.00343750
v 0.09573066 0.00986790 -0.00343750
v 0.09674868 0.01041276 -0.00343750
v 0.09781915 0.01091304 -0.00343750
v 0.09170768 0.00989019 -0.00250000
v 0.09273654 0.01060660 -0.00250000
v 0.10101368 0.00779503 -0.00243750
v 0.10181250 0.00811899 -0.00243750
v 0.10264210 0.00840818 -0.00243750
v 0.10349893 0.00866137 -0.00243750
v 0.10437931 0.00887747 -0.00243750
v 0.10527948 0.00905555 -0.00243750
v 0.10619558 0.00919486 -0.00243750
v 0.10712369 0.00929480 -0.00243750
v 0.09893750 0.01136658 -0.00343750
v 0.10009894 0.01177145 -0.00343750
v 0.10129850 0.01212592 -0.00343750
v 0.10253103 0.01242846 -0.00343750
v 0.10379127 0.01267778 -0.00343750
v 0.10507381 0.01287281 -0.00343750
v 0.10637316 0.01301271 -0.00343750
v 0.09383505 0.01127760 -0.00250000
v 0.09499849 0.01190030 -0.00250000
v 0.09622189 0.01247204 -0.00250000
v 0.09750000 0.01299038 -0.00250000
v 0.09882736 0.01345309 -0.00250000
v 0.10019828 0.01385819 -0.00250000
v 0.10160689 0.01420395 -0.00250000
v 0.10304716 0.01448889 -0.00250000
v 0.10451292 0.01471178 -0.00250000
v 0.10599790 0.01487167 -0.00250000
v 0.12226933 0.00986790 -0.00343750
v 0.12018085 0.01091304 -0.00343750
v 0.12125132 0.01041276 -0.00343750
v 0.10900000 0.00750000 -0.00300000
v 0.10805983 0.00935493 -0.00243750
v 0.10994017 0.00935493 -0.00243750
v 0.11087631 0.00929480 -0.00243750
v 0.11180443 0.00919486 -0.00243750
v 0.11272053 0.00905555 -0.00243750
v 0.11362069 0.00887747 -0.00243750
v 0.11450107 0.00866137 -0.00243750
v 0.10900000 0.00937500 -0.00243750
v 0.11698632 0.00779503 -0.00243750
v 0.11535790 0.00840818 -0.00243750
v 0.11618750 0.00811899 -0.00243750
v 0.10768376 0.01309690 -0.00343750
v 0.10900000 0.01312500 -0.00343750
v 0.11031624 0.01309690 -0.00343750
v 0.11162684 0.01301271 -0.00343750
v 0.11292619 0.01287281 -0.00343750
v 0.11420874 0.01267778 -0.00343750
v 0.11670151 0.01212592 -0.00343750
v 0.11906250 0.01136658 -0.00343750
v 0.11790106 0.01177145 -0.00343750
v 0.11546897 0.01242846 -0.00343750
v 0.10749573 0.01496788 -0.00250000
v 0.11050427 0.01496788 -0.00250000
v 0.11200210 0.01487167 -0.00250000
v 0.11495284 0.01448889 -0.00250000
v 0.11348708 0.01471178 -0.00250000
v 0.12300152 0.01190030 -0.00250000
v 0.12050000 0.01299038 -0.00250000
v 0.12177812 0.01247204 -0.00250000
v 0.11780172 0.01385819 -0.00250000
v 0.11639310 0.01420395 -0.00250000
v 0.11917264 0.01345309 -0.00250000
v 0.12337500 0.00000000 -0.00493750
v 0.12334422 0.00061315 -0.00493750
v 0.12325202 0.00122368 -0.00493750
v 0.12625000 0.00000000 -0.00425000
v 0.12621307 0.00073579 -0.00425000
v 0.12610242 0.00146842 -0.00425000
v 0.12591855 0.00219477 -0.00425000
v 0.12566222 0.00291171 -0.00425000
v 0.12533455 0.00361619 -0.00425000
v 0.12493692 0.00430519 -0.00425000
v 0.12447105 0.00497575 -0.00425000
v 0.12393894 0.00562500 -0.00425000
v 0.12334285 0.00625016 -0.00425000
v 0.12908190 0.00085842 -0.00343750
v 0.12912500 0.00000000 -0.00343750
v 0.12895283 0.00171316 -0.00343750
v 0.12873830 0.00256056 -0.00343750
v 0.12843926 0.00339700 -0.00343750
v 0.12337500 0.00000000 -0.00243750
v 0.12334422 0.00061315 -0.00243750
v 0.12325202 0.00122368 -0.00243750
v 0.13200000 0.00000000 -0.00250000
v 0.13195075 0.00098105 -0.00250000
v 0.13180323 0.00195789 -0.00250000
v 0.13155806 0.00292635 -0.00250000
v 0.12805697 0.00421889 -0.00343750
v 0.12759307 0.00502272 -0.00343750
v 0.12704957 0.00580504 -0.00343750
v 0.12642877 0.00656250 -0.00343750
v 0.12573333 0.00729186 -0.00343750
v 0.13077939 0.00482159 -0.00250000
v 0.13024923 0.00574025 -0.00250000
v 0.12962808 0.00663433 -0.00250000
v 0.13121629 0.00388229 -0.00250000
v 0.12496623 0.00798999 -0.00343750
v 0.12413078 0.00865391 -0.00343750
v 0.12323052 0.00928078 -0.00343750
v 0.12891859 0.00750000 -0.00250000
v 0.12812380 0.00833355 -0.00250000
v 0.12724712 0.00913142 -0.00250000
v 0.12629232 0.00989019 -0.00250000
v 0.12526345 0.01060660 -0.00250000
v 0.12416495 0.01127760 -0.00250000
v 0.09175000 0.00000000 -0.00175000
v 0.09178694 0.00073579 -0.00175000
v 0.09189758 0.00146842 -0.00175000
v 0.09208146 0.00219477 -0.00175000
v 0.09233778 0.00291171 -0.00175000
v 0.09266546 0.00361619 -0.00175000
v 0.09306308 0.00430519 -0.00175000
v 0.09352895 0.00497575 -0.00175000
v 0.09406106 0.00562500 -0.00175000
v 0.09465715 0.00625016 -0.00175000
v 0.09531465 0.00684857 -0.00175000
v 0.09603076 0.00741764 -0.00175000
v 0.09157124 0.00656250 -0.00093750
v 0.09226667 0.00729186 -0.00093750
v 0.12268534 0.00684857 -0.00175000
v 0.12196924 0.00741764 -0.00175000
v 0.09680241 0.00795495 -0.00175000
v 0.09762628 0.00845820 -0.00175000
v 0.09849887 0.00892522 -0.00175000
v 0.09303376 0.00798999 -0.00093750
v 0.09386922 0.00865391 -0.00093750
v 0.09476948 0.00928078 -0.00093750
v 0.09573066 0.00986790 -0.00093750
v 0.09674868 0.01041276 -0.00093750
v 0.09781915 0.01091304 -0.00093750
v 0.09941641 0.00935403 -0.00175000
v 0.10037500 0.00974279 -0.00175000
v 0.10137052 0.01008982 -0.00175000
v 0.10239871 0.01039364 -0.00175000
v 0.10345517 0.01065296 -0.00175000
v 0.10453537 0.01086667 -0.00175000
v 0.10563469 0.01103383 -0.00175000
v 0.10674842 0.01115375 -0.00175000
v 0.09170768 0.00989019 0.00000000
v 0.09273654 0.01060660 0.00000000
v 0.09193943 0.01268730 -0.00143750
v 0.09893750 0.01136658 -0.00093750
v 0.09324830 0.01338784 -0.00143750
v 0.09462462 0.01403105 -0.00143750
v 0.09606250 0.01461418 -0.00143750
v 0.10009894 0.01177145 -0.00093750
v 0.10129850 0.01212592 -0.00093750
v 0.10253103 0.01242846 -0.00093750
v 0.10379127 0.01267778 -0.00093750
v 0.10507381 0.01287281 -0.00093750
v 0.10637316 0.01301271 -0.00093750
v 0.09383505 0.01127760 0.00000000
v 0.09499849 0.01190030 0.00000000
v 0.09622189 0.01247204 0.00000000
v 0.09750000 0.01299038 0.00000000
v 0.09149811 0.01487537 -0.00025000
v 0.09882736 0.01345309 0.00000000
v 0.10019828 0.01385819 0.00000000
v 0.10160689 0.01420395 0.00000000
v 0.10304716 0.01448889 0.00000000
v 0.10451292 0.01471178 0.00000000
v 0.10599790 0.01487167 0.00000000
v 0.10787179 0.01122591 -0.00175000
v 0.11012820 0.01122591 -0.00175000
v 0.11125158 0.01115375 -0.00175000
v 0.11236531 0.01103383 -0.00175000
v 0.11454483 0.01065296 -0.00175000
v 0.11346463 0.01086667 -0.00175000
v 0.11858359 0.00935403 -0.00175000
v 0.12119759 0.00795495 -0.00175000
v 0.12037372 0.00845820 -0.00175000
v 0.11950114 0.00892522 -0.00175000
v 0.11662948 0.01008982 -0.00175000
v 0.11762500 0.00974279 -0.00175000
v 0.11560129 0.01039364 -0.00175000
v 0.12226933 0.00986790 -0.00093750
v 0.12018085 0.01091304 -0.00093750
v 0.12125132 0.01041276 -0.00093750
v 0.10900000 0.01125000 -0.00175000
v 0.10768376 0.01309690 -0.00093750
v 0.10900000 0.01312500 -0.00093750
v 0.11031624 0.01309690 -0.00093750
v 0.11162684 0.01301271 -0.00093750
v 0.11292619 0.01287281 -0.00093750
v 0.11420874 0.01267778 -0.00093750
v 0.11670151 0.01212592 -0.00093750
v 0.11906250 0.01136658 -0.00093750
v 0.11790106 0.01177145 -0.00093750
v 0.11546897 0.01242846 -0.00093750
v 0.12193750 0.01461418 -0.00143750
v 0.10749573 0.01496788 0.00000000
v 0.11050427 0.01496788 0.00000000
v 0.11200210 0.01487167 0.00000000
v 0.11495284 0.01448889 0.00000000
v 0.11348708 0.01471178 0.00000000
v 0.12300152 0.01190030 0.00000000
v 0.12050000 0.01299038 0.00000000
v 0.12177812 0.01247204 0.00000000
v 0.11780172 0.01385819 0.00000000
v 0.11639310 0.01420395 0.00000000
v 0.11917264 0.01345309 0.00000000
v 0.09193943 0.01268730 0.00106250
v 0.09324830 0.01338784 0.00106250
v 0.09462462 0.01403105 0.00106250
v 0.09606250 0.01461418 0.00106250
v 0.09149811 0.01487537 0.00225000
v 0.12193750 0.01461418 0.00106250
v 0.12625000 0.00000000 -0.00175000
v 0.12621307 0.00073579 -0.00175000
v 0.12610242 0.00146842 -0.00175000
v 0.12908190 0.00085842 -0.00093750
v 0.12912500 0.00000000 -0.00093750
v 0.12895283 0.00171316 -0.00093750
v 0.12591855 0.00219477 -0.00175000
v 0.12566222 0.00291171 -0.00175000
v 0.12533455 0.00361619 -0.00175000
v 0.12873830 0.00256056 -0.00093750
v 0.12843926 0.00339700 -0.00093750
v 0.13487500 0.00000000 -0.00143750
v 0.13481960 0.00110368 -0.00143750
v 0.13465364 0.00220263 -0.00143750
v 0.13437782 0.00329215 -0.00143750
v 0.13775000 0.00000000 -0.00025000
v 0.13768844 0.00122631 -0.00025000
v 0.13200000 0.00000000 0.00000000
v 0.13195075 0.00098105 0.00000000
v 0.13750404 0.00244737 -0.00025000
v 0.13719758 0.00365794 -0.00025000
v 0.13180323 0.00195789 0.00000000
v 0.13155806 0.00292635 0.00000000
v 0.12493692 0.00430519 -0.00175000
v 0.12447105 0.00497575 -0.00175000
v 0.12805697 0.00421889 -0.00093750
v 0.12759307 0.00502272 -0.00093750
v 0.12393894 0.00562500 -0.00175000
v 0.12334285 0.00625016 -0.00175000
v 0.12704957 0.00580504 -0.00093750
v 0.12642877 0.00656250 -0.00093750
v 0.12573333 0.00729186 -0.00093750
v 0.13399333 0.00436757 -0.00143750
v 0.13350181 0.00542429 -0.00143750
v 0.13290538 0.00645778 -0.00143750
v 0.13220659 0.00746362 -0.00143750
v 0.13077939 0.00482159 0.00000000
v 0.13024923 0.00574025 0.00000000
v 0.12962808 0.00663433 0.00000000
v 0.13677037 0.00485286 -0.00025000
v 0.13121629 0.00388229 0.00000000
v 0.13622424 0.00602699 -0.00025000
v 0.13556154 0.00717531 -0.00025000
v 0.13487500 0.00000000 0.00106250
v 0.13481960 0.00110368 0.00106250
v 0.13465364 0.00220263 0.00106250
v 0.13437782 0.00329215 0.00106250
v 0.13775000 0.00000000 0.00225000
v 0.13768844 0.00122631 0.00225000
v 0.13750404 0.00244737 0.00225000
v 0.13719758 0.00365794 0.00225000
v 0.13399333 0.00436757 0.00106250
v 0.13350181 0.00542429 0.00106250
v 0.13290538 0.00645778 0.00106250
v 0.13220659 0.00746362 0.00106250
v 0.13894667 0.00662969 0.00106250
v 0.13677037 0.00485286 0.00225000
v 0.13622424 0.00602699 0.00225000
v 0.13556154 0.00717531 0.00225000
v 0.14062500 0.00000000 0.00106250
v 0.14055729 0.00134894 0.00106250
v 0.14035444 0.00269210 0.00106250
v 0.14350000 0.00000000 0.00250000
v 0.14342614 0.00147157 0.00250000
v 0.14320485 0.00293684 0.00250000
v 0.14001733 0.00402374 0.00106250
v 0.13954741 0.00533814 0.00106250
v 0.14283709 0.00438953 0.00250000
v 0.14232445 0.00582343 0.00250000
v 0.14166909 0.00723239 0.00250000
v 0.12496623 0.00798999 -0.00093750
v 0.12413078 0.00865391 -0.00093750
v 0.12323052 0.00928078 -0.00093750
v 0.13051428 0.00937525 -0.00143750
v 0.12952802 0.01027285 -0.00143750
v 0.12845385 0.01112646 -0.00143750
v 0.13140841 0.00843750 -0.00143750
v 0.12891859 0.00750000 0.00000000
v 0.12812380 0.00833355 0.00000000
v 0.12724712 0.00913142 0.00000000
v 0.12629232 0.00989019 0.00000000
v 0.12526345 0.01060660 0.00000000
v 0.13478509 0.00829291 -0.00025000
v 0.13389823 0.00937500 -0.00025000
v 0.13290475 0.01041694 -0.00025000
v 0.12606058 0.01268730 -0.00143750
v 0.12729639 0.01193243 -0.00143750
v 0.12475170 0.01338784 -0.00143750
v 0.12337538 0.01403105 -0.00143750
v 0.13061540 0.01236273 -0.00025000
v 0.12416495 0.01127760 0.00000000
v 0.12650189 0.01487537 -0.00025000
v 0.12932932 0.01325825 -0.00025000
v 0.12795620 0.01409700 -0.00025000
v 0.13180891 0.01141428 -0.00025000
v 0.13051428 0.00937525 0.00106250
v 0.12952802 0.01027285 0.00106250
v 0.12845385 0.01112646 0.00106250
v 0.13140841 0.00843750 0.00106250
v 0.13821769 0.00789285 0.00106250
v 0.13736360 0.00912220 0.00106250
v 0.13638805 0.01031250 0.00106250
v 0.13478509 0.00829291 0.00225000
v 0.13389823 0.00937500 0.00225000
v 0.13290475 0.01041694 0.00225000
v 0.12606058 0.01268730 0.00106250
v 0.12729639 0.01193243 0.00106250
v 0.12475170 0.01338784 0.00106250
v 0.12337538 0.01403105 0.00106250
v 0.13408980 0.01255570 0.00106250
v 0.13529523 0.01145864 0.00106250
v 0.13277693 0.01359901 0.00106250
v 0.13136226 0.01458408 0.00106250
v 0.13061540 0.01236273 0.00225000
v 0.12650189 0.01487537 0.00225000
v 0.12932932 0.01325825 0.00225000
v 0.12795620 0.01409700 0.00225000
v 0.13180891 0.01141428 0.00225000
v 0.13887788 0.01125000 0.00250000
v 0.13768570 0.01250033 0.00250000
v 0.13493848 0.01483528 0.00250000
v 0.13637069 0.01369713 0.00250000
v 0.14087385 0.00861038 0.00250000
v 0.13994211 0.00995150 0.00250000
v 0.10900000 0.01500000 -0.00250000
v 0.09755578 0.01513473 -0.00143750
v 0.09909806 0.01559047 -0.00143750
v 0.10068275 0.01597945 -0.00143750
v 0.10230306 0.01630000 -0.00143750
v 0.10395204 0.01655075 -0.00143750
v 0.10562263 0.01673063 -0.00143750
v 0.09302735 0.01559005 -0.00025000
v 0.09462500 0.01623798 -0.00025000
v 0.09628420 0.01681636 -0.00025000
v 0.09799785 0.01732274 -0.00025000
v 0.09975862 0.01775494 -0.00025000
v 0.10155895 0.01811111 -0.00025000
v 0.10339116 0.01838972 -0.00025000
v 0.10524737 0.01858959 -0.00025000
v 0.10711966 0.01870986 -0.00025000
v 0.10730769 0.01683887 -0.00143750
v 0.11069231 0.01683887 -0.00143750
v 0.11237737 0.01673063 -0.00143750
v 0.11404796 0.01655075 -0.00143750
v 0.10900000 0.01687500 -0.00143750
v 0.11890193 0.01559047 -0.00143750
v 0.11569694 0.01630000 -0.00143750
v 0.11731724 0.01597945 -0.00143750
v 0.12044422 0.01513473 -0.00143750
v 0.10900000 0.01500000 0.00000000
v 0.11088034 0.01870986 -0.00025000
v 0.11275263 0.01858959 -0.00025000
v 0.11460885 0.01838972 -0.00025000
v 0.12171580 0.01681636 -0.00025000
v 0.11824138 0.01775494 -0.00025000
v 0.11644105 0.01811111 -0.00025000
v 0.12000215 0.01732274 -0.00025000
v 0.10900000 0.01875000 -0.00025000
v 0.09755578 0.01513473 0.00106250
v 0.09909806 0.01559047 0.00106250
v 0.09143009 0.01714906 0.00106250
v 0.09318750 0.01786177 0.00106250
v 0.09501262 0.01849800 0.00106250
v 0.10068275 0.01597945 0.00106250
v 0.10230306 0.01630000 0.00106250
v 0.10395204 0.01655075 0.00106250
v 0.10562263 0.01673063 0.00106250
v 0.09302735 0.01559005 0.00225000
v 0.09462500 0.01623798 0.00225000
v 0.09628420 0.01681636 0.00225000
v 0.09799785 0.01732274 0.00225000
v 0.09975862 0.01775494 0.00225000
v 0.10155895 0.01811111 0.00225000
v 0.10339116 0.01838972 0.00225000
v 0.10524737 0.01858959 0.00225000
v 0.10711966 0.01870986 0.00225000
v 0.09689764 0.01905501 0.00106250
v 0.09883448 0.01953043 0.00106250
v 0.10081485 0.01992222 0.00106250
v 0.10283027 0.02022870 0.00106250
v 0.10487211 0.02044855 0.00106250
v 0.10693163 0.02058084 0.00106250
v 0.09175000 0.01948557 0.00250000
v 0.09374104 0.02017964 0.00250000
v 0.09579742 0.02078729 0.00250000
v 0.09791034 0.02130593 0.00250000
v 0.10007074 0.02173333 0.00250000
v 0.10226938 0.02206767 0.00250000
v 0.10449684 0.02230751 0.00250000
v 0.10674359 0.02245183 0.00250000
v 0.10730769 0.01683887 0.00106250
v 0.11069231 0.01683887 0.00106250
v 0.11237737 0.01673063 0.00106250
v 0.11404796 0.01655075 0.00106250
v 0.10900000 0.01687500 0.00106250
v 0.11890193 0.01559047 0.00106250
v 0.11569694 0.01630000 0.00106250
v 0.11731724 0.01597945 0.00106250
v 0.12044422 0.01513473 0.00106250
v 0.12298738 0.01849800 0.00106250
v 0.11088034 0.01870986 0.00225000
v 0.11275263 0.01858959 0.00225000
v 0.11460885 0.01838972 0.00225000
v 0.12171580 0.01681636 0.00225000
v 0.11824138 0.01775494 0.00225000
v 0.11644105 0.01811111 0.00225000
v 0.12000215 0.01732274 0.00225000
v 0.11106838 0.02058084 0.00106250
v 0.11312789 0.02044855 0.00106250
v 0.10900000 0.02062500 0.00106250
v 0.11516973 0.02022870 0.00106250
v 0.11718515 0.01992222 0.00106250
v 0.12110236 0.01905501 0.00106250
v 0.11916552 0.01953043 0.00106250
v 0.10900000 0.01875000 0.00225000
v 0.11125641 0.02245183 0.00250000
v 0.11350315 0.02230751 0.00250000
v 0.11573061 0.02206767 0.00250000
v 0.11792926 0.02173333 0.00250000
v 0.12008967 0.02130593 0.00250000
v 0.12220258 0.02078729 0.00250000
v 0.10900000 0.02250000 0.00250000
v 0.12497264 0.01559005 -0.00025000
v 0.12337500 0.01623798 -0.00025000
v 0.12985182 0.01550670 0.00106250
v 0.12825207 0.01636291 0.00106250
v 0.12656991 0.01714906 0.00106250
v 0.12481250 0.01786177 0.00106250
v 0.12497264 0.01559005 0.00225000
v 0.12337500 0.01623798 0.00225000
v 0.12816717 0.01870807 0.00250000
v 0.13000228 0.01785045 0.00250000
v 0.13339518 0.01590990 0.00250000
v 0.13174742 0.01691640 0.00250000
v 0.12625000 0.01948557 0.00250000
v 0.12425896 0.02017964 0.00250000
v 0.03818182 0.00721238 0.00292257
v 0.04181818 0.00618429 0.00295146
v 0.04000000 0.00670312 0.00322585
v 0.03818182 0.00707379 0.00353790
v 0.03636364 0.00719945 0.00387835
v 0.04181818 0.00630544 0.00352350
v 0.04000000 0.00657433 0.00381826
v 0.02909091 0.00556248 0.00476550
v 0.03090909 0.00530773 0.00487196
v 0.03272727 0.00500226 0.00500804
v 0.02909091 0.00707969 0.00430404
v 0.03090909 0.00675546 0.00442116
v 0.03272727 0.00748642 0.00403691
v 0.03454546 0.00698709 0.00423020
v 0.03272727 0.00636668 0.00457030
v 0.03454546 0.00594203 0.00474574
v 0.03636364 0.00551022 0.00494181
v 0.04000000 0.00557344 0.00491290
v 0.03636364 0.00647933 0.00444507
v 0.03818182 0.00666337 0.00412957
v 0.04181818 0.00618429 0.00409553
v 0.04000000 0.00619288 0.00438791
v 0.03818182 0.00599687 0.00467486
v 0.04181818 0.00582547 0.00464559
v 0.05090909 0.00356709 0.00281884
v 0.05272727 -0.00000000 0.00276818
v 0.05454545 -0.00000000 0.00315955
v 0.05272727 0.00130027 0.00281864
v 0.05454545 0.00135234 0.00320940
v 0.05636363 -0.00000000 0.00353090
v 0.05818182 -0.00000000 0.00386850
v 0.05636363 0.00140529 0.00358014
v 0.05272727 0.00255057 0.00296808
v 0.05272727 0.00370285 0.00321075
v 0.05454545 0.00265271 0.00335700
v 0.05636363 0.00275657 0.00372599
v 0.05818182 0.00145560 0.00391715
v 0.05818182 0.00285526 0.00406125
v 0.04727273 0.00504836 0.00282867
v 0.04545455 0.00554610 0.00299715
v 0.04727273 0.00560944 0.00330237
v 0.04909091 0.00439594 0.00277041
v 0.05090909 0.00454005 0.00314970
v 0.04909091 0.00516908 0.00317925
v 0.05090909 0.00533853 0.00355284
v 0.04363636 0.00594347 0.00324981
v 0.04545455 0.00588771 0.00352002
v 0.04363636 0.00605991 0.00380526
v 0.04727273 0.00595495 0.00381636
v 0.04909091 0.00574358 0.00364570
v 0.05454545 0.00385114 0.00359671
v 0.05272727 0.00471284 0.00353733
v 0.04363636 0.00559862 0.00489481
v 0.04545455 0.00600305 0.00406378
v 0.04363636 0.00594347 0.00436071
v 0.04727273 0.00607161 0.00435090
v 0.04909091 0.00609735 0.00415183
v 0.05090909 0.00593186 0.00401279
v 0.04545455 0.00588771 0.00460754
v 0.04727273 0.00595495 0.00488543
v 0.04909091 0.00621680 0.00467818
v 0.05090909 0.00629723 0.00451186
v 0.05090909 0.00642060 0.00503087
v 0.05272727 0.00554171 0.00393527
v 0.05454545 0.00490157 0.00391929
v 0.05636363 0.00400193 0.00396283
v 0.05818182 0.00414520 0.00429524
v 0.05636363 0.00509349 0.00428157
v 0.05818182 0.00527584 0.00461015
v 0.05272727 0.00615762 0.00438928
v 0.05454545 0.00576364 0.00431237
v 0.05454545 0.00640421 0.00476082
v 0.05272727 0.00653690 0.00488190
v 0.05636363 0.00598931 0.00466995
v 0.05818182 0.00620373 0.00499386
v 0.02909091 0.00000000 0.00539085
v 0.03090909 0.00000000 0.00548286
v 0.03090909 0.00186383 0.00541321
v 0.03272727 0.00000000 0.00560124
v 0.03272727 0.00175656 0.00553361
v 0.03454546 0.00000000 0.00574220
v 0.03454546 0.00163940 0.00567683
v 0.02909091 0.00195328 0.00531955
v 0.03090909 0.00365603 0.00520693
v 0.03272727 0.00344562 0.00533331
v 0.03454546 0.00321580 0.00548323
v 0.03636364 0.00000000 0.00590192
v 0.03818182 0.00000000 0.00607661
v 0.03636364 0.00152027 0.00583894
v 0.03818182 0.00140706 0.00601601
v 0.04000000 0.00130771 0.00620411
v 0.03818182 0.00276006 0.00583653
v 0.03636364 0.00298211 0.00565240
v 0.04000000 0.00256517 0.00603131
v 0.04000000 0.00372406 0.00575070
v 0.04181818 0.00350312 0.00596150
v 0.04000000 0.00000000 0.00626246
v 0.04181818 0.00000000 0.00645566
v 0.04181818 0.00123013 0.00639932
v 0.04181818 0.00241299 0.00623246
v 0.02909091 0.00383150 0.00510840
v 0.03454546 0.00466863 0.00516884
v 0.03636364 0.00432935 0.00534948
v 0.03818182 0.00400698 0.00554506
v 0.03818182 0.00509992 0.00515282
v 0.04181818 0.00445862 0.00559685
v 0.04181818 0.00524279 0.00515252
v 0.04000000 0.00473983 0.00537306
v 0.04363636 0.00336670 0.00617257
v 0.04363636 0.00000000 0.00665240
v 0.04363636 0.00118223 0.00659770
v 0.04545455 0.00000000 0.00685099
v 0.04727273 0.00000000 0.00709083
v 0.04545455 0.00117114 0.00679744
v 0.04727273 0.00118451 0.00703818
v 0.04909091 0.00121284 0.00732434
v 0.04363636 0.00231903 0.00643568
v 0.04545455 0.00229727 0.00663883
v 0.04545455 0.00333512 0.00638126
v 0.04727273 0.00337321 0.00662907
v 0.04727273 0.00232350 0.00688226
v 0.04909091 0.00237907 0.00717081
v 0.04909091 0.00345387 0.00692149
v 0.05090909 0.00356709 0.00724290
v 0.04545455 0.00554610 0.00513040
v 0.04363636 0.00503863 0.00538705
v 0.04545455 0.00499136 0.00561227
v 0.04727273 0.00560944 0.00539942
v 0.04363636 0.00428500 0.00581849
v 0.04545455 0.00424480 0.00603464
v 0.04727273 0.00504836 0.00587312
v 0.04909091 0.00516908 0.00617711
v 0.04909091 0.00609735 0.00520454
v 0.05090909 0.00629723 0.00554989
v 0.04909091 0.00574358 0.00571066
v 0.05090909 0.00593186 0.00604896
v 0.05454545 0.00679867 0.00524742
v 0.05272727 0.00666496 0.00539422
v 0.05636363 0.00665496 0.00511306
v 0.05636363 0.00706487 0.00559385
v 0.05818182 0.00689322 0.00543164
v 0.05272727 0.00653690 0.00590653
v 0.05454545 0.00693187 0.00575347
v 0.05818182 0.00731780 0.00590666
v 0.05636363 0.00720328 0.00609386
v 0.04727273 0.00429328 0.00628832
v 0.04909091 0.00439594 0.00658596
v 0.05090909 0.00533853 0.00650890
v 0.05090909 0.00454005 0.00691205
v 0.05272727 0.00554171 0.00685317
v 0.05272727 0.00471284 0.00725111
v 0.05272727 0.00615762 0.00639916
v 0.05454545 0.00640421 0.00674611
v 0.05454545 0.00679867 0.00625951
v 0.05818182 0.00746117 0.00640066
v 0.05636363 0.00706487 0.00659387
v 0.05454545 0.00576364 0.00719457
v 0.05636363 0.00665496 0.00707467
v 0.05818182 0.00731780 0.00689466
v 0.05818182 0.00689322 0.00736967
v 0.02909091 0.00925006 0.00310023
v 0.03090909 0.00882643 0.00324518
v 0.03454546 0.00824184 0.00300381
v 0.03272727 0.00883083 0.00276807
v 0.02909091 0.00832484 0.00374174
v 0.03090909 0.00794358 0.00387187
v 0.03272727 0.00831846 0.00342837
v 0.03454546 0.00776364 0.00364202
v 0.03636364 0.00764289 0.00326341
v 0.06000000 -0.00000000 0.00415865
v 0.06181818 -0.00000000 0.00438765
v 0.06000000 0.00149976 0.00420670
v 0.06181818 0.00153424 0.00443505
v 0.06363636 -0.00000000 0.00454178
v 0.06545454 -0.00000000 0.00461052
v 0.06727273 -0.00000000 0.00465379
v 0.06363636 0.00155553 0.00458847
v 0.06545454 0.00156028 0.00465643
v 0.06727273 0.00154987 0.00469888
v 0.06000000 0.00294188 0.00434899
v 0.06181818 0.00300952 0.00457542
v 0.06363636 0.00305128 0.00472676
v 0.06545454 0.00306059 0.00479241
v 0.06727273 0.00304017 0.00483239
v 0.07162500 0.00000000 0.00406250
v 0.07170502 0.00159420 0.00406250
v 0.06909091 -0.00000000 0.00469887
v 0.07047997 -0.00000000 0.00473458
v 0.07048059 0.00093364 0.00476172
v 0.06909091 0.00152642 0.00474308
v 0.07048073 0.00113972 0.00476771
v 0.07048102 0.00149934 0.00477814
v 0.07046657 0.00164714 0.00479097
v 0.07479855 0.00000000 0.00485072
v 0.07479715 0.00013621 0.00485485
v 0.07479666 0.00018282 0.00485626
v 0.07478591 0.00137974 0.00489167
v 0.07477508 0.00146297 0.00489918
v 0.07477235 0.00153901 0.00490625
v 0.07194475 0.00318158 0.00406250
v 0.07046491 0.00248428 0.00486584
v 0.07046471 0.00258295 0.00487466
v 0.06909091 0.00299419 0.00487403
v 0.07046416 0.00294170 0.00490665
v 0.07042228 0.00331230 0.00496384
v 0.07473981 0.00257038 0.00500000
v 0.07473733 0.00270987 0.00501274
v 0.07472072 0.00282406 0.00503106
v 0.07471023 0.00289994 0.00504294
v 0.07479515 0.00293684 0.00500000
v 0.07470406 0.00294466 0.00504993
v 0.06000000 0.00427095 0.00458005
v 0.06181818 0.00436914 0.00480337
v 0.06000000 0.00543588 0.00489101
v 0.06363636 0.00442977 0.00495132
v 0.06545454 0.00444329 0.00501322
v 0.06727273 0.00441364 0.00504920
v 0.07234315 0.00475533 0.00406250
v 0.07041162 0.00390349 0.00505673
v 0.07516291 0.00438953 0.00500000
v 0.07289852 0.00630871 0.00406250
v 0.07737500 0.00000000 0.00356250
v 0.07744271 0.00134894 0.00356250
v 0.07764556 0.00269210 0.00356250
v 0.07636364 -0.00000000 0.00489463
v 0.07818182 -0.00000000 0.00494680
v 0.07636364 0.00132322 0.00493508
v 0.07818182 0.00125027 0.00498625
v 0.08000000 -0.00000000 0.00500000
v 0.08000000 0.00117054 0.00503843
v 0.07636364 0.00259559 0.00505489
v 0.07798266 0.00402374 0.00356250
v 0.07845259 0.00533814 0.00356250
v 0.07905333 0.00662969 0.00356250
v 0.07567556 0.00582343 0.00500000
v 0.07633091 0.00723239 0.00500000
v 0.06181818 0.00556086 0.00511015
v 0.06727273 0.00561750 0.00534098
v 0.06000000 0.00639192 0.00526992
v 0.06181818 0.00653888 0.00548395
v 0.06363636 0.00563803 0.00525354
v 0.06545454 0.00565524 0.00531038
v 0.06363636 0.00662962 0.00562179
v 0.06000000 0.00710232 0.00570221
v 0.06181818 0.00726562 0.00591042
v 0.06545454 0.00664986 0.00567248
v 0.06727273 0.00660548 0.00569652
v 0.06363636 0.00736644 0.00604192
v 0.06545454 0.00738893 0.00608559
v 0.06727273 0.00733962 0.00610215
v 0.06909091 0.00434689 0.00508668
v 0.07041056 0.00396475 0.00506633
v 0.07040522 0.00427396 0.00511478
v 0.07028908 0.00502179 0.00529177
v 0.07028778 0.00504285 0.00529682
v 0.06909091 0.00553254 0.00537285
v 0.07026713 0.00538281 0.00537815
v 0.07026306 0.00544976 0.00539416
v 0.07465882 0.00394213 0.00520968
v 0.07464693 0.00400070 0.00522402
v 0.07461202 0.00418275 0.00526747
v 0.07455731 0.00446809 0.00533558
v 0.07454546 0.00458429 0.00536385
v 0.07454546 0.00503209 0.00547521
v 0.07450148 0.00500988 0.00546772
v 0.07449885 0.00503732 0.00547431
v 0.07438532 0.00540988 0.00560497
v 0.07012456 0.00599988 0.00558586
v 0.06909091 0.00650558 0.00572156
v 0.07001744 0.00642863 0.00573479
v 0.07000133 0.00645794 0.00575000
v 0.07012148 0.00679400 0.00575000
v 0.06988107 0.00670206 0.00587749
v 0.06986187 0.00674103 0.00589784
v 0.06909091 0.00722861 0.00611940
v 0.06980919 0.00684857 0.00595382
v 0.06967695 0.00717453 0.00612516
v 0.07426298 0.00581131 0.00574575
v 0.07421937 0.00596013 0.00579703
v 0.07413904 0.00609193 0.00586452
v 0.07454546 0.00591712 0.00580198
v 0.07395435 0.00643892 0.00604461
v 0.07388475 0.00657411 0.00611355
v 0.07383047 0.00667954 0.00616731
v 0.07454546 0.00657475 0.00617479
v 0.06955648 0.00729701 0.00623227
v 0.07357740 0.00690598 0.00635380
v 0.07328398 0.00717600 0.00657258
v 0.07329623 0.00716376 0.00656250
v 0.07314019 0.00722942 0.00666736
v 0.07454546 0.00697971 0.00657931
v 0.07272727 0.00738510 0.00694010
v 0.07266029 0.00740825 0.00698380
v 0.07272727 0.00740490 0.00700000
v 0.07263548 0.00741690 0.00700000
v 0.07454546 0.00711645 0.00700000
v 0.07211520 0.00739054 0.00728550
v 0.07818182 0.00245249 0.00510309
v 0.07818182 0.00356046 0.00529282
v 0.08000000 0.00229610 0.00515224
v 0.08000000 0.00333342 0.00533706
v 0.08000000 0.00000000 0.00700000
v 0.07636364 0.00376821 0.00524945
v 0.07818182 0.00453161 0.00554817
v 0.07636364 0.00479602 0.00551128
v 0.08000000 0.00424264 0.00558579
v 0.07818182 0.00532861 0.00585930
v 0.08000000 0.00498882 0.00588886
v 0.07636364 0.00563952 0.00583032
v 0.07636364 0.00626630 0.00619431
v 0.07818182 0.00592083 0.00621427
v 0.08000000 0.00554328 0.00623463
v 0.07818182 0.00628552 0.00659944
v 0.07636364 0.00665227 0.00658926
v 0.08000000 0.00588471 0.00660982
v 0.07818182 0.00640866 0.00700000
v 0.07636364 0.00678259 0.00700000
v 0.08000000 0.00600000 0.00700000
v 0.07360849 0.00783509 0.00406250
v 0.07447001 0.00932791 0.00406250
v 0.07978231 0.00789285 0.00356250
v 0.08063640 0.00912220 0.00356250
v 0.08161195 0.01031250 0.00356250
v 0.07712615 0.00861038 0.00500000
v 0.07547938 0.01078079 0.00406250
v 0.07805789 0.00995150 0.00500000
v 0.08270478 0.01145864 0.00356250
v 0.08391020 0.01255570 0.00356250
v 0.08522306 0.01359901 0.00356250
v 0.08663775 0.01458408 0.00356250
v 0.07663230 0.01218750 0.00406250
v 0.07912213 0.01125000 0.00500000
v 0.08031430 0.01250033 0.00500000
v 0.07792383 0.01354202 0.00406250
v 0.07934842 0.01483856 0.00406250
v 0.08162931 0.01369713 0.00500000
v 0.08306152 0.01483528 0.00500000
v 0.06000000 0.00753979 0.00617128
v 0.07088606 0.00843779 0.00575000
v 0.07181385 0.01004544 0.00575000
v 0.06181818 0.00771314 0.00637317
v 0.06000000 0.00768750 0.00665909
v 0.06363636 0.00782017 0.00649779
v 0.06545454 0.00784404 0.00653384
v 0.06727273 0.00779170 0.00654228
v 0.06181818 0.00786425 0.00685442
v 0.06000000 0.00753979 0.00714690
v 0.06181818 0.00771314 0.00733566
v 0.06363636 0.00797338 0.00697188
v 0.06727273 0.00794435 0.00700000
v 0.06545454 0.00799772 0.00700000
v 0.06909091 0.00767385 0.00655107
v 0.06919784 0.00766338 0.00655161
v 0.06917044 0.00767249 0.00657071
v 0.06909091 0.00769900 0.00662615
v 0.06884783 0.00777106 0.00679311
v 0.07360849 0.00783509 0.00656250
v 0.07447001 0.00932791 0.00656250
v 0.06869260 0.00781707 0.00689973
v 0.06854653 0.00786017 0.00700000
v 0.06816091 0.00781221 0.00721930
v 0.07290087 0.01161008 0.00575000
v 0.07414248 0.01312500 0.00575000
v 0.07547938 0.01078079 0.00656250
v 0.07553335 0.01458372 0.00575000
v 0.07663230 0.01218750 0.00656250
v 0.07792383 0.01354202 0.00656250
v 0.07934842 0.01483856 0.00656250
v 0.04909091 0.00000000 0.00737618
v 0.05090909 0.00000000 0.00769126
v 0.05090909 0.00125260 0.00764014
v 0.05090909 0.00245706 0.00748875
v 0.05272727 0.00000000 0.00802025
v 0.05454545 0.00000000 0.00834738
v 0.05272727 0.00130027 0.00796979
v 0.05454545 0.00135234 0.00829754
v 0.05272727 0.00255057 0.00782036
v 0.05272727 0.00370285 0.00757769
v 0.05454545 0.00265271 0.00814993
v 0.05636363 0.00275657 0.00846174
v 0.05636363 0.00000000 0.00865683
v 0.05818182 0.00000000 0.00893281
v 0.05636363 0.00140529 0.00860758
v 0.05818182 0.00145560 0.00888416
v 0.05818182 0.00285526 0.00874006
v 0.05454545 0.00385114 0.00791022
v 0.05454545 0.00490157 0.00758764
v 0.05636363 0.00509349 0.00790615
v 0.05636363 0.00400193 0.00822489
v 0.05818182 0.00414520 0.00850607
v 0.05818182 0.00527584 0.00819116
v 0.05636363 0.00598931 0.00751777
v 0.05818182 0.00620373 0.00780745
v 0.06000000 0.00000000 0.00915953
v 0.06181818 0.00000000 0.00932118
v 0.06317582 0.00000000 0.00938151
v 0.06318622 0.00011544 0.00937841
v 0.06320836 0.00036116 0.00937180
v 0.06300000 0.00000000 0.00950000
v 0.06000000 0.00149976 0.00911149
v 0.06181818 0.00153424 0.00927379
v 0.06331407 0.00155175 0.00934084
v 0.06335506 0.00178049 0.00932095
v 0.06700093 0.00000000 0.00935267
v 0.06727273 0.00000000 0.00934621
v 0.06702255 0.00021470 0.00934584
v 0.06707041 0.00069308 0.00933080
v 0.06727273 0.00154987 0.00930112
v 0.06715622 0.00155053 0.00930384
v 0.06717282 0.00163288 0.00929598
v 0.06720350 0.00178662 0.00928151
v 0.06000000 0.00294188 0.00896920
v 0.06309849 0.00196209 0.00950000
v 0.06181818 0.00300952 0.00913341
v 0.06338468 0.00194986 0.00930672
v 0.06343763 0.00214635 0.00929110
v 0.06727273 0.00201368 0.00925957
v 0.06363636 0.00288381 0.00923248
v 0.06367576 0.00301897 0.00921974
v 0.06363636 0.00305128 0.00921699
v 0.06368514 0.00305153 0.00921674
v 0.06909091 0.00000000 0.00930113
v 0.07090909 0.00000000 0.00925438
v 0.06909091 0.00152642 0.00925692
v 0.07090909 0.00149100 0.00921107
v 0.07272727 0.00000000 0.00920609
v 0.07454546 0.00000000 0.00915638
v 0.07272727 0.00144462 0.00916370
v 0.07454546 0.00138835 0.00911494
v 0.06779696 0.00353771 0.00907497
v 0.07090909 0.00292470 0.00908278
v 0.07454546 0.00272335 0.00899223
v 0.07272727 0.00283373 0.00903816
v 0.06744970 0.00259171 0.00920328
v 0.06752317 0.00283167 0.00917991
v 0.06758443 0.00303229 0.00916047
v 0.06909091 0.00299419 0.00912597
v 0.06000000 0.00543588 0.00842717
v 0.06000000 0.00710232 0.00761597
v 0.06181818 0.00726562 0.00779841
v 0.06363636 0.00736644 0.00790184
v 0.06545454 0.00738893 0.00791441
v 0.06699220 0.00741745 0.00783125
v 0.06687416 0.00736147 0.00789061
v 0.06685358 0.00735099 0.00790167
v 0.06000000 0.00639192 0.00804826
v 0.06181818 0.00653888 0.00822488
v 0.06545454 0.00610173 0.00852707
v 0.06579213 0.00645818 0.00838907
v 0.06614670 0.00678553 0.00823310
v 0.06639594 0.00698329 0.00811586
v 0.06363636 0.00662962 0.00832197
v 0.06545454 0.00664986 0.00832752
v 0.06596016 0.00663752 0.00832084
v 0.07454546 0.00503209 0.00852479
v 0.07086514 0.00701603 0.00789012
v 0.07093380 0.00705785 0.00786246
v 0.07092526 0.00705280 0.00786594
v 0.07090909 0.00704312 0.00787250
v 0.07184249 0.00737607 0.00743497
v 0.07272727 0.00726262 0.00743039
v 0.07153629 0.00726997 0.00757932
v 0.07454546 0.00697971 0.00742069
v 0.07272727 0.00684124 0.00784423
v 0.07454546 0.00657475 0.00782521
v 0.06967866 0.00614952 0.00838048
v 0.06996643 0.00643287 0.00826593
v 0.07000136 0.00645802 0.00825000
v 0.07090909 0.00635459 0.00825247
v 0.07042019 0.00674180 0.00806849
v 0.07028860 0.00665287 0.00812556
v 0.07012148 0.00679400 0.00825000
v 0.07272727 0.00615695 0.00822564
v 0.07454546 0.00591712 0.00819802
v 0.06000000 0.00427095 0.00873813
v 0.06181818 0.00436914 0.00890546
v 0.06181818 0.00556086 0.00859868
v 0.06400682 0.00386313 0.00908313
v 0.06411151 0.00407196 0.00904866
v 0.06363636 0.00442977 0.00899243
v 0.06423084 0.00431321 0.00900990
v 0.06429090 0.00443464 0.00899040
v 0.06463556 0.00498145 0.00885319
v 0.06339353 0.00391579 0.00950000
v 0.06508733 0.00569659 0.00867309
v 0.06518301 0.00580076 0.00863471
v 0.06363636 0.00563803 0.00869022
v 0.06505085 0.00565142 0.00868975
v 0.06388388 0.00585271 0.00950000
v 0.06797184 0.00386785 0.00901815
v 0.06824131 0.00437808 0.00893083
v 0.06909091 0.00434689 0.00891332
v 0.06841064 0.00462910 0.00886500
v 0.07090909 0.00424600 0.00887445
v 0.06906801 0.00554606 0.00862307
v 0.06905612 0.00553417 0.00862776
v 0.06909091 0.00553254 0.00862715
v 0.06909091 0.00556907 0.00861405
v 0.06880435 0.00521440 0.00871219
v 0.07090909 0.00540413 0.00859409
v 0.06849921 0.00476039 0.00883056
v 0.07454546 0.00395369 0.00879296
v 0.07272727 0.00411394 0.00883430
v 0.07272727 0.00523606 0.00855994
v 0.07636364 0.00000000 0.00910537
v 0.07818182 0.00000000 0.00905320
v 0.07636364 0.00132322 0.00906492
v 0.07818182 0.00125027 0.00901375
v 0.08000000 0.00000000 0.00900000
v 0.08000000 0.00117054 0.00896157
v 0.07636364 0.00259559 0.00894511
v 0.07818182 0.00245249 0.00889691
v 0.07818182 0.00356046 0.00870718
v 0.08000000 0.00229610 0.00884776
v 0.08000000 0.00333342 0.00866294
v 0.08000000 0.00554328 0.00776537
v 0.07818182 0.00453161 0.00845183
v 0.07818182 0.00532861 0.00814070
v 0.07636364 0.00479602 0.00848872
v 0.08000000 0.00424264 0.00841421
v 0.08000000 0.00498882 0.00811114
v 0.07818182 0.00628552 0.00740056
v 0.07636364 0.00626630 0.00780569
v 0.07818182 0.00592083 0.00778573
v 0.07636364 0.00665227 0.00741074
v 0.08000000 0.00588471 0.00739018
v 0.07636364 0.00563952 0.00816968
v 0.07636364 0.00376821 0.00875055
v 0.06587500 0.00000000 0.01006250
v 0.06596734 0.00183946 0.01006250
v 0.06624394 0.00367105 0.01006250
v 0.06300000 0.00000000 0.01200000
v 0.06309849 0.00196209 0.01200000
v 0.06670363 0.00548692 0.01006250
v 0.06734445 0.00727929 0.01006250
v 0.06339353 0.00391579 0.01200000
v 0.06388388 0.00585271 0.01200000
v 0.06363636 0.00782017 0.00744597
v 0.06545454 0.00784404 0.00746616
v 0.06727273 0.00779170 0.00745772
v 0.06727273 0.00755236 0.00769073
v 0.06774590 0.00776103 0.00745543
v 0.06758897 0.00769376 0.00753127
v 0.06752444 0.00766626 0.00756250
v 0.06816364 0.00904049 0.00756250
v 0.07088606 0.00843779 0.00825000
v 0.06915770 0.01076297 0.00756250
v 0.07181385 0.01004544 0.00825000
v 0.06456741 0.00776457 0.00950000
v 0.06544121 0.00964318 0.00950000
v 0.07032236 0.01243937 0.00756250
v 0.07290087 0.01161008 0.00825000
v 0.07414248 0.01312500 0.00825000
v 0.07165265 0.01406250 0.00756250
v 0.06650154 0.01148050 0.00950000
v 0.06774385 0.01326866 0.00950000
v 0.07553335 0.01458372 0.00825000
v 0.06816364 0.00904049 0.01006250
v 0.06915770 0.01076297 0.01006250
v 0.06456741 0.00776457 0.01200000
v 0.06544121 0.00964318 0.01200000
v 0.07032236 0.01243937 0.01006250
v 0.07165265 0.01406250 0.01006250
v 0.06650154 0.01148050 0.01200000
v 0.06774385 0.01326866 0.01200000
v 0.08814819 0.01550670 0.00356250
v 0.08974792 0.01636291 0.00356250
v 0.08089998 0.01607155 0.00406250
v 0.08257189 0.01723573 0.00406250
v 0.08460481 0.01590990 0.00500000
v 0.08435695 0.01832610 0.00406250
v 0.08625257 0.01691640 0.00500000
v 0.08799773 0.01785045 0.00500000
v 0.08983283 0.01870807 0.00500000
v 0.08624754 0.01933799 0.00406250
v 0.08823556 0.02026707 0.00406250
v 0.09031250 0.02110937 0.00406250
v 0.07706753 0.01597999 0.00575000
v 0.07873845 0.01730783 0.00575000
v 0.08053895 0.01856155 0.00575000
v 0.08089998 0.01607155 0.00656250
v 0.08257189 0.01723573 0.00656250
v 0.08435695 0.01832610 0.00656250
v 0.08246133 0.01973579 0.00575000
v 0.08449735 0.02082553 0.00575000
v 0.08663830 0.02182608 0.00575000
v 0.08624754 0.01933799 0.00656250
v 0.08823556 0.02026707 0.00656250
v 0.09031250 0.02110937 0.00656250
v 0.08887500 0.02273317 0.00575000
v 0.09119788 0.02354291 0.00575000
v 0.07314287 0.01562541 0.00756250
v 0.07478664 0.01712142 0.00756250
v 0.06916283 0.01500000 0.00950000
v 0.07075240 0.01666711 0.00950000
v 0.07250575 0.01826284 0.00950000
v 0.07441537 0.01978038 0.00950000
v 0.07706753 0.01597999 0.00825000
v 0.07657691 0.01854410 0.00756250
v 0.07873845 0.01730783 0.00825000
v 0.08053895 0.01856155 0.00825000
v 0.07850602 0.01988738 0.00756250
v 0.08246133 0.01973579 0.00825000
v 0.08056571 0.02114549 0.00756250
v 0.08274716 0.02231306 0.00756250
v 0.08449735 0.02082553 0.00825000
v 0.08663830 0.02182608 0.00825000
v 0.07647309 0.02121320 0.00950000
v 0.07314287 0.01562541 0.01006250
v 0.07478664 0.01712142 0.01006250
v 0.06916283 0.01500000 0.01200000
v 0.07075240 0.01666711 0.01200000
v 0.07250575 0.01826284 0.01200000
v 0.07441537 0.01978038 0.01200000
v 0.07657691 0.01854410 0.01006250
v 0.07850602 0.01988738 0.01006250
v 0.08056571 0.02114549 0.01006250
v 0.08274716 0.02231306 0.01006250
v 0.07647309 0.02121320 0.01200000
v 0.08504103 0.02338508 0.00756250
v 0.08743750 0.02435696 0.00756250
v 0.08887500 0.02273317 0.00825000
v 0.09119788 0.02354291 0.00825000
v 0.08992630 0.02522455 0.00756250
v 0.07867009 0.02255519 0.00950000
v 0.08099698 0.02380060 0.00950000
v 0.08344377 0.02494409 0.00950000
v 0.08600000 0.02598076 0.00950000
v 0.08865472 0.02690618 0.00950000
v 0.08504103 0.02338508 0.01006250
v 0.08743750 0.02435696 0.01006250
v 0.08992630 0.02522455 0.01006250
v 0.07867009 0.02255519 0.01200000
v 0.08099698 0.02380060 0.01200000
v 0.08344377 0.02494409 0.01200000
v 0.08600000 0.02598076 0.01200000
v 0.08865472 0.02690618 0.01200000
v 0.13894667 0.00662969 0.00356250
v 0.14062500 0.00000000 0.00356250
v 0.14055729 0.00134894 0.00356250
v 0.14035444 0.00269210 0.00356250
v 0.14637500 0.00000000 0.00406250
v 0.14629498 0.00159420 0.00406250
v 0.14350000 0.00000000 0.00500000
v 0.14342614 0.00147157 0.00500000
v 0.14605525 0.00318158 0.00406250
v 0.14320485 0.00293684 0.00500000
v 0.14001733 0.00402374 0.00356250
v 0.13954741 0.00533814 0.00356250
v 0.14565685 0.00475533 0.00406250
v 0.14283709 0.00438953 0.00500000
v 0.14510147 0.00630871 0.00406250
v 0.14232445 0.00582343 0.00500000
v 0.14166909 0.00723239 0.00500000
v 0.14925000 0.00000000 0.00575000
v 0.14916383 0.00171683 0.00575000
v 0.14890565 0.00342631 0.00575000
v 0.14637500 0.00000000 0.00656250
v 0.14629498 0.00159420 0.00656250
v 0.14605525 0.00318158 0.00656250
v 0.14847660 0.00512112 0.00575000
v 0.14787851 0.00679400 0.00575000
v 0.14565685 0.00475533 0.00656250
v 0.14510147 0.00630871 0.00656250
v 0.13821769 0.00789285 0.00356250
v 0.13736360 0.00912220 0.00356250
v 0.13638805 0.01031250 0.00356250
v 0.13408980 0.01255570 0.00356250
v 0.13529523 0.01145864 0.00356250
v 0.13277693 0.01359901 0.00356250
v 0.13136226 0.01458408 0.00356250
v 0.13887788 0.01125000 0.00500000
v 0.13768570 0.01250033 0.00500000
v 0.13865158 0.01483856 0.00406250
v 0.13493848 0.01483528 0.00500000
v 0.13637069 0.01369713 0.00500000
v 0.14439151 0.00783509 0.00406250
v 0.14353000 0.00932791 0.00406250
v 0.14087385 0.00861038 0.00500000
v 0.14252062 0.01078079 0.00406250
v 0.13994211 0.00995150 0.00500000
v 0.14136770 0.01218750 0.00406250
v 0.14007618 0.01354202 0.00406250
v 0.13865158 0.01483856 0.00656250
v 0.14618616 0.01004544 0.00575000
v 0.14711393 0.00843779 0.00575000
v 0.14439151 0.00783509 0.00656250
v 0.14353000 0.00932791 0.00656250
v 0.14252062 0.01078079 0.00656250
v 0.14509913 0.01161008 0.00575000
v 0.14385752 0.01312500 0.00575000
v 0.14246665 0.01458372 0.00575000
v 0.14136770 0.01218750 0.00656250
v 0.14007618 0.01354202 0.00656250
v 0.15212500 0.00000000 0.00756250
v 0.15203267 0.00183946 0.00756250
v 0.14925000 0.00000000 0.00825000
v 0.14916383 0.00171683 0.00825000
v 0.15175606 0.00367105 0.00756250
v 0.14890565 0.00342631 0.00825000
v 0.15500000 0.00000000 0.00950000
v 0.15490150 0.00196209 0.00950000
v 0.15129636 0.00548692 0.00756250
v 0.14847660 0.00512112 0.00825000
v 0.15065555 0.00727929 0.00756250
v 0.14787851 0.00679400 0.00825000
v 0.15460646 0.00391579 0.00950000
v 0.15411612 0.00585271 0.00950000
v 0.15212500 0.00000000 0.01006250
v 0.15203267 0.00183946 0.01006250
v 0.15175606 0.00367105 0.01006250
v 0.15500000 0.00000000 0.01200000
v 0.15490150 0.00196209 0.01200000
v 0.15129636 0.00548692 0.01006250
v 0.15065555 0.00727929 0.01006250
v 0.15460646 0.00391579 0.01200000
v 0.15411612 0.00585271 0.01200000
v 0.14618616 0.01004544 0.00825000
v 0.14983636 0.00904049 0.00756250
v 0.14711393 0.00843779 0.00825000
v 0.14884230 0.01076297 0.00756250
v 0.15343259 0.00776457 0.00950000
v 0.15255879 0.00964318 0.00950000
v 0.14509913 0.01161008 0.00825000
v 0.14385752 0.01312500 0.00825000
v 0.14634734 0.01406250 0.00756250
v 0.14246665 0.01458372 0.00825000
v 0.14767763 0.01243937 0.00756250
v 0.15149845 0.01148050 0.00950000
v 0.15025614 0.01326866 0.00950000
v 0.14983636 0.00904049 0.01006250
v 0.14884230 0.01076297 0.01006250
v 0.15343259 0.00776457 0.01200000
v 0.15255879 0.00964318 0.01200000
v 0.14634734 0.01406250 0.01006250
v 0.14767763 0.01243937 0.01006250
v 0.15149845 0.01148050 0.01200000
v 0.15025614 0.01326866 0.01200000
v 0.09143009 0.01714906 0.00356250
v 0.09318750 0.01786177 0.00356250
v 0.09501262 0.01849800 0.00356250
v 0.09689764 0.01905501 0.00356250
v 0.09883448 0.01953043 0.00356250
v 0.10081485 0.01992222 0.00356250
v 0.10283027 0.02022870 0.00356250
v 0.10487211 0.02044855 0.00356250
v 0.10693163 0.02058084 0.00356250
v 0.09175000 0.01948557 0.00500000
v 0.09374104 0.02017964 0.00500000
v 0.09246946 0.02186127 0.00406250
v 0.09579742 0.02078729 0.00500000
v 0.09791034 0.02130593 0.00500000
v 0.10007074 0.02173333 0.00500000
v 0.10226938 0.02206767 0.00500000
v 0.10449684 0.02230751 0.00500000
v 0.10674359 0.02245183 0.00500000
v 0.12298738 0.01849800 0.00356250
v 0.11106838 0.02058084 0.00356250
v 0.11312789 0.02044855 0.00356250
v 0.10900000 0.02062500 0.00356250
v 0.11516973 0.02022870 0.00356250
v 0.11718515 0.01992222 0.00356250
v 0.12110236 0.01905501 0.00356250
v 0.11916552 0.01953043 0.00356250
v 0.11125641 0.02245183 0.00500000
v 0.11350315 0.02230751 0.00500000
v 0.11573061 0.02206767 0.00500000
v 0.11792926 0.02173333 0.00500000
v 0.12008967 0.02130593 0.00500000
v 0.12220258 0.02078729 0.00500000
v 0.09246946 0.02186127 0.00656250
v 0.09469721 0.02251956 0.00406250
v 0.09698620 0.02308142 0.00406250
v 0.09932664 0.02354444 0.00406250
v 0.10170850 0.02390664 0.00406250
v 0.10412158 0.02416647 0.00406250
v 0.10655556 0.02432281 0.00406250
v 0.10900000 0.02437500 0.00406250
v 0.11144444 0.02432281 0.00406250
v 0.11387841 0.02416647 0.00406250
v 0.10900000 0.02250000 0.00500000
v 0.11629150 0.02390664 0.00406250
v 0.11867336 0.02354444 0.00406250
v 0.12101380 0.02308142 0.00406250
v 0.09359699 0.02425184 0.00575000
v 0.09606206 0.02485692 0.00575000
v 0.09858254 0.02535555 0.00575000
v 0.10114761 0.02574561 0.00575000
v 0.10374632 0.02602543 0.00575000
v 0.10636752 0.02619380 0.00575000
v 0.09469721 0.02251956 0.00656250
v 0.09698620 0.02308142 0.00656250
v 0.09932664 0.02354444 0.00656250
v 0.10170850 0.02390664 0.00656250
v 0.10412158 0.02416647 0.00656250
v 0.10655556 0.02432281 0.00656250
v 0.10900000 0.02625000 0.00575000
v 0.11163247 0.02619380 0.00575000
v 0.11425368 0.02602543 0.00575000
v 0.11685239 0.02574561 0.00575000
v 0.12193794 0.02485692 0.00575000
v 0.11941747 0.02535555 0.00575000
v 0.10900000 0.02437500 0.00656250
v 0.11144444 0.02432281 0.00656250
v 0.11387841 0.02416647 0.00656250
v 0.11629150 0.02390664 0.00656250
v 0.11867336 0.02354444 0.00656250
v 0.12101380 0.02308142 0.00656250
v 0.12985182 0.01550670 0.00356250
v 0.12825207 0.01636291 0.00356250
v 0.12656991 0.01714906 0.00356250
v 0.12481250 0.01786177 0.00356250
v 0.12816717 0.01870807 0.00500000
v 0.13000228 0.01785045 0.00500000
v 0.13710001 0.01607155 0.00406250
v 0.13339518 0.01590990 0.00500000
v 0.13364305 0.01832610 0.00406250
v 0.13542812 0.01723573 0.00406250
v 0.13174742 0.01691640 0.00500000
v 0.12976444 0.02026707 0.00406250
v 0.12625000 0.01948557 0.00500000
v 0.12425896 0.02017964 0.00500000
v 0.12553054 0.02186127 0.00406250
v 0.12768750 0.02110937 0.00406250
v 0.13175246 0.01933799 0.00406250
v 0.13746105 0.01856155 0.00575000
v 0.13710001 0.01607155 0.00656250
v 0.13364305 0.01832610 0.00656250
v 0.13542812 0.01723573 0.00656250
v 0.13553867 0.01973579 0.00575000
v 0.13350265 0.02082553 0.00575000
v 0.13136171 0.02182608 0.00575000
v 0.12976444 0.02026707 0.00656250
v 0.12553054 0.02186127 0.00656250
v 0.12768750 0.02110937 0.00656250
v 0.13175246 0.01933799 0.00656250
v 0.14093247 0.01597999 0.00575000
v 0.13926156 0.01730783 0.00575000
v 0.12330279 0.02251956 0.00406250
v 0.12440301 0.02425184 0.00575000
v 0.12680212 0.02354291 0.00575000
v 0.12912500 0.02273317 0.00575000
v 0.12330279 0.02251956 0.00656250
v 0.09359699 0.02425184 0.00825000
v 0.09249678 0.02598411 0.00756250
v 0.09606206 0.02485692 0.00825000
v 0.09858254 0.02535555 0.00825000
v 0.10114761 0.02574561 0.00825000
v 0.10374632 0.02602543 0.00825000
v 0.10636752 0.02619380 0.00825000
v 0.09513792 0.02663241 0.00756250
v 0.09783843 0.02716666 0.00756250
v 0.10058673 0.02758459 0.00756250
v 0.10337106 0.02788439 0.00756250
v 0.10617949 0.02806478 0.00756250
v 0.09139656 0.02771639 0.00950000
v 0.09421378 0.02840790 0.00950000
v 0.09709433 0.02897777 0.00950000
v 0.10002585 0.02942356 0.00950000
v 0.10299580 0.02974335 0.00950000
v 0.10599145 0.02993577 0.00950000
v 0.10900000 0.02625000 0.00825000
v 0.11163247 0.02619380 0.00825000
v 0.11425368 0.02602543 0.00825000
v 0.11685239 0.02574561 0.00825000
v 0.12193794 0.02485692 0.00825000
v 0.11941747 0.02535555 0.00825000
v 0.10900000 0.02812500 0.00756250
v 0.11182051 0.02806478 0.00756250
v 0.11462894 0.02788439 0.00756250
v 0.11741327 0.02758459 0.00756250
v 0.12016157 0.02716666 0.00756250
v 0.12286208 0.02663241 0.00756250
v 0.10900000 0.03000000 0.00950000
v 0.11200854 0.02993577 0.00950000
v 0.11500420 0.02974335 0.00950000
v 0.11797415 0.02942356 0.00950000
v 0.12090567 0.02897777 0.00950000
v 0.09249678 0.02598411 0.01006250
v 0.09513792 0.02663241 0.01006250
v 0.09783843 0.02716666 0.01006250
v 0.10058673 0.02758459 0.01006250
v 0.10337106 0.02788439 0.01006250
v 0.10617949 0.02806478 0.01006250
v 0.09139656 0.02771639 0.01200000
v 0.09421378 0.02840790 0.01200000
v 0.09709433 0.02897777 0.01200000
v 0.10002585 0.02942356 0.01200000
v 0.10299580 0.02974335 0.01200000
v 0.10599145 0.02993577 0.01200000
v 0.10900000 0.02812500 0.01006250
v 0.11182051 0.02806478 0.01006250
v 0.11462894 0.02788439 0.01006250
v 0.11741327 0.02758459 0.01006250
v 0.12016157 0.02716666 0.01006250
v 0.12286208 0.02663241 0.01006250
v 0.10900000 0.03000000 0.01200000
v 0.11200854 0.02993577 0.01200000
v 0.11500420 0.02974335 0.01200000
v 0.11797415 0.02942356 0.01200000
v 0.12090567 0.02897777 0.01200000
v 0.13746105 0.01856155 0.00825000
v 0.13553867 0.01973579 0.00825000
v 0.13743429 0.02114549 0.00756250
v 0.13525283 0.02231306 0.00756250
v 0.13350265 0.02082553 0.00825000
v 0.13136171 0.02182608 0.00825000
v 0.14485712 0.01562541 0.00756250
v 0.14093247 0.01597999 0.00825000
v 0.14142309 0.01854410 0.00756250
v 0.14321336 0.01712142 0.00756250
v 0.13926156 0.01730783 0.00825000
v 0.14549425 0.01826284 0.00950000
v 0.14883716 0.01500000 0.00950000
v 0.14724760 0.01666711 0.00950000
v 0.13949399 0.01988738 0.00756250
v 0.14358462 0.01978038 0.00950000
v 0.14152691 0.02121320 0.00950000
v 0.13743429 0.02114549 0.01006250
v 0.13525283 0.02231306 0.01006250
v 0.14485712 0.01562541 0.01006250
v 0.14142309 0.01854410 0.01006250
v 0.14321336 0.01712142 0.01006250
v 0.14549425 0.01826284 0.01200000
v 0.14883716 0.01500000 0.01200000
v 0.14724760 0.01666711 0.01200000
v 0.13949399 0.01988738 0.01006250
v 0.14358462 0.01978038 0.01200000
v 0.14152691 0.02121320 0.01200000
v 0.13056250 0.02435696 0.00756250
v 0.12440301 0.02425184 0.00825000
v 0.12680212 0.02354291 0.00825000
v 0.12912500 0.02273317 0.00825000
v 0.12550323 0.02598411 0.00756250
v 0.12807369 0.02522455 0.00756250
v 0.13295896 0.02338508 0.00756250
v 0.13700302 0.02380060 0.00950000
v 0.13455623 0.02494409 0.00950000
v 0.13200000 0.02598076 0.00950000
v 0.12660344 0.02771639 0.00950000
v 0.12934528 0.02690618 0.00950000
v 0.12378622 0.02840790 0.00950000
v 0.13932991 0.02255519 0.00950000
v 0.13056250 0.02435696 0.01006250
v 0.12550323 0.02598411 0.01006250
v 0.12807369 0.02522455 0.01006250
v 0.13295896 0.02338508 0.01006250
v 0.13700302 0.02380060 0.01200000
v 0.13455623 0.02494409 0.01200000
v 0.13200000 0.02598076 0.01200000
v 0.12660344 0.02771639 0.01200000
v 0.12934528 0.02690618 0.01200000
v 0.12378622 0.02840790 0.01200000
v 0.13932991 0.02255519 0.01200000
f 189 1 8
f 190 6 1
f 6 2 3
f 2 19 3
f 4 203 5
f 6 4 2
f 6 3 1
f 1 3 9
f 6 188 4
f 2 4 5
f 8 1 9
f 7 8 11
f 7 11 12
f 7 12 195
f 195 12 13
f 3 23 9
f 9 23 24
f 9 24 11
f 11 24 10
f 8 9 11
f 12 11 10
f 12 14 13
f 13 31 217
f 12 10 14
f 13 14 31
f 15 1131 16
f 15 1130 1131
f 16 1131 1134
f 16 1134 27
f 2 18 19
f 3 19 23
f 2 5 18
f 5 17 18
f 18 17 15
f 18 16 19
f 18 15 16
f 19 16 27
f 5 204 17
f 17 204 21
f 17 21 20
f 20 22 1135
f 17 20 15
f 15 20 1130
f 20 1135 1130
f 20 21 22
f 1135 22 1137
f 23 28 24
f 23 19 27
f 23 27 28
f 24 28 25
f 24 25 10
f 10 26 14
f 10 25 26
f 31 14 40
f 14 26 40
f 27 1143 28
f 27 1134 1143
f 28 1143 29
f 28 29 25
f 26 25 30
f 26 45 40
f 25 29 30
f 26 30 45
f 217 31 32
f 218 32 33
f 219 33 34
f 220 34 35
f 221 35 36
f 226 36 37
f 227 37 38
f 228 38 39
f 229 39 58
f 31 41 32
f 32 42 33
f 31 40 41
f 32 41 42
f 33 43 34
f 34 44 35
f 33 42 43
f 34 43 44
f 40 46 41
f 41 47 42
f 40 45 46
f 41 46 47
f 42 48 43
f 43 49 44
f 42 47 48
f 43 48 49
f 35 50 36
f 36 51 37
f 35 44 50
f 36 50 51
f 37 51 52
f 37 52 38
f 38 53 39
f 38 52 53
f 39 53 67
f 44 54 50
f 50 55 51
f 44 49 54
f 50 54 55
f 51 55 56
f 51 56 52
f 52 57 53
f 52 56 57
f 53 57 71
f 349 58 59
f 350 59 60
f 351 60 61
f 352 61 62
f 357 62 63
f 358 63 64
f 359 64 65
f 360 65 66
f 39 67 58
f 58 68 59
f 59 69 60
f 58 67 68
f 59 68 69
f 60 70 61
f 61 75 62
f 60 69 70
f 61 70 75
f 53 71 67
f 67 72 68
f 68 73 69
f 67 71 72
f 68 72 73
f 69 74 70
f 70 80 75
f 69 73 74
f 70 74 80
f 62 76 63
f 63 77 64
f 62 75 76
f 63 76 77
f 64 78 65
f 65 79 66
f 64 77 78
f 65 78 79
f 75 81 76
f 76 82 77
f 75 80 81
f 76 81 82
f 77 83 78
f 78 84 79
f 77 82 83
f 78 83 84
f 361 66 85
f 367 85 86
f 368 86 87
f 369 87 88
f 370 88 89
f 375 89 90
f 376 90 91
f 377 91 92
f 378 92 93
f 66 94 85
f 85 95 86
f 66 79 94
f 85 94 95
f 86 95 96
f 86 96 87
f 87 97 88
f 88 102 89
f 87 96 97
f 88 97 102
f 79 98 94
f 94 99 95
f 79 84 98
f 94 98 99
f 95 99 100
f 95 100 96
f 96 101 97
f 97 107 102
f 96 100 101
f 97 101 107
f 89 103 90
f 90 104 91
f 89 102 103
f 90 103 104
f 91 105 92
f 92 106 93
f 91 104 105
f 92 105 106
f 102 108 103
f 103 109 104
f 102 107 108
f 103 108 109
f 104 110 105
f 105 111 106
f 104 109 110
f 105 110 111
f 115 118 112
f 118 198 112
f 115 194 113
f 116 113 195
f 115 112 194
f 115 113 114
f 114 113 116
f 116 117 124
f 114 116 124
f 116 196 117
f 117 216 128
f 117 196 216
f 123 120 118
f 118 119 198
f 118 120 119
f 120 235 119
f 126 121 148
f 125 122 121
f 129 122 125
f 129 160 122
f 115 114 123
f 126 114 124
f 126 123 114
f 115 123 118
f 125 124 117
f 125 117 128
f 126 124 121
f 125 121 124
f 129 125 128
f 126 127 123
f 123 127 120
f 126 148 127
f 128 216 222
f 134 222 223
f 128 222 134
f 134 223 135
f 135 224 136
f 135 223 224
f 136 225 137
f 136 224 225
f 137 230 142
f 137 225 230
f 142 231 143
f 142 230 231
f 143 231 232
f 143 232 144
f 144 232 233
f 144 233 145
f 145 233 353
f 136 132 131
f 137 133 132
f 129 130 160
f 160 130 161
f 161 130 131
f 162 131 132
f 163 132 133
f 129 128 134
f 129 134 130
f 134 135 130
f 135 131 130
f 135 136 131
f 136 137 132
f 142 138 133
f 143 139 138
f 144 140 139
f 145 141 140
f 164 133 138
f 170 138 139
f 171 139 140
f 172 140 141
f 173 141 259
f 137 142 133
f 142 143 138
f 143 144 139
f 144 145 140
f 145 263 141
f 127 146 120
f 120 146 235
f 146 237 235
f 152 147 146
f 146 147 237
f 148 149 153
f 148 121 149
f 122 149 121
f 122 160 150
f 122 150 149
f 160 165 150
f 153 149 151
f 150 151 149
f 150 154 151
f 150 165 154
f 148 152 127
f 127 152 146
f 148 153 152
f 153 156 152
f 152 156 147
f 156 240 147
f 154 158 151
f 165 178 154
f 154 178 159
f 154 159 158
f 178 180 159
f 153 151 155
f 153 155 156
f 155 247 156
f 156 247 240
f 155 151 158
f 155 158 157
f 155 157 247
f 159 735 158
f 158 735 157
f 161 162 166
f 161 131 162
f 160 161 165
f 162 163 167
f 163 164 168
f 162 132 163
f 163 133 164
f 161 166 165
f 162 167 166
f 163 168 167
f 168 164 169
f 164 170 169
f 170 171 174
f 171 172 175
f 164 138 170
f 170 139 171
f 172 173 176
f 173 295 177
f 171 140 172
f 172 141 173
f 170 174 169
f 171 175 174
f 172 176 175
f 173 177 176
f 166 167 179
f 167 181 179
f 165 166 178
f 166 179 178
f 167 168 181
f 168 169 182
f 168 182 181
f 182 169 183
f 178 179 180
f 179 181 737
f 179 737 180
f 181 738 737
f 181 182 738
f 182 739 738
f 182 183 739
f 739 183 740
f 169 174 183
f 174 175 184
f 175 176 185
f 174 184 183
f 175 185 184
f 176 177 186
f 177 299 187
f 176 186 185
f 177 187 186
f 183 184 740
f 184 746 740
f 184 185 746
f 185 186 747
f 185 747 746
f 186 187 748
f 186 748 747
f 187 313 749
f 187 749 748
f 189 194 112
f 189 112 192
f 189 192 190
f 190 188 6
f 189 190 1
f 190 192 191
f 190 191 188
f 192 198 197
f 192 197 191
f 192 112 198
f 188 205 4
f 4 205 203
f 188 191 193
f 191 200 193
f 188 193 205
f 189 8 194
f 7 194 8
f 7 113 194
f 7 195 113
f 195 13 196
f 116 195 196
f 217 216 196
f 13 217 196
f 197 200 191
f 197 199 201
f 198 119 199
f 198 199 197
f 199 234 202
f 119 235 234
f 119 234 199
f 197 201 200
f 199 202 201
f 5 203 204
f 205 209 203
f 203 208 204
f 205 193 211
f 204 210 21
f 22 207 1137
f 21 206 22
f 203 209 208
f 204 208 210
f 21 210 206
f 22 206 207
f 207 1218 1137
f 200 212 193
f 200 213 212
f 200 201 213
f 201 202 214
f 201 214 213
f 202 215 214
f 205 211 209
f 193 212 211
f 210 1229 206
f 206 1229 207
f 207 1229 1218
f 211 212 1229
f 210 208 1229
f 209 1229 208
f 209 211 1229
f 212 213 1229
f 213 214 1229
f 214 215 1229
f 215 250 1229
f 250 251 1229
f 251 252 1229
f 218 222 216
f 219 223 222
f 217 218 216
f 218 219 222
f 220 224 223
f 224 221 225
f 219 220 223
f 220 221 224
f 217 32 218
f 218 33 219
f 219 34 220
f 220 35 221
f 226 230 225
f 227 231 230
f 221 226 225
f 226 227 230
f 227 228 231
f 228 232 231
f 229 233 232
f 228 229 232
f 229 349 233
f 221 36 226
f 226 37 227
f 227 38 228
f 228 39 229
f 235 236 234
f 235 237 236
f 237 147 241
f 237 239 236
f 237 241 239
f 234 238 202
f 234 236 238
f 236 239 248
f 236 248 238
f 239 249 248
f 147 240 241
f 240 245 241
f 247 242 240
f 240 242 245
f 239 243 249
f 241 243 239
f 241 245 243
f 245 242 246
f 756 754 242
f 242 754 246
f 245 244 243
f 245 246 244
f 247 157 756
f 247 756 242
f 202 238 215
f 238 248 250
f 248 249 251
f 249 255 252
f 238 250 215
f 248 251 250
f 249 252 251
f 252 253 1229
f 253 254 1229
f 254 1270 1229
f 252 255 253
f 253 255 257
f 253 257 254
f 254 258 1270
f 254 257 258
f 249 243 255
f 243 244 255
f 244 257 255
f 244 256 257
f 246 256 244
f 258 1274 1270
f 257 256 258
f 256 767 258
f 767 1274 258
f 767 1810 1274
f 145 353 263
f 263 353 354
f 263 354 264
f 264 355 265
f 264 354 355
f 265 356 266
f 265 355 356
f 266 362 272
f 266 356 362
f 272 363 273
f 272 362 363
f 273 364 274
f 273 363 364
f 274 365 275
f 274 364 365
f 275 366 276
f 275 365 366
f 263 259 141
f 264 260 259
f 265 261 260
f 266 262 261
f 272 267 262
f 295 259 260
f 296 260 261
f 297 261 262
f 298 262 267
f 263 264 259
f 264 265 260
f 265 266 261
f 266 272 262
f 273 268 267
f 274 269 268
f 269 275 270
f 276 271 270
f 303 267 268
f 304 268 269
f 305 269 270
f 306 270 271
f 272 273 267
f 273 274 268
f 274 275 269
f 275 276 270
f 276 371 281
f 276 366 371
f 281 371 372
f 281 372 282
f 282 372 373
f 282 373 283
f 283 373 374
f 283 374 284
f 284 380 290
f 284 374 380
f 290 381 291
f 290 380 381
f 291 382 292
f 291 381 382
f 292 383 293
f 292 382 383
f 293 384 294
f 293 383 384
f 281 277 271
f 282 278 277
f 283 279 278
f 284 280 279
f 290 285 280
f 307 271 277
f 322 277 278
f 323 278 279
f 324 279 280
f 325 280 285
f 276 281 271
f 281 282 277
f 282 283 278
f 283 284 279
f 284 290 280
f 291 286 285
f 292 287 286
f 293 288 287
f 294 289 288
f 330 285 286
f 331 286 287
f 332 287 288
f 333 288 289
f 290 291 285
f 291 292 286
f 292 293 287
f 293 294 288
f 295 296 299
f 296 297 300
f 173 259 295
f 295 260 296
f 296 261 297
f 297 298 301
f 298 303 302
f 297 262 298
f 298 267 303
f 295 299 177
f 299 296 300
f 297 301 300
f 298 302 301
f 303 308 302
f 303 304 308
f 304 305 309
f 303 268 304
f 304 269 305
f 305 306 310
f 306 307 311
f 305 270 306
f 306 271 307
f 304 309 308
f 305 310 309
f 310 306 311
f 307 312 311
f 299 300 313
f 300 301 314
f 299 313 187
f 300 314 313
f 301 315 314
f 301 302 315
f 302 308 316
f 302 316 315
f 308 317 316
f 313 314 812
f 313 812 749
f 314 315 813
f 812 314 813
f 315 814 813
f 315 316 814
f 316 815 814
f 316 317 815
f 317 820 815
f 308 309 317
f 309 310 318
f 309 318 317
f 310 319 318
f 310 311 319
f 311 312 320
f 319 311 320
f 312 321 320
f 317 318 820
f 318 821 820
f 318 319 821
f 319 822 821
f 319 320 822
f 822 320 823
f 320 321 823
f 321 824 823
f 307 322 312
f 322 323 326
f 323 324 327
f 307 277 322
f 322 278 323
f 324 325 328
f 325 330 329
f 323 279 324
f 324 280 325
f 325 285 330
f 322 326 312
f 323 327 326
f 324 328 327
f 325 329 328
f 329 330 335
f 330 331 335
f 331 332 336
f 330 286 331
f 331 287 332
f 332 333 337
f 333 334 338
f 332 288 333
f 333 289 334
f 331 336 335
f 332 337 336
f 333 338 337
f 334 339 338
f 312 326 321
f 326 327 340
f 327 328 341
f 326 340 321
f 327 341 340
f 328 329 342
f 329 335 343
f 328 342 341
f 329 343 342
f 335 344 343
f 321 340 824
f 340 341 830
f 340 830 824
f 341 342 831
f 341 831 830
f 342 343 832
f 342 832 831
f 343 344 833
f 343 833 832
f 833 344 838
f 335 336 344
f 336 337 345
f 336 345 344
f 337 346 345
f 337 338 346
f 338 339 347
f 338 347 346
f 339 348 347
f 344 345 838
f 345 839 838
f 345 346 839
f 346 840 839
f 346 347 840
f 347 841 840
f 347 348 841
f 348 842 841
f 349 353 233
f 350 354 353
f 351 355 354
f 349 350 353
f 350 351 354
f 352 356 355
f 357 362 356
f 351 352 355
f 352 357 356
f 229 58 349
f 349 59 350
f 350 60 351
f 351 61 352
f 352 62 357
f 358 363 362
f 359 364 363
f 357 358 362
f 358 359 363
f 364 360 365
f 361 366 365
f 359 360 364
f 360 361 365
f 357 63 358
f 358 64 359
f 359 65 360
f 360 66 361
f 367 371 366
f 368 372 371
f 361 367 366
f 367 368 371
f 368 369 372
f 369 373 372
f 370 374 373
f 375 380 374
f 369 370 373
f 370 375 374
f 361 85 367
f 367 86 368
f 368 87 369
f 369 88 370
f 370 89 375
f 376 381 380
f 377 382 381
f 375 376 380
f 376 377 381
f 378 383 382
f 379 384 383
f 377 378 382
f 378 379 383
f 375 90 376
f 376 91 377
f 377 92 378
f 378 93 379
f 379 93 385
f 575 385 386
f 576 386 387
f 577 387 388
f 578 388 389
f 583 389 390
f 584 390 391
f 585 391 392
f 586 392 409
f 93 393 385
f 385 394 386
f 93 106 393
f 385 393 394
f 386 395 387
f 387 396 388
f 386 394 395
f 387 395 396
f 388 396 401
f 106 397 393
f 393 398 394
f 106 111 397
f 393 397 398
f 394 399 395
f 395 400 396
f 394 398 399
f 395 399 400
f 396 400 405
f 388 401 389
f 389 402 390
f 389 401 402
f 390 402 403
f 390 403 391
f 391 404 392
f 392 418 409
f 391 403 404
f 392 404 418
f 396 405 401
f 401 406 402
f 401 405 406
f 402 406 407
f 402 407 403
f 403 408 404
f 404 423 418
f 403 407 408
f 404 408 423
f 591 409 410
f 592 410 411
f 593 411 412
f 594 412 413
f 595 413 414
f 601 414 415
f 602 415 416
f 603 416 417
f 604 417 436
f 409 419 410
f 410 420 411
f 409 418 419
f 410 419 420
f 411 421 412
f 412 422 413
f 411 420 421
f 412 421 422
f 418 424 419
f 419 425 420
f 418 423 424
f 419 424 425
f 420 426 421
f 421 427 422
f 420 425 426
f 421 426 427
f 413 428 414
f 414 429 415
f 413 422 428
f 414 428 429
f 415 429 430
f 415 430 416
f 416 431 417
f 416 430 431
f 417 431 445
f 422 432 428
f 428 433 429
f 422 427 432
f 428 432 433
f 429 433 434
f 429 434 430
f 430 435 431
f 430 434 435
f 431 435 449
f 699 436 437
f 700 437 438
f 701 438 439
f 702 439 440
f 707 440 441
f 708 441 442
f 709 442 443
f 710 443 444
f 711 444 463
f 417 445 436
f 436 446 437
f 437 447 438
f 436 445 446
f 437 446 447
f 438 448 439
f 439 453 440
f 438 447 448
f 439 448 453
f 431 449 445
f 445 450 446
f 446 451 447
f 445 449 450
f 446 450 451
f 447 452 448
f 448 458 453
f 447 451 452
f 448 452 458
f 440 454 441
f 441 455 442
f 440 453 454
f 441 454 455
f 442 456 443
f 443 457 444
f 442 455 456
f 443 456 457
f 444 457 472
f 453 459 454
f 454 460 455
f 453 458 459
f 454 459 460
f 455 461 456
f 456 462 457
f 455 460 461
f 456 461 462
f 457 462 476
f 717 463 464
f 718 464 465
f 719 465 466
f 720 466 467
f 725 467 468
f 726 468 469
f 727 469 470
f 444 472 463
f 463 473 464
f 463 472 473
f 464 473 474
f 464 474 465
f 465 475 466
f 466 480 467
f 465 474 475
f 466 475 480
f 457 476 472
f 472 477 473
f 472 476 477
f 473 477 478
f 473 478 474
f 474 479 475
f 475 485 480
f 474 478 479
f 475 479 485
f 467 481 468
f 468 482 469
f 467 480 481
f 468 481 482
f 469 483 470
f 470 484 471
f 469 482 483
f 470 483 484
f 480 486 481
f 481 487 482
f 480 485 486
f 481 486 487
f 482 488 483
f 483 489 484
f 482 487 488
f 483 488 489
f 294 579 494
f 294 384 579
f 494 580 495
f 494 579 580
f 495 581 496
f 495 580 581
f 496 581 582
f 496 582 497
f 497 582 587
f 497 587 502
f 502 587 588
f 502 588 503
f 503 588 589
f 503 589 504
f 504 590 505
f 504 589 590
f 505 596 511
f 505 590 596
f 494 490 289
f 495 491 490
f 496 492 491
f 497 493 492
f 334 289 490
f 524 490 491
f 525 491 492
f 526 492 493
f 527 493 498
f 294 494 289
f 494 495 490
f 495 496 491
f 496 497 492
f 497 502 493
f 502 498 493
f 503 499 498
f 504 500 499
f 505 501 500
f 511 506 501
f 532 498 499
f 533 499 500
f 534 500 501
f 535 501 506
f 502 503 498
f 503 504 499
f 504 505 500
f 505 511 501
f 511 597 512
f 511 596 597
f 512 598 513
f 512 597 598
f 513 599 514
f 513 598 599
f 514 600 515
f 514 599 600
f 515 605 520
f 515 600 605
f 520 606 521
f 520 605 606
f 521 606 607
f 521 607 522
f 522 607 608
f 522 608 523
f 523 608 703
f 512 507 506
f 513 508 507
f 514 509 508
f 515 510 509
f 548 506 507
f 549 507 508
f 550 508 509
f 551 509 510
f 511 512 506
f 512 513 507
f 513 514 508
f 514 515 509
f 520 516 510
f 516 521 517
f 522 518 517
f 523 519 518
f 552 510 516
f 558 516 517
f 559 517 518
f 560 518 519
f 561 519 609
f 515 520 510
f 520 521 516
f 521 522 517
f 522 523 518
f 523 613 519
f 334 524 339
f 524 525 528
f 334 490 524
f 524 491 525
f 525 526 529
f 526 527 530
f 527 532 531
f 525 492 526
f 526 493 527
f 524 528 339
f 525 529 528
f 529 526 530
f 527 531 530
f 532 533 536
f 533 534 537
f 527 498 532
f 532 499 533
f 534 535 538
f 535 548 539
f 533 500 534
f 534 501 535
f 535 506 548
f 532 536 531
f 533 537 536
f 534 538 537
f 535 539 538
f 539 548 553
f 339 528 348
f 528 529 540
f 528 540 348
f 529 541 540
f 529 530 541
f 530 531 542
f 531 536 543
f 541 530 542
f 531 543 542
f 348 540 842
f 540 920 842
f 540 541 920
f 541 921 920
f 541 542 921
f 542 543 922
f 921 542 922
f 543 544 923
f 543 923 922
f 536 537 544
f 537 538 545
f 536 544 543
f 537 545 544
f 538 539 546
f 539 553 547
f 538 546 545
f 539 547 546
f 553 566 547
f 544 545 928
f 544 928 923
f 545 546 929
f 545 929 928
f 546 547 930
f 546 930 929
f 547 931 930
f 547 566 931
f 931 566 936
f 548 549 553
f 549 550 554
f 548 507 549
f 549 508 550
f 550 551 555
f 551 552 556
f 550 509 551
f 551 510 552
f 549 554 553
f 550 555 554
f 551 556 555
f 552 557 556
f 552 558 557
f 558 559 562
f 559 560 563
f 552 516 558
f 558 517 559
f 560 561 564
f 561 645 565
f 559 518 560
f 560 519 561
f 558 562 557
f 562 559 563
f 560 564 563
f 561 565 564
f 553 554 566
f 554 555 567
f 554 567 566
f 555 568 567
f 555 556 568
f 556 557 569
f 556 569 568
f 557 570 569
f 566 567 936
f 567 937 936
f 567 568 937
f 568 938 937
f 568 569 938
f 569 939 938
f 569 570 939
f 570 940 939
f 557 562 570
f 562 563 571
f 563 564 572
f 562 571 570
f 571 563 572
f 564 565 573
f 565 649 574
f 564 573 572
f 565 574 573
f 570 571 940
f 571 946 940
f 571 572 946
f 572 573 947
f 946 572 947
f 573 574 948
f 573 948 947
f 574 663 949
f 574 949 948
f 575 579 384
f 576 580 579
f 379 575 384
f 575 576 579
f 580 577 581
f 578 582 581
f 576 577 580
f 577 578 581
f 578 583 582
f 379 385 575
f 575 386 576
f 576 387 577
f 577 388 578
f 583 587 582
f 584 588 587
f 583 584 587
f 584 585 588
f 585 589 588
f 586 590 589
f 591 596 590
f 585 586 589
f 586 591 590
f 578 389 583
f 583 390 584
f 584 391 585
f 585 392 586
f 586 409 591
f 592 597 596
f 593 598 597
f 591 592 596
f 592 593 597
f 594 599 598
f 595 600 599
f 593 594 598
f 594 595 599
f 591 410 592
f 592 411 593
f 593 412 594
f 594 413 595
f 601 605 600
f 605 602 606
f 595 601 600
f 601 602 605
f 602 603 606
f 603 607 606
f 604 608 607
f 603 604 607
f 604 699 608
f 595 414 601
f 601 415 602
f 602 416 603
f 603 417 604
f 523 703 613
f 613 704 614
f 613 703 704
f 614 705 615
f 614 704 705
f 615 706 616
f 615 705 706
f 616 712 622
f 616 706 712
f 622 713 623
f 622 712 713
f 623 714 624
f 623 713 714
f 624 715 625
f 624 714 715
f 625 716 626
f 625 715 716
f 626 716 721
f 613 609 519
f 614 610 609
f 615 611 610
f 616 612 611
f 622 617 612
f 645 609 610
f 646 610 611
f 647 611 612
f 648 612 617
f 613 614 609
f 614 615 610
f 615 616 611
f 616 622 612
f 623 618 617
f 624 619 618
f 625 620 619
f 626 621 620
f 653 617 618
f 654 618 619
f 655 619 620
f 656 620 621
f 657 621 627
f 622 623 617
f 623 624 618
f 624 625 619
f 625 626 620
f 626 631 621
f 626 721 631
f 631 721 722
f 631 722 632
f 632 722 723
f 632 723 633
f 633 723 724
f 633 724 634
f 634 730 640
f 634 724 730
f 640 731 641
f 640 730 731
f 641 732 642
f 641 731 732
f 642 733 643
f 642 732 733
f 643 734 644
f 643 733 734
f 631 627 621
f 632 628 627
f 633 629 628
f 634 630 629
f 640 635 630
f 672 627 628
f 673 628 629
f 674 629 630
f 675 630 635
f 631 632 627
f 632 633 628
f 633 634 629
f 634 640 630
f 641 636 635
f 642 637 636
f 680 635 636
f 681 636 637
f 682 637 638
f 683 638 639
f 640 641 635
f 641 642 636
f 642 643 637
f 643 638 637
f 643 644 638
f 644 639 638
f 645 646 649
f 646 647 650
f 561 609 645
f 645 610 646
f 646 611 647
f 647 648 651
f 648 653 652
f 647 612 648
f 648 617 653
f 645 649 565
f 646 650 649
f 647 651 650
f 651 648 652
f 653 658 652
f 653 654 658
f 654 655 659
f 653 618 654
f 654 619 655
f 655 656 660
f 656 657 661
f 657 672 662
f 655 620 656
f 656 621 657
f 654 659 658
f 655 660 659
f 656 661 660
f 657 662 661
f 649 650 663
f 650 651 664
f 649 663 574
f 650 664 663
f 651 665 664
f 651 652 665
f 652 658 666
f 652 666 665
f 658 667 666
f 663 664 1022
f 663 1022 949
f 664 1023 1022
f 664 665 1023
f 665 1024 1023
f 665 666 1024
f 1024 666 1025
f 666 667 1025
f 667 1030 1025
f 658 659 667
f 659 660 668
f 659 668 667
f 660 669 668
f 660 661 669
f 661 662 670
f 662 676 671
f 661 670 669
f 662 671 670
f 667 668 1030
f 668 1031 1030
f 668 669 1031
f 669 1032 1031
f 669 670 1032
f 670 1033 1032
f 670 671 1033
f 671 690 1034
f 671 1034 1033
f 672 673 676
f 673 674 677
f 657 627 672
f 672 628 673
f 674 675 678
f 675 680 679
f 673 629 674
f 674 630 675
f 675 635 680
f 662 672 676
f 673 677 676
f 674 678 677
f 675 679 678
f 680 685 679
f 680 681 685
f 681 682 686
f 680 636 681
f 681 637 682
f 682 683 687
f 682 638 683
f 683 639 684
f 681 686 685
f 682 687 686
f 687 683 688
f 684 689 688
f 683 684 688
f 676 677 690
f 677 678 691
f 671 676 690
f 677 691 690
f 678 679 692
f 679 685 693
f 678 692 691
f 679 693 692
f 685 694 693
f 690 691 1040
f 1034 690 1040
f 691 692 1041
f 691 1041 1040
f 692 693 1042
f 692 1042 1041
f 693 694 1043
f 693 1043 1042
f 694 1048 1043
f 685 686 694
f 686 687 695
f 686 695 694
f 687 696 695
f 687 688 696
f 688 689 697
f 688 697 696
f 689 698 697
f 694 695 1048
f 695 1049 1048
f 695 696 1049
f 696 1050 1049
f 696 697 1050
f 1050 697 1051
f 697 698 1051
f 699 703 608
f 700 704 703
f 701 705 704
f 699 700 703
f 700 701 704
f 702 706 705
f 707 712 706
f 701 702 705
f 702 707 706
f 604 436 699
f 699 437 700
f 700 438 701
f 701 439 702
f 702 440 707
f 708 713 712
f 709 714 713
f 707 708 712
f 708 709 713
f 710 715 714
f 711 716 715
f 709 710 714
f 710 711 715
f 711 717 716
f 707 441 708
f 708 442 709
f 709 443 710
f 710 444 711
f 716 717 721
f 718 722 721
f 717 718 721
f 718 719 722
f 719 723 722
f 720 724 723
f 725 730 724
f 719 720 723
f 720 725 724
f 711 463 717
f 717 464 718
f 718 465 719
f 719 466 720
f 720 467 725
f 726 731 730
f 727 732 731
f 725 726 730
f 726 727 731
f 728 733 732
f 727 728 732
f 728 729 733
f 733 729 734
f 725 468 726
f 726 469 727
f 727 470 728
f 728 471 729
f 728 470 471
f 735 755 157
f 159 736 735
f 159 180 736
f 180 741 736
f 735 736 757
f 741 758 736
f 741 776 758
f 738 739 743
f 739 740 744
f 180 737 741
f 737 742 741
f 737 738 742
f 738 743 742
f 741 742 776
f 742 777 776
f 742 743 777
f 739 744 743
f 740 745 744
f 743 744 779
f 744 745 780
f 740 746 745
f 746 747 750
f 747 748 751
f 748 749 752
f 749 812 753
f 746 750 745
f 747 751 750
f 745 750 781
f 750 751 791
f 751 752 792
f 748 752 751
f 749 753 752
f 752 753 793
f 753 816 794
f 743 779 777
f 744 780 779
f 780 745 781
f 750 791 781
f 751 792 791
f 752 793 792
f 753 794 793
f 246 754 765
f 754 759 766
f 157 755 756
f 755 759 756
f 735 757 755
f 755 757 760
f 736 758 757
f 757 758 761
f 757 761 760
f 756 759 754
f 755 760 759
f 761 771 760
f 759 760 770
f 759 770 766
f 760 771 770
f 758 776 762
f 758 762 761
f 776 778 762
f 761 762 763
f 762 778 764
f 761 763 771
f 762 764 763
f 778 786 764
f 246 765 256
f 754 766 765
f 765 767 256
f 765 768 767
f 765 766 768
f 766 769 768
f 770 769 766
f 768 769 1812
f 767 768 1810
f 768 1812 1810
f 769 772 1814
f 769 1814 1812
f 770 771 772
f 770 772 769
f 772 775 1818
f 772 1818 1814
f 771 763 775
f 771 775 772
f 763 764 773
f 763 773 775
f 764 786 774
f 764 774 773
f 786 803 774
f 775 773 1822
f 775 1822 1818
f 773 1824 1822
f 773 774 1824
f 774 803 1825
f 774 1825 1824
f 803 1867 1825
f 776 777 778
f 777 779 782
f 777 782 778
f 779 783 782
f 779 780 783
f 780 781 784
f 780 784 783
f 784 781 785
f 778 782 786
f 782 783 787
f 782 787 786
f 783 788 787
f 783 784 788
f 784 785 789
f 784 789 788
f 785 790 789
f 781 791 785
f 791 792 795
f 792 793 796
f 793 794 797
f 794 848 798
f 791 795 785
f 792 796 795
f 793 797 796
f 794 798 797
f 785 795 790
f 795 796 799
f 796 797 800
f 795 799 790
f 796 800 799
f 797 798 801
f 798 852 802
f 797 801 800
f 798 802 801
f 786 787 803
f 787 788 804
f 787 804 803
f 788 805 804
f 788 789 805
f 789 790 806
f 789 806 805
f 806 790 807
f 803 804 1867
f 804 805 1868
f 804 1868 1867
f 805 1869 1868
f 805 806 1869
f 806 807 1870
f 806 1870 1869
f 807 1871 1870
f 790 799 807
f 799 800 808
f 800 801 809
f 799 808 807
f 800 809 808
f 801 802 810
f 802 856 811
f 801 810 809
f 802 811 810
f 807 808 1871
f 808 809 1876
f 809 810 1877
f 808 1876 1871
f 809 1877 1876
f 810 811 1878
f 811 902 1879
f 810 1878 1877
f 811 1879 1878
f 812 813 816
f 813 814 817
f 814 815 818
f 815 820 819
f 812 816 753
f 813 817 816
f 814 818 817
f 816 817 848
f 817 818 849
f 815 819 818
f 820 825 819
f 818 819 850
f 819 825 851
f 820 821 825
f 821 822 826
f 822 823 827
f 823 824 828
f 821 826 825
f 822 827 826
f 825 826 860
f 826 827 861
f 823 828 827
f 824 829 828
f 827 828 862
f 828 829 863
f 816 848 794
f 817 849 848
f 818 850 849
f 819 851 850
f 825 860 851
f 826 861 860
f 827 862 861
f 862 828 863
f 829 864 863
f 824 830 829
f 830 831 834
f 831 832 835
f 832 833 836
f 833 838 837
f 830 834 829
f 831 835 834
f 829 834 864
f 834 835 875
f 835 836 876
f 832 836 835
f 833 837 836
f 838 843 837
f 836 837 877
f 837 843 878
f 838 839 843
f 839 840 844
f 840 841 845
f 841 842 846
f 839 844 843
f 840 845 844
f 843 844 887
f 844 845 888
f 841 846 845
f 842 847 846
f 845 846 889
f 846 847 890
f 834 875 864
f 835 876 875
f 836 877 876
f 837 878 877
f 843 887 878
f 844 888 887
f 845 889 888
f 846 890 889
f 847 891 890
f 848 849 852
f 849 850 853
f 850 851 854
f 851 860 855
f 848 852 798
f 852 849 853
f 850 854 853
f 851 855 854
f 860 865 855
f 852 853 856
f 853 854 857
f 852 856 802
f 853 857 856
f 854 858 857
f 854 855 858
f 855 865 859
f 855 859 858
f 865 870 859
f 860 861 865
f 861 862 866
f 862 863 867
f 863 864 868
f 861 866 865
f 862 867 866
f 867 863 868
f 864 869 868
f 865 866 870
f 866 867 871
f 866 871 870
f 867 872 871
f 867 868 872
f 868 869 873
f 872 868 873
f 869 874 873
f 864 875 869
f 875 876 879
f 876 877 880
f 877 878 881
f 878 887 882
f 875 879 869
f 876 880 879
f 877 881 880
f 878 882 881
f 882 887 892
f 869 879 874
f 879 880 883
f 880 881 884
f 879 883 874
f 880 884 883
f 881 882 885
f 882 892 886
f 881 885 884
f 882 886 885
f 892 897 886
f 887 888 892
f 888 889 893
f 889 890 894
f 890 891 895
f 888 893 892
f 889 894 893
f 890 895 894
f 891 896 895
f 892 893 897
f 893 894 898
f 893 898 897
f 894 899 898
f 894 895 899
f 895 896 900
f 895 900 899
f 896 901 900
f 856 857 902
f 857 858 903
f 856 902 811
f 857 903 902
f 858 904 903
f 858 859 904
f 859 870 905
f 859 905 904
f 870 906 905
f 902 903 1957
f 903 904 1958
f 902 1957 1879
f 903 1958 1957
f 904 1959 1958
f 904 905 1959
f 905 906 1960
f 905 1960 1959
f 906 1965 1960
f 870 871 906
f 871 872 907
f 871 907 906
f 872 908 907
f 872 873 908
f 873 874 909
f 908 873 909
f 874 910 909
f 906 907 1965
f 907 908 1966
f 907 1966 1965
f 908 1967 1966
f 908 909 1967
f 909 910 1968
f 909 1968 1967
f 910 1969 1968
f 874 883 910
f 883 884 911
f 884 885 912
f 883 911 910
f 884 912 911
f 885 886 913
f 886 897 914
f 885 913 912
f 886 914 913
f 897 915 914
f 910 911 1969
f 911 912 1975
f 912 913 1976
f 911 1975 1969
f 912 1976 1975
f 913 914 1977
f 914 915 1978
f 913 1977 1976
f 914 1978 1977
f 915 1983 1978
f 897 898 915
f 898 899 916
f 898 916 915
f 899 917 916
f 899 900 917
f 900 901 918
f 900 918 917
f 901 919 918
f 915 916 1983
f 916 917 1984
f 916 1984 1983
f 917 1985 1984
f 917 918 1985
f 918 919 1986
f 918 1986 1985
f 919 1987 1986
f 842 920 847
f 920 921 924
f 921 922 925
f 922 923 926
f 923 928 927
f 920 924 847
f 921 925 924
f 847 924 891
f 924 925 954
f 922 926 925
f 923 927 926
f 925 926 955
f 926 927 956
f 927 932 957
f 928 929 932
f 929 930 933
f 930 931 934
f 931 936 935
f 928 932 927
f 929 933 932
f 932 933 966
f 933 934 967
f 930 934 933
f 931 935 934
f 936 941 935
f 934 935 968
f 935 941 969
f 924 954 891
f 925 955 954
f 955 926 956
f 927 957 956
f 932 966 957
f 933 967 966
f 934 968 967
f 935 969 968
f 941 978 969
f 936 937 941
f 937 938 942
f 938 939 943
f 939 940 944
f 937 942 941
f 938 943 942
f 941 942 978
f 942 943 979
f 939 944 943
f 940 945 944
f 943 944 980
f 944 945 981
f 940 946 945
f 946 947 950
f 947 948 951
f 948 949 952
f 949 1022 953
f 946 950 945
f 950 947 951
f 945 950 982
f 950 951 993
f 951 952 994
f 948 952 951
f 949 953 952
f 952 953 995
f 953 1026 996
f 942 979 978
f 943 980 979
f 944 981 980
f 945 982 981
f 950 993 982
f 993 951 994
f 952 995 994
f 953 996 995
f 891 954 896
f 954 955 958
f 955 956 959
f 956 957 960
f 957 966 961
f 954 958 896
f 955 959 958
f 959 956 960
f 957 961 960
f 896 958 901
f 958 959 962
f 958 962 901
f 959 963 962
f 959 960 963
f 960 961 964
f 961 970 965
f 960 964 963
f 961 965 964
f 966 967 970
f 967 968 971
f 968 969 972
f 969 978 973
f 966 970 961
f 967 971 970
f 968 972 971
f 969 973 972
f 973 978 983
f 970 971 974
f 971 972 975
f 970 974 965
f 971 975 974
f 972 973 976
f 973 983 977
f 972 976 975
f 973 977 976
f 983 988 977
f 978 979 983
f 979 980 984
f 980 981 985
f 981 982 986
f 979 984 983
f 980 985 984
f 981 986 985
f 982 987 986
f 983 984 988
f 984 985 989
f 984 989 988
f 985 990 989
f 985 986 990
f 986 987 991
f 986 991 990
f 987 992 991
f 982 993 987
f 993 994 997
f 994 995 998
f 995 996 999
f 996 1058 1000
f 993 997 987
f 997 994 998
f 995 999 998
f 996 1000 999
f 987 997 992
f 997 998 1001
f 998 999 1002
f 997 1001 992
f 1001 998 1002
f 999 1000 1003
f 1000 1062 1004
f 999 1003 1002
f 1000 1004 1003
f 901 962 919
f 962 963 1005
f 962 1005 919
f 963 1006 1005
f 963 964 1006
f 964 965 1007
f 965 974 1008
f 1006 964 1007
f 965 1008 1007
f 919 1005 1987
f 1005 1006 2080
f 1005 2080 1987
f 1006 2081 2080
f 1006 1007 2081
f 1007 1008 2082
f 1008 1009 2083
f 1007 2082 2081
f 1008 2083 2082
f 974 975 1009
f 975 976 1010
f 974 1009 1008
f 975 1010 1009
f 976 977 1011
f 977 988 1012
f 976 1011 1010
f 977 1012 1011
f 988 1013 1012
f 1009 1010 2088
f 1010 1011 2089
f 1009 2088 2083
f 1010 2089 2088
f 1011 1012 2090
f 1012 1013 2091
f 1011 2090 2089
f 1012 2091 2090
f 1013 2096 2091
f 988 989 1013
f 989 990 1014
f 989 1014 1013
f 990 1015 1014
f 990 991 1015
f 991 992 1016
f 991 1016 1015
f 992 1017 1016
f 1013 1014 2096
f 1014 1015 2097
f 1014 2097 2096
f 1015 2098 2097
f 1015 1016 2098
f 1016 1017 2099
f 1016 2099 2098
f 1017 2100 2099
f 992 1001 1017
f 1001 1002 1018
f 1002 1003 1019
f 1001 1018 1017
f 1018 1002 1019
f 1003 1004 1020
f 1004 1066 1021
f 1003 1020 1019
f 1004 1021 1020
f 1017 1018 2100
f 1018 1019 2106
f 1019 1020 2107
f 1018 2106 2100
f 2106 1019 2107
f 1020 1021 2108
f 1021 1112 2109
f 1020 2108 2107
f 1021 2109 2108
f 1022 1023 1026
f 1023 1024 1027
f 1024 1025 1028
f 1025 1030 1029
f 1022 1026 953
f 1023 1027 1026
f 1024 1028 1027
f 1026 1027 1058
f 1027 1028 1059
f 1025 1029 1028
f 1030 1035 1029
f 1028 1029 1060
f 1029 1035 1061
f 1030 1031 1035
f 1031 1032 1036
f 1032 1033 1037
f 1033 1034 1038
f 1034 1040 1039
f 1031 1036 1035
f 1032 1037 1036
f 1035 1036 1070
f 1036 1037 1071
f 1033 1038 1037
f 1034 1039 1038
f 1037 1038 1072
f 1038 1039 1073
f 1039 1044 1074
f 1026 1058 996
f 1027 1059 1058
f 1028 1060 1059
f 1029 1061 1060
f 1035 1070 1061
f 1036 1071 1070
f 1037 1072 1071
f 1038 1073 1072
f 1039 1074 1073
f 1040 1041 1044
f 1041 1042 1045
f 1042 1043 1046
f 1043 1048 1047
f 1040 1044 1039
f 1041 1045 1044
f 1044 1045 1085
f 1045 1046 1086
f 1042 1046 1045
f 1043 1047 1046
f 1048 1053 1047
f 1046 1047 1087
f 1047 1053 1088
f 1048 1049 1053
f 1049 1050 1054
f 698 1052 1051
f 1050 1051 1055
f 1051 1052 1056
f 1049 1054 1053
f 1050 1055 1054
f 1053 1054 1097
f 1054 1055 1098
f 1051 1056 1055
f 1052 1057 1056
f 1055 1056 1099
f 1056 1057 1100
f 1074 1044 1085
f 1045 1086 1085
f 1046 1087 1086
f 1047 1088 1087
f 1053 1097 1088
f 1054 1098 1097
f 1055 1099 1098
f 1056 1100 1099
f 1057 1101 1100
f 1058 1059 1062
f 1059 1060 1063
f 1060 1061 1064
f 1061 1070 1065
f 1058 1062 1000
f 1059 1063 1062
f 1060 1064 1063
f 1064 1061 1065
f 1070 1075 1065
f 1062 1063 1066
f 1063 1064 1067
f 1062 1066 1004
f 1063 1067 1066
f 1064 1068 1067
f 1064 1065 1068
f 1065 1075 1069
f 1065 1069 1068
f 1075 1080 1069
f 1070 1071 1075
f 1071 1072 1076
f 1072 1073 1077
f 1073 1074 1078
f 1074 1085 1079
f 1071 1076 1075
f 1072 1077 1076
f 1073 1078 1077
f 1074 1079 1078
f 1075 1076 1080
f 1076 1077 1081
f 1076 1081 1080
f 1077 1082 1081
f 1077 1078 1082
f 1078 1079 1083
f 1079 1089 1084
f 1078 1083 1082
f 1079 1084 1083
f 1085 1086 1089
f 1086 1087 1090
f 1087 1088 1091
f 1088 1097 1092
f 1079 1085 1089
f 1086 1090 1089
f 1087 1091 1090
f 1088 1092 1091
f 1097 1102 1092
f 1089 1090 1093
f 1090 1091 1094
f 1089 1093 1084
f 1090 1094 1093
f 1091 1092 1095
f 1092 1102 1096
f 1091 1095 1094
f 1092 1096 1095
f 1102 1107 1096
f 1097 1098 1102
f 1098 1099 1103
f 1099 1100 1104
f 1100 1101 1105
f 1098 1103 1102
f 1099 1104 1103
f 1104 1100 1105
f 1101 1106 1105
f 1102 1103 1107
f 1103 1104 1108
f 1103 1108 1107
f 1104 1109 1108
f 1104 1105 1109
f 1105 1106 1110
f 1105 1110 1109
f 1106 1111 1110
f 1066 1067 1112
f 1067 1068 1113
f 1066 1112 1021
f 1067 1113 1112
f 1068 1114 1113
f 1068 1069 1114
f 1069 1080 1115
f 1069 1115 1114
f 1080 1116 1115
f 1112 1113 2202
f 1113 1114 2203
f 1112 2202 2109
f 1113 2203 2202
f 1114 2204 2203
f 1114 1115 2204
f 1115 1116 2205
f 1115 2205 2204
f 1116 2210 2205
f 1080 1081 1116
f 1081 1082 1117
f 1081 1117 1116
f 1082 1118 1117
f 1082 1083 1118
f 1083 1084 1119
f 1084 1093 1120
f 1083 1119 1118
f 1084 1120 1119
f 1116 1117 2210
f 1117 1118 2211
f 1117 2211 2210
f 1118 2212 2211
f 1118 1119 2212
f 1119 1120 2213
f 1120 1121 2214
f 1119 2213 2212
f 1120 2214 2213
f 1093 1094 1121
f 1094 1095 1122
f 1120 1093 1121
f 1094 1122 1121
f 1095 1096 1123
f 1096 1107 1124
f 1095 1123 1122
f 1096 1124 1123
f 1107 1125 1124
f 1121 1122 2220
f 1122 1123 2221
f 1121 2220 2214
f 1122 2221 2220
f 1123 1124 2222
f 1124 1125 2223
f 1123 2222 2221
f 1124 2223 2222
f 1125 2228 2223
f 1107 1108 1125
f 1108 1109 1126
f 1108 1126 1125
f 1109 1127 1126
f 1109 1110 1127
f 1110 1111 1128
f 1110 1128 1127
f 1111 1129 1128
f 1125 1126 2228
f 1126 1127 2229
f 1126 2229 2228
f 1127 2230 2229
f 1127 1128 2230
f 1128 1129 2231
f 1128 2231 2230
f 1129 2232 2231
f 1130 1135 1132
f 1130 1133 1131
f 1130 1132 1133
f 1131 1133 1144
f 1131 1144 1134
f 1135 1137 1136
f 1138 1140 1136
f 1135 1136 1132
f 1137 1138 1136
f 1138 1139 1140
f 1132 1136 1141
f 1136 1140 1141
f 1132 1142 1133
f 1132 1141 1142
f 1133 1142 1146
f 1141 1151 1142
f 1140 1150 1141
f 1140 1152 1150
f 1140 1139 1152
f 1139 1221 1152
f 1221 1153 1152
f 1134 1145 1143
f 1134 1144 1145
f 1143 1145 1148
f 1143 1148 29
f 29 1149 30
f 30 1164 45
f 29 1148 1149
f 30 1149 1164
f 1133 1146 1144
f 1144 1147 1145
f 1144 1146 1147
f 1145 1147 1157
f 1145 1157 1148
f 1148 1159 1149
f 1148 1157 1159
f 1149 1173 1164
f 1149 1159 1173
f 1141 1150 1151
f 1142 1151 1156
f 1152 1154 1150
f 1152 1153 1154
f 1150 1155 1151
f 1150 1154 1155
f 1151 1155 1162
f 1153 1235 1154
f 1154 1236 1155
f 1142 1156 1146
f 1146 1156 1158
f 1146 1158 1147
f 1147 1160 1157
f 1151 1162 1156
f 1147 1158 1160
f 1156 1163 1158
f 1157 1161 1159
f 1159 1248 1173
f 1157 1160 1161
f 1159 1161 1248
f 1156 1162 1163
f 1155 1239 1162
f 1158 1163 1240
f 1158 1240 1160
f 1160 1241 1161
f 45 1165 46
f 46 1166 47
f 45 1164 1165
f 46 1165 1166
f 47 1167 48
f 48 1168 49
f 47 1166 1167
f 48 1167 1168
f 1164 1174 1165
f 1165 1175 1166
f 1164 1173 1174
f 1165 1174 1175
f 1166 1176 1167
f 1167 1177 1168
f 1166 1175 1176
f 1167 1176 1177
f 49 1169 54
f 54 1170 55
f 49 1168 1169
f 54 1169 1170
f 55 1170 1171
f 55 1171 56
f 56 1172 57
f 56 1171 1172
f 57 1172 1182
f 1168 1178 1169
f 1169 1179 1170
f 1168 1177 1178
f 1169 1178 1179
f 1170 1179 1180
f 1170 1180 1171
f 1171 1181 1172
f 1171 1180 1181
f 1172 1181 1191
f 1173 1249 1174
f 1174 1251 1175
f 1173 1248 1249
f 1175 1252 1176
f 1176 1253 1177
f 1177 1258 1178
f 1178 1259 1179
f 1179 1260 1180
f 1180 1261 1181
f 57 1182 71
f 71 1183 72
f 72 1184 73
f 71 1182 1183
f 72 1183 1184
f 73 1185 74
f 74 1186 80
f 73 1184 1185
f 74 1185 1186
f 1172 1191 1182
f 1182 1192 1183
f 1183 1193 1184
f 1182 1191 1192
f 1183 1192 1193
f 1184 1194 1185
f 1185 1195 1186
f 1184 1193 1194
f 1185 1194 1195
f 80 1187 81
f 81 1188 82
f 80 1186 1187
f 81 1187 1188
f 82 1189 83
f 83 1190 84
f 82 1188 1189
f 83 1189 1190
f 1186 1196 1187
f 1187 1197 1188
f 1186 1195 1196
f 1187 1196 1197
f 1188 1198 1189
f 1189 1199 1190
f 1188 1197 1198
f 1189 1198 1199
f 1181 1369 1191
f 1191 1370 1192
f 1192 1371 1193
f 1193 1372 1194
f 1194 1377 1195
f 1195 1378 1196
f 1196 1379 1197
f 1197 1380 1198
f 1198 1381 1199
f 84 1200 98
f 98 1201 99
f 84 1190 1200
f 98 1200 1201
f 99 1201 1202
f 99 1202 100
f 100 1203 101
f 101 1204 107
f 100 1202 1203
f 101 1203 1204
f 1190 1209 1200
f 1200 1210 1201
f 1190 1199 1209
f 1200 1209 1210
f 1201 1210 1211
f 1201 1211 1202
f 1202 1212 1203
f 1203 1213 1204
f 1202 1211 1212
f 1203 1212 1213
f 107 1205 108
f 108 1206 109
f 107 1204 1205
f 108 1205 1206
f 109 1207 110
f 110 1208 111
f 109 1206 1207
f 110 1207 1208
f 1204 1214 1205
f 1205 1215 1206
f 1204 1213 1214
f 1205 1214 1215
f 1206 1216 1207
f 1207 1217 1208
f 1206 1215 1216
f 1207 1216 1217
f 1199 1387 1209
f 1209 1388 1210
f 1210 1389 1211
f 1211 1390 1212
f 1212 1395 1213
f 1213 1396 1214
f 1214 1397 1215
f 1215 1398 1216
f 1216 1399 1217
f 1137 1218 1138
f 1138 1219 1139
f 1139 1220 1221
f 1138 1218 1219
f 1139 1219 1220
f 1221 1220 1224
f 1224 1225 1222
f 1221 1222 1153
f 1221 1224 1222
f 1225 1223 1222
f 1226 1233 1223
f 1218 1229 1219
f 1219 1229 1220
f 1220 1229 1224
f 1224 1229 1225
f 1225 1229 1226
f 1226 1229 1227
f 1227 1229 1228
f 1225 1226 1223
f 1226 1227 1233
f 1228 1229 1230
f 1229 1231 1230
f 1229 1267 1232
f 1229 1268 1267
f 1229 1266 1268
f 1229 1232 1231
f 1231 1232 1279
f 1227 1228 1242
f 1227 1242 1233
f 1228 1243 1242
f 1228 1230 1243
f 1230 1231 1244
f 1230 1244 1243
f 1153 1222 1234
f 1222 1223 1234
f 1223 1237 1234
f 1153 1234 1235
f 1223 1233 1237
f 1233 1245 1237
f 1154 1235 1236
f 1234 1238 1235
f 1234 1237 1238
f 1155 1236 1239
f 1235 1293 1236
f 1235 1238 1293
f 1237 1246 1238
f 1237 1245 1246
f 1162 1239 1294
f 1162 1294 1163
f 1160 1240 1241
f 1161 1250 1248
f 1163 1297 1240
f 1161 1241 1250
f 1240 1298 1241
f 1233 1242 1245
f 1242 1243 1247
f 1243 1244 1280
f 1242 1247 1245
f 1245 1247 1300
f 1245 1300 1246
f 1243 1280 1247
f 1247 1280 1281
f 1247 1281 1300
f 1174 1249 1251
f 1175 1251 1252
f 1176 1252 1253
f 1248 1254 1249
f 1249 1255 1251
f 1248 1250 1254
f 1249 1254 1255
f 1251 1256 1252
f 1252 1257 1253
f 1251 1255 1256
f 1252 1256 1257
f 1177 1253 1258
f 1178 1258 1259
f 1179 1259 1260
f 1180 1260 1261
f 1181 1261 1369
f 1253 1262 1258
f 1258 1263 1259
f 1253 1257 1262
f 1258 1262 1263
f 1259 1263 1264
f 1259 1264 1260
f 1260 1265 1261
f 1260 1264 1265
f 1261 1265 1373
f 1229 1269 1271
f 1229 1270 1269
f 1229 1271 1266
f 1232 1267 1272
f 1268 1266 1277
f 1268 1273 1267
f 1270 1274 1269
f 1271 1269 1275
f 1271 1276 1266
f 1271 1275 1276
f 1266 1276 1277
f 1232 1272 1279
f 1267 1273 1272
f 1231 1279 1244
f 1268 1277 1273
f 1269 1274 1275
f 1274 1810 1275
f 1275 1810 1811
f 1275 1811 1276
f 1276 1811 1278
f 1276 1278 1277
f 1277 1285 1273
f 1277 1278 1285
f 1278 1816 1285
f 1816 1286 1285
f 1279 1282 1244
f 1272 1288 1279
f 1273 1284 1272
f 1279 1288 1282
f 1244 1282 1280
f 1282 1283 1280
f 1280 1283 1281
f 1282 1288 1289
f 1282 1289 1283
f 1281 1283 1328
f 1283 1290 1328
f 1272 1284 1288
f 1273 1285 1284
f 1284 1287 1288
f 1285 1286 1284
f 1284 1286 1287
f 1286 1828 1287
f 1828 1291 1287
f 1288 1287 1289
f 1289 1291 1290
f 1283 1289 1290
f 1328 1290 1292
f 1287 1291 1289
f 1291 1832 1290
f 1832 1292 1290
f 1832 1833 1292
f 1292 1833 1337
f 1236 1293 1295
f 1238 1299 1293
f 1238 1246 1299
f 1236 1295 1239
f 1163 1294 1297
f 1239 1295 1296
f 1239 1296 1294
f 1293 1302 1295
f 1294 1296 1303
f 1240 1297 1298
f 1294 1303 1297
f 1241 1309 1250
f 1241 1298 1309
f 1297 1304 1298
f 1293 1299 1302
f 1246 1301 1299
f 1246 1300 1301
f 1300 1327 1301
f 1299 1301 1306
f 1295 1302 1305
f 1295 1305 1296
f 1299 1306 1302
f 1296 1305 1307
f 1297 1303 1304
f 1298 1314 1309
f 1298 1304 1314
f 1296 1307 1303
f 1302 1331 1305
f 1302 1306 1331
f 1303 1308 1304
f 1303 1307 1308
f 1304 1341 1314
f 1305 1332 1307
f 1304 1308 1341
f 1250 1310 1254
f 1254 1311 1255
f 1250 1309 1310
f 1254 1310 1311
f 1255 1312 1256
f 1255 1311 1312
f 1256 1313 1257
f 1256 1312 1313
f 1257 1319 1262
f 1257 1313 1319
f 1262 1320 1263
f 1262 1319 1320
f 1263 1320 1321
f 1263 1321 1264
f 1264 1321 1322
f 1264 1322 1265
f 1265 1322 1405
f 1309 1315 1310
f 1309 1314 1315
f 1310 1316 1311
f 1310 1315 1316
f 1311 1317 1312
f 1312 1318 1313
f 1311 1316 1317
f 1312 1317 1318
f 1314 1342 1315
f 1314 1341 1342
f 1315 1343 1316
f 1316 1344 1317
f 1317 1345 1318
f 1313 1323 1319
f 1319 1324 1320
f 1320 1325 1321
f 1321 1326 1322
f 1313 1318 1323
f 1319 1323 1324
f 1320 1324 1325
f 1321 1325 1326
f 1322 1326 1409
f 1318 1351 1323
f 1323 1352 1324
f 1324 1353 1325
f 1325 1354 1326
f 1300 1281 1327
f 1301 1327 1329
f 1281 1328 1327
f 1328 1335 1327
f 1301 1329 1306
f 1306 1329 1330
f 1306 1330 1331
f 1327 1335 1329
f 1329 1335 1336
f 1329 1336 1330
f 1305 1331 1332
f 1307 1332 1333
f 1307 1333 1308
f 1331 1334 1332
f 1308 1346 1341
f 1308 1333 1346
f 1331 1330 1334
f 1332 1340 1333
f 1332 1334 1340
f 1333 1359 1346
f 1328 1292 1335
f 1337 1336 1335
f 1330 1336 1338
f 1330 1338 1334
f 1338 1339 1334
f 1292 1337 1335
f 1337 1884 1336
f 1336 1884 1338
f 1338 1885 1339
f 1333 1340 1359
f 1334 1339 1340
f 1340 1339 1361
f 1340 1361 1359
f 1315 1342 1343
f 1341 1347 1342
f 1342 1348 1343
f 1316 1343 1344
f 1317 1344 1345
f 1343 1349 1344
f 1344 1350 1345
f 1341 1346 1347
f 1342 1347 1348
f 1343 1348 1349
f 1344 1349 1350
f 1318 1345 1351
f 1323 1351 1352
f 1324 1352 1353
f 1345 1355 1351
f 1351 1356 1352
f 1325 1353 1354
f 1326 1354 1441
f 1352 1357 1353
f 1353 1358 1354
f 1345 1350 1355
f 1351 1355 1356
f 1352 1356 1357
f 1353 1357 1358
f 1354 1358 1445
f 1346 1359 1360
f 1346 1360 1347
f 1347 1362 1348
f 1347 1360 1362
f 1348 1363 1349
f 1349 1364 1350
f 1348 1362 1363
f 1349 1363 1364
f 1359 1891 1360
f 1360 1892 1362
f 1359 1361 1891
f 1360 1891 1892
f 1362 1893 1363
f 1362 1892 1893
f 1363 1894 1364
f 1363 1893 1894
f 1350 1365 1355
f 1355 1366 1356
f 1350 1364 1365
f 1355 1365 1366
f 1356 1366 1367
f 1356 1367 1357
f 1357 1368 1358
f 1357 1367 1368
f 1358 1368 1459
f 1364 1899 1365
f 1364 1894 1899
f 1365 1900 1366
f 1365 1899 1900
f 1366 1900 1901
f 1366 1901 1367
f 1367 1901 1902
f 1367 1902 1368
f 1368 1902 1997
f 1191 1369 1370
f 1192 1370 1371
f 1193 1371 1372
f 1194 1372 1377
f 1261 1373 1369
f 1369 1374 1370
f 1370 1375 1371
f 1369 1373 1374
f 1370 1374 1375
f 1371 1376 1372
f 1372 1382 1377
f 1371 1375 1376
f 1372 1376 1382
f 1195 1377 1378
f 1196 1378 1379
f 1197 1379 1380
f 1198 1380 1381
f 1377 1383 1378
f 1378 1384 1379
f 1377 1382 1383
f 1378 1383 1384
f 1379 1385 1380
f 1380 1386 1381
f 1379 1384 1385
f 1380 1385 1386
f 1199 1381 1387
f 1209 1387 1388
f 1210 1388 1389
f 1211 1389 1390
f 1212 1390 1395
f 1381 1391 1387
f 1387 1392 1388
f 1381 1386 1391
f 1387 1391 1392
f 1388 1392 1393
f 1388 1393 1389
f 1389 1394 1390
f 1390 1400 1395
f 1389 1393 1394
f 1390 1394 1400
f 1213 1395 1396
f 1214 1396 1397
f 1215 1397 1398
f 1216 1398 1399
f 1395 1401 1396
f 1396 1402 1397
f 1395 1400 1401
f 1396 1401 1402
f 1397 1403 1398
f 1398 1404 1399
f 1397 1402 1403
f 1398 1403 1404
f 1265 1405 1373
f 1373 1405 1406
f 1373 1406 1374
f 1374 1407 1375
f 1374 1406 1407
f 1375 1408 1376
f 1375 1407 1408
f 1376 1413 1382
f 1376 1408 1413
f 1382 1414 1383
f 1382 1413 1414
f 1383 1415 1384
f 1383 1414 1415
f 1384 1416 1385
f 1384 1415 1416
f 1385 1417 1386
f 1385 1416 1417
f 1322 1409 1405
f 1405 1410 1406
f 1406 1411 1407
f 1407 1412 1408
f 1408 1418 1413
f 1405 1409 1410
f 1406 1410 1411
f 1407 1411 1412
f 1408 1412 1418
f 1326 1441 1409
f 1409 1442 1410
f 1410 1443 1411
f 1411 1444 1412
f 1412 1449 1418
f 1413 1419 1414
f 1414 1420 1415
f 1415 1421 1416
f 1416 1422 1417
f 1413 1418 1419
f 1414 1419 1420
f 1415 1420 1421
f 1416 1421 1422
f 1418 1450 1419
f 1419 1451 1420
f 1420 1452 1421
f 1421 1453 1422
f 1386 1423 1391
f 1386 1417 1423
f 1391 1423 1424
f 1391 1424 1392
f 1392 1424 1425
f 1392 1425 1393
f 1393 1425 1426
f 1393 1426 1394
f 1394 1431 1400
f 1394 1426 1431
f 1400 1432 1401
f 1400 1431 1432
f 1401 1433 1402
f 1401 1432 1433
f 1402 1434 1403
f 1402 1433 1434
f 1403 1435 1404
f 1403 1434 1435
f 1417 1427 1423
f 1423 1428 1424
f 1424 1429 1425
f 1425 1430 1426
f 1426 1436 1431
f 1417 1422 1427
f 1423 1427 1428
f 1424 1428 1429
f 1425 1429 1430
f 1426 1430 1436
f 1422 1468 1427
f 1427 1469 1428
f 1428 1470 1429
f 1429 1471 1430
f 1430 1476 1436
f 1431 1437 1432
f 1432 1438 1433
f 1433 1439 1434
f 1434 1440 1435
f 1431 1436 1437
f 1432 1437 1438
f 1433 1438 1439
f 1434 1439 1440
f 1436 1477 1437
f 1437 1478 1438
f 1438 1479 1439
f 1439 1480 1440
f 1409 1441 1442
f 1410 1442 1443
f 1354 1445 1441
f 1441 1446 1442
f 1442 1447 1443
f 1411 1443 1444
f 1412 1444 1449
f 1443 1448 1444
f 1444 1454 1449
f 1441 1445 1446
f 1442 1446 1447
f 1443 1447 1448
f 1444 1448 1454
f 1418 1449 1450
f 1419 1450 1451
f 1449 1455 1450
f 1450 1456 1451
f 1420 1451 1452
f 1421 1452 1453
f 1451 1457 1452
f 1452 1458 1453
f 1449 1454 1455
f 1450 1455 1456
f 1451 1456 1457
f 1452 1457 1458
f 1358 1459 1445
f 1445 1460 1446
f 1446 1461 1447
f 1445 1459 1460
f 1446 1460 1461
f 1447 1462 1448
f 1448 1463 1454
f 1447 1461 1462
f 1448 1462 1463
f 1368 1997 1459
f 1459 1997 1998
f 1459 1998 1460
f 1460 1999 1461
f 1460 1998 1999
f 1461 2000 1462
f 1461 1999 2000
f 1462 2006 1463
f 1462 2000 2006
f 1454 1464 1455
f 1455 1465 1456
f 1454 1463 1464
f 1455 1464 1465
f 1456 1466 1457
f 1457 1467 1458
f 1456 1465 1466
f 1457 1466 1467
f 1463 2007 1464
f 1463 2006 2007
f 1464 2008 1465
f 1464 2007 2008
f 1465 2009 1466
f 1465 2008 2009
f 1466 2010 1467
f 1466 2009 2010
f 1422 1453 1468
f 1427 1468 1469
f 1428 1469 1470
f 1453 1472 1468
f 1468 1473 1469
f 1429 1470 1471
f 1430 1471 1476
f 1469 1474 1470
f 1470 1475 1471
f 1471 1481 1476
f 1453 1458 1472
f 1468 1472 1473
f 1469 1473 1474
f 1470 1474 1475
f 1471 1475 1481
f 1436 1476 1477
f 1437 1477 1478
f 1476 1482 1477
f 1477 1483 1478
f 1438 1478 1479
f 1439 1479 1480
f 1478 1484 1479
f 1479 1485 1480
f 1476 1481 1482
f 1477 1482 1483
f 1478 1483 1484
f 1479 1484 1485
f 1458 1486 1472
f 1472 1487 1473
f 1458 1467 1486
f 1472 1486 1487
f 1473 1487 1488
f 1473 1488 1474
f 1474 1489 1475
f 1475 1490 1481
f 1474 1488 1489
f 1475 1489 1490
f 1467 2015 1486
f 1467 2010 2015
f 1486 2015 2016
f 1486 2016 1487
f 1487 2016 2017
f 1487 2017 1488
f 1488 2017 2018
f 1488 2018 1489
f 1489 2024 1490
f 1489 2018 2024
f 1481 1491 1482
f 1482 1492 1483
f 1481 1490 1491
f 1482 1491 1492
f 1483 1493 1484
f 1484 1494 1485
f 1483 1492 1493
f 1484 1493 1494
f 1490 2025 1491
f 1490 2024 2025
f 1491 2026 1492
f 1491 2025 2026
f 1492 2027 1493
f 1492 2026 2027
f 1493 2028 1494
f 1493 2027 2028
f 111 1495 397
f 397 1496 398
f 111 1208 1495
f 397 1495 1496
f 398 1497 399
f 399 1498 400
f 398 1496 1497
f 399 1497 1498
f 400 1498 1499
f 1208 1503 1495
f 1495 1504 1496
f 1208 1217 1503
f 1495 1503 1504
f 1496 1505 1497
f 1497 1506 1498
f 1496 1504 1505
f 1497 1505 1506
f 1498 1506 1507
f 400 1499 405
f 405 1500 406
f 405 1499 1500
f 406 1500 1501
f 406 1501 407
f 407 1502 408
f 408 1511 423
f 407 1501 1502
f 408 1502 1511
f 1498 1507 1499
f 1499 1508 1500
f 1499 1507 1508
f 1500 1508 1509
f 1500 1509 1501
f 1501 1510 1502
f 1502 1520 1511
f 1501 1509 1510
f 1502 1510 1520
f 1217 1565 1503
f 1503 1566 1504
f 1504 1567 1505
f 1505 1568 1506
f 1506 1573 1507
f 1507 1574 1508
f 1508 1575 1509
f 1509 1576 1510
f 1510 1581 1520
f 423 1512 424
f 424 1513 425
f 423 1511 1512
f 424 1512 1513
f 425 1514 426
f 426 1515 427
f 425 1513 1514
f 426 1514 1515
f 1511 1521 1512
f 1512 1522 1513
f 1511 1520 1521
f 1512 1521 1522
f 1513 1523 1514
f 1514 1524 1515
f 1513 1522 1523
f 1514 1523 1524
f 427 1516 432
f 432 1517 433
f 427 1515 1516
f 432 1516 1517
f 433 1517 1518
f 433 1518 434
f 434 1519 435
f 434 1518 1519
f 435 1519 1529
f 1515 1525 1516
f 1516 1526 1517
f 1515 1524 1525
f 1516 1525 1526
f 1517 1526 1527
f 1517 1527 1518
f 1518 1528 1519
f 1518 1527 1528
f 1519 1528 1538
f 1520 1582 1521
f 1521 1583 1522
f 1522 1584 1523
f 1523 1585 1524
f 1524 1591 1525
f 1525 1592 1526
f 1526 1593 1527
f 1527 1594 1528
f 435 1529 449
f 449 1530 450
f 450 1531 451
f 449 1529 1530
f 450 1530 1531
f 451 1532 452
f 452 1533 458
f 451 1531 1532
f 452 1532 1533
f 1519 1538 1529
f 1529 1539 1530
f 1530 1540 1531
f 1529 1538 1539
f 1530 1539 1540
f 1531 1541 1532
f 1532 1542 1533
f 1531 1540 1541
f 1532 1541 1542
f 458 1534 459
f 459 1535 460
f 458 1533 1534
f 459 1534 1535
f 460 1536 461
f 461 1537 462
f 460 1535 1536
f 461 1536 1537
f 462 1537 1547
f 1533 1543 1534
f 1534 1544 1535
f 1533 1542 1543
f 1534 1543 1544
f 1535 1545 1536
f 1536 1546 1537
f 1535 1544 1545
f 1536 1545 1546
f 1537 1546 1556
f 1528 1684 1538
f 1538 1685 1539
f 1539 1686 1540
f 1540 1687 1541
f 1541 1692 1542
f 1542 1693 1543
f 1543 1694 1544
f 1544 1695 1545
f 1545 1696 1546
f 462 1547 476
f 476 1548 477
f 476 1547 1548
f 477 1548 1549
f 477 1549 478
f 478 1550 479
f 479 1551 485
f 478 1549 1550
f 479 1550 1551
f 1537 1556 1547
f 1547 1557 1548
f 1547 1556 1557
f 1548 1557 1558
f 1548 1558 1549
f 1549 1559 1550
f 1550 1560 1551
f 1549 1558 1559
f 1550 1559 1560
f 485 1552 486
f 486 1553 487
f 485 1551 1552
f 486 1552 1553
f 487 1554 488
f 488 1555 489
f 487 1553 1554
f 488 1554 1555
f 1551 1561 1552
f 1552 1562 1553
f 1551 1560 1561
f 1552 1561 1562
f 1553 1563 1554
f 1554 1564 1555
f 1553 1562 1563
f 1554 1563 1564
f 1546 1702 1556
f 1556 1703 1557
f 1557 1704 1558
f 1558 1705 1559
f 1559 1710 1560
f 1560 1711 1561
f 1561 1712 1562
f 1562 1713 1563
f 1217 1399 1565
f 1503 1565 1566
f 1504 1566 1567
f 1505 1567 1568
f 1506 1568 1573
f 1399 1569 1565
f 1565 1570 1566
f 1399 1404 1569
f 1565 1569 1570
f 1566 1571 1567
f 1567 1572 1568
f 1566 1570 1571
f 1567 1571 1572
f 1568 1572 1577
f 1507 1573 1574
f 1508 1574 1575
f 1509 1575 1576
f 1510 1576 1581
f 1568 1577 1573
f 1573 1578 1574
f 1573 1577 1578
f 1574 1578 1579
f 1574 1579 1575
f 1575 1580 1576
f 1576 1586 1581
f 1575 1579 1580
f 1576 1580 1586
f 1520 1581 1582
f 1521 1582 1583
f 1522 1583 1584
f 1523 1584 1585
f 1581 1587 1582
f 1582 1588 1583
f 1581 1586 1587
f 1582 1587 1588
f 1583 1589 1584
f 1584 1590 1585
f 1583 1588 1589
f 1584 1589 1590
f 1524 1585 1591
f 1525 1591 1592
f 1526 1592 1593
f 1527 1593 1594
f 1528 1594 1684
f 1585 1595 1591
f 1591 1596 1592
f 1585 1590 1595
f 1591 1595 1596
f 1592 1596 1597
f 1592 1597 1593
f 1593 1598 1594
f 1593 1597 1598
f 1594 1598 1688
f 1404 1599 1569
f 1404 1435 1599
f 1569 1600 1570
f 1569 1599 1600
f 1570 1601 1571
f 1570 1600 1601
f 1571 1601 1602
f 1571 1602 1572
f 1572 1602 1607
f 1572 1607 1577
f 1577 1607 1608
f 1577 1608 1578
f 1578 1608 1609
f 1578 1609 1579
f 1579 1610 1580
f 1579 1609 1610
f 1580 1615 1586
f 1580 1610 1615
f 1435 1603 1599
f 1599 1604 1600
f 1600 1605 1601
f 1601 1606 1602
f 1435 1440 1603
f 1599 1603 1604
f 1600 1604 1605
f 1601 1605 1606
f 1602 1606 1611
f 1440 1633 1603
f 1603 1634 1604
f 1604 1635 1605
f 1605 1636 1606
f 1602 1611 1607
f 1607 1612 1608
f 1608 1613 1609
f 1609 1614 1610
f 1610 1620 1615
f 1607 1611 1612
f 1608 1612 1613
f 1609 1613 1614
f 1610 1614 1620
f 1606 1641 1611
f 1611 1642 1612
f 1612 1643 1613
f 1613 1644 1614
f 1614 1657 1620
f 1586 1616 1587
f 1586 1615 1616
f 1587 1617 1588
f 1587 1616 1617
f 1588 1618 1589
f 1588 1617 1618
f 1589 1619 1590
f 1589 1618 1619
f 1590 1625 1595
f 1590 1619 1625
f 1595 1626 1596
f 1595 1625 1626
f 1596 1626 1627
f 1596 1627 1597
f 1597 1627 1628
f 1597 1628 1598
f 1598 1628 1720
f 1615 1621 1616
f 1616 1622 1617
f 1617 1623 1618
f 1618 1624 1619
f 1615 1620 1621
f 1616 1621 1622
f 1617 1622 1623
f 1618 1623 1624
f 1620 1658 1621
f 1621 1659 1622
f 1622 1660 1623
f 1623 1661 1624
f 1619 1629 1625
f 1625 1630 1626
f 1626 1631 1627
f 1627 1632 1628
f 1619 1624 1629
f 1625 1629 1630
f 1626 1630 1631
f 1627 1631 1632
f 1628 1632 1724
f 1624 1667 1629
f 1629 1668 1630
f 1630 1669 1631
f 1631 1670 1632
f 1440 1480 1633
f 1603 1633 1634
f 1480 1637 1633
f 1633 1638 1634
f 1604 1634 1635
f 1605 1635 1636
f 1606 1636 1641
f 1634 1639 1635
f 1635 1640 1636
f 1480 1485 1637
f 1633 1637 1638
f 1634 1638 1639
f 1635 1639 1640
f 1636 1640 1645
f 1611 1641 1642
f 1612 1642 1643
f 1636 1645 1641
f 1641 1646 1642
f 1613 1643 1644
f 1614 1644 1657
f 1642 1647 1643
f 1643 1648 1644
f 1644 1662 1657
f 1641 1645 1646
f 1642 1646 1647
f 1643 1647 1648
f 1644 1648 1662
f 1485 1649 1637
f 1637 1650 1638
f 1485 1494 1649
f 1637 1649 1650
f 1638 1651 1639
f 1639 1652 1640
f 1638 1650 1651
f 1639 1651 1652
f 1640 1652 1653
f 1494 2118 1649
f 1494 2028 2118
f 1649 2119 1650
f 1649 2118 2119
f 1650 2120 1651
f 1650 2119 2120
f 1651 2120 2121
f 1651 2121 1652
f 1652 2121 2126
f 1640 1653 1645
f 1645 1654 1646
f 1645 1653 1654
f 1646 1654 1655
f 1646 1655 1647
f 1647 1656 1648
f 1648 1675 1662
f 1647 1655 1656
f 1648 1656 1675
f 1652 2126 1653
f 1653 2126 2127
f 1653 2127 1654
f 1654 2127 2128
f 1654 2128 1655
f 1655 2129 1656
f 1655 2128 2129
f 1656 2135 1675
f 1656 2129 2135
f 1620 1657 1658
f 1621 1658 1659
f 1657 1663 1658
f 1658 1664 1659
f 1622 1659 1660
f 1623 1660 1661
f 1659 1665 1660
f 1660 1666 1661
f 1657 1662 1663
f 1658 1663 1664
f 1659 1664 1665
f 1660 1665 1666
f 1624 1661 1667
f 1629 1667 1668
f 1630 1668 1669
f 1661 1671 1667
f 1667 1672 1668
f 1631 1669 1670
f 1632 1670 1756
f 1668 1673 1669
f 1669 1674 1670
f 1661 1666 1671
f 1667 1671 1672
f 1668 1672 1673
f 1669 1673 1674
f 1670 1674 1760
f 1662 1676 1663
f 1663 1677 1664
f 1662 1675 1676
f 1663 1676 1677
f 1664 1678 1665
f 1665 1679 1666
f 1664 1677 1678
f 1665 1678 1679
f 1675 2136 1676
f 1675 2135 2136
f 1676 2137 1677
f 1676 2136 2137
f 1677 2138 1678
f 1677 2137 2138
f 1678 2139 1679
f 1678 2138 2139
f 1666 1680 1671
f 1671 1681 1672
f 1666 1679 1680
f 1671 1680 1681
f 1672 1681 1682
f 1672 1682 1673
f 1673 1683 1674
f 1673 1682 1683
f 1674 1683 1774
f 1679 2144 1680
f 1679 2139 2144
f 1680 2145 1681
f 1680 2144 2145
f 1681 2145 2146
f 1681 2146 1682
f 1682 2146 2147
f 1682 2147 1683
f 1683 2147 2242
f 1538 1684 1685
f 1539 1685 1686
f 1540 1686 1687
f 1541 1687 1692
f 1594 1688 1684
f 1684 1689 1685
f 1685 1690 1686
f 1684 1688 1689
f 1685 1689 1690
f 1686 1691 1687
f 1687 1697 1692
f 1686 1690 1691
f 1687 1691 1697
f 1542 1692 1693
f 1543 1693 1694
f 1544 1694 1695
f 1545 1695 1696
f 1546 1696 1702
f 1692 1698 1693
f 1693 1699 1694
f 1692 1697 1698
f 1693 1698 1699
f 1694 1700 1695
f 1695 1701 1696
f 1694 1699 1700
f 1695 1700 1701
f 1696 1701 1706
f 1556 1702 1703
f 1557 1703 1704
f 1558 1704 1705
f 1559 1705 1710
f 1696 1706 1702
f 1702 1707 1703
f 1702 1706 1707
f 1703 1707 1708
f 1703 1708 1704
f 1704 1709 1705
f 1705 1715 1710
f 1704 1708 1709
f 1705 1709 1715
f 1560 1710 1711
f 1561 1711 1712
f 1563 1714 1564
f 1562 1712 1713
f 1563 1713 1714
f 1710 1716 1711
f 1711 1717 1712
f 1710 1715 1716
f 1711 1716 1717
f 1712 1718 1713
f 1713 1719 1714
f 1712 1717 1718
f 1713 1718 1719
f 1598 1720 1688
f 1688 1721 1689
f 1688 1720 1721
f 1689 1722 1690
f 1689 1721 1722
f 1690 1723 1691
f 1690 1722 1723
f 1691 1728 1697
f 1691 1723 1728
f 1697 1729 1698
f 1697 1728 1729
f 1698 1730 1699
f 1698 1729 1730
f 1699 1731 1700
f 1699 1730 1731
f 1700 1732 1701
f 1700 1731 1732
f 1701 1732 1738
f 1628 1724 1720
f 1720 1725 1721
f 1721 1726 1722
f 1722 1727 1723
f 1723 1733 1728
f 1720 1724 1725
f 1721 1725 1726
f 1722 1726 1727
f 1723 1727 1733
f 1632 1756 1724
f 1724 1757 1725
f 1725 1758 1726
f 1726 1759 1727
f 1727 1764 1733
f 1728 1734 1729
f 1729 1735 1730
f 1730 1736 1731
f 1731 1737 1732
f 1728 1733 1734
f 1729 1734 1735
f 1730 1735 1736
f 1731 1736 1737
f 1732 1737 1742
f 1733 1765 1734
f 1734 1766 1735
f 1735 1767 1736
f 1736 1768 1737
f 1701 1738 1706
f 1706 1738 1739
f 1706 1739 1707
f 1707 1739 1740
f 1707 1740 1708
f 1708 1740 1741
f 1708 1741 1709
f 1709 1746 1715
f 1709 1741 1746
f 1715 1747 1716
f 1715 1746 1747
f 1716 1748 1717
f 1716 1747 1748
f 1717 1749 1718
f 1717 1748 1749
f 1718 1750 1719
f 1718 1749 1750
f 1732 1742 1738
f 1738 1743 1739
f 1739 1744 1740
f 1740 1745 1741
f 1741 1751 1746
f 1738 1742 1743
f 1739 1743 1744
f 1740 1744 1745
f 1741 1745 1751
f 1737 1783 1742
f 1742 1784 1743
f 1743 1785 1744
f 1744 1786 1745
f 1745 1791 1751
f 1746 1752 1747
f 1747 1753 1748
f 1748 1754 1749
f 1749 1755 1750
f 1749 1754 1755
f 1746 1751 1752
f 1747 1752 1753
f 1748 1753 1754
f 1751 1792 1752
f 1752 1793 1753
f 1753 1794 1754
f 1754 1795 1755
f 1724 1756 1757
f 1725 1757 1758
f 1670 1760 1756
f 1756 1761 1757
f 1757 1762 1758
f 1726 1758 1759
f 1727 1759 1764
f 1758 1763 1759
f 1759 1769 1764
f 1756 1760 1761
f 1757 1761 1762
f 1758 1762 1763
f 1759 1763 1769
f 1733 1764 1765
f 1734 1765 1766
f 1764 1770 1765
f 1765 1771 1766
f 1735 1766 1767
f 1736 1767 1768
f 1737 1768 1783
f 1766 1772 1767
f 1767 1773 1768
f 1764 1769 1770
f 1765 1770 1771
f 1766 1771 1772
f 1767 1772 1773
f 1768 1773 1787
f 1674 1774 1760
f 1760 1775 1761
f 1761 1776 1762
f 1760 1774 1775
f 1761 1775 1776
f 1762 1777 1763
f 1763 1778 1769
f 1762 1776 1777
f 1763 1777 1778
f 1683 2242 1774
f 1774 2243 1775
f 1774 2242 2243
f 1775 2244 1776
f 1775 2243 2244
f 1776 2245 1777
f 1776 2244 2245
f 1777 2251 1778
f 1777 2245 2251
f 1769 1779 1770
f 1770 1780 1771
f 1769 1778 1779
f 1770 1779 1780
f 1771 1781 1772
f 1772 1782 1773
f 1771 1780 1781
f 1772 1781 1782
f 1773 1782 1801
f 1778 2252 1779
f 1778 2251 2252
f 1779 2253 1780
f 1779 2252 2253
f 1780 2254 1781
f 1780 2253 2254
f 1781 2255 1782
f 1781 2254 2255
f 1782 2255 2260
f 1742 1783 1784
f 1743 1784 1785
f 1768 1787 1783
f 1783 1788 1784
f 1744 1785 1786
f 1745 1786 1791
f 1784 1789 1785
f 1785 1790 1786
f 1786 1796 1791
f 1783 1787 1788
f 1784 1788 1789
f 1785 1789 1790
f 1786 1790 1796
f 1751 1791 1792
f 1752 1792 1793
f 1791 1797 1792
f 1792 1798 1793
f 1753 1793 1794
f 1754 1794 1795
f 1793 1799 1794
f 1791 1796 1797
f 1792 1797 1798
f 1794 1800 1795
f 1793 1798 1799
f 1794 1799 1800
f 1773 1801 1787
f 1787 1802 1788
f 1787 1801 1802
f 1788 1802 1803
f 1788 1803 1789
f 1789 1804 1790
f 1790 1805 1796
f 1789 1803 1804
f 1790 1804 1805
f 1782 2260 1801
f 1801 2260 2261
f 1801 2261 1802
f 1802 2261 2262
f 1802 2262 1803
f 1803 2262 2263
f 1803 2263 1804
f 1804 2269 1805
f 1804 2263 2269
f 1796 1806 1797
f 1797 1807 1798
f 1796 1805 1806
f 1797 1806 1807
f 1799 1808 1809
f 1798 1808 1799
f 1799 1809 1800
f 1798 1807 1808
f 1805 2270 1806
f 1805 2269 2270
f 1806 2271 1807
f 1806 2270 2271
f 1807 2272 1808
f 1807 2271 2272
f 1808 2273 1809
f 1808 2272 2273
f 1810 1812 1811
f 1811 1812 1813
f 1812 1814 1813
f 1811 1813 1278
f 1814 1818 1815
f 1814 1815 1813
f 1278 1813 1816
f 1816 1813 1815
f 1816 1815 1817
f 1816 1817 1286
f 1828 1817 1820
f 1815 1819 1817
f 1818 1822 1819
f 1818 1819 1815
f 1819 1820 1817
f 1819 1823 1820
f 1823 1821 1820
f 1822 1824 1823
f 1822 1823 1819
f 1823 1824 1826
f 1824 1825 1826
f 1825 1867 1827
f 1826 1825 1827
f 1867 1839 1827
f 1823 1826 1821
f 1826 1827 1836
f 1826 1836 1821
f 1827 1839 1838
f 1827 1838 1836
f 1839 1840 1838
f 1286 1817 1828
f 1828 1829 1291
f 1828 1820 1829
f 1832 1829 1830
f 1820 1821 1829
f 1821 1830 1829
f 1821 1836 1830
f 1830 1836 1831
f 1291 1829 1832
f 1832 1830 1833
f 1833 1834 1337
f 1833 1830 1831
f 1833 1831 1834
f 1831 1837 1834
f 1884 1834 1835
f 1837 1835 1834
f 1836 1838 1831
f 1838 1837 1831
f 1840 1845 1837
f 1838 1840 1837
f 1837 1845 1835
f 1845 1846 1835
f 1839 1872 1840
f 1872 1841 1840
f 1873 1842 1841
f 1840 1841 1845
f 1841 1842 1851
f 1841 1851 1845
f 1842 1852 1851
f 1842 1843 1852
f 1843 1844 1853
f 1843 1853 1852
f 1844 1854 1853
f 1845 1851 1846
f 1851 1852 1847
f 1851 1847 1846
f 1852 1848 1847
f 1853 1849 1848
f 1849 1854 1850
f 1852 1853 1848
f 1853 1854 1849
f 1844 1855 1854
f 1855 1856 1863
f 1856 1857 1864
f 1855 1863 1854
f 1856 1864 1863
f 1857 1858 1865
f 1858 1903 1866
f 1857 1865 1864
f 1858 1866 1865
f 1863 1859 1850
f 1864 1860 1859
f 1865 1861 1860
f 1866 1862 1861
f 1854 1863 1850
f 1863 1864 1859
f 1864 1865 1860
f 1865 1866 1861
f 1866 1911 1862
f 1867 1868 1839
f 1868 1869 1872
f 1868 1872 1839
f 1869 1873 1872
f 1869 1870 1873
f 1870 1871 1874
f 1870 1874 1873
f 1874 1871 1875
f 1872 1873 1841
f 1873 1874 1842
f 1874 1875 1843
f 1874 1843 1842
f 1843 1875 1844
f 1871 1876 1875
f 1876 1877 1880
f 1877 1878 1881
f 1876 1880 1875
f 1877 1881 1880
f 1878 1879 1882
f 1879 1957 1883
f 1878 1882 1881
f 1879 1883 1882
f 1875 1880 1844
f 1880 1881 1855
f 1881 1882 1856
f 1880 1855 1844
f 1881 1856 1855
f 1882 1883 1857
f 1883 1961 1858
f 1882 1857 1856
f 1883 1858 1857
f 1337 1834 1884
f 1884 1835 1885
f 1338 1884 1885
f 1339 1885 1886
f 1339 1886 1361
f 1846 1886 1885
f 1835 1846 1885
f 1361 1887 1891
f 1361 1886 1887
f 1891 1888 1892
f 1846 1847 1886
f 1847 1887 1886
f 1848 1888 1887
f 1891 1887 1888
f 1849 1889 1888
f 1889 1850 1890
f 1892 1888 1889
f 1893 1889 1890
f 1892 1889 1893
f 1893 1890 1894
f 1859 1895 1890
f 1860 1896 1895
f 1894 1890 1895
f 1899 1895 1896
f 1900 1896 1897
f 1861 1897 1896
f 1862 1898 1897
f 1901 1897 1898
f 1902 1898 1993
f 1894 1895 1899
f 1899 1896 1900
f 1900 1897 1901
f 1901 1898 1902
f 1847 1848 1887
f 1848 1849 1888
f 1849 1850 1889
f 1850 1859 1890
f 1859 1860 1895
f 1860 1861 1896
f 1861 1862 1897
f 1862 1907 1898
f 1903 1904 1911
f 1904 1905 1912
f 1903 1911 1866
f 1904 1912 1911
f 1905 1913 1912
f 1905 1906 1913
f 1906 1915 1914
f 1906 1914 1913
f 1915 1925 1914
f 1911 1907 1862
f 1907 1912 1908
f 1913 1909 1908
f 1914 1910 1909
f 1925 1920 1910
f 1911 1912 1907
f 1912 1913 1908
f 1913 1914 1909
f 1914 1925 1910
f 1915 1916 1925
f 1916 1917 1926
f 1916 1926 1925
f 1917 1927 1926
f 1917 1918 1927
f 1918 1919 1928
f 1927 1918 1928
f 1919 1929 1928
f 1926 1921 1920
f 1927 1922 1921
f 1922 1928 1923
f 1929 1924 1923
f 1925 1926 1920
f 1926 1927 1921
f 1927 1928 1922
f 1928 1929 1923
f 1919 1930 1929
f 1930 1931 1938
f 1931 1932 1939
f 1930 1938 1929
f 1931 1939 1938
f 1932 1933 1940
f 1933 1942 1941
f 1932 1940 1939
f 1933 1941 1940
f 1942 1952 1941
f 1938 1934 1924
f 1939 1935 1934
f 1940 1936 1935
f 1941 1937 1936
f 1937 1952 1947
f 1929 1938 1924
f 1938 1939 1934
f 1939 1940 1935
f 1940 1941 1936
f 1941 1952 1937
f 1942 1943 1952
f 1943 1944 1953
f 1943 1953 1952
f 1944 1954 1953
f 1944 1945 1954
f 1945 1946 1955
f 1945 1955 1954
f 1946 1956 1955
f 1953 1948 1947
f 1954 1949 1948
f 1955 1950 1949
f 1956 1951 1950
f 1952 1953 1947
f 1953 1954 1948
f 1954 1955 1949
f 1955 1956 1950
f 1957 1958 1961
f 1958 1959 1962
f 1957 1961 1883
f 1961 1958 1962
f 1959 1963 1962
f 1959 1960 1963
f 1960 1965 1964
f 1960 1964 1963
f 1965 1970 1964
f 1961 1962 1903
f 1962 1963 1904
f 1961 1903 1858
f 1962 1904 1903
f 1963 1905 1904
f 1963 1964 1905
f 1964 1970 1906
f 1964 1906 1905
f 1970 1915 1906
f 1965 1966 1970
f 1966 1967 1971
f 1966 1971 1970
f 1967 1972 1971
f 1967 1968 1972
f 1968 1969 1973
f 1972 1968 1973
f 1969 1974 1973
f 1970 1971 1915
f 1971 1972 1916
f 1971 1916 1915
f 1972 1917 1916
f 1972 1973 1917
f 1973 1974 1918
f 1917 1973 1918
f 1974 1919 1918
f 1969 1975 1974
f 1975 1976 1979
f 1976 1977 1980
f 1975 1979 1974
f 1976 1980 1979
f 1977 1978 1981
f 1978 1983 1982
f 1977 1981 1980
f 1978 1982 1981
f 1982 1983 1988
f 1974 1979 1919
f 1979 1980 1930
f 1980 1981 1931
f 1979 1930 1919
f 1980 1931 1930
f 1981 1982 1932
f 1982 1988 1933
f 1981 1932 1931
f 1982 1933 1932
f 1988 1942 1933
f 1983 1984 1988
f 1984 1985 1989
f 1984 1989 1988
f 1985 1990 1989
f 1985 1986 1990
f 1986 1987 1991
f 1986 1991 1990
f 1987 1992 1991
f 1988 1989 1942
f 1989 1990 1943
f 1989 1943 1942
f 1990 1944 1943
f 1990 1991 1944
f 1991 1992 1945
f 1991 1945 1944
f 1992 1946 1945
f 1907 1993 1898
f 1908 1994 1993
f 1909 1995 1994
f 1997 1993 1994
f 1998 1994 1995
f 1910 1996 1995
f 1920 2001 1996
f 1999 1995 1996
f 2000 1996 2001
f 1902 1993 1997
f 1997 1994 1998
f 1998 1995 1999
f 1999 1996 2000
f 2000 2001 2006
f 1921 2002 2001
f 1922 2003 2002
f 2006 2001 2002
f 2007 2002 2003
f 2003 1923 2004
f 1924 2005 2004
f 2008 2003 2004
f 2009 2004 2005
f 2006 2002 2007
f 2007 2003 2008
f 2008 2004 2009
f 2009 2005 2010
f 1907 1908 1993
f 1908 1909 1994
f 1909 1910 1995
f 1910 1920 1996
f 1920 1921 2001
f 1921 1922 2002
f 1922 1923 2003
f 1923 1924 2004
f 1934 2011 2005
f 1935 2012 2011
f 2010 2005 2011
f 2015 2011 2012
f 2016 2012 2013
f 1936 2013 2012
f 1937 2014 2013
f 1947 2019 2014
f 2017 2013 2014
f 2018 2014 2019
f 2010 2011 2015
f 2015 2012 2016
f 2016 2013 2017
f 2017 2014 2018
f 2018 2019 2024
f 1948 2020 2019
f 1949 2021 2020
f 2024 2019 2020
f 2025 2020 2021
f 1950 2022 2021
f 1951 2023 2022
f 2026 2021 2022
f 2027 2022 2023
f 2024 2020 2025
f 2025 2021 2026
f 2026 2022 2027
f 2027 2023 2028
f 1924 1934 2005
f 1934 1935 2011
f 1935 1936 2012
f 1936 1937 2013
f 1937 1947 2014
f 1947 1948 2019
f 1948 1949 2020
f 1949 1950 2021
f 1950 1951 2022
f 1946 2029 1956
f 2029 2030 2037
f 2029 2037 1956
f 2030 2038 2037
f 2030 2031 2038
f 2031 2032 2039
f 2032 2041 2040
f 2031 2039 2038
f 2032 2040 2039
f 2037 2033 1951
f 2038 2034 2033
f 2034 2039 2035
f 2040 2036 2035
f 1956 2037 1951
f 2037 2038 2033
f 2038 2039 2034
f 2039 2040 2035
f 2040 2049 2036
f 2041 2042 2049
f 2042 2043 2050
f 2041 2049 2040
f 2042 2050 2049
f 2043 2044 2051
f 2044 2053 2052
f 2043 2051 2050
f 2044 2052 2051
f 2053 2063 2052
f 2049 2045 2036
f 2050 2046 2045
f 2051 2047 2046
f 2052 2048 2047
f 2048 2063 2058
f 2049 2050 2045
f 2050 2051 2046
f 2051 2052 2047
f 2052 2063 2048
f 2053 2054 2063
f 2054 2055 2064
f 2054 2064 2063
f 2055 2065 2064
f 2055 2056 2065
f 2056 2057 2066
f 2056 2066 2065
f 2057 2067 2066
f 2064 2059 2058
f 2065 2060 2059
f 2066 2061 2060
f 2067 2062 2061
f 2063 2064 2058
f 2064 2065 2059
f 2065 2066 2060
f 2066 2067 2061
f 2057 2068 2067
f 2068 2069 2076
f 2069 2070 2077
f 2068 2076 2067
f 2076 2069 2077
f 2070 2071 2078
f 2071 2148 2079
f 2070 2078 2077
f 2071 2079 2078
f 2076 2072 2062
f 2072 2077 2073
f 2078 2074 2073
f 2079 2075 2074
f 2067 2076 2062
f 2076 2077 2072
f 2077 2078 2073
f 2078 2079 2074
f 2079 2156 2075
f 1987 2080 1992
f 2080 2081 2084
f 2080 2084 1992
f 2081 2085 2084
f 2081 2082 2085
f 2082 2083 2086
f 2083 2088 2087
f 2085 2082 2086
f 2083 2087 2086
f 1992 2084 1946
f 2084 2085 2029
f 2084 2029 1946
f 2085 2030 2029
f 2085 2086 2030
f 2086 2087 2031
f 2087 2092 2032
f 2030 2086 2031
f 2087 2032 2031
f 2088 2089 2092
f 2089 2090 2093
f 2088 2092 2087
f 2089 2093 2092
f 2090 2091 2094
f 2091 2096 2095
f 2090 2094 2093
f 2091 2095 2094
f 2095 2096 2101
f 2092 2093 2041
f 2093 2094 2042
f 2092 2041 2032
f 2093 2042 2041
f 2094 2095 2043
f 2095 2101 2044
f 2094 2043 2042
f 2095 2044 2043
f 2101 2053 2044
f 2096 2097 2101
f 2097 2098 2102
f 2097 2102 2101
f 2098 2103 2102
f 2098 2099 2103
f 2099 2100 2104
f 2099 2104 2103
f 2100 2105 2104
f 2101 2102 2053
f 2102 2103 2054
f 2102 2054 2053
f 2103 2055 2054
f 2103 2104 2055
f 2104 2105 2056
f 2104 2056 2055
f 2105 2057 2056
f 2100 2106 2105
f 2106 2107 2110
f 2107 2108 2111
f 2106 2110 2105
f 2110 2107 2111
f 2108 2109 2112
f 2109 2202 2113
f 2108 2112 2111
f 2109 2113 2112
f 2105 2110 2057
f 2110 2111 2068
f 2111 2112 2069
f 2110 2068 2057
f 2068 2111 2069
f 2112 2113 2070
f 2113 2206 2071
f 2112 2070 2069
f 2113 2071 2070
f 2033 2114 2023
f 2034 2115 2114
f 2028 2023 2114
f 2118 2114 2115
f 2115 2035 2116
f 2036 2117 2116
f 2119 2115 2116
f 2120 2116 2117
f 2121 2117 2122
f 2028 2114 2118
f 2118 2115 2119
f 2119 2116 2120
f 2120 2117 2121
f 2045 2122 2117
f 2046 2123 2122
f 2126 2122 2123
f 2127 2123 2124
f 2047 2124 2123
f 2048 2125 2124
f 2058 2130 2125
f 2128 2124 2125
f 2129 2125 2130
f 2121 2122 2126
f 2126 2123 2127
f 2127 2124 2128
f 2128 2125 2129
f 2129 2130 2135
f 1951 2033 2023
f 2033 2034 2114
f 2034 2035 2115
f 2035 2036 2116
f 2036 2045 2117
f 2045 2046 2122
f 2046 2047 2123
f 2047 2048 2124
f 2048 2058 2125
f 2059 2131 2130
f 2060 2132 2131
f 2135 2130 2131
f 2136 2131 2132
f 2061 2133 2132
f 2062 2134 2133
f 2137 2132 2133
f 2138 2133 2134
f 2135 2131 2136
f 2136 2132 2137
f 2137 2133 2138
f 2138 2134 2139
f 2072 2140 2134
f 2140 2073 2141
f 2139 2134 2140
f 2144 2140 2141
f 2145 2141 2142
f 2074 2142 2141
f 2075 2143 2142
f 2146 2142 2143
f 2147 2143 2238
f 2139 2140 2144
f 2144 2141 2145
f 2145 2142 2146
f 2146 2143 2147
f 2058 2059 2130
f 2059 2060 2131
f 2060 2061 2132
f 2061 2062 2133
f 2062 2072 2134
f 2072 2073 2140
f 2073 2074 2141
f 2074 2075 2142
f 2075 2152 2143
f 2148 2149 2156
f 2149 2150 2157
f 2148 2156 2079
f 2149 2157 2156
f 2150 2158 2157
f 2150 2151 2158
f 2151 2160 2159
f 2151 2159 2158
f 2160 2170 2159
f 2156 2152 2075
f 2157 2153 2152
f 2158 2154 2153
f 2154 2159 2155
f 2170 2165 2155
f 2156 2157 2152
f 2157 2158 2153
f 2158 2159 2154
f 2159 2170 2155
f 2160 2161 2170
f 2161 2162 2171
f 2161 2171 2170
f 2162 2172 2171
f 2162 2163 2172
f 2163 2164 2173
f 2164 2175 2174
f 2163 2173 2172
f 2164 2174 2173
f 2171 2166 2165
f 2172 2167 2166
f 2173 2168 2167
f 2174 2169 2168
f 2170 2171 2165
f 2171 2172 2166
f 2172 2173 2167
f 2173 2174 2168
f 2174 2183 2169
f 2175 2176 2183
f 2176 2177 2184
f 2175 2183 2174
f 2176 2184 2183
f 2177 2178 2185
f 2178 2187 2186
f 2177 2185 2184
f 2178 2186 2185
f 2187 2197 2186
f 2169 2183 2179
f 2184 2180 2179
f 2185 2181 2180
f 2186 2182 2181
f 2197 2192 2182
f 2183 2184 2179
f 2184 2185 2180
f 2185 2186 2181
f 2186 2197 2182
f 2187 2188 2197
f 2188 2189 2198
f 2188 2198 2197
f 2189 2199 2198
f 2189 2190 2199
f 2190 2191 2200
f 2190 2200 2199
f 2191 2201 2200
f 2198 2193 2192
f 2199 2194 2193
f 2194 2200 2195
f 2201 2196 2195
f 2197 2198 2192
f 2198 2199 2193
f 2199 2200 2194
f 2200 2201 2195
f 2202 2203 2206
f 2203 2204 2207
f 2202 2206 2113
f 2203 2207 2206
f 2204 2208 2207
f 2204 2205 2208
f 2205 2210 2209
f 2208 2205 2209
f 2210 2215 2209
f 2206 2207 2148
f 2207 2208 2149
f 2206 2148 2071
f 2207 2149 2148
f 2208 2150 2149
f 2208 2209 2150
f 2209 2215 2151
f 2209 2151 2150
f 2215 2160 2151
f 2210 2211 2215
f 2211 2212 2216
f 2211 2216 2215
f 2212 2217 2216
f 2212 2213 2217
f 2213 2214 2218
f 2214 2220 2219
f 2213 2218 2217
f 2214 2219 2218
f 2215 2216 2160
f 2216 2217 2161
f 2216 2161 2160
f 2217 2162 2161
f 2217 2218 2162
f 2218 2219 2163
f 2219 2224 2164
f 2218 2163 2162
f 2219 2164 2163
f 2220 2221 2224
f 2221 2222 2225
f 2219 2220 2224
f 2221 2225 2224
f 2222 2223 2226
f 2223 2228 2227
f 2222 2226 2225
f 2223 2227 2226
f 2228 2233 2227
f 2224 2225 2175
f 2225 2226 2176
f 2164 2224 2175
f 2225 2176 2175
f 2226 2227 2177
f 2227 2233 2178
f 2226 2177 2176
f 2227 2178 2177
f 2233 2187 2178
f 2228 2229 2233
f 2229 2230 2234
f 2229 2234 2233
f 2230 2235 2234
f 2230 2231 2235
f 2231 2232 2236
f 2235 2231 2236
f 2232 2237 2236
f 2233 2234 2187
f 2234 2235 2188
f 2234 2188 2187
f 2235 2189 2188
f 2235 2236 2189
f 2236 2237 2190
f 2236 2190 2189
f 2237 2191 2190
f 2152 2238 2143
f 2153 2239 2238
f 2154 2240 2239
f 2242 2238 2239
f 2243 2239 2240
f 2155 2241 2240
f 2165 2246 2241
f 2244 2240 2241
f 2245 2241 2246
f 2147 2238 2242
f 2242 2239 2243
f 2243 2240 2244
f 2244 2241 2245
f 2245 2246 2251
f 2166 2247 2246
f 2167 2248 2247
f 2251 2246 2247
f 2252 2247 2248
f 2168 2249 2248
f 2169 2250 2249
f 2253 2248 2249
f 2254 2249 2250
f 2255 2250 2256
f 2251 2247 2252
f 2252 2248 2253
f 2253 2249 2254
f 2254 2250 2255
f 2152 2153 2238
f 2153 2154 2239
f 2154 2155 2240
f 2155 2165 2241
f 2165 2166 2246
f 2166 2167 2247
f 2167 2168 2248
f 2168 2169 2249
f 2169 2179 2250
f 2250 2179 2256
f 2180 2257 2256
f 2260 2256 2257
f 2261 2257 2258
f 2181 2258 2257
f 2182 2259 2258
f 2192 2264 2259
f 2262 2258 2259
f 2263 2259 2264
f 2255 2256 2260
f 2260 2257 2261
f 2261 2258 2262
f 2262 2259 2263
f 2263 2264 2269
f 2271 2267 2272
f 2272 2268 2273
f 2193 2265 2264
f 2194 2266 2265
f 2269 2264 2265
f 2270 2265 2266
f 2195 2267 2266
f 2196 2268 2267
f 2271 2266 2267
f 2272 2267 2268
f 2269 2265 2270
f 2270 2266 2271
f 2179 2180 2256
f 2180 2181 2257
f 2181 2182 2258
f 2182 2192 2259
f 2192 2193 2264
f 2193 2194 2265
f 2194 2195 2266
f 2195 2196 2267
f 471 2280 2319
f 471 484 2280
f 484 2281 2280
f 484 489 2281
f 2280 2281 2334
f 644 734 2317
f 639 2301 684
f 644 2299 639
f 644 2317 2299
f 2299 2322 2300
f 2299 2301 639
f 2299 2300 2301
f 2300 2303 2301
f 2300 2324 2303
f 2304 2324 2343
f 2301 2302 684
f 684 2302 689
f 2302 2305 2308
f 2302 2308 689
f 2305 2309 2308
f 2301 2303 2302
f 2302 2303 2305
f 2305 2303 2304
f 2303 2324 2304
f 2304 2343 2307
f 2305 2304 2306
f 2305 2306 2309
f 2304 2307 2306
f 2306 2307 2312
f 2312 2307 2345
f 689 2308 698
f 2308 2310 698
f 2308 2309 2310
f 2309 2313 2310
f 698 2310 1052
f 2310 2313 3462
f 2306 2311 2309
f 2306 2312 2311
f 2309 2311 2313
f 2311 2312 2314
f 2312 2315 2314
f 2311 2314 3464
f 2313 2311 3464
f 2314 3465 3464
f 2314 2316 3465
f 2312 2345 2315
f 2314 2315 2316
f 2315 2353 2316
f 734 729 2318
f 734 2318 2317
f 2317 2318 2320
f 2317 2320 2322
f 2322 2320 2321
f 729 2319 2318
f 2318 2330 2320
f 729 471 2319
f 2318 2319 2330
f 2320 2331 2321
f 2320 2330 2331
f 2321 2331 2332
f 2299 2317 2322
f 2300 2323 2324
f 2300 2322 2323
f 2322 2321 2323
f 2323 2326 2325
f 2323 2325 2324
f 2325 2343 2324
f 2325 2327 2343
f 2323 2321 2326
f 2325 2326 2328
f 2321 2332 2326
f 2326 2337 2328
f 2325 2328 2327
f 2327 2329 2347
f 2327 2328 2329
f 2319 2333 2330
f 2319 2280 2333
f 2330 2335 2331
f 2330 2333 2335
f 2331 2335 2336
f 2331 2336 2332
f 2332 2336 2340
f 2280 2334 2333
f 2333 4287 2335
f 2333 2334 4287
f 2335 4289 2336
f 2335 4287 4289
f 2336 4289 4294
f 2336 4294 2340
f 2326 2332 2337
f 2328 2337 2338
f 2332 2340 2337
f 2337 2340 2341
f 2337 2341 2338
f 2328 2338 2329
f 2329 2338 2339
f 2338 2342 2339
f 2340 4295 2341
f 2340 4294 4295
f 2341 2342 2338
f 2341 4295 4298
f 2341 4298 2342
f 2342 4298 4316
f 2343 2344 2307
f 2343 2327 2344
f 2327 2347 2344
f 2344 2347 2346
f 2307 2344 2345
f 2345 2346 2351
f 2345 2344 2346
f 2346 2349 2351
f 2346 2347 2348
f 2347 2329 2357
f 2347 2357 2348
f 2348 2357 2359
f 2346 2348 2349
f 2349 2348 2350
f 2348 2359 2350
f 2350 2359 2367
f 2350 2367 2361
f 2345 2351 2315
f 2315 2351 2353
f 2351 2352 2353
f 2349 2352 2351
f 2349 2356 2352
f 2352 2356 2355
f 2353 2352 2354
f 2353 3471 2316
f 2353 2354 3471
f 2354 2352 2355
f 2354 2355 3473
f 3473 2355 2364
f 2349 2350 2356
f 2356 2361 2363
f 2350 2361 2356
f 2355 2356 2363
f 2355 2363 2364
f 2329 2339 2357
f 2357 2339 2358
f 2357 2358 2359
f 2339 2360 2358
f 2358 2370 2368
f 2359 2368 2367
f 2359 2358 2368
f 2339 2342 2360
f 2358 2360 2370
f 2342 4316 2360
f 2360 4335 2370
f 2360 4316 4335
f 2361 2372 2362
f 2363 2361 2362
f 2363 2362 2365
f 2364 2363 2365
f 2364 2365 3500
f 2365 2366 3501
f 2362 2366 2365
f 2362 2373 2366
f 3501 2366 3504
f 2366 2375 3504
f 3504 2375 3532
f 2367 2369 2372
f 2367 2368 2369
f 2368 2371 2369
f 2368 2370 2371
f 2369 2371 2378
f 2370 4337 2371
f 2370 4335 4337
f 2371 4342 2378
f 2371 4337 4342
f 2367 2372 2361
f 2372 2374 2373
f 2362 2372 2373
f 2372 2369 2374
f 2369 2378 2374
f 2373 2374 2376
f 2374 2379 2376
f 2366 2373 2375
f 2373 2376 2375
f 2375 2377 3532
f 2375 2376 2377
f 2376 2380 2377
f 2374 2378 2379
f 2378 4342 4344
f 2378 4344 2379
f 2379 4344 4346
f 2376 2379 2380
f 2379 4346 2380
f 2377 2380 3537
f 2380 5464 3537
f 2380 4346 5464
f 2310 3462 1052
f 3462 2313 3463
f 1052 3462 1057
f 2313 3464 3463
f 3464 3468 3463
f 3464 3465 3468
f 3465 3470 3469
f 3462 3466 1057
f 3462 3463 3466
f 1057 3466 1101
f 3466 3463 3467
f 3463 3468 3467
f 3465 3469 3468
f 3468 3469 3480
f 3468 3480 3467
f 3465 2316 3470
f 2316 3471 3470
f 3469 3470 3475
f 3466 3478 1101
f 3466 3467 3478
f 2354 3472 3471
f 3471 3474 3470
f 3471 3472 3474
f 2354 3473 3472
f 3473 2364 3495
f 3473 3477 3472
f 3473 3495 3477
f 3470 3474 3475
f 3472 3476 3474
f 3475 3474 3487
f 3474 3476 3487
f 3472 3477 3476
f 3495 3497 3477
f 3476 3477 3489
f 3477 3497 3489
f 1101 3478 1106
f 3467 3479 3478
f 3467 3480 3479
f 3469 3481 3480
f 3469 3475 3481
f 3480 3481 3482
f 3480 3482 3479
f 3481 3488 3483
f 3478 3484 1106
f 3478 3479 3484
f 3479 3485 3484
f 3479 3482 3485
f 3481 3483 3482
f 3482 3483 3486
f 1106 3484 1111
f 3484 3485 3542
f 3484 3542 1111
f 3485 3550 3542
f 3482 3486 3485
f 3483 3543 3486
f 3483 3493 3543
f 3485 3486 3550
f 3481 3475 3488
f 3475 3487 3488
f 3476 3490 3487
f 3487 3491 3488
f 3487 3490 3491
f 3476 3489 3490
f 3497 3510 3489
f 3490 3489 3492
f 3489 3510 3492
f 3483 3488 3493
f 3488 3491 3493
f 3490 3494 3491
f 3490 3492 3494
f 3510 3519 3492
f 3491 3494 3544
f 3491 3544 3493
f 3492 3547 3494
f 3492 3519 3547
f 2364 3500 3495
f 3500 3496 3495
f 3500 3502 3496
f 3495 3496 3497
f 3496 3502 3498
f 3497 3496 3509
f 3496 3498 3509
f 3498 3502 3499
f 3498 3499 3512
f 3499 3506 3513
f 3500 2365 3501
f 3500 3501 3502
f 3501 3504 3503
f 3504 3505 3503
f 3501 3503 3502
f 3506 3503 3505
f 3504 3532 3505
f 3502 3503 3499
f 3499 3503 3506
f 3505 3533 3507
f 3532 3533 3505
f 3506 3505 3507
f 3506 3507 3526
f 3506 3526 3513
f 3526 3507 3527
f 3507 3533 3508
f 3507 3508 3527
f 3527 3508 3529
f 3497 3509 3510
f 3509 3498 3511
f 3509 3514 3510
f 3509 3511 3514
f 3498 3512 3511
f 3499 3513 3512
f 3512 3516 3511
f 3513 3517 3512
f 3512 3517 3516
f 3510 3514 3519
f 3514 3511 3515
f 3514 3571 3519
f 3514 3515 3571
f 3511 3516 3515
f 3517 3518 3516
f 3516 3567 3515
f 3516 3518 3567
f 3513 3526 3520
f 3513 3520 3517
f 3520 3526 3521
f 3579 3523 3522
f 3579 3522 3581
f 3517 3520 3523
f 3520 3522 3523
f 3520 3521 3522
f 3524 3522 3521
f 3517 3523 3518
f 3524 3531 3525
f 3524 3581 3522
f 3524 3525 3581
f 3531 3664 3525
f 3526 3527 3521
f 3521 3527 3528
f 3524 3521 3528
f 3531 3528 3530
f 3527 3529 3528
f 3528 3529 3530
f 3524 3528 3531
f 3531 3530 3665
f 3532 2377 3534
f 3532 3534 3533
f 3534 3535 3533
f 2377 3537 3534
f 3534 3538 3535
f 3533 3535 3508
f 3508 3535 3536
f 3529 3508 3536
f 3535 3539 3536
f 3536 3541 3540
f 3534 3537 3538
f 3537 5464 5465
f 3537 5465 3538
f 3538 5465 5468
f 3535 3538 3539
f 3536 3539 3541
f 3539 5469 3541
f 3538 5468 3539
f 3539 5468 5469
f 3529 3536 3540
f 3529 3540 3530
f 3530 3540 3673
f 3540 3541 3678
f 3541 5469 5608
f 3486 3543 3552
f 3486 3552 3550
f 3543 3553 3552
f 3543 3545 3553
f 3543 3493 3545
f 3493 3544 3545
f 3494 3548 3544
f 3544 3546 3545
f 3545 3546 3557
f 3544 3548 3546
f 3548 3559 3546
f 3494 3547 3548
f 3519 3572 3547
f 3548 3547 3549
f 3547 3572 3549
f 3548 3549 3559
f 3572 3576 3549
f 3549 3560 3559
f 3549 3576 3560
f 1111 3542 1129
f 3542 3550 3551
f 3542 3551 1129
f 3550 3554 3551
f 3550 3552 3554
f 3552 3555 3554
f 3552 3553 3555
f 3553 3557 3556
f 3553 3556 3555
f 1129 3551 2232
f 3551 3554 5514
f 3551 5514 2232
f 3554 5515 5514
f 3554 3555 5515
f 3555 3556 5517
f 3555 5517 5515
f 3556 3562 5519
f 3556 5519 5517
f 3553 3545 3557
f 3546 3559 3558
f 3546 3558 3557
f 3559 3561 3558
f 3557 3558 3562
f 3556 3557 3562
f 3558 3563 3562
f 3558 3561 3563
f 3559 3560 3561
f 3560 3565 3561
f 3576 3603 3560
f 3560 3603 3565
f 3561 3565 3564
f 3562 3563 5525
f 3561 3564 3563
f 3562 5525 5519
f 3563 5526 5525
f 3563 3564 5526
f 3564 5535 5526
f 3603 3606 3565
f 3565 3606 3566
f 3565 3566 3564
f 3606 3612 3566
f 3564 3566 5535
f 3566 5536 5535
f 3566 3612 5536
f 3612 5548 5536
f 3571 3515 3573
f 3515 3567 3573
f 3518 3568 3567
f 3567 3569 3573
f 3567 3568 3569
f 3568 3570 3569
f 3519 3571 3572
f 3571 3574 3572
f 3572 3574 3576
f 3571 3573 3574
f 3573 3575 3574
f 3574 3575 3577
f 3574 3577 3576
f 3576 3577 3603
f 3577 3575 3588
f 3573 3569 3575
f 3569 3578 3575
f 3575 3578 3588
f 3570 3578 3569
f 3579 3580 3523
f 3579 3584 3580
f 3579 3582 3584
f 3580 3518 3523
f 3580 3568 3518
f 3580 3585 3568
f 3579 3581 3582
f 3581 3525 3583
f 3581 3583 3582
f 3583 3525 3717
f 3580 3584 3585
f 3584 3592 3585
f 3584 3587 3592
f 3568 3585 3570
f 3570 3585 3593
f 3592 3593 3585
f 3584 3582 3587
f 3582 3586 3587
f 3582 3583 3586
f 3583 3722 3586
f 3587 3586 3595
f 3586 3637 3595
f 3577 3588 3604
f 3570 3589 3578
f 3589 3590 3578
f 3589 3591 3590
f 3578 3590 3588
f 3588 3590 3605
f 3590 3591 3609
f 3591 3610 3609
f 3592 3596 3594
f 3570 3593 3589
f 3592 3594 3593
f 3589 3593 3601
f 3593 3594 3601
f 3587 3595 3596
f 3592 3587 3596
f 3596 3595 3599
f 3595 3641 3599
f 3598 3597 3594
f 3594 3597 3601
f 3596 3598 3594
f 3596 3599 3598
f 3599 3646 3600
f 3598 3599 3600
f 3598 3790 3597
f 3598 3600 3790
f 3589 3601 3591
f 3601 3602 3591
f 3601 3597 3602
f 3597 3792 3602
f 3591 3602 3610
f 3602 3800 3610
f 3577 3604 3603
f 3603 3604 3606
f 3604 3588 3605
f 3604 3605 3607
f 3604 3607 3606
f 3606 3607 3612
f 3605 3608 3607
f 3607 3608 3613
f 3590 3609 3605
f 3605 3609 3608
f 3609 3610 3611
f 3609 3611 3608
f 3608 3611 3614
f 3610 3798 3611
f 3611 3798 3615
f 3607 3613 3612
f 3612 3613 5548
f 3613 5550 5548
f 3613 3608 3614
f 3613 3614 5550
f 3614 5551 5550
f 3611 3615 3614
f 3614 3615 5551
f 3615 5807 5551
f 3637 3723 3640
f 3726 3727 3642
f 3637 3641 3595
f 3637 3640 3641
f 3726 3642 3640
f 3640 3645 3641
f 3640 3642 3645
f 3648 3645 3642
f 3727 3643 3642
f 3727 3728 3643
f 3728 3644 3643
f 3648 3642 3643
f 3649 3643 3644
f 3641 3646 3599
f 3641 3645 3646
f 3648 3647 3645
f 3645 3647 3646
f 3648 3816 3647
f 3648 3643 3649
f 3649 3644 3650
f 3648 3649 3816
f 3649 3817 3816
f 3649 3650 3817
f 3650 3818 3817
f 3733 3652 3644
f 3733 3651 3652
f 3652 3651 3653
f 3652 3653 3654
f 3650 3644 3652
f 3652 3654 3657
f 3650 3652 3657
f 3650 3657 3658
f 3650 3658 3818
f 3525 3664 3717
f 3530 3673 3665
f 3531 3665 3664
f 3664 3665 3666
f 3664 3666 3729
f 3729 3666 3667
f 3665 3674 3666
f 3666 3675 3667
f 3667 3676 3668
f 3668 3677 3669
f 3669 3684 3749
f 3749 3686 3751
f 3540 3678 3673
f 3673 3679 3674
f 3673 3678 3679
f 3665 3673 3674
f 3674 3675 3666
f 3674 3680 3675
f 3674 3679 3680
f 3667 3675 3676
f 3668 3676 3677
f 3675 3681 3676
f 3675 3680 3681
f 3676 3681 3682
f 3676 3682 3677
f 3541 5608 3678
f 3678 5609 3679
f 3678 5608 5609
f 3679 5609 5612
f 3679 5612 3680
f 3680 5613 3681
f 3681 5614 3682
f 3680 5612 5613
f 3681 5613 5614
f 3669 3677 3684
f 3749 3684 3685
f 3749 3685 3686
f 3684 3687 3685
f 3677 3682 3696
f 3677 3696 3684
f 3684 3688 3687
f 3684 3697 3688
f 3684 3696 3697
f 3713 3690 3691
f 3713 3691 3692
f 3713 3692 3694
f 3713 3694 3693
f 3682 5625 3696
f 3696 3699 3698
f 3696 3700 3699
f 3696 3698 3697
f 5614 5625 3682
f 3696 3701 3700
f 3696 5625 3701
f 5625 5626 3701
f 3693 3702 3703
f 3714 3693 3703
f 3714 3703 3704
f 3714 3704 3705
f 3713 3693 3714
f 3713 3715 3787
f 3713 3714 3715
f 3787 3715 3716
f 3714 3705 5663
f 5663 3705 5632
f 3714 5663 5664
f 3714 5664 3715
f 3715 5664 5667
f 3715 5667 3716
f 3583 3717 3722
f 3722 3717 3718
f 3717 3729 3718
f 3717 3664 3729
f 3729 3720 3718
f 3719 3718 3720
f 3719 3721 3724
f 3719 3720 3721
f 3724 3730 3725
f 3724 3721 3730
f 3586 3722 3637
f 3637 3722 3723
f 3723 3722 3718
f 3723 3719 3726
f 3723 3718 3719
f 3723 3726 3640
f 3726 3719 3724
f 3727 3724 3725
f 3726 3724 3727
f 3727 3725 3728
f 3729 3667 3720
f 3720 3668 3721
f 3720 3667 3668
f 3721 3669 3730
f 3721 3668 3669
f 3725 3747 3737
f 3725 3730 3747
f 3747 3731 3737
f 3728 3725 3737
f 3737 3738 3735
f 3737 3735 3736
f 3728 3737 3733
f 3733 3737 3736
f 3733 3736 3734
f 3737 3739 3738
f 3737 3731 3739
f 3745 3743 3753
f 3742 3744 3743
f 3745 3742 3743
f 3741 3742 3745
f 3741 3740 3742
f 3741 3745 3770
f 3730 3749 3747
f 3730 3669 3749
f 3747 3750 3746
f 3747 3749 3750
f 3747 3748 3731
f 3747 3746 3748
f 3749 3752 3750
f 3749 3751 3752
f 3745 3753 3755
f 3745 3755 3773
f 3755 3753 3756
f 3755 3756 3754
f 3755 3754 3760
f 3774 3760 3757
f 3774 3757 3759
f 3774 3759 3758
f 3755 3760 3774
f 3646 3647 3839
f 3728 3733 3644
f 3733 3734 3651
f 3741 3761 3740
f 3741 3771 3764
f 3741 3764 3761
f 3761 3762 3763
f 3764 3762 3761
f 3766 3762 3764
f 3764 3779 3769
f 3766 3765 3762
f 3766 3767 3765
f 3766 3768 3767
f 3766 3764 3769
f 3766 3859 3768
f 3859 3857 3768
f 3766 3769 3859
f 3769 3860 3859
f 3769 3782 3860
f 3713 3758 3690
f 3741 3770 3771
f 3771 3770 3777
f 3771 3777 3772
f 3770 3773 3775
f 3773 3774 3786
f 3755 3774 3773
f 3773 3786 3775
f 3775 3786 3788
f 3775 3788 3776
f 3745 3773 3770
f 3770 3775 3777
f 3777 3775 3776
f 3772 3777 3778
f 3777 3776 3778
f 3772 3778 3785
f 3771 3779 3764
f 3779 3780 3782
f 3771 3772 3779
f 3772 3780 3779
f 3772 3785 3780
f 3780 3781 3783
f 3785 3781 3780
f 3779 3782 3769
f 3782 3783 3931
f 3782 3931 3860
f 3782 3780 3783
f 3783 3784 3932
f 3931 3783 3932
f 3783 3781 3784
f 3784 3935 3932
f 3785 5740 3781
f 3784 3781 5740
f 3784 5740 3935
f 3774 3758 3713
f 3774 3713 3787
f 3774 3787 3786
f 3786 3787 3789
f 3786 3789 3788
f 3787 3716 3789
f 3778 3776 5740
f 3788 3789 5740
f 3776 3788 5740
f 3789 3716 5740
f 3716 5667 5740
f 3785 3778 5740
f 3600 3839 3791
f 3790 3600 3791
f 3790 3791 3794
f 3791 3845 3795
f 3790 3792 3597
f 3602 3792 3800
f 3792 3794 3793
f 3792 3793 3800
f 3790 3794 3792
f 3795 3796 3794
f 3791 3795 3794
f 3795 3853 3797
f 3794 3796 3793
f 3795 3797 3796
f 3797 3877 3806
f 3798 3799 3615
f 3615 3799 5807
f 3799 5808 5807
f 3610 3800 3798
f 3800 3801 3798
f 3800 3793 3801
f 3798 3801 3799
f 3796 3802 3793
f 3793 3802 3801
f 3802 3804 3801
f 3802 3803 3805
f 3796 3797 3803
f 3796 3803 3802
f 3801 3804 3799
f 3799 3804 5808
f 3804 5811 5808
f 3802 3805 3804
f 3805 5811 3804
f 3805 5812 5811
f 3805 3807 5812
f 3803 3807 3805
f 3803 3797 3806
f 3803 3806 3807
f 3807 3806 3808
f 3806 3899 3808
f 3807 3808 5819
f 3808 3909 5820
f 3807 5819 5812
f 3808 5820 5819
f 3647 3816 3840
f 3816 3817 3841
f 3817 3818 3842
f 3818 3819 3820
f 3817 3842 3841
f 3818 3820 3842
f 3818 3658 3824
f 3818 3824 3825
f 3818 3825 3819
f 3646 3839 3600
f 3647 3840 3839
f 3839 3845 3791
f 3840 3845 3839
f 3840 3816 3841
f 3842 3820 3843
f 3842 3843 3844
f 3840 3846 3845
f 3840 3841 3846
f 3841 3848 3846
f 3845 3846 3853
f 3845 3853 3795
f 3846 3876 3853
f 3848 3876 3846
f 3841 3842 3848
f 3842 3849 3848
f 3842 3844 3847
f 3842 3847 3849
f 3849 3847 3850
f 3849 3850 3851
f 3848 3849 3873
f 3849 3852 3873
f 3849 3851 3852
f 3859 3858 3857
f 3859 3854 3858
f 3859 3860 3861
f 3860 3931 3862
f 3859 3861 3854
f 3861 3855 3854
f 3860 3862 3861
f 3862 3933 3870
f 3868 3856 3855
f 3868 3863 3856
f 3868 3864 3863
f 3867 3866 3864
f 3868 3867 3864
f 3868 3888 3867
f 3888 3887 3867
f 3868 3891 3888
f 3861 3868 3855
f 3861 3869 3868
f 3862 3869 3861
f 3862 3870 3869
f 3868 3869 3891
f 3869 3870 3896
f 3869 3896 3891
f 3870 3936 3871
f 3870 3871 3896
f 3848 3873 3876
f 3873 3852 3872
f 3873 3872 3874
f 3853 3876 3877
f 3876 3878 3877
f 3876 3873 3878
f 3873 3881 3878
f 3853 3877 3797
f 3877 3878 3899
f 3878 3881 3900
f 3873 3874 3879
f 3873 3879 3881
f 3879 3880 3881
f 3881 3880 3882
f 3881 3882 3883
f 3881 3883 3902
f 3888 3886 3885
f 3888 3889 3886
f 3888 3885 3887
f 3888 3894 3889
f 3894 3890 3889
f 3891 3894 3888
f 3891 3895 3894
f 3894 3892 3890
f 3894 3893 3892
f 3894 3919 3893
f 3894 3895 3925
f 3891 3896 3895
f 3896 3871 3898
f 3896 3898 3895
f 3871 3939 3897
f 3871 3897 3898
f 3895 3898 3921
f 3877 3899 3806
f 3878 3900 3899
f 3899 3900 3909
f 3899 3909 3808
f 3881 3903 3900
f 3900 3910 3909
f 3900 3903 3910
f 3903 3907 3910
f 3881 3902 3903
f 3903 3902 3904
f 3903 3904 3905
f 3903 3905 3906
f 3903 3906 3907
f 3909 5832 5820
f 3909 3910 5832
f 3910 3907 3911
f 3910 3911 3912
f 3910 3912 3913
f 3910 5833 5832
f 3910 3913 5833
f 5833 3913 5834
f 3915 3914 3908
f 3915 3916 3914
f 3915 3917 3916
f 3915 3918 3917
f 3915 5843 3918
f 5843 5842 3918
f 3894 3920 3919
f 3894 3925 3920
f 3895 3921 3925
f 3898 3922 3921
f 3898 3897 3922
f 3897 3943 3923
f 3897 3923 3922
f 3922 3923 3929
f 3923 3945 3930
f 3925 3924 3920
f 3925 3926 3924
f 3925 3908 3926
f 3925 3915 3908
f 3925 3927 3915
f 3925 3921 3927
f 3921 3928 3927
f 3921 3922 3928
f 3922 3929 3928
f 3923 3930 3929
f 3915 3927 5843
f 3927 3928 5860
f 3927 5860 5843
f 3928 5861 5860
f 3928 3929 5861
f 3929 3930 5864
f 3929 5864 5861
f 3930 3949 5865
f 3930 5865 5864
f 3931 3932 3933
f 3932 3934 3933
f 3932 3935 3934
f 3931 3933 3862
f 3933 3934 3936
f 3934 3935 3937
f 3933 3936 3870
f 3934 3938 3936
f 3934 3937 3938
f 3935 5740 3937
f 3938 3941 3940
f 3936 3938 3939
f 3936 3939 3871
f 3938 3940 3939
f 3940 3942 3944
f 3937 3941 3938
f 3941 3942 3940
f 3939 3940 3943
f 3939 3943 3897
f 3940 3944 3943
f 3937 5740 3941
f 3941 5740 3942
f 3942 5740 3947
f 3947 5740 3948
f 3948 5740 3951
f 3951 5740 5947
f 3943 3944 3945
f 3944 3947 3946
f 3943 3945 3923
f 3944 3946 3945
f 3945 3946 3949
f 3946 3948 3950
f 3942 3947 3944
f 3947 3948 3946
f 3945 3949 3930
f 3946 3950 3949
f 3949 3950 5943
f 3949 5943 5865
f 3951 5944 3950
f 3950 5944 5943
f 3948 3951 3950
f 3951 5947 5944
f 489 4266 2281
f 489 1555 4266
f 2281 4266 4286
f 4266 1555 4303
f 1555 1564 4303
f 2281 4286 2334
f 2334 4288 4287
f 2334 4286 4288
f 4287 4290 4289
f 4287 4288 4290
f 4289 4290 4296
f 4266 4291 4286
f 4266 4303 4291
f 4286 4292 4288
f 4286 4291 4292
f 4288 4292 4293
f 4288 4293 4290
f 4290 4293 4300
f 4289 4296 4294
f 4294 4297 4295
f 4294 4296 4297
f 4295 4299 4298
f 4295 4297 4299
f 4297 4302 4299
f 4298 4299 4317
f 4290 4300 4296
f 4296 4300 4301
f 4296 4301 4297
f 4293 4313 4300
f 4297 4301 4302
f 4300 4314 4301
f 4302 4301 4319
f 4301 4314 4319
f 4303 1564 4304
f 4303 4305 4291
f 1564 1714 4304
f 4303 4304 4305
f 4291 4306 4292
f 4291 4305 4306
f 4292 4306 4308
f 4293 4292 4308
f 4306 4305 4310
f 4304 1714 4307
f 4304 4309 4305
f 4304 4307 4309
f 1714 1719 4307
f 4305 4309 4310
f 4293 4308 4313
f 4306 4311 4308
f 4308 4311 4315
f 4307 4361 4309
f 4306 4310 4311
f 4310 4309 4312
f 4309 4361 4312
f 4310 4321 4311
f 4311 4321 4326
f 4310 4312 4321
f 4300 4313 4314
f 4313 4322 4314
f 4308 4315 4313
f 4313 4315 4322
f 4311 4326 4315
f 4298 4317 4316
f 4316 4336 4335
f 4316 4317 4336
f 4299 4318 4317
f 4317 4339 4336
f 4299 4302 4318
f 4317 4318 4339
f 4302 4320 4318
f 4302 4319 4320
f 4318 4341 4339
f 4318 4320 4341
f 4320 4354 4341
f 4321 4312 4366
f 4321 4366 4328
f 4319 4314 4324
f 4314 4322 4324
f 4322 4315 4327
f 4322 4325 4324
f 4322 4327 4325
f 4319 4323 4320
f 4319 4324 4323
f 4320 4323 4354
f 4324 4329 4323
f 4324 4325 4329
f 4315 4326 4327
f 4321 4328 4326
f 4326 4330 4327
f 4325 4327 4331
f 4326 4328 4330
f 4323 4357 4354
f 4323 4329 4357
f 4329 4325 4333
f 4329 4358 4357
f 4329 4333 4358
f 4327 4330 4331
f 4331 4330 4334
f 4328 4332 4330
f 4328 4376 4332
f 4325 4331 4333
f 4330 4332 4334
f 4332 4376 5439
f 4332 5441 4334
f 4331 5440 4333
f 4331 4334 5440
f 4335 4338 4337
f 4335 4336 4338
f 4337 4343 4342
f 4337 4338 4343
f 4336 4340 4338
f 4336 4339 4340
f 4339 4349 4340
f 4338 4340 4348
f 4339 4341 4349
f 4338 4348 4343
f 4342 4345 4344
f 4342 4343 4345
f 4344 4345 4347
f 4343 4351 4345
f 4344 4347 4346
f 4345 4352 4347
f 4340 4350 4348
f 4341 4355 4349
f 4340 4349 4350
f 4349 4356 4350
f 4343 4348 4351
f 4348 4353 4351
f 4348 4350 4353
f 4345 4351 4352
f 4351 5463 4352
f 4350 5480 4353
f 4351 4353 5463
f 4346 5466 5464
f 4346 4347 5466
f 4347 5471 5466
f 4347 4352 5471
f 4341 4354 4355
f 4354 4359 4355
f 4349 4355 4356
f 4355 5477 4356
f 4354 4357 4359
f 4357 5478 4359
f 4357 4358 5478
f 4355 4359 5477
f 4350 4356 5480
f 4307 1719 4360
f 1719 1750 4360
f 4307 4360 4361
f 4360 1750 4362
f 4360 4363 4361
f 1750 1755 4362
f 4360 4362 4363
f 4361 4364 4312
f 4361 4363 4364
f 4363 4362 4365
f 4312 4364 4366
f 4364 4363 4367
f 4363 4365 4367
f 4366 4364 4369
f 4366 4369 4376
f 4364 4367 4369
f 4367 4365 4370
f 4362 1755 4368
f 1755 1795 4368
f 4362 4368 4365
f 4368 1795 4373
f 1795 1800 4373
f 4368 4374 4365
f 4368 4373 4374
f 4366 4376 4328
f 4365 4374 4370
f 4367 4372 4369
f 4367 4370 4372
f 4375 5600 4371
f 4369 4372 4377
f 4370 4374 5602
f 5602 4374 4371
f 4370 5602 5601
f 4372 4370 5601
f 4373 1800 4375
f 1800 1809 4375
f 4373 4371 4374
f 4373 4375 4371
f 1809 5599 4375
f 4369 4377 4376
f 4376 4377 5439
f 4372 5607 4377
f 4332 5439 5441
f 5439 4377 5442
f 5439 5445 5441
f 5440 4334 5444
f 4333 5440 5484
f 4333 5484 4358
f 4334 5441 5444
f 5439 5442 5445
f 5443 5458 5607
f 5442 5607 5458
f 5444 5441 5459
f 5440 5486 5484
f 5440 5444 5486
f 5459 5441 5445
f 5444 5493 5486
f 5539 2201 2191
f 5539 5522 5446
f 5539 5446 2201
f 5522 5447 5446
f 5448 5540 5453
f 5449 5450 5603
f 5449 2196 5446
f 5453 5451 5604
f 5606 5452 5457
f 5453 5604 5450
f 5453 5454 5451
f 5452 5451 5454
f 2201 5446 2196
f 5449 5446 5447
f 5449 5447 5450
f 5448 5450 5447
f 5448 5453 5450
f 5452 5454 5455
f 5540 5454 5453
f 5454 5541 5455
f 5546 5456 5461
f 5545 5564 5462
f 5564 5491 5462
f 5457 5461 5443
f 5460 5458 5456
f 5606 5457 5443
f 5460 5445 5442
f 5460 5442 5458
f 5461 5458 5443
f 5462 5459 5445
f 5444 5459 5493
f 5460 5462 5445
f 5459 5491 5493
f 5452 5455 5457
f 5461 5456 5458
f 5543 5461 5457
f 5543 5457 5455
f 5545 5462 5460
f 5462 5491 5459
f 5545 5460 5456
f 5464 5466 5467
f 5464 5467 5465
f 5465 5467 5470
f 5466 5473 5467
f 5465 5470 5468
f 5468 5475 5469
f 5467 5474 5470
f 5468 5470 5475
f 5466 5471 5473
f 4352 5463 5472
f 4352 5472 5471
f 5471 5472 5489
f 5471 5489 5473
f 5467 5473 5474
f 5473 5489 5504
f 5470 5474 5476
f 5470 5476 5475
f 5473 5504 5474
f 5469 5475 5610
f 5475 5476 5618
f 5474 5504 5505
f 5474 5505 5476
f 4359 5479 5477
f 4359 5478 5479
f 4356 5482 5480
f 4353 5481 5463
f 4353 5480 5481
f 4356 5477 5482
f 5477 5479 5488
f 5477 5488 5482
f 5480 5483 5481
f 5480 5482 5483
f 5482 5488 5496
f 5482 5496 5483
f 4358 5484 5485
f 4358 5485 5478
f 5485 5484 5492
f 5478 5485 5487
f 5478 5487 5479
f 5484 5486 5492
f 5485 5494 5487
f 5479 5487 5495
f 5479 5495 5488
f 5463 5490 5472
f 5463 5481 5490
f 5472 5490 5503
f 5472 5503 5489
f 5481 5502 5490
f 5481 5483 5502
f 5486 5497 5492
f 5485 5492 5494
f 5486 5493 5497
f 5492 5498 5494
f 5488 5495 5500
f 5488 5500 5496
f 5487 5494 5499
f 5487 5499 5495
f 5497 5493 5563
f 5497 5498 5492
f 5493 5491 5563
f 5497 5563 5566
f 5497 5566 5498
f 5494 5571 5499
f 5495 5499 5501
f 5495 5501 5500
f 5494 5498 5571
f 5489 5503 5506
f 5490 5502 5509
f 5490 5509 5503
f 5503 5509 5512
f 5489 5506 5504
f 5476 5505 5650
f 5504 5507 5505
f 5504 5506 5507
f 5503 5512 5506
f 5505 5507 5652
f 5506 5513 5507
f 5483 5508 5502
f 5483 5496 5508
f 5502 5508 5510
f 5496 5500 5511
f 5496 5511 5508
f 5502 5510 5509
f 5509 5510 5577
f 5508 5511 5575
f 5500 5501 5576
f 5500 5576 5511
f 5508 5575 5510
f 5506 5512 5513
f 5509 5577 5512
f 5507 5513 5677
f 5512 5579 5513
f 2232 5514 2237
f 5514 5515 5521
f 5514 5521 2237
f 5515 5516 5521
f 5515 5517 5516
f 5517 5519 5518
f 5517 5518 5516
f 5519 5525 5520
f 5519 5520 5518
f 5521 2191 2237
f 5521 5516 5539
f 5521 5539 2191
f 5516 5522 5539
f 5520 5523 5518
f 5516 5518 5522
f 5520 5524 5523
f 5518 5523 5522
f 5524 5531 5540
f 5520 5527 5524
f 5525 5526 5527
f 5526 5535 5528
f 5535 5529 5528
f 5520 5525 5527
f 5526 5528 5527
f 5529 5530 5528
f 5529 5537 5532
f 5531 5530 5541
f 5530 5542 5541
f 5527 5528 5531
f 5524 5527 5531
f 5528 5530 5531
f 5529 5532 5530
f 5532 5542 5530
f 5532 5533 5542
f 5538 5555 5534
f 5532 5538 5533
f 5538 5534 5533
f 5534 5555 5547
f 5535 5536 5529
f 5529 5536 5537
f 5536 5548 5537
f 5548 5549 5537
f 5538 5537 5549
f 5532 5537 5538
f 5538 5549 5555
f 5522 5523 5447
f 5523 5524 5448
f 5523 5448 5447
f 5524 5540 5448
f 5540 5541 5454
f 5541 5542 5455
f 5540 5531 5541
f 5533 5543 5542
f 5533 5546 5543
f 5543 5455 5542
f 5546 5461 5543
f 5545 5544 5567
f 5545 5456 5544
f 5546 5544 5456
f 5545 5567 5564
f 5533 5534 5546
f 5534 5544 5546
f 5534 5547 5544
f 5547 5567 5544
f 5547 5557 5567
f 5548 5550 5549
f 5550 5552 5549
f 5549 5552 5555
f 5550 5551 5552
f 5552 5551 5553
f 5552 5553 5556
f 5553 5551 5807
f 5553 5807 5554
f 5553 5554 5559
f 5547 5555 5556
f 5552 5556 5555
f 5556 5559 5557
f 5547 5556 5557
f 5568 5557 5558
f 5559 5558 5557
f 5558 5561 5584
f 5556 5553 5559
f 5559 5560 5558
f 5554 5560 5559
f 5560 5810 5561
f 5560 5561 5558
f 5810 5562 5561
f 5564 5565 5491
f 5565 5563 5491
f 5569 5566 5563
f 5565 5569 5563
f 5564 5567 5568
f 5567 5557 5568
f 5568 5584 5565
f 5564 5568 5565
f 5565 5584 5569
f 5570 5573 5566
f 5569 5570 5566
f 5569 5585 5570
f 5570 5586 5573
f 5566 5573 5498
f 5498 5573 5571
f 5499 5572 5501
f 5499 5571 5572
f 5571 5574 5572
f 5571 5573 5574
f 5573 5586 5574
f 5501 5572 5580
f 5501 5580 5576
f 5511 5576 5581
f 5510 5575 5578
f 5511 5581 5575
f 5512 5577 5579
f 5510 5578 5577
f 5577 5578 5582
f 5577 5582 5579
f 5513 5579 5682
f 5572 5574 5590
f 5572 5590 5580
f 5580 5592 5576
f 5575 5581 5583
f 5576 5592 5581
f 5581 5592 5594
f 5575 5583 5578
f 5579 5582 5776
f 5578 5583 5593
f 5581 5594 5583
f 5578 5593 5582
f 5568 5558 5584
f 5569 5584 5585
f 5561 5585 5584
f 5570 5585 5587
f 5570 5587 5586
f 5561 5562 5585
f 5562 5587 5585
f 5574 5586 5588
f 5562 5816 5587
f 5816 5589 5587
f 5587 5589 5586
f 5589 5588 5586
f 5589 5825 5588
f 5825 5595 5588
f 5574 5588 5590
f 5580 5590 5591
f 5590 5595 5591
f 5580 5591 5592
f 5592 5591 5596
f 5582 5593 5780
f 5583 5597 5593
f 5592 5596 5594
f 5583 5594 5597
f 5588 5595 5590
f 5591 5595 5830
f 5591 5830 5596
f 5594 5596 5598
f 5593 5597 5785
f 5594 5598 5597
f 5597 5598 5877
f 4375 5599 5600
f 5599 2273 5603
f 4372 5601 5607
f 5602 5605 5606
f 5601 5602 5606
f 5602 4371 5605
f 4371 5600 5605
f 5449 5603 2268
f 2273 2268 5603
f 5599 5604 5600
f 5599 5603 5604
f 5451 5605 5600
f 5601 5606 5443
f 5452 5605 5451
f 5451 5600 5604
f 5606 5605 5452
f 1809 2273 5599
f 4377 5607 5442
f 5601 5443 5607
f 5449 2268 2196
f 5450 5604 5603
f 5469 5610 5608
f 5608 5611 5609
f 5608 5610 5611
f 5609 5611 5615
f 5609 5615 5612
f 5612 5616 5613
f 5613 5617 5614
f 5612 5615 5616
f 5613 5616 5617
f 5475 5618 5610
f 5610 5619 5611
f 5610 5618 5619
f 5476 5650 5618
f 5611 5620 5615
f 5611 5619 5620
f 5618 5651 5619
f 5619 5653 5620
f 5615 5621 5616
f 5615 5620 5621
f 5616 5622 5617
f 5616 5621 5622
f 5620 5654 5621
f 5621 5655 5622
f 5614 5628 5625
f 5625 5627 5626
f 5625 5629 5627
f 5625 5628 5629
f 5614 5617 5628
f 5628 5630 5629
f 5628 5631 5630
f 5665 5635 5636
f 5665 5636 5637
f 5617 5641 5628
f 5617 5622 5641
f 5628 5639 5631
f 5628 5640 5639
f 5628 5641 5640
f 5622 5689 5641
f 5641 5642 5640
f 5641 5643 5642
f 5641 5657 5643
f 5641 5689 5657
f 5669 5637 5644
f 5669 5644 5645
f 5669 5645 5646
f 5618 5650 5651
f 5505 5652 5650
f 5619 5651 5653
f 5650 5675 5651
f 5650 5652 5675
f 5651 5679 5653
f 5651 5675 5679
f 5620 5653 5654
f 5621 5654 5655
f 5507 5677 5652
f 5622 5655 5689
f 5663 5632 5633
f 5663 5633 5634
f 5663 5634 5665
f 5663 5665 5666
f 5663 5666 5664
f 5664 5666 5668
f 5665 5634 5635
f 5665 5637 5669
f 5666 5665 5736
f 5664 5668 5667
f 5666 5738 5668
f 5665 5669 5736
f 5741 5646 5647
f 5741 5647 5649
f 5741 5649 5697
f 5653 5680 5654
f 5653 5679 5680
f 5654 5676 5655
f 5654 5680 5676
f 5652 5678 5675
f 5652 5677 5678
f 5675 5681 5679
f 5675 5678 5681
f 5513 5682 5677
f 5677 5683 5678
f 5677 5682 5683
f 5679 5684 5680
f 5679 5681 5684
f 5680 5685 5676
f 5680 5684 5685
f 5579 5776 5682
f 5678 5686 5681
f 5678 5683 5686
f 5682 5779 5683
f 5682 5776 5779
f 5683 5781 5686
f 5681 5687 5684
f 5681 5686 5687
f 5684 5688 5685
f 5684 5687 5688
f 5689 5690 5657
f 5689 5691 5690
f 5689 5692 5691
f 5655 5694 5689
f 5655 5676 5694
f 5689 5693 5692
f 5689 5694 5693
f 5694 5695 5693
f 5694 5696 5695
f 5741 5697 5698
f 5743 5698 5699
f 5743 5699 5700
f 5743 5700 5701
f 5702 5701 5703
f 5702 5743 5701
f 5702 5703 5704
f 5702 5704 5705
f 5702 5705 5719
f 5702 5719 5747
f 5676 5707 5694
f 5676 5685 5707
f 5694 5706 5696
f 5694 5707 5706
f 5707 5708 5706
f 5707 5709 5708
f 5707 5711 5709
f 5685 5713 5707
f 5707 5712 5711
f 5707 5714 5712
f 5707 5713 5715
f 5685 5688 5713
f 5707 5715 5714
f 5713 5724 5715
f 5719 5705 5716
f 5719 5716 5717
f 5719 5717 5723
f 5723 5717 5718
f 5723 5718 5720
f 5719 5723 5748
f 5720 5721 5723
f 5723 5721 5722
f 5597 5877 5785
f 5688 5790 5713
f 5713 5791 5724
f 5723 5722 5729
f 5729 5722 5725
f 5729 5725 5726
f 5723 5729 5752
f 5725 5727 5726
f 5729 5726 5734
f 5734 5726 5728
f 5732 5728 5730
f 5732 5730 5731
f 5732 5731 5733
f 5729 5734 5755
f 5732 5734 5728
f 5732 5733 5899
f 5899 5733 5735
f 5734 5901 5963
f 5732 5901 5734
f 5732 5899 5901
f 5667 5668 5740
f 5668 5738 5740
f 5666 5736 5738
f 5669 5646 5741
f 5669 5741 5737
f 5669 5737 5736
f 5736 5737 5739
f 5738 5736 5739
f 5737 5744 5739
f 5738 5739 5740
f 5739 5744 5740
f 5744 5746 5740
f 5746 5750 5740
f 5741 5698 5743
f 5741 5743 5742
f 5741 5742 5737
f 5737 5742 5744
f 5702 5747 5743
f 5742 5743 5745
f 5743 5747 5745
f 5742 5745 5746
f 5745 5749 5750
f 5744 5742 5746
f 5746 5745 5750
f 5747 5719 5748
f 5747 5748 5749
f 5747 5749 5745
f 5740 5750 5753
f 5740 5753 5756
f 5740 5756 5964
f 5748 5723 5752
f 5748 5752 5751
f 5749 5751 5753
f 5748 5751 5749
f 5751 5752 5754
f 5752 5729 5755
f 5750 5749 5753
f 5753 5751 5756
f 5751 5754 5756
f 5754 5755 5960
f 5754 5960 5964
f 5754 5752 5755
f 5755 5734 5963
f 5960 5755 5963
f 5756 5754 5964
f 5582 5780 5776
f 5776 5784 5779
f 5683 5779 5781
f 5776 5780 5784
f 5593 5785 5780
f 5779 5787 5781
f 5779 5784 5787
f 5686 5781 5782
f 5686 5782 5687
f 5687 5783 5688
f 5687 5782 5783
f 5781 5789 5782
f 5782 5788 5783
f 5780 5785 5786
f 5780 5786 5784
f 5784 5976 5787
f 5784 5786 5976
f 5781 5787 5789
f 5782 5789 5788
f 5977 5789 5787
f 5976 5977 5787
f 5978 5788 5789
f 5977 5978 5789
f 5688 5783 5790
f 5713 5790 5791
f 5783 5793 5790
f 5790 5792 5791
f 5790 5793 5792
f 5783 5797 5794
f 5783 5794 5793
f 5783 5788 5798
f 5783 5798 5797
f 5788 5799 5798
f 5788 5980 5799
f 5978 5980 5788
f 5807 5808 5554
f 5808 5809 5554
f 5554 5809 5560
f 5809 5810 5560
f 5808 5811 5809
f 5809 5811 5813
f 5809 5813 5810
f 5811 5812 5813
f 5812 5814 5813
f 5812 5819 5814
f 5815 5813 5814
f 5814 5821 5817
f 5819 5821 5814
f 5810 5813 5815
f 5810 5815 5562
f 5815 5816 5562
f 5815 5817 5816
f 5816 5817 5824
f 5815 5814 5817
f 5817 5818 5824
f 5821 5818 5817
f 5818 5827 5824
f 5818 5823 5827
f 5827 5823 5828
f 5819 5820 5821
f 5820 5832 5822
f 5821 5822 5818
f 5821 5820 5822
f 5818 5822 5823
f 5822 5838 5823
f 5823 5850 5828
f 5816 5824 5589
f 5589 5824 5825
f 5825 5824 5827
f 5825 5826 5595
f 5825 5827 5826
f 5826 5830 5595
f 5826 5829 5830
f 5827 5828 5826
f 5828 5913 5829
f 5826 5828 5829
f 5830 5831 5596
f 5830 5829 5831
f 5831 5884 5598
f 5596 5831 5598
f 5831 5829 5876
f 5832 5838 5822
f 5832 5833 5838
f 5833 5834 5835
f 5833 5835 5836
f 5833 5836 5839
f 5833 5839 5838
f 5839 5836 5840
f 5839 5840 5841
f 5843 5844 5842
f 5843 5845 5844
f 5843 5846 5845
f 5846 5847 5845
f 5846 5848 5847
f 5846 5849 5848
f 5846 5855 5849
f 5838 5850 5823
f 5850 5852 5913
f 5852 5858 5914
f 5838 5839 5850
f 5839 5852 5850
f 5839 5841 5852
f 5852 5841 5853
f 5852 5853 5854
f 5852 5854 5856
f 5852 5856 5858
f 5858 5856 5857
f 5858 5857 5859
f 5858 5859 5916
f 5867 5945 5870
f 5843 5860 5846
f 5860 5861 5862
f 5846 5860 5862
f 5846 5862 5855
f 5861 5863 5862
f 5861 5864 5863
f 5865 5943 5867
f 5864 5865 5866
f 5864 5866 5863
f 5865 5867 5866
f 5928 5868 5874
f 5875 5928 5874
f 5875 5930 5928
f 5869 5930 5875
f 5866 5871 5869
f 5866 5867 5871
f 5867 5870 5871
f 5871 5941 5932
f 5869 5871 5932
f 5871 5870 5941
f 5949 5940 5870
f 5870 5940 5941
f 5862 5872 5855
f 5862 5873 5872
f 5862 5875 5873
f 5862 5863 5875
f 5863 5869 5875
f 5875 5874 5873
f 5863 5866 5869
f 5913 5876 5829
f 5877 5878 5785
f 5598 5884 5877
f 5877 5885 5878
f 5786 5878 5879
f 5831 5876 5884
f 5876 5915 5884
f 5915 5885 5884
f 5915 5925 5885
f 5885 5925 5890
f 5877 5884 5885
f 5878 5885 5890
f 5878 5890 5879
f 5890 5924 5891
f 5891 5924 5886
f 5891 5886 5887
f 5890 5891 5879
f 5891 5880 5879
f 5880 5892 5888
f 5891 5892 5880
f 5880 5889 5883
f 5880 5888 5889
f 5891 5887 5892
f 5942 5893 5911
f 5957 5912 5893
f 5899 5735 5898
f 5902 5898 5900
f 5899 5898 5902
f 5899 5903 5901
f 5902 5895 5896
f 5902 5900 5895
f 5899 5902 5903
f 5961 5901 5903
f 5905 5909 5906
f 5907 5909 5905
f 5938 5907 5904
f 5907 5905 5904
f 5907 5894 5908
f 5907 5896 5897
f 5907 5897 5894
f 5907 5908 5909
f 5907 5911 5896
f 5903 5912 5965
f 5911 5912 5902
f 5903 5902 5912
f 5942 5911 5907
f 5942 5907 5938
f 5893 5912 5911
f 5911 5902 5896
f 5850 5913 5828
f 5852 5914 5913
f 5858 5918 5914
f 5914 5915 5876
f 5913 5914 5876
f 5918 5925 5915
f 5914 5918 5915
f 5858 5916 5918
f 5918 5916 5917
f 5918 5920 5921
f 5918 5917 5919
f 5918 5919 5920
f 5925 5921 5926
f 5918 5921 5925
f 5925 5926 5890
f 5890 5926 5923
f 5890 5923 5924
f 5930 5929 5928
f 5930 5931 5929
f 5930 5939 5931
f 5869 5932 5930
f 5930 5937 5939
f 5930 5935 5937
f 5935 5934 5937
f 5935 5936 5933
f 5935 5933 5934
f 5932 5935 5930
f 5932 5938 5935
f 5932 5941 5938
f 5942 5941 5940
f 5966 5893 5940
f 5942 5938 5941
f 5942 5940 5893
f 5935 5904 5936
f 5938 5904 5935
f 5740 5948 5947
f 5740 5952 5948
f 5740 5954 5959
f 5740 5959 5958
f 5740 5953 5952
f 5740 5958 5953
f 5943 5944 5945
f 5943 5945 5867
f 5947 5946 5944
f 5944 5946 5945
f 5946 5949 5945
f 5948 5950 5946
f 5947 5948 5946
f 5952 5951 5950
f 5945 5949 5870
f 5946 5950 5949
f 5950 5951 5966
f 5949 5950 5966
f 5949 5966 5940
f 5948 5952 5950
f 5952 5953 5951
f 5740 5964 5954
f 5959 5954 5962
f 5959 5962 5956
f 5955 5965 5957
f 5957 5965 5912
f 5958 5956 5955
f 5955 5956 5965
f 5953 5958 5955
f 5958 5959 5956
f 5954 5960 5962
f 5960 5963 5962
f 5961 5962 5963
f 5961 5903 5965
f 5961 5956 5962
f 5961 5963 5901
f 5964 5960 5954
f 5961 5965 5956
f 5966 5951 5957
f 5966 5957 5893
f 5951 5953 5955
f 5951 5955 5957
f 5785 5878 5786
f 5786 5879 5976
f 5976 5880 5977
f 5977 5881 5978
f 5978 5881 5979
f 5976 5879 5880
f 5977 5880 5883
f 5977 5882 5881
f 5977 5883 5882
f 5978 5982 5981
f 5978 5981 5980
f 5978 5979 5982
f 2274 2382 3186
f 2520 2278 2274
f 2520 2274 3186
f 2275 2382 2274
f 2275 2276 2396
f 2275 2274 2277
f 2520 2513 2278
f 2274 2278 2277
f 2279 2396 2276
f 2275 2277 2276
f 2404 3397 3260
f 2649 2386 2282
f 2283 2921 2282
f 2283 2282 2387
f 2283 2388 2287
f 2288 2287 2389
f 2283 2922 2921
f 2284 2922 2287
f 2284 2288 2285
f 2784 2285 2286
f 2286 2285 2289
f 2286 2290 2292
f 2283 2287 2922
f 2284 2287 2288
f 2285 2288 2289
f 2421 2290 2289
f 2420 2289 2288
f 2286 2289 2290
f 2290 2291 2292
f 2423 2291 2290
f 2785 2286 2292
f 2786 2293 2790
f 2786 2292 2293
f 2790 2293 2294
f 2291 2293 2292
f 2293 2296 2294
f 2790 2294 2791
f 2791 2294 2295
f 2791 2295 4540
f 2295 4267 4540
f 2294 2297 2295
f 2295 2298 4267
f 2294 2296 2297
f 2291 2296 2293
f 2424 2296 2291
f 2436 2297 2296
f 2295 2297 2298
f 2298 4272 4267
f 2437 2298 2297
f 2435 4272 2298
f 2381 3178 2382
f 2385 2387 2386
f 2381 2383 2386
f 2382 3178 3186
f 2275 2383 2382
f 2383 2396 2385
f 2383 2385 2386
f 2381 2382 2383
f 2385 2384 2387
f 2397 2384 2385
f 2391 2384 2398
f 2649 2381 2386
f 2282 2386 2387
f 2391 2389 2388
f 2384 2388 2387
f 2420 2288 2389
f 2283 2387 2388
f 2287 2388 2389
f 2392 2420 2389
f 2392 2408 2390
f 2390 2409 2427
f 2391 2388 2384
f 2392 2389 2391
f 2392 2391 2395
f 3215 2393 2411
f 2392 2390 2420
f 2394 2393 3266
f 2394 2412 2393
f 2394 2430 2413
f 2414 2430 2431
f 2395 2398 2401
f 2395 2403 2408
f 2397 2385 2396
f 2275 2396 2383
f 2279 2397 2396
f 2397 2400 2398
f 2397 2398 2384
f 2391 2398 2395
f 2399 2404 3259
f 2407 2411 2412
f 2399 2411 2405
f 2398 2400 2401
f 2395 2401 2403
f 2402 2408 2403
f 2279 2400 2397
f 2404 3260 3259
f 2405 3398 2404
f 2405 2407 3619
f 2405 2411 2407
f 2399 2405 2404
f 2407 2412 2406
f 2407 2406 3620
f 2418 3621 2406
f 2392 2395 2408
f 2402 2409 2408
f 2390 2408 2409
f 2410 2427 2409
f 2410 2416 2451
f 2410 2409 2415
f 3215 2411 2399
f 2393 2412 2411
f 2418 2413 2414
f 2406 2412 2413
f 2454 2414 2431
f 2394 2413 2412
f 2413 2430 2414
f 2419 2414 2454
f 2402 2415 2409
f 2410 2415 2416
f 2419 2417 3629
f 2417 2460 3630
f 2418 2406 2413
f 2419 2418 2414
f 2419 3618 2418
f 2419 2454 2417
f 2424 2429 2436
f 2420 2421 2289
f 2390 2421 2420
f 2421 2427 2423
f 2421 2423 2290
f 2423 2424 2291
f 2423 2428 2424
f 2426 2425 3270
f 2423 2427 2428
f 2410 2428 2427
f 2428 2451 2429
f 2424 2428 2429
f 2429 2442 2436
f 2429 2452 2442
f 2390 2427 2421
f 2394 3266 3267
f 2422 2430 3267
f 2394 3267 2430
f 2422 2431 2430
f 2422 2425 2431
f 2425 2432 2431
f 2455 2432 2433
f 2454 2431 2432
f 2426 2432 2425
f 2426 2433 2432
f 2426 2438 2433
f 2433 2438 2434
f 2456 2433 2434
f 2436 2442 2437
f 2437 2443 2435
f 2435 2444 4378
f 2424 2436 2296
f 2436 2437 2297
f 2439 3272 3273
f 2426 3271 2438
f 2438 3272 2439
f 2439 3273 2440
f 2437 2435 2298
f 2435 4378 4272
f 2440 3273 3274
f 2441 3274 5101
f 2440 3274 2441
f 2441 5101 4380
f 2437 2442 2443
f 2442 2453 2443
f 2443 2463 2444
f 2435 2443 2444
f 2444 4387 4378
f 2444 2464 4387
f 2440 2446 2445
f 2434 2438 2439
f 2434 2439 2445
f 2439 2440 2445
f 2457 2434 2445
f 2466 2445 2446
f 2441 2447 2446
f 2447 4380 4391
f 2440 2441 2446
f 2441 4380 2447
f 2467 2446 2447
f 2465 2447 4391
f 2410 2451 2428
f 2451 2458 2452
f 2442 2452 2453
f 2429 2451 2452
f 2452 2459 2453
f 2457 2466 2462
f 2454 2432 2455
f 2417 2454 2455
f 2455 2456 2460
f 2455 2433 2456
f 2456 2434 2457
f 2456 2457 2461
f 2416 2458 2451
f 2452 2458 2459
f 2456 2461 2460
f 2460 2461 3631
f 2461 2462 3706
f 2453 2459 2448
f 2457 2462 2461
f 2462 2466 2468
f 2462 2468 3707
f 2417 2455 2460
f 2443 2453 2463
f 2453 2448 2463
f 2463 2449 2464
f 2466 2467 2468
f 2467 2465 2469
f 2444 2463 2464
f 2464 4413 4387
f 2464 2450 4413
f 2465 4415 2470
f 2457 2445 2466
f 2466 2446 2467
f 2467 2447 2465
f 2465 4391 4415
f 2448 2449 2463
f 2464 2449 2450
f 2467 2469 2468
f 2468 2469 3708
f 2469 2470 3711
f 2450 4409 4413
f 2465 2470 2469
f 2470 4415 4420
f 2470 4420 3712
f 2476 2638 2640
f 2489 2641 2668
f 2477 2640 2641
f 2488 2668 2669
f 2669 2670 2490
f 2491 2670 2671
f 2492 2671 2672
f 2493 2672 2673
f 2482 2484 2507
f 2484 2485 2508
f 2485 2486 2509
f 2473 2472 2478
f 2481 3177 2473
f 2475 2476 2484
f 2476 2477 2485
f 2477 2489 2486
f 2472 2639 2474
f 2474 2637 2475
f 2475 2638 2476
f 2476 2640 2477
f 2477 2641 2489
f 2472 2474 2483
f 2474 2475 2482
f 2472 2483 2478
f 2478 2483 2505
f 2481 2478 2504
f 2479 2481 2519
f 2480 3175 2479
f 2481 2473 2478
f 2479 3177 2481
f 2480 2479 2518
f 2480 2520 3186
f 2474 2482 2483
f 2475 2484 2482
f 2476 2485 2484
f 2477 2486 2485
f 2483 2482 2506
f 2525 3195 3193
f 2551 3228 3196
f 2526 3196 3195
f 2487 2536 2486
f 2487 2497 2537
f 2497 2498 2538
f 2498 2499 2539
f 2499 2500 2540
f 2487 2489 2488
f 2488 2490 2497
f 2490 2491 2498
f 2491 2492 2499
f 2488 2489 2668
f 2488 2669 2490
f 2490 2670 2491
f 2491 2671 2492
f 2492 2672 2493
f 2492 2493 2500
f 2493 2673 2494
f 2494 2674 2495
f 2493 2494 2501
f 2494 2495 2502
f 2495 2496 2503
f 2496 3223 2567
f 2487 2486 2489
f 2487 2488 2497
f 2490 2498 2497
f 2491 2499 2498
f 2492 2500 2499
f 2550 3229 3228
f 3229 2552 3230
f 2553 3231 3230
f 2554 3232 3231
f 2556 3233 3232
f 2493 2501 2500
f 2494 2502 2501
f 2500 2501 2541
f 2501 2502 2542
f 2502 2503 2555
f 2495 2503 2502
f 2496 2567 2503
f 2512 2518 2519
f 2504 2505 2511
f 2504 2510 2519
f 2506 2507 2515
f 2507 2508 2516
f 2508 2509 2517
f 2483 2506 2505
f 2482 2507 2506
f 2484 2508 2507
f 2485 2509 2508
f 2505 2506 2514
f 2505 2514 2511
f 2512 2519 2510
f 2513 2518 2512
f 2504 2511 2510
f 2506 2515 2514
f 2507 2516 2515
f 2508 2517 2516
f 2531 3999 2533
f 2533 4000 2534
f 2534 4001 2535
f 2479 2519 2518
f 2481 2504 2519
f 2504 2478 2505
f 2520 2518 2513
f 2480 2518 2520
f 2522 2527 2521
f 2530 2522 3258
f 2524 2533 2525
f 2525 2534 2526
f 2526 2535 2551
f 2521 2523 3194
f 2523 2524 3192
f 2524 2525 3193
f 2525 2526 3195
f 2526 2551 3196
f 2521 2532 2523
f 2523 2531 2524
f 2521 2527 2532
f 2527 3997 2532
f 2530 3996 2527
f 2528 4012 2530
f 2529 2528 3256
f 2530 2527 2522
f 2528 2530 3258
f 2529 4011 2528
f 2529 3260 4013
f 2523 2532 2531
f 2524 2531 2533
f 2525 2533 2534
f 2526 2534 2535
f 2532 3998 2531
f 2471 2509 2536
f 2536 2537 2543
f 2537 2538 2544
f 2538 2539 2546
f 2486 2536 2509
f 2487 2537 2536
f 2497 2538 2537
f 2498 2539 2538
f 2539 2540 2547
f 2499 2540 2539
f 2500 2541 2540
f 2501 2542 2541
f 2540 2541 2548
f 2541 2542 2549
f 2542 2555 2569
f 2471 2517 2509
f 2471 2536 2543
f 2537 2544 2543
f 2538 2546 2544
f 2545 2535 4014
f 2545 4015 2560
f 2560 4016 2561
f 2561 4017 2562
f 2539 2547 2546
f 2540 2548 2547
f 2541 2549 2548
f 2542 2569 2549
f 2562 4018 2563
f 2545 2550 2551
f 2550 2560 2552
f 2552 2561 2553
f 2553 2562 2554
f 2550 3228 2551
f 2550 2552 3229
f 2552 2553 3230
f 2553 2554 3231
f 2554 2556 3232
f 2502 2555 2542
f 2554 2563 2556
f 2556 2557 3233
f 2557 2558 3234
f 2556 2564 2557
f 2557 2565 2558
f 2558 2566 2559
f 2559 2577 3261
f 2545 2551 2535
f 2545 2560 2550
f 2552 2560 2561
f 2553 2561 2562
f 2554 2562 2563
f 2556 2563 2564
f 2557 2564 2565
f 2563 4019 2564
f 2564 4020 2565
f 2565 4027 2566
f 2558 2565 2566
f 2559 2566 2577
f 2503 2567 2571
f 2567 3223 2568
f 2567 2568 2572
f 2568 3281 2573
f 2569 2555 2570
f 2503 2571 2555
f 2567 2572 2571
f 2570 2555 2571
f 2571 2572 2575
f 2572 2573 2576
f 2568 2573 2572
f 2573 3281 2574
f 2573 2574 2579
f 2574 3305 2580
f 2570 2571 2575
f 2572 2576 2575
f 2573 2579 2576
f 2566 4040 2577
f 2577 2578 3261
f 2577 4041 2578
f 2578 4042 3309
f 2574 2580 2579
f 3305 3313 2580
f 2582 2728 2581
f 2583 2716 2582
f 2584 2594 2588
f 2586 2593 2584
f 2587 2596 2589
f 2589 2597 2590
f 2588 2595 2587
f 2588 2594 2595
f 2587 2595 2596
f 2590 2597 2598
f 2589 2596 2597
f 2592 2702 2593
f 2596 2700 2597
f 2597 2701 2598
f 2594 2698 2595
f 2595 2699 2596
f 2595 2698 2699
f 2593 2697 2594
f 2598 2701 2793
f 2596 2699 2700
f 2597 2700 2701
f 2585 2592 2586
f 2585 2599 2591
f 2585 2591 2592
f 2581 2729 2599
f 2584 2593 2594
f 2586 2592 2593
f 2599 2729 2591
f 2581 2728 2729
f 2590 2598 2602
f 2600 2602 2608
f 2600 2601 2603
f 2603 2609 2604
f 2602 2598 2608
f 2600 2608 2601
f 2601 2609 2603
f 2604 2609 2610
f 2604 2610 2605
f 2611 2606 2605
f 2610 2611 2605
f 2611 2612 2606
f 2606 2612 2607
f 2607 2613 2615
f 2607 2612 2613
f 2598 2793 2608
f 2601 2608 2794
f 2601 2795 2609
f 2609 2796 2610
f 2610 2797 2611
f 2608 2793 2794
f 2601 2794 2795
f 2795 2796 2609
f 2610 2796 2797
f 2611 2798 2612
f 2611 2797 2798
f 2612 2799 2613
f 2612 2798 2799
f 2613 2799 2800
f 2613 2800 2614
f 2614 2801 2618
f 2614 2800 2801
f 2613 2614 2615
f 2614 2616 2615
f 2616 2618 2617
f 2618 2802 2619
f 2614 2618 2616
f 2617 2618 2619
f 2617 2619 2621
f 2620 2622 2621
f 2619 2620 2621
f 2620 2826 2622
f 2623 2826 2827
f 2622 2826 2623
f 2623 2827 2624
f 2635 2642 2643
f 2636 2643 2625
f 2626 2629 2638
f 2629 2630 2640
f 2631 2658 2668
f 2630 2631 2641
f 2586 2628 2627
f 2584 2626 2628
f 2589 2631 2630
f 2590 2658 2631
f 2588 2587 2629
f 2587 2589 2630
f 2589 2590 2631
f 2588 2629 2626
f 2587 2630 2629
f 2625 2627 2632
f 2627 2628 2639
f 2628 2626 2637
f 2635 2636 3177
f 2473 2636 2632
f 2636 2625 2632
f 2635 2643 2636
f 2633 2642 2635
f 2634 2633 3176
f 2634 3178 2648
f 2633 2635 3175
f 2628 2637 2639
f 2626 2638 2637
f 2630 2641 2640
f 2631 2668 2641
f 2638 2629 2640
f 2474 2639 2637
f 2472 2632 2639
f 2475 2637 2638
f 2627 2639 2632
f 2599 2625 2643
f 2581 2599 2643
f 2644 2582 2642
f 2642 2581 2643
f 2634 2645 2644
f 2646 2645 2648
f 2633 2644 2642
f 2646 2721 2645
f 2646 2722 2721
f 2647 2722 2646
f 2583 2582 2644
f 2642 2582 2581
f 2583 2644 2645
f 2583 2645 2721
f 2649 2647 2646
f 2282 2921 2647
f 2585 2586 2627
f 2586 2584 2628
f 2584 2588 2626
f 2585 2627 2625
f 2585 2625 2599
f 2634 2644 2633
f 2634 2648 2645
f 2649 2646 2648
f 2649 2648 2381
f 2649 2282 2647
f 2947 3201 3200
f 2932 3202 3201
f 2653 3206 3210
f 2652 3208 3206
f 2655 3209 3211
f 2656 3211 3212
f 2653 3210 2654
f 2654 3209 2655
f 2656 3212 2657
f 2655 3211 2656
f 2654 3210 3209
f 2651 2652 2946
f 2655 2656 2944
f 2656 2657 2945
f 2654 2943 2942
f 2657 3026 2945
f 2655 2944 2943
f 2656 2945 2944
f 2653 2654 2942
f 2654 2655 2943
f 2652 2653 2941
f 2650 3207 2651
f 2652 3206 2653
f 2651 3208 2652
f 2651 3207 3208
f 2650 3213 3207
f 2948 3200 3213
f 2650 2948 3213
f 2947 3200 2948
f 2658 2659 2669
f 2659 2660 2670
f 2660 2661 2671
f 2661 2662 2672
f 2662 2663 2673
f 2602 2659 2658
f 2600 2660 2659
f 2603 2661 2660
f 2590 2602 2658
f 2600 2659 2602
f 2600 2603 2660
f 2603 2604 2661
f 2604 2662 2661
f 2605 2663 2662
f 2604 2605 2662
f 2605 2606 2663
f 2606 2607 2664
f 2606 2664 2663
f 2607 2665 2664
f 2615 2666 2665
f 2663 2664 2674
f 2664 2665 2675
f 2665 2666 2676
f 2666 2667 2677
f 2667 2680 2678
f 2658 2669 2668
f 2659 2670 2669
f 2660 2671 2670
f 2661 2672 2671
f 2662 2673 2672
f 2663 2674 2673
f 2664 2675 2674
f 2665 2676 2675
f 2494 2673 2674
f 2495 2674 2675
f 2496 2675 2676
f 2676 2677 3223
f 2677 2678 3277
f 2666 2677 2676
f 2667 2678 2677
f 2680 2679 2678
f 2607 2615 2665
f 2615 2616 2666
f 2616 2617 2667
f 2616 2667 2666
f 2617 2680 2667
f 2617 2621 2680
f 2621 2622 2681
f 2621 2681 2680
f 2622 2682 2681
f 2680 2681 2679
f 3137 2681 2682
f 2622 2623 2682
f 2623 2624 3138
f 2623 3138 2682
f 2624 3139 3138
f 2624 2831 3139
f 2657 3212 3240
f 2684 3240 3216
f 2683 3216 3241
f 2685 3241 3242
f 2657 3240 2684
f 2683 2684 3216
f 2683 3241 2685
f 2685 3242 2686
f 2686 3242 3243
f 2687 3243 3244
f 2686 3243 2687
f 2687 3244 2688
f 2688 3245 2689
f 2688 3244 3245
f 2689 3245 3246
f 2657 2684 3026
f 2683 3027 2684
f 2683 2685 3028
f 2685 2686 3029
f 2686 2687 3030
f 2684 3027 3026
f 2683 3028 3027
f 3028 2685 3029
f 2686 3030 3029
f 2687 2688 3031
f 2687 3031 3030
f 2688 3032 3031
f 2689 3033 3032
f 2690 3034 3033
f 2688 2689 3032
f 2689 2690 3033
f 2690 2691 3034
f 2689 3246 2690
f 2679 2681 3137
f 2690 3246 3247
f 2691 3247 3248
f 2691 2692 3035
f 2690 3247 2691
f 2691 3248 2692
f 2692 3248 3252
f 2693 3252 3253
f 2692 3252 2693
f 2693 3253 3040
f 3040 3254 3041
f 3040 3253 3254
f 3041 3254 3255
f 2700 2707 2701
f 2697 2704 2698
f 2698 2704 2706
f 2702 2705 2697
f 2694 2711 2702
f 2701 2707 2804
f 2698 2706 2699
f 2699 2708 2700
f 2699 2706 2708
f 2700 2708 2707
f 2708 2744 2707
f 2705 2711 2748
f 2710 2750 2709
f 2709 2749 2711
f 2704 2745 2706
f 2705 2747 2704
f 2706 2746 2708
f 2704 2747 2745
f 2706 2745 2746
f 2708 2746 2744
f 2707 2744 2836
f 2695 2709 2694
f 2696 2710 2695
f 2695 2710 2709
f 2696 2712 2703
f 2713 2714 2738
f 2715 2740 2714
f 2703 2712 2739
f 2696 2703 2710
f 2713 2739 2712
f 2713 2738 2739
f 2702 2711 2705
f 2697 2705 2704
f 2694 2709 2711
f 2713 2716 2717
f 2583 2721 2717
f 2722 2718 2721
f 2582 2716 2728
f 2583 2717 2716
f 2722 2719 2723
f 2722 2723 2718
f 2721 2718 2717
f 2714 2717 2718
f 2715 2714 2718
f 2723 2715 2718
f 2724 2725 2731
f 2723 2730 2715
f 2724 2730 2723
f 2724 2731 2730
f 2720 2724 2719
f 2720 2726 2725
f 2726 2782 2725
f 2727 2782 2726
f 2719 2724 2723
f 2720 2725 2724
f 2591 2729 2695
f 2696 2729 2728
f 2591 2694 2592
f 2591 2695 2694
f 2592 2694 2702
f 2712 2728 2716
f 2713 2712 2716
f 2696 2728 2712
f 2696 2695 2729
f 2594 2697 2698
f 2593 2702 2697
f 2713 2717 2714
f 2732 2733 2755
f 2733 2734 2756
f 2734 2735 2757
f 2735 2736 2758
f 2736 2737 2759
f 2737 4482 4490
f 2738 2753 2739
f 2738 2740 2754
f 2741 2760 2740
f 2741 2761 2760
f 2742 2762 2743
f 2741 2743 2761
f 2745 2858 2746
f 2711 2749 2748
f 2709 2750 2749
f 2703 2751 2710
f 2703 2739 2752
f 2703 2752 2751
f 2739 2753 2752
f 2710 2751 2750
f 2705 2748 2747
f 2749 2861 2748
f 2750 2765 2749
f 2748 2859 2747
f 2747 2860 2745
f 2747 2859 2860
f 2749 2765 2861
f 2748 2861 2859
f 2752 2767 2751
f 2750 2751 2766
f 2752 2753 2769
f 2738 2754 2753
f 2740 2760 2754
f 2715 2741 2740
f 2715 2730 2741
f 2730 2743 2741
f 2731 2743 2730
f 2714 2740 2738
f 2731 2742 2743
f 2731 2732 2742
f 2732 2755 2742
f 2733 2756 2755
f 2743 2762 2761
f 2742 2763 2762
f 2742 2755 2763
f 2756 2764 2755
f 2755 2764 2763
f 2756 2770 2764
f 2756 2757 2770
f 2757 2771 2770
f 2758 2772 2771
f 2757 2758 2771
f 2759 4496 2772
f 2758 2759 2772
f 2759 4490 4496
f 2754 2768 2753
f 2754 2760 2774
f 2761 2773 2760
f 2761 2762 2775
f 2762 2763 2776
f 2752 2769 2767
f 2753 2768 2769
f 2750 2766 2765
f 2751 2767 2766
f 2760 2773 2774
f 2754 2774 2768
f 2761 2775 2773
f 2763 2764 2777
f 2764 2770 2778
f 2770 2771 2779
f 2771 2780 2779
f 2772 4500 2780
f 2771 2772 2780
f 2772 4496 4500
f 2762 2776 2775
f 2763 2777 2776
f 2764 2778 2777
f 2770 2779 2778
f 2776 2777 4586
f 2777 2778 4586
f 2778 2779 4586
f 2779 2780 4586
f 2780 4500 4586
f 2734 2757 2756
f 2735 2758 2757
f 2736 2759 2758
f 2737 4490 2759
f 2725 2782 2732
f 2782 2783 2733
f 2725 2732 2731
f 2782 2733 2732
f 2783 2734 2733
f 2783 2781 2734
f 2781 2735 2734
f 2781 2787 2735
f 2727 2783 2782
f 2727 2784 2783
f 2784 2781 2783
f 2785 2781 2784
f 2785 2786 2787
f 2785 2787 2781
f 2787 2736 2735
f 2787 2788 2736
f 2788 2737 2736
f 2788 2789 2737
f 2789 4482 2737
f 2789 4536 4482
f 2786 2790 2788
f 2790 2791 2789
f 2786 2788 2787
f 2790 2789 2788
f 2791 4540 4536
f 2791 4536 2789
f 2793 2805 2794
f 2701 2804 2793
f 2794 2806 2795
f 2792 2796 2795
f 2796 2807 2797
f 2797 2808 2798
f 2793 2804 2805
f 2794 2805 2806
f 2792 2795 2806
f 2792 2807 2796
f 2797 2807 2808
f 2798 2808 2809
f 2798 2809 2799
f 2810 2800 2799
f 2811 2801 2800
f 2809 2810 2799
f 2810 2811 2800
f 2811 2812 2801
f 2802 2812 2813
f 2801 2812 2802
f 2802 2813 2803
f 2803 2814 2819
f 2804 2837 2805
f 2707 2836 2804
f 2805 2838 2806
f 2792 2806 2839
f 2792 2840 2807
f 2807 2841 2808
f 2808 2842 2809
f 2809 2843 2810
f 2810 2844 2811
f 2804 2836 2837
f 2805 2837 2838
f 2806 2838 2839
f 2792 2839 2840
f 2840 2841 2807
f 2808 2841 2842
f 2809 2842 2843
f 2810 2843 2844
f 2811 2844 2845
f 2811 2845 2812
f 2812 2846 2813
f 2813 2847 2814
f 2814 2848 2815
f 2812 2845 2846
f 2813 2846 2847
f 2814 2847 2848
f 2815 2849 2816
f 2816 2850 2817
f 2803 2813 2814
f 2814 2815 2819
f 2815 2820 2819
f 2815 2816 2820
f 2816 2821 2820
f 2816 2817 2821
f 2817 2822 2821
f 2818 2823 2822
f 2817 2818 2822
f 2823 2898 2824
f 2818 2898 2823
f 2824 2898 2899
f 2824 2899 2825
f 2618 2801 2802
f 2619 2802 2803
f 2619 2803 2620
f 2620 2819 2826
f 2620 2803 2819
f 2820 2827 2826
f 2819 2820 2826
f 2820 2821 2827
f 2821 2828 2827
f 2821 2822 2828
f 2822 2829 2828
f 2827 2828 2624
f 2828 2831 2624
f 2828 2829 2831
f 2829 2832 2831
f 2829 2830 2832
f 2830 3145 2832
f 2830 2833 3145
f 3145 2833 3146
f 2822 2823 2829
f 2823 2824 2830
f 2823 2830 2829
f 2824 2833 2830
f 2825 2834 2833
f 2824 2825 2833
f 2825 2904 2834
f 2904 2835 2834
f 2833 2834 3146
f 2834 2835 3147
f 2835 2917 3148
f 2744 2856 2836
f 2746 2857 2744
f 2836 2862 2837
f 2837 2863 2838
f 2838 2864 2839
f 2839 2865 2840
f 2840 2866 2841
f 2841 2867 2842
f 2842 2868 2843
f 2843 2869 2844
f 2844 2870 2845
f 2845 2871 2846
f 2846 2872 2847
f 2744 2857 2856
f 2836 2856 2862
f 2838 2863 2864
f 2837 2862 2863
f 2839 2864 2865
f 2840 2865 2866
f 2746 2858 2857
f 2745 2860 2858
f 2866 2867 2841
f 2842 2867 2868
f 2843 2868 2869
f 2844 2869 2870
f 2845 2870 2871
f 2846 2871 2872
f 2847 2872 2873
f 2848 2873 2874
f 2874 2875 2849
f 2815 2848 2849
f 2816 2849 2850
f 2817 2850 2851
f 2817 2851 2818
f 2852 2898 2818
f 2851 2852 2818
f 2852 2853 2898
f 2853 2899 2898
f 2847 2873 2848
f 2848 2874 2849
f 2875 2850 2849
f 2876 2851 2850
f 2875 2876 2850
f 2876 2877 2851
f 2877 2852 2851
f 2878 2853 2852
f 2879 2854 2853
f 2853 2854 2899
f 2854 2855 2900
f 2855 2882 2901
f 2882 2883 2902
f 2859 4586 2860
f 2860 4586 2858
f 2861 4586 2859
f 2765 4586 2861
f 2856 4586 2862
f 2862 4586 2863
f 2863 4586 2864
f 2864 4586 2865
f 2865 4586 2866
f 2866 4586 2867
f 2858 4586 2857
f 2857 4586 2856
f 4586 2868 2867
f 4586 2869 2868
f 4586 2870 2869
f 4586 2871 2870
f 4586 2872 2871
f 4586 2873 2872
f 4586 2874 2873
f 4586 2875 2874
f 4586 2876 2875
f 4586 2877 2876
f 2767 4586 2766
f 2767 2769 4586
f 2768 4586 2769
f 2765 2766 4586
f 2768 2774 4586
f 2773 4586 2774
f 2773 2775 4586
f 2775 2776 4586
f 4586 2878 2877
f 4586 2879 2878
f 4586 2880 2879
f 4586 2881 2880
f 4586 2887 2881
f 4586 2888 2887
f 4586 2889 2888
f 4586 2890 2889
f 4586 2891 2890
f 4586 2892 2891
f 4586 2893 2892
f 4586 2894 2893
f 4586 4610 2894
f 2877 2878 2852
f 2878 2879 2853
f 2879 2880 2854
f 2880 2881 2855
f 2880 2855 2854
f 2881 2882 2855
f 2881 2887 2882
f 2887 2888 2883
f 2888 2889 2884
f 2887 2883 2882
f 2888 2884 2883
f 2889 2885 2884
f 2883 2884 2903
f 2889 2890 2885
f 2890 2891 2886
f 2891 2892 2895
f 2892 2893 2896
f 2893 2894 2897
f 2894 4610 4618
f 2890 2886 2885
f 2891 2895 2886
f 2892 2896 2895
f 2893 2897 2896
f 2894 4618 2897
f 2854 2900 2899
f 2855 2901 2900
f 2882 2902 2901
f 2883 2903 2902
f 2825 2899 2900
f 2825 2900 2904
f 2901 2905 2904
f 2900 2901 2904
f 2901 2902 2905
f 2902 2906 2905
f 2902 2903 2906
f 2903 2907 2906
f 2903 2909 2907
f 2909 2908 2907
f 2884 2885 2909
f 2884 2909 2903
f 2885 2910 2909
f 2885 2886 2910
f 2886 2911 2910
f 2886 2895 2911
f 2895 2896 2912
f 2895 2912 2911
f 2896 2913 2912
f 2896 2897 2913
f 2897 4618 4650
f 2897 4650 2913
f 2909 2910 2908
f 2910 2911 2914
f 2911 2912 2915
f 2912 2913 2916
f 2913 4650 4656
f 2910 2914 2908
f 2911 2915 2914
f 2912 2916 2915
f 2913 4656 2916
f 2904 2905 2835
f 2905 2906 2917
f 2905 2917 2835
f 2906 2918 2917
f 2906 2907 2918
f 2907 2908 2919
f 2907 2919 2918
f 2908 2920 2919
f 2908 2914 2920
f 2914 3152 2920
f 2914 2915 3152
f 2915 3153 3152
f 2915 2916 3153
f 2916 4656 5058
f 2916 5058 3153
f 2647 2719 2722
f 2647 2921 2719
f 2720 2922 2726
f 2720 2719 2921
f 2720 2921 2922
f 2726 2922 2284
f 2727 2726 2284
f 2727 2284 2285
f 2727 2285 2784
f 2927 2944 2945
f 2924 2941 2942
f 2924 2942 2926
f 2946 2941 2925
f 2938 2946 2931
f 2927 2945 3011
f 2926 2942 2943
f 2928 2943 2944
f 2926 2943 2928
f 2928 2944 2927
f 2924 2954 2956
f 2926 2955 2954
f 2928 2953 2955
f 2927 3052 2953
f 2939 2938 2929
f 2940 2939 2930
f 2939 2929 2930
f 2923 2949 2940
f 2950 2964 2951
f 2952 2951 2966
f 2923 2965 2949
f 2923 2940 2930
f 2950 2949 2965
f 2950 2965 2964
f 2928 2927 2953
f 2946 2925 2931
f 2925 2941 2924
f 2938 2931 2929
f 2925 2957 2931
f 2930 2929 2959
f 2929 2931 2958
f 2924 2926 2954
f 2925 2924 2956
f 2926 2928 2955
f 2932 2950 2933
f 2932 3201 2947
f 2932 2933 3202
f 2933 3264 3202
f 2934 3265 3264
f 2935 3265 2934
f 2933 2934 3264
f 2935 3262 3265
f 2934 2951 2952
f 2933 2951 2934
f 2935 2934 2952
f 2935 2952 2996
f 2936 2996 2997
f 2936 2997 2937
f 2936 2935 2996
f 2936 3263 3262
f 2937 3268 3263
f 2937 3002 3268
f 3002 3269 3268
f 2936 3262 2935
f 2936 2937 3263
f 2650 2938 2939
f 2651 2946 2938
f 2650 2939 2948
f 2947 2948 2940
f 2650 2651 2938
f 2932 2949 2950
f 2947 2940 2949
f 2948 2939 2940
f 2932 2947 2949
f 2653 2942 2941
f 2652 2941 2946
f 2933 2950 2951
f 2785 2784 2286
f 2785 2292 2786
f 2991 2999 2998
f 2992 3000 2999
f 2993 3004 3000
f 2994 3005 3004
f 2995 3006 3005
f 3006 4741 4765
f 2967 2975 2976
f 2931 2957 2958
f 2929 2958 2959
f 2923 2960 2961
f 2965 2961 2962
f 2930 2959 2960
f 2925 2956 2957
f 2954 2955 3074
f 2964 2962 2963
f 2966 2963 2975
f 2958 2957 3077
f 2959 2958 2970
f 2957 2956 3075
f 2956 2954 3076
f 2961 2960 2972
f 2959 2971 2960
f 2961 2974 2962
f 2956 3076 3075
f 2958 3077 2970
f 2957 3075 3077
f 2964 2965 2962
f 2964 2963 2966
f 2952 2966 2967
f 2952 2967 2996
f 2967 2969 2996
f 2969 2997 2996
f 2951 2964 2966
f 2967 2966 2975
f 2968 2969 2977
f 2967 2976 2969
f 2968 2997 2969
f 2968 2998 2997
f 2968 2991 2998
f 2992 2999 2991
f 2923 2930 2960
f 2923 2961 2965
f 2969 2976 2977
f 2968 2977 2978
f 2991 2978 2979
f 2992 2979 2988
f 2993 2988 2989
f 2994 2989 2990
f 2995 2990 4727
f 2963 2962 2973
f 2963 2981 2975
f 2976 2975 2980
f 2976 2982 2977
f 2977 2983 2978
f 2961 2972 2974
f 2962 2974 2973
f 2959 2970 2971
f 2960 2971 2972
f 2975 2981 2980
f 2963 2973 2981
f 2976 2980 2982
f 2983 4813 2984
f 2984 4813 2985
f 2985 4813 2986
f 2986 4813 2987
f 2987 4813 4719
f 2978 2984 2979
f 2979 2985 2988
f 2988 2986 2989
f 2989 2986 2987
f 2989 2987 2990
f 2990 2987 4719
f 2990 4719 4727
f 2977 2982 2983
f 2978 2983 2984
f 2979 2984 2985
f 2988 2985 2986
f 2968 2978 2991
f 2992 2991 2979
f 2992 2988 2993
f 2992 2993 3000
f 2993 2994 3004
f 2993 2989 2994
f 2994 2990 2995
f 2995 4727 4741
f 2994 2995 3005
f 2995 4741 3006
f 2937 2997 2998
f 3002 2998 2999
f 2937 2998 3002
f 3002 2999 3003
f 3003 2999 3000
f 3001 3000 3004
f 3003 3000 3001
f 3001 3004 3007
f 3002 3003 3269
f 3003 3001 3270
f 3003 3270 3269
f 3001 3271 3270
f 3001 3007 3271
f 3007 3272 3271
f 3007 3004 3005
f 3007 3005 3008
f 3008 3005 3006
f 3009 3006 4765
f 3008 3006 3009
f 3009 4765 4769
f 3007 3008 3272
f 3008 3009 3273
f 3008 3273 3272
f 3009 3274 3273
f 3009 4769 3274
f 3274 4769 5101
f 3012 3026 3027
f 3011 2945 3026
f 3013 3027 3028
f 3010 3028 3029
f 3014 3029 3030
f 3015 3030 3031
f 3011 3026 3012
f 3012 3027 3013
f 3010 3013 3028
f 3010 3029 3014
f 3014 3030 3015
f 3015 3031 3016
f 3016 3031 3032
f 3017 3032 3033
f 3018 3033 3034
f 3016 3032 3017
f 3017 3033 3018
f 3018 3034 3019
f 3019 3035 3020
f 3019 3034 3035
f 3020 3035 3036
f 3021 3036 3037
f 3011 3053 3052
f 3012 3054 3053
f 3013 3055 3054
f 3010 3056 3055
f 3056 3014 3057
f 3015 3058 3057
f 3016 3059 3058
f 3017 3060 3059
f 3018 3061 3060
f 3019 3062 3061
f 3020 3063 3062
f 3021 3064 3063
f 3011 3012 3053
f 2927 3011 3052
f 3012 3013 3054
f 3010 3055 3013
f 3010 3014 3056
f 3014 3015 3057
f 3015 3016 3058
f 3016 3017 3059
f 3017 3018 3060
f 3018 3019 3061
f 3020 3036 3021
f 3021 3037 3022
f 3022 3037 3038
f 3022 3038 3023
f 3019 3020 3062
f 3020 3021 3063
f 3021 3022 3064
f 3022 3023 3065
f 3023 3024 3066
f 3023 3038 3039
f 3023 3039 3024
f 3024 3039 3045
f 3025 3045 3046
f 3024 3045 3025
f 3046 3047 3114
f 3025 3046 3114
f 3047 3115 3114
f 3047 3048 3115
f 2691 3035 3034
f 2692 3036 3035
f 2693 3037 3036
f 2692 2693 3036
f 2693 3040 3037
f 3038 3040 3041
f 3037 3040 3038
f 3038 3041 3039
f 3039 3042 3045
f 3039 3041 3042
f 3045 3042 3043
f 3041 3255 3042
f 3042 3275 3043
f 3042 3255 3275
f 3043 3275 3276
f 3043 3276 3044
f 3044 3330 3049
f 3044 3276 3330
f 3049 3330 3331
f 3045 3043 3046
f 3044 3047 3046
f 3043 3044 3046
f 3044 3049 3047
f 3048 3049 3050
f 3047 3049 3048
f 3048 3050 3125
f 3125 3050 3051
f 3049 3331 3050
f 3050 3335 3051
f 3051 3336 3130
f 2953 3052 3072
f 2955 2953 3073
f 3052 3053 3078
f 3053 3054 3079
f 3054 3055 3080
f 3055 3056 3081
f 3056 3057 3082
f 3057 3058 3083
f 3058 3059 3084
f 3059 3060 3085
f 3060 3061 3086
f 3061 3062 3087
f 3062 3063 3088
f 2953 3072 3073
f 3052 3078 3072
f 3054 3080 3079
f 3053 3079 3078
f 3055 3081 3080
f 3056 3082 3081
f 2955 3073 3074
f 2954 3074 3076
f 3082 3057 3083
f 3058 3084 3083
f 3059 3085 3084
f 3060 3086 3085
f 3061 3087 3086
f 3062 3088 3087
f 3063 3089 3088
f 3064 3090 3089
f 3090 3065 3091
f 3022 3065 3064
f 3023 3066 3065
f 3024 3067 3066
f 3067 3025 3068
f 3068 3114 3069
f 3063 3064 3089
f 3064 3065 3090
f 3091 3065 3066
f 3092 3066 3067
f 3091 3066 3092
f 3092 3067 3093
f 3093 3067 3068
f 3094 3068 3069
f 3095 3069 3070
f 3069 3115 3070
f 3070 3116 3071
f 3071 3117 3098
f 3098 3118 3099
f 3024 3025 3067
f 3068 3025 3114
f 3069 3114 3115
f 3075 3076 4813
f 3076 3074 4813
f 3077 3075 4813
f 2970 3077 4813
f 3072 3078 4813
f 3078 3079 4813
f 3079 3080 4813
f 3080 3081 4813
f 3081 3082 4813
f 3082 3083 4813
f 3074 3073 4813
f 3073 3072 4813
f 4813 3083 3084
f 4813 3084 3085
f 4813 3085 3086
f 4813 3086 3087
f 4813 3087 3088
f 4813 3088 3089
f 4813 3089 3090
f 4813 3090 3091
f 4813 3091 3092
f 4813 3092 3093
f 2972 2971 4813
f 2972 4813 2974
f 2973 2974 4813
f 2970 4813 2971
f 2973 4813 2981
f 2980 2981 4813
f 2980 4813 2982
f 2982 4813 2983
f 4813 3093 3094
f 4813 3094 3095
f 4813 3095 3096
f 4813 3096 3097
f 4813 3097 3103
f 4813 3103 3104
f 4813 3104 3105
f 4813 3105 3106
f 4813 3106 3107
f 4813 3107 3108
f 4813 3108 3109
f 4813 3109 3110
f 4813 3110 4837
f 3093 3068 3094
f 3094 3069 3095
f 3095 3070 3096
f 3096 3071 3097
f 3096 3070 3071
f 3097 3071 3098
f 3097 3098 3103
f 3103 3099 3104
f 3104 3100 3105
f 3103 3098 3099
f 3099 3119 3100
f 3104 3099 3100
f 3105 3100 3101
f 3105 3101 3106
f 3106 3102 3107
f 3107 3111 3108
f 3108 3112 3109
f 3109 3113 3110
f 3110 4845 4837
f 3106 3101 3102
f 3107 3102 3111
f 3108 3111 3112
f 3109 3112 3113
f 3110 3113 4845
f 3070 3115 3116
f 3048 3116 3115
f 3048 3125 3116
f 3117 3125 3126
f 3116 3125 3117
f 3117 3126 3118
f 3118 3126 3127
f 3071 3116 3117
f 3098 3117 3118
f 3099 3118 3119
f 3118 3127 3119
f 3119 3127 3128
f 3119 3128 3120
f 3120 3128 3129
f 3100 3120 3101
f 3101 3121 3102
f 3102 3122 3111
f 3111 3123 3112
f 3112 3124 3113
f 3113 4877 4845
f 3100 3119 3120
f 3101 3120 3121
f 3102 3121 3122
f 3120 3129 3121
f 3121 3133 3122
f 3111 3122 3123
f 3112 3123 3124
f 3113 3124 4877
f 3122 3134 3123
f 3123 3135 3124
f 3124 4889 4877
f 3121 3129 3133
f 3122 3133 3134
f 3123 3134 3135
f 3124 3135 4889
f 3125 3051 3126
f 3126 3130 3127
f 3126 3051 3130
f 3127 3130 3131
f 3127 3131 3128
f 3128 3132 3129
f 3128 3131 3132
f 3129 3132 3136
f 3129 3136 3133
f 3133 3170 3134
f 3133 3136 3170
f 3134 3170 3171
f 3134 3171 3135
f 3135 5076 4889
f 3135 3171 5076
f 2678 2679 3278
f 2679 3137 3279
f 3137 3141 3280
f 2682 3138 3141
f 3139 2831 3140
f 3138 3139 3142
f 3139 3140 3143
f 3140 3156 3144
f 3137 2682 3141
f 3138 3142 3141
f 3141 3142 3287
f 3142 3143 3288
f 3139 3143 3142
f 3140 3144 3143
f 3144 3156 3161
f 3143 3144 3289
f 3144 3161 3293
f 2834 3147 3146
f 2835 3148 3147
f 3148 2917 3149
f 2917 2918 3149
f 2918 3150 3149
f 2918 2919 3150
f 2919 3151 3150
f 2919 2920 3151
f 2920 3152 3154
f 2920 3154 3151
f 3152 3155 3154
f 3152 3153 3155
f 3153 5058 5061
f 3153 5061 3155
f 3140 2831 2832
f 2832 3145 3156
f 3140 2832 3156
f 3145 3157 3156
f 3145 3146 3157
f 3146 3158 3157
f 3156 3157 3161
f 3157 3158 3162
f 3146 3147 3158
f 3147 3148 3159
f 3147 3159 3158
f 3148 3149 3160
f 3148 3160 3159
f 3158 3159 3163
f 3159 3160 3164
f 3160 3166 3165
f 3157 3162 3161
f 3158 3163 3162
f 3161 3162 3339
f 3162 3163 3340
f 3159 3164 3163
f 3160 3165 3164
f 3050 3331 3335
f 3051 3335 3336
f 3130 3336 3351
f 3163 3164 3341
f 3164 3165 3342
f 3149 3150 3166
f 3150 3151 3167
f 3149 3166 3160
f 3150 3167 3166
f 3151 3168 3167
f 3166 3167 3172
f 3167 3168 3173
f 3151 3154 3168
f 3154 3155 3169
f 3154 3169 3168
f 3155 5061 5072
f 3155 5072 3169
f 3168 3169 3174
f 3169 5072 5079
f 3165 3166 3172
f 3167 3173 3172
f 3130 3351 3131
f 3131 3351 3352
f 3131 3352 3132
f 3132 3353 3136
f 3132 3352 3353
f 3168 3174 3173
f 3169 5079 3174
f 3136 3356 3170
f 3136 3353 3356
f 3170 3356 3357
f 3170 3357 3171
f 3171 5203 5076
f 3171 3357 5203
f 3165 3172 3360
f 3172 3173 3361
f 3173 3174 3362
f 3174 5079 5214
f 2473 3177 2636
f 2473 2632 2472
f 2635 3177 3175
f 2479 3175 3177
f 2480 3176 3175
f 3186 3178 3176
f 2634 3176 3178
f 2633 3175 3176
f 2648 3178 2381
f 3183 3209 3210
f 3184 3211 3209
f 3185 3212 3211
f 3181 3182 3208
f 3182 3180 3206
f 3184 3185 3211
f 3185 3217 3212
f 3180 3183 3210
f 3183 3184 3209
f 2480 3186 3176
f 3190 3258 3191
f 2522 3187 3191
f 3191 3187 3179
f 3190 3198 3197
f 3191 3179 3198
f 3190 3191 3198
f 3188 3190 3197
f 3189 3257 3188
f 3189 3214 3259
f 3188 3256 3190
f 3180 3193 3183
f 3182 3194 3192
f 3180 3192 3193
f 3184 3195 3196
f 3185 3196 3228
f 3183 3195 3184
f 3185 3228 3217
f 3184 3196 3185
f 3193 3195 3183
f 2523 3192 3194
f 2521 3194 3187
f 2524 3193 3192
f 3179 3187 3181
f 3181 3194 3182
f 3182 3192 3180
f 3181 3187 3194
f 3198 3213 3200
f 3179 3213 3198
f 3199 3197 3201
f 3197 3198 3200
f 3204 3264 3265
f 3199 3201 3202
f 3197 3200 3201
f 3202 3264 3203
f 3204 3203 3264
f 3205 3204 3265
f 3199 3202 3203
f 3181 3208 3207
f 3182 3206 3208
f 3180 3210 3206
f 3179 3207 3213
f 3179 3181 3207
f 3189 3188 3199
f 3189 3203 3214
f 3189 3199 3203
f 3204 3214 3203
f 3215 3214 3204
f 3188 3197 3199
f 3215 2399 3214
f 3215 3204 3205
f 3215 3205 2393
f 2393 3205 3266
f 3217 3240 3212
f 3216 3240 3218
f 3216 3219 3241
f 3220 3242 3241
f 3221 3243 3242
f 3222 3244 3243
f 3244 3224 3245
f 3217 3218 3240
f 3216 3218 3219
f 3219 3220 3241
f 3220 3221 3242
f 3221 3222 3243
f 3222 3224 3244
f 2495 2675 2496
f 2496 2676 3223
f 2677 3277 3223
f 3245 3224 3225
f 3225 3226 3246
f 3217 3228 3229
f 3218 3229 3230
f 3219 3230 3231
f 3217 3229 3218
f 3218 3230 3219
f 3220 3231 3232
f 3219 3231 3220
f 3220 3232 3221
f 3221 3233 3222
f 3221 3232 3233
f 3222 3233 3234
f 3224 3234 3235
f 3225 3235 3236
f 2557 3234 3233
f 2558 3235 3234
f 2559 3236 3235
f 3236 3261 3237
f 3237 3301 3238
f 3222 3234 3224
f 3224 3235 3225
f 3225 3236 3226
f 3226 3236 3237
f 3227 3237 3238
f 3226 3237 3227
f 3227 3238 3249
f 3249 3238 3239
f 3245 3225 3246
f 3226 3247 3246
f 3227 3248 3247
f 3248 3249 3252
f 3252 3250 3253
f 3226 3227 3247
f 3227 3249 3248
f 3249 3250 3252
f 3253 3250 3251
f 3253 3251 3254
f 3254 3290 3255
f 3255 3291 3275
f 3254 3251 3290
f 3255 3290 3291
f 3249 3239 3250
f 3285 3251 3250
f 3239 3285 3250
f 2522 3191 3258
f 2522 2521 3187
f 3190 3256 3258
f 2528 3258 3256
f 2529 3256 3257
f 3260 3257 3259
f 3189 3259 3257
f 3188 3257 3256
f 3214 2399 3259
f 2529 3257 3260
f 2558 2559 3235
f 2559 3261 3236
f 3237 3261 3301
f 3205 3265 3262
f 3267 3263 3268
f 3263 3266 3262
f 3205 3262 3266
f 3267 3266 3263
f 2422 3267 3268
f 2422 3268 3269
f 2425 3269 3270
f 2422 3269 2425
f 2426 3270 3271
f 2438 3271 3272
f 2678 3278 3277
f 2568 3223 3277
f 3277 3278 3281
f 3278 3279 3282
f 2679 3279 3278
f 3137 3280 3279
f 3279 3280 3283
f 3280 3287 3284
f 2568 3277 3281
f 3278 3282 3281
f 3279 3283 3282
f 2574 3281 3282
f 3282 3283 3305
f 3280 3284 3283
f 3284 3287 3286
f 3238 3302 3239
f 3239 3303 3285
f 3285 3304 3294
f 3283 3284 3306
f 3284 3286 3307
f 3141 3287 3280
f 3142 3288 3287
f 3143 3289 3288
f 3286 3287 3288
f 3288 3289 3298
f 3144 3293 3289
f 3161 3339 3293
f 3291 3292 3275
f 3289 3293 3299
f 3293 3339 3300
f 3285 3294 3251
f 3251 3294 3290
f 3290 3294 3295
f 3294 3318 3295
f 3295 3319 3296
f 3290 3295 3291
f 3291 3296 3292
f 3291 3295 3296
f 3292 3296 3297
f 3292 3297 3332
f 3297 3343 3332
f 3296 3320 3297
f 3297 3322 3343
f 3286 3288 3298
f 3289 3299 3298
f 3286 3298 3308
f 3298 3299 3321
f 3293 3300 3299
f 3300 3339 3347
f 3299 3300 3323
f 3300 3347 3324
f 3238 3301 3302
f 2574 3282 3305
f 2578 3301 3261
f 3301 3309 3302
f 3302 3310 3303
f 3239 3302 3303
f 3285 3303 3304
f 3303 3311 3304
f 3304 3312 3318
f 3283 3306 3305
f 3305 3306 3313
f 3306 3307 3314
f 3284 3307 3306
f 3286 3308 3307
f 3307 3308 3316
f 2578 3309 3301
f 3302 3309 3310
f 3303 3310 3311
f 3309 4043 3310
f 3310 4173 3311
f 3304 3311 3312
f 3312 3315 3318
f 3311 4174 3312
f 3306 3314 3313
f 3307 3316 3314
f 3308 3317 3316
f 3312 4175 3315
f 3294 3304 3318
f 3295 3318 3319
f 3296 3319 3320
f 3315 3319 3318
f 3319 3325 3320
f 3297 3320 3322
f 3322 3369 3343
f 3298 3321 3308
f 3299 3323 3321
f 3308 3321 3317
f 3321 3323 3328
f 3300 3324 3323
f 3320 3326 3322
f 3322 3327 3369
f 3323 3324 3329
f 3315 3325 3319
f 3320 3325 3326
f 3321 3328 3317
f 3315 4176 3325
f 3325 4182 3326
f 3322 3326 3327
f 3327 3374 3369
f 3326 4183 3327
f 3327 4184 3374
f 3323 3329 3328
f 3324 3385 3329
f 3292 3276 3275
f 3276 3332 3330
f 3330 3333 3331
f 3292 3332 3276
f 3330 3332 3333
f 3331 3333 3334
f 3331 3334 3335
f 3335 3337 3336
f 3336 3338 3351
f 3335 3334 3337
f 3336 3337 3338
f 3162 3340 3339
f 3163 3341 3340
f 3339 3340 3347
f 3340 3341 3348
f 3164 3342 3341
f 3165 3360 3342
f 3341 3342 3349
f 3342 3360 3363
f 3332 3343 3333
f 3333 3343 3344
f 3333 3344 3334
f 3334 3344 3345
f 3343 3369 3344
f 3344 3370 3345
f 3334 3345 3337
f 3337 3346 3338
f 3337 3345 3346
f 3338 3350 3354
f 3338 3346 3350
f 3340 3348 3347
f 3347 3348 3371
f 3341 3349 3348
f 3342 3363 3349
f 3345 3372 3346
f 3346 3373 3350
f 3348 3349 3383
f 3349 3363 3384
f 3351 3354 3352
f 3352 3355 3353
f 3351 3338 3354
f 3352 3354 3355
f 3353 3355 3358
f 3353 3358 3356
f 3356 3359 3357
f 3357 5207 5203
f 3356 3358 3359
f 3357 3359 5207
f 3172 3361 3360
f 3360 3361 3364
f 3173 3362 3361
f 3174 5214 3362
f 3361 3362 3367
f 3362 5214 5218
f 3354 3365 3355
f 3350 3365 3354
f 3355 3366 3358
f 3355 3365 3366
f 3358 3368 3359
f 3358 3366 3368
f 3359 5220 5207
f 3359 3368 5220
f 3360 3364 3363
f 3361 3367 3364
f 3350 3377 3365
f 3365 3378 3366
f 3363 3364 3388
f 3362 5218 3367
f 3366 3379 3368
f 3368 5246 5220
f 3364 3367 3389
f 3367 5218 5262
f 3344 3369 3370
f 3345 3370 3372
f 3324 3347 3371
f 3348 3383 3371
f 3369 3374 3370
f 3370 3375 3372
f 3346 3372 3373
f 3350 3373 3377
f 3349 3384 3383
f 3372 3376 3373
f 3373 3380 3377
f 3370 3374 3375
f 3374 4203 3375
f 3372 3375 3376
f 3373 3376 3380
f 3375 4204 3376
f 3376 4205 3380
f 3365 3377 3378
f 3377 3381 3378
f 3366 3378 3379
f 3368 3379 5246
f 3378 3382 3379
f 3379 5250 5246
f 3377 3380 3381
f 3378 3381 3382
f 3380 4211 3381
f 3379 3382 5250
f 3381 4212 3382
f 3382 6077 5250
f 3324 3371 3385
f 3371 3383 3386
f 3383 3384 3387
f 3371 3386 3385
f 3383 3387 3386
f 3384 3390 3387
f 3363 3388 3384
f 3364 3389 3388
f 3384 3388 3390
f 3367 5262 3389
f 3388 3389 3391
f 3389 5262 5265
f 3388 3391 3390
f 3389 5265 3391
f 3392 4075 3419
f 3393 3392 3419
f 3393 3421 3407
f 3420 3407 3421
f 3393 3419 3421
f 2278 2513 3394
f 2277 2278 3396
f 2278 3394 3396
f 2277 3396 3395
f 3393 3396 3394
f 3395 3396 3407
f 3401 3395 3408
f 2400 3399 3400
f 2276 2277 3395
f 2279 2276 3401
f 2276 3395 3401
f 2279 3401 3399
f 2279 3399 2400
f 3260 3397 4013
f 2404 3398 3397
f 3399 3401 3406
f 3399 3413 3400
f 3400 3412 3623
f 4013 3397 3404
f 4013 3404 4006
f 3397 3403 3404
f 3398 3619 3402
f 3398 3403 3397
f 3405 3402 3619
f 3398 3402 3403
f 3438 3659 3437
f 3408 3395 3407
f 3393 3407 3396
f 3393 3394 3392
f 3401 3408 3406
f 3404 3409 4006
f 3403 3411 3404
f 3404 3411 3409
f 3403 3410 3411
f 3406 3408 3441
f 3406 3441 3442
f 3406 3442 3413
f 3413 3442 3443
f 3408 3407 3420
f 3408 3420 3441
f 3411 3423 3409
f 3410 3445 3411
f 3417 3446 3410
f 3399 3406 3413
f 3400 3413 3412
f 3414 3623 3412
f 3415 3624 3416
f 3402 3410 3403
f 3405 3417 3402
f 3417 3410 3402
f 3405 3415 3417
f 3405 3624 3415
f 3412 3413 3443
f 3414 3412 3448
f 3412 3443 3448
f 3414 3448 3437
f 3415 3444 3417
f 3415 3416 3450
f 3414 3437 3659
f 3416 3661 3449
f 3418 3419 4071
f 3420 3421 3426
f 3418 3421 3419
f 3420 3427 3441
f 3425 3441 3427
f 3424 3442 3425
f 3420 3426 3427
f 3418 3426 3421
f 3422 3429 4110
f 3423 3429 3422
f 3423 3445 3431
f 3430 3431 3445
f 3423 3431 3429
f 3418 3434 3426
f 3418 4071 3428
f 4071 4106 3428
f 3418 3428 3434
f 3428 4106 3429
f 3425 3427 3433
f 3424 3425 3432
f 3427 3426 3435
f 3430 3434 3431
f 3428 3429 3431
f 3430 3457 3435
f 3427 3435 3433
f 3433 3435 3457
f 3425 3433 3432
f 3432 3433 3458
f 3435 3426 3434
f 3430 3435 3434
f 3428 3431 3434
f 3436 3437 3448
f 3438 3437 3439
f 3438 3440 3809
f 3436 3439 3437
f 3440 3814 3809
f 3438 3439 3440
f 3454 3453 3829
f 3424 3443 3442
f 3425 3442 3441
f 3443 3447 3448
f 3446 3445 3410
f 3411 3445 3423
f 3409 3423 3422
f 3417 3444 3446
f 3424 3447 3443
f 3444 3457 3446
f 3444 3458 3457
f 3436 3448 3447
f 3444 3450 3458
f 3450 3459 3458
f 3430 3445 3446
f 3430 3446 3457
f 3415 3450 3444
f 3416 3449 3450
f 3451 3449 3661
f 3449 3459 3450
f 3451 3461 3449
f 3449 3461 3459
f 3451 3453 3461
f 3451 3829 3453
f 3436 3447 3452
f 3436 3455 3439
f 3436 3452 3455
f 3452 3461 3453
f 3440 3439 3456
f 3454 3455 3453
f 3440 3833 3814
f 3454 3830 3456
f 3452 3453 3455
f 3439 3455 3456
f 3440 3456 3833
f 3456 3830 3833
f 3454 3456 3455
f 3424 3460 3447
f 3432 3458 3459
f 3433 3457 3458
f 3459 3461 3460
f 3424 3432 3460
f 3452 3447 3460
f 3432 3459 3460
f 3452 3460 3461
f 2458 3616 3617
f 3616 3632 3636
f 3616 3638 3617
f 3617 3639 3670
f 2401 2400 3400
f 2401 3623 2403
f 2403 3623 3622
f 2401 3400 3623
f 2402 2403 3622
f 2402 3622 3626
f 2407 3620 3619
f 2405 3619 3398
f 2406 3621 3620
f 2418 3618 3621
f 3414 3622 3623
f 3626 3622 3659
f 3621 3625 3624
f 3618 3625 3621
f 3618 3629 3628
f 3635 3632 3626
f 3618 3628 3625
f 3627 3628 3629
f 3405 3619 3620
f 3620 3621 3624
f 3405 3620 3624
f 2402 3626 2415
f 2416 2415 3632
f 2419 3629 3618
f 2415 3626 3632
f 2416 3632 3616
f 2416 3616 2458
f 2417 3630 3629
f 2460 3631 3630
f 3627 3629 3630
f 3627 3630 3633
f 3631 3706 3634
f 3631 3633 3630
f 3631 3634 3633
f 3636 3632 3635
f 3438 3635 3659
f 3438 3809 3635
f 3636 3635 3809
f 3636 3810 3638
f 3636 3809 3810
f 3616 3636 3638
f 3617 3638 3639
f 3655 3709 3656
f 3639 3638 3821
f 3638 3810 3821
f 3639 3821 3823
f 3655 3812 3663
f 3732 3823 3734
f 3639 3823 3732
f 3823 3651 3734
f 3823 3654 3653
f 3823 3653 3651
f 3823 3657 3654
f 3823 3658 3657
f 3655 3656 3822
f 3656 3765 3767
f 3656 3767 3768
f 3656 3768 3826
f 3414 3659 3622
f 3635 3626 3659
f 3416 3624 3625
f 3625 3628 3661
f 3628 3660 3661
f 3416 3625 3661
f 3627 3660 3628
f 3627 3662 3660
f 3451 3661 3660
f 3662 3829 3660
f 3662 3663 3811
f 3627 3633 3662
f 3634 3663 3633
f 3633 3663 3662
f 3655 3663 3634
f 3655 3634 3709
f 2459 2458 3617
f 2459 3617 3670
f 2459 3670 2448
f 2448 3671 2449
f 2448 3670 3671
f 3670 3732 3671
f 3671 3752 3683
f 3671 3731 3748
f 3671 3748 3746
f 3671 3746 3750
f 3671 3750 3752
f 3683 3752 3751
f 2449 3683 2450
f 2449 3671 3683
f 2450 3683 3695
f 2450 3695 4409
f 3695 5623 4409
f 3683 3688 3695
f 3683 3751 3686
f 3683 3687 3688
f 3683 3686 3685
f 3683 3685 3687
f 3695 3688 3697
f 3689 3691 3690
f 3689 3692 3691
f 3689 3694 3692
f 3689 3693 3694
f 3695 3700 5623
f 3695 3697 3698
f 3695 3698 3699
f 3695 3699 3700
f 5623 3700 3701
f 5623 3701 5626
f 2461 3706 3631
f 2468 3708 3707
f 2462 3707 3706
f 3706 3707 3709
f 3634 3706 3709
f 3707 3710 3709
f 3707 3708 3710
f 3708 3672 3710
f 2469 3711 3708
f 2470 3712 3711
f 3712 4420 5660
f 3708 3711 3672
f 3711 3712 3689
f 3672 3711 3689
f 3712 3693 3689
f 3712 3703 3702
f 3712 3704 3703
f 3712 5660 3704
f 5660 3705 3704
f 5660 5632 3705
f 3712 3702 3693
f 3639 3732 3670
f 3671 3732 3738
f 3671 3738 3739
f 3671 3739 3731
f 3656 3709 3710
f 3710 3743 3744
f 3710 3744 3742
f 3732 3736 3735
f 3732 3735 3738
f 3732 3734 3736
f 3656 3710 3740
f 3710 3742 3740
f 3710 3756 3753
f 3710 3754 3756
f 3710 3672 3754
f 3710 3753 3743
f 3672 3759 3757
f 3672 3760 3754
f 3672 3757 3760
f 3672 3689 3759
f 3656 3761 3763
f 3656 3740 3761
f 3656 3762 3765
f 3656 3763 3762
f 3689 3758 3759
f 3689 3690 3758
f 3810 3809 3814
f 3663 3812 3811
f 3815 3821 3810
f 3815 3810 3814
f 3454 3829 3811
f 3454 3811 3830
f 3815 3813 3821
f 3812 3830 3811
f 3812 3822 3831
f 3812 3831 3830
f 3823 3827 3825
f 3827 3819 3825
f 3827 3820 3819
f 3827 3843 3820
f 3655 3822 3812
f 3813 3823 3821
f 3823 3824 3658
f 3823 3825 3824
f 3826 3858 3854
f 3656 3826 3822
f 3826 3768 3857
f 3826 3857 3858
f 3826 3854 3855
f 3826 3855 3856
f 3813 3827 3823
f 3827 3828 3843
f 3826 3835 3822
f 3822 3835 3831
f 3826 3836 3835
f 3826 3865 3836
f 3836 3865 3953
f 3451 3660 3829
f 3662 3811 3829
f 3815 3832 3813
f 3815 3814 3834
f 3831 3833 3830
f 3834 3831 3835
f 3815 3834 3832
f 3814 3833 3834
f 3834 3833 3831
f 3834 3835 3832
f 3813 3837 3827
f 3836 3953 3837
f 3827 3838 3828
f 3832 3835 3836
f 3813 3832 3837
f 3832 3836 3837
f 3827 3837 3838
f 3837 3953 3838
f 3828 3844 3843
f 3828 3847 3844
f 3826 3856 3863
f 3826 3863 3865
f 3865 3863 3864
f 3865 3864 3866
f 3828 3852 3851
f 3828 3850 3847
f 3828 3851 3850
f 3828 3872 3852
f 3875 3874 3872
f 3828 3875 3872
f 3875 3879 3874
f 3875 3880 3879
f 3875 3882 3880
f 3875 3884 3882
f 3884 3883 3882
f 3884 3902 3883
f 3865 3866 3953
f 3953 3866 3867
f 3953 3867 3887
f 3953 3885 3886
f 3953 3887 3885
f 3953 3886 3889
f 3953 3889 3890
f 3953 3890 3952
f 3952 3890 3892
f 3952 3892 3893
f 3956 3893 3919
f 3901 3911 3907
f 3884 3904 3902
f 3884 3905 3904
f 3884 3906 3905
f 3884 3901 3906
f 3956 3919 3920
f 3956 3920 3924
f 3956 3924 3926
f 3901 3907 3906
f 3956 3926 3908
f 3957 3908 3914
f 3901 3912 3911
f 3901 5837 3912
f 5837 3913 3912
f 5837 5834 3913
f 3957 3914 3916
f 3957 3916 3917
f 3957 3917 3918
f 5967 3918 5842
f 3838 3953 3952
f 3828 3954 3875
f 3952 3893 3956
f 3952 3956 3954
f 3875 3955 3884
f 3828 3838 3954
f 3838 3952 3954
f 3875 3954 3955
f 3954 3956 3955
f 3956 3908 3957
f 3884 3958 3901
f 3955 3956 3957
f 3957 3918 5967
f 3901 5970 5837
f 3957 5967 3958
f 3884 3955 3958
f 3955 3957 3958
f 3901 3958 5970
f 3958 5967 5970
f 2511 3961 3960
f 2514 2515 3962
f 2515 2516 3963
f 2516 2517 3964
f 2514 3962 3961
f 2515 3963 3962
f 2516 3964 3963
f 3959 3974 4002
f 3959 3960 3973
f 3960 3961 3972
f 3961 3962 3975
f 3962 3963 3976
f 3963 3964 3977
f 2471 3965 2517
f 2471 2543 3966
f 2543 2544 3967
f 2517 3965 3964
f 2471 3966 3965
f 2543 3967 3966
f 2544 3969 3967
f 2544 2546 3969
f 2546 3970 3969
f 2547 3971 3970
f 3964 3965 3984
f 3965 3966 3985
f 3966 3967 3986
f 3967 3969 3987
f 3969 3970 3988
f 3970 3971 3989
f 3971 4029 4030
f 3972 4066 4065
f 3975 3976 4067
f 3976 3977 4068
f 3975 4067 4066
f 3976 4068 4067
f 3977 4082 4068
f 3960 3972 3973
f 3959 3973 3974
f 3392 4002 3974
f 3979 3980 4004
f 3961 3975 3972
f 3962 3976 3975
f 3963 3977 3976
f 3981 4008 4007
f 3982 4009 4008
f 3983 4010 4009
f 3980 3981 4007
f 3981 3982 4008
f 3982 3983 4009
f 3392 3974 4075
f 3974 3973 4064
f 3973 3972 4065
f 3974 4064 4075
f 3973 4065 4064
f 3978 4028 4078
f 3978 4077 3979
f 3979 4076 3980
f 3972 3975 4066
f 3980 4079 3981
f 3981 4080 3982
f 3982 4081 3983
f 3977 3984 4082
f 3984 3985 4083
f 3985 3986 4084
f 3984 4083 4082
f 3985 4084 4083
f 3986 3987 4085
f 3986 4085 4084
f 3987 4086 4085
f 3988 4087 4086
f 3964 3984 3977
f 3965 3985 3984
f 3966 3986 3985
f 3967 3987 3986
f 3968 4010 3990
f 3968 3991 4021
f 3992 4022 4021
f 3983 3990 4010
f 3968 3990 3991
f 3991 3992 4021
f 3992 3993 4022
f 3969 3988 3987
f 3970 3989 3988
f 3993 4023 4022
f 3971 4030 3989
f 3993 3994 4023
f 3994 3995 4024
f 3983 4093 3990
f 3990 4094 3991
f 3991 4095 3992
f 3987 3988 4086
f 3988 3989 4087
f 3992 4096 3993
f 3993 4097 3994
f 3994 4098 3995
f 3995 4128 4033
f 2512 2510 3959
f 2510 2511 3960
f 2511 2514 3961
f 2513 4002 3394
f 2512 3959 4002
f 2510 3960 3959
f 2513 2512 4002
f 2532 3997 3998
f 2531 3998 3999
f 2533 3999 4000
f 2534 4000 4001
f 3392 3394 4002
f 3997 4004 4007
f 4005 4012 4011
f 3996 4004 3997
f 3996 4012 4003
f 4005 4003 4012
f 4006 4005 4011
f 3996 4003 4004
f 3998 4008 3999
f 3999 4009 4000
f 4000 4010 4001
f 3998 4007 4008
f 3999 4008 4009
f 4000 4009 4010
f 3997 4007 3998
f 2528 4011 4012
f 2530 4012 3996
f 2527 3996 3997
f 2529 4013 4011
f 4013 4006 4011
f 2535 4001 4014
f 2545 4014 4015
f 2560 4015 4016
f 2561 4016 4017
f 2546 2547 3970
f 2547 2548 3971
f 2548 2549 4029
f 2548 4029 3971
f 2562 4017 4018
f 2563 4018 4019
f 2564 4019 4020
f 3968 4014 4001
f 4014 4021 4015
f 4015 4022 4016
f 4016 4023 4017
f 3968 4001 4010
f 3968 4021 4014
f 4015 4021 4022
f 4016 4022 4023
f 4017 4024 4018
f 4017 4023 4024
f 4018 4024 4025
f 4018 4025 4019
f 4019 4026 4020
f 4020 4037 4027
f 4019 4025 4026
f 4020 4026 4037
f 2565 4020 4027
f 3978 4003 4005
f 3979 4004 4003
f 3980 4007 4004
f 4006 3409 4028
f 3978 4005 4028
f 3978 3979 4003
f 4006 4028 4005
f 3409 3422 4028
f 3994 4024 4023
f 4024 3995 4025
f 4025 4033 4026
f 4025 3995 4033
f 4029 4034 4031
f 4029 4031 4030
f 4031 4034 4032
f 3989 4030 4125
f 3989 4125 4087
f 4030 4126 4125
f 4030 4031 4126
f 4031 4032 4127
f 4033 4129 4054
f 4031 4127 4126
f 4032 4131 4127
f 4032 4051 4131
f 4051 4147 4131
f 2549 2569 4034
f 2549 4034 4029
f 2569 4035 4034
f 2569 2570 4035
f 2570 2575 4036
f 2570 4036 4035
f 2575 4039 4036
f 4032 4034 4035
f 4035 4036 4051
f 4037 4038 4027
f 4036 4039 4052
f 4039 4046 4053
f 2566 4027 4040
f 2577 4040 4041
f 2575 2576 4039
f 2578 4041 4042
f 3309 4042 4043
f 2576 2579 4046
f 2576 4046 4039
f 2579 4047 4046
f 2579 2580 4047
f 2580 3313 4049
f 2580 4049 4047
f 3313 4177 4049
f 4038 4040 4027
f 4040 4044 4041
f 4041 4045 4042
f 4038 4044 4040
f 4041 4044 4045
f 4042 4045 4048
f 4042 4048 4043
f 4046 4047 4058
f 4043 4050 4173
f 4043 4048 4050
f 4173 4050 4178
f 4047 4049 4062
f 4049 4177 4063
f 4026 4054 4037
f 4032 4035 4051
f 4033 4054 4026
f 4037 4054 4055
f 4037 4055 4038
f 4038 4056 4044
f 4038 4055 4056
f 4044 4056 4057
f 4036 4052 4051
f 4039 4053 4052
f 4046 4058 4053
f 4054 4130 4055
f 4055 4149 4056
f 4051 4052 4147
f 4052 4148 4147
f 4052 4053 4148
f 4053 4058 4153
f 4056 4150 4057
f 4057 4151 4059
f 4053 4153 4148
f 4044 4057 4045
f 4045 4059 4048
f 4047 4062 4058
f 4045 4057 4059
f 4048 4059 4060
f 4048 4060 4050
f 4050 4061 4178
f 4050 4060 4061
f 4061 4192 4178
f 4059 4152 4060
f 4060 4158 4061
f 4061 4160 4192
f 4058 4156 4153
f 4049 4063 4062
f 4063 4177 4193
f 4058 4062 4156
f 4062 4157 4156
f 4062 4063 4157
f 4063 4193 4159
f 4063 4159 4157
f 4071 3419 4075
f 4064 4069 4075
f 4064 4065 4070
f 4066 4067 4073
f 4067 4068 4074
f 4065 4066 4072
f 4070 4065 4072
f 4071 4075 4069
f 4064 4070 4069
f 4076 4100 4101
f 4066 4073 4072
f 4073 4067 4074
f 4068 4088 4074
f 4079 4102 4080
f 4080 4103 4081
f 4079 4101 4102
f 4080 4102 4103
f 4081 4103 4111
f 3979 4077 4076
f 3978 4078 4077
f 4028 3422 4078
f 3980 4076 4079
f 3981 4079 4080
f 3982 4080 4081
f 3422 4110 4078
f 4078 4099 4077
f 4077 4100 4076
f 4078 4110 4099
f 4077 4099 4100
f 4076 4101 4079
f 4068 4082 4088
f 4082 4083 4089
f 4083 4084 4090
f 4084 4085 4091
f 4085 4086 4092
f 4086 4087 4122
f 4082 4089 4088
f 4083 4090 4089
f 4081 4111 4093
f 4093 4112 4094
f 4094 4113 4095
f 4093 4111 4112
f 4094 4112 4113
f 4084 4091 4090
f 4085 4092 4091
f 4086 4122 4092
f 4095 4114 4096
f 4095 4113 4114
f 4096 4114 4115
f 4097 4115 4116
f 3983 4081 4093
f 3990 4093 4094
f 3991 4094 4095
f 3992 4095 4096
f 3993 4096 4097
f 3994 4097 4098
f 3995 4098 4128
f 4096 4115 4097
f 4097 4116 4098
f 4069 4070 4104
f 4070 4072 4105
f 4071 4069 4106
f 4106 4110 3429
f 4099 4110 4104
f 4099 4105 4100
f 4072 4073 4107
f 4101 4108 4102
f 4073 4074 4108
f 4074 4088 4109
f 4102 4109 4103
f 4100 4107 4101
f 4069 4104 4106
f 4105 4072 4107
f 4070 4105 4104
f 4105 4107 4100
f 4106 4104 4110
f 4099 4104 4105
f 4073 4108 4107
f 4101 4107 4108
f 4074 4109 4108
f 4108 4109 4102
f 4103 4109 4117
f 4088 4089 4117
f 4103 4117 4111
f 4111 4118 4112
f 4089 4090 4118
f 4112 4119 4113
f 4090 4091 4119
f 4091 4092 4120
f 4113 4120 4114
f 4092 4122 4121
f 4114 4121 4115
f 4115 4136 4116
f 4088 4117 4109
f 4117 4089 4118
f 4111 4117 4118
f 4112 4118 4119
f 4090 4119 4118
f 4091 4120 4119
f 4113 4119 4120
f 4114 4120 4121
f 4120 4092 4121
f 4122 4136 4121
f 4115 4121 4136
f 4087 4125 4123
f 4087 4123 4122
f 4125 4124 4123
f 4125 4126 4124
f 4126 4127 4132
f 4033 4128 4129
f 4054 4129 4130
f 4127 4131 4133
f 4131 4147 4134
f 4098 4139 4128
f 4124 4126 4132
f 4098 4116 4139
f 4128 4139 4140
f 4128 4140 4129
f 4129 4141 4130
f 4129 4140 4141
f 4130 4141 4142
f 4127 4133 4132
f 4131 4134 4133
f 4130 4142 4149
f 4134 4147 4135
f 4149 4142 4163
f 4122 4123 4136
f 4116 4137 4139
f 4123 4124 4137
f 4124 4132 4138
f 4116 4136 4137
f 4123 4137 4136
f 4124 4138 4137
f 4139 4137 4138
f 4132 4143 4138
f 4139 4138 4140
f 4140 4143 4141
f 4132 4133 4143
f 4133 4134 4144
f 4141 4144 4142
f 4142 4145 4163
f 4134 4135 4145
f 4138 4143 4140
f 4141 4143 4144
f 4143 4133 4144
f 4142 4144 4145
f 4134 4145 4144
f 4135 4146 4145
f 4145 4146 4163
f 4055 4130 4149
f 4056 4149 4150
f 4135 4147 4148
f 4057 4150 4151
f 4059 4151 4152
f 4149 4163 4150
f 4150 4163 4164
f 4150 4164 4151
f 4151 4165 4152
f 4151 4164 4165
f 4060 4152 4158
f 4148 4153 4154
f 4153 4156 4155
f 4135 4148 4154
f 4153 4155 4154
f 4156 4161 4155
f 4152 4165 4168
f 4156 4157 4161
f 4061 4158 4160
f 4160 4226 4192
f 4157 4159 4162
f 4152 4168 4158
f 4157 4162 4161
f 4158 4168 4169
f 4158 4169 4160
f 4160 4170 4226
f 4159 4230 4162
f 4160 4169 4170
f 4146 4164 4163
f 4135 4154 4146
f 4154 4155 4166
f 4164 4166 4165
f 4165 4167 4168
f 4155 4161 4167
f 4146 4154 4166
f 4146 4166 4164
f 4166 4155 4167
f 4165 4166 4167
f 4161 4171 4167
f 4168 4167 4171
f 4168 4171 4169
f 4161 4162 4171
f 4169 4172 4170
f 4162 4230 4172
f 4169 4171 4172
f 4162 4172 4171
f 4170 4172 4241
f 4172 4230 4241
f 3310 4043 4173
f 3311 4173 4174
f 3313 3314 4177
f 3314 3316 4185
f 3314 4185 4177
f 3312 4174 4175
f 3315 4175 4176
f 4173 4178 4174
f 4174 4179 4175
f 4174 4178 4179
f 4175 4180 4176
f 4175 4179 4180
f 4176 4180 4181
f 3325 4176 4182
f 3326 4182 4183
f 3327 4183 4184
f 4176 4181 4182
f 4182 4188 4183
f 4182 4181 4188
f 4183 4191 4184
f 3316 3317 4186
f 3316 4186 4185
f 3317 4187 4186
f 4177 4185 4193
f 4185 4186 4194
f 4186 4187 4195
f 3317 3328 4187
f 3328 4189 4187
f 3328 3329 4189
f 3329 3385 4190
f 3329 4190 4189
f 4187 4189 4198
f 4183 4188 4191
f 4184 4191 4207
f 4189 4190 4199
f 4178 4192 4179
f 4179 4196 4180
f 4179 4192 4196
f 4185 4194 4193
f 4180 4197 4181
f 4186 4195 4194
f 4180 4196 4197
f 4181 4197 4200
f 4193 4194 4225
f 4192 4226 4196
f 4159 4193 4225
f 4194 4229 4225
f 4194 4195 4229
f 4196 4227 4197
f 4197 4228 4200
f 4195 4234 4229
f 4181 4200 4188
f 4187 4198 4195
f 4188 4200 4201
f 4188 4201 4191
f 4191 4202 4207
f 4189 4199 4198
f 4190 4217 4199
f 4191 4201 4202
f 4195 4198 4234
f 4200 4233 4201
f 4201 4236 4202
f 4198 4235 4234
f 4198 4199 4235
f 4199 4217 4248
f 4199 4248 4235
f 3374 4184 4203
f 3375 4203 4204
f 3376 4204 4205
f 3385 3386 4206
f 3385 4206 4190
f 3386 4209 4206
f 3386 3387 4209
f 3387 4213 4209
f 4184 4207 4203
f 4203 4208 4204
f 4203 4207 4208
f 4190 4206 4217
f 4204 4210 4205
f 4204 4208 4210
f 4205 4210 4214
f 4206 4209 4218
f 4209 4213 4221
f 3380 4205 4211
f 3381 4211 4212
f 3387 3390 4213
f 3390 3391 4215
f 3390 4215 4213
f 3382 4212 6077
f 3391 5265 6080
f 3391 6080 4215
f 4205 4214 4211
f 4211 4214 4216
f 4211 4216 4212
f 4212 6082 6077
f 4212 4216 6082
f 4213 4215 4222
f 4215 6080 6093
f 4207 4219 4208
f 4207 4202 4219
f 4208 4219 4220
f 4208 4220 4210
f 4210 4220 4223
f 4206 4218 4217
f 4209 4221 4218
f 4202 4249 4219
f 4219 4251 4220
f 4220 4255 4223
f 4217 4218 4250
f 4217 4250 4248
f 4218 4221 4254
f 4218 4254 4250
f 4210 4223 4214
f 4214 4224 4216
f 4214 4223 4224
f 4216 6096 6082
f 4216 4224 6096
f 4213 4222 4221
f 4215 6093 4222
f 4221 4222 4256
f 4221 4256 4254
f 4223 4257 4224
f 4222 6093 6133
f 4224 6135 6096
f 4222 6133 4256
f 4196 4226 4227
f 4159 4225 4230
f 4197 4227 4228
f 4225 4229 4231
f 4229 4234 4232
f 4226 4239 4227
f 4170 4239 4226
f 4227 4239 4240
f 4227 4240 4228
f 4225 4231 4230
f 4229 4232 4231
f 4228 4240 4244
f 4200 4228 4233
f 4201 4233 4236
f 4202 4236 4249
f 4234 4235 4237
f 4235 4248 4238
f 4228 4244 4233
f 4234 4237 4232
f 4233 4244 4245
f 4233 4245 4236
f 4236 4259 4249
f 4235 4238 4237
f 4236 4245 4259
f 4170 4241 4239
f 4230 4231 4241
f 4239 4242 4240
f 4231 4232 4242
f 4240 4243 4244
f 4239 4241 4242
f 4231 4242 4241
f 4240 4242 4243
f 4232 4243 4242
f 4244 4246 4245
f 4232 4237 4243
f 4237 4238 4246
f 4245 4247 4259
f 4244 4243 4246
f 4237 4246 4243
f 4245 4246 4247
f 4238 4247 4246
f 4219 4249 4251
f 4248 4250 4252
f 4220 4251 4255
f 4250 4254 4253
f 4249 4260 4251
f 4238 4248 4252
f 4249 4259 4260
f 4251 4263 4255
f 4250 4253 4252
f 4251 4260 4263
f 4223 4255 4257
f 4254 4256 4258
f 4224 4257 6135
f 4256 6133 6139
f 4255 4264 4257
f 4253 4254 4258
f 4255 4263 4264
f 4257 6147 6135
f 4256 6139 4258
f 4257 4264 6147
f 4238 4252 4247
f 4259 4261 4260
f 4252 4253 4261
f 4260 4262 4263
f 4247 4261 4259
f 4247 4252 4261
f 4260 4261 4262
f 4253 4262 4261
f 4253 4258 4262
f 4263 4265 4264
f 4258 6139 4265
f 4264 6150 6147
f 4262 4265 4263
f 4258 4265 4262
f 4264 4265 6150
f 4265 6139 6150
f 4540 4267 4541
f 4541 4267 4268
f 4541 4268 4542
f 4542 4269 4546
f 4542 4268 4269
f 4267 4272 4268
f 4268 4273 4269
f 4546 4270 4547
f 4546 4269 4270
f 4547 4270 4271
f 4548 4271 4276
f 4269 4274 4270
f 4270 4275 4271
f 4268 4272 4273
f 4269 4273 4274
f 4378 4273 4272
f 4379 4274 4273
f 4270 4274 4275
f 4271 4275 4279
f 4383 4275 4274
f 4384 4279 4275
f 4575 4276 4277
f 4271 4279 4276
f 4276 4280 4277
f 4277 4281 4278
f 4278 4282 4780
f 4780 4283 4781
f 4276 4279 4280
f 4277 4280 4281
f 4395 4280 4279
f 4396 4281 4280
f 4278 4281 4282
f 4780 4282 4283
f 4399 4282 4281
f 4400 4283 4282
f 4781 4283 4284
f 4284 4285 4989
f 4283 4436 4284
f 4284 4437 4285
f 4285 4438 4995
f 4378 4387 4379
f 4379 4388 4383
f 4383 4389 4384
f 4378 4379 4273
f 4379 4383 4274
f 4380 5101 5102
f 4381 5102 5103
f 4382 5103 5104
f 4380 5102 4381
f 4381 5103 4382
f 4383 4384 4275
f 4385 5104 5105
f 4382 5104 4385
f 4385 5105 4386
f 4386 5106 4397
f 4379 4387 4388
f 4387 4413 4388
f 4388 4414 4389
f 4383 4388 4389
f 4384 4389 4390
f 4389 4417 4390
f 4381 4392 4391
f 4382 4393 4392
f 4380 4381 4391
f 4381 4382 4392
f 4415 4391 4392
f 4416 4392 4393
f 4382 4385 4393
f 4385 4394 4393
f 4385 4386 4394
f 4386 4405 4394
f 4418 4393 4394
f 4419 4394 4405
f 4384 4390 4395
f 4395 4402 4396
f 4384 4395 4279
f 4395 4396 4280
f 4397 5107 4398
f 4396 4399 4281
f 4399 4400 4282
f 4396 4403 4399
f 4399 4404 4400
f 4390 4402 4395
f 4396 4402 4403
f 4390 4424 4402
f 4402 4425 4403
f 4399 4403 4404
f 4403 4426 4404
f 4386 4397 4405
f 4397 4406 4405
f 4397 4398 4406
f 4398 4401 4407
f 4398 4407 4406
f 4427 4405 4406
f 4428 4406 4407
f 4401 5113 4408
f 4401 4408 4407
f 5113 5114 4441
f 5113 4441 4408
f 4429 4407 4408
f 4430 4408 4441
f 4388 4413 4414
f 4413 4409 4414
f 4414 4410 4417
f 4415 4416 4420
f 4416 4418 4421
f 4389 4414 4417
f 4390 4417 4424
f 4417 4411 4424
f 4418 4419 4422
f 4415 4392 4416
f 4416 4393 4418
f 4418 4394 4419
f 4414 4409 4410
f 4416 4421 4420
f 4420 4421 5660
f 4421 4422 5661
f 4417 4410 4411
f 4418 4422 4421
f 4419 4423 4422
f 4422 4423 5662
f 4402 4424 4425
f 4424 4412 4425
f 4419 4427 4423
f 4427 4428 4431
f 4403 4425 4426
f 4404 4426 4451
f 4425 4432 4426
f 4426 4433 4451
f 4419 4405 4427
f 4427 4406 4428
f 4428 4407 4429
f 4429 4408 4430
f 4428 4429 4434
f 4429 4430 4435
f 4411 4412 4424
f 4425 4412 4432
f 4423 4427 4431
f 4428 4434 4431
f 4423 4431 5670
f 4431 4434 5671
f 4426 4432 4433
f 4429 4435 4434
f 4434 4435 5672
f 4400 4436 4283
f 4284 4436 4437
f 4400 4440 4436
f 4444 4437 4436
f 4285 4437 4438
f 4995 4438 4439
f 4996 4439 4446
f 4445 4438 4437
f 4438 4447 4439
f 4404 4451 4440
f 4440 4452 4444
f 4400 4404 4440
f 4440 4444 4436
f 5114 4442 4441
f 4442 5120 4443
f 4441 4442 4454
f 4442 4443 4455
f 4444 4445 4437
f 4445 4447 4438
f 4444 4453 4445
f 4445 4463 4447
f 4443 5134 4456
f 4439 4448 4446
f 4446 4449 5136
f 4439 4447 4448
f 4446 4448 4449
f 4464 4448 4447
f 4466 4449 4448
f 4449 4450 5136
f 4449 4467 4450
f 4450 4476 5151
f 4440 4451 4452
f 4451 4458 4452
f 4444 4452 4453
f 4445 4453 4463
f 4460 4453 4452
f 4468 4463 4453
f 4430 4441 4454
f 4442 4455 4454
f 4430 4454 4459
f 4461 4454 4455
f 4443 4456 4455
f 5134 4457 4456
f 5135 4465 4457
f 4462 4455 4456
f 4456 4457 4472
f 4433 4458 4451
f 4458 4460 4452
f 4435 4459 5759
f 4459 4461 5760
f 4460 4468 4453
f 4430 4459 4435
f 4459 4454 4461
f 4461 4455 4462
f 4462 4456 4472
f 4461 4462 5761
f 4462 4472 5765
f 4463 4469 4464
f 4463 4464 4447
f 4464 4466 4448
f 4457 4465 4473
f 4465 5197 4474
f 4466 4467 4449
f 4450 4467 4476
f 4464 4470 4466
f 4466 4471 4467
f 4468 4469 4463
f 4464 4469 4470
f 4457 4473 4472
f 4465 4474 4473
f 4472 4473 5766
f 4473 4474 5767
f 4466 4470 4471
f 4474 5197 4475
f 4474 4475 5768
f 4475 5201 6004
f 5151 4476 4477
f 4478 4476 4467
f 4476 4479 4477
f 4477 4480 5363
f 4471 4478 4467
f 4478 4479 4476
f 4477 4479 4480
f 5363 4480 4481
f 4482 4483 4491
f 4483 4484 4492
f 4484 4485 4493
f 4485 4486 4494
f 4486 4487 4495
f 4487 4488 4518
f 4490 4497 4496
f 4491 4498 4497
f 4490 4491 4497
f 4492 4499 4498
f 4493 4508 4499
f 4491 4492 4498
f 4492 4493 4499
f 4494 4509 4508
f 4493 4494 4508
f 4495 4510 4509
f 4518 4511 4510
f 4494 4495 4509
f 4495 4518 4510
f 4496 4501 4500
f 4497 4502 4501
f 4496 4497 4501
f 4497 4498 4502
f 4498 4499 4503
f 4499 4508 4504
f 4508 4509 4505
f 4498 4503 4502
f 4500 4501 4586
f 4501 4502 4586
f 4502 4503 4586
f 4503 4504 4586
f 4504 4505 4586
f 4499 4504 4503
f 4508 4505 4504
f 4509 4506 4505
f 4509 4510 4506
f 4510 4511 4507
f 4511 4524 4512
f 4524 4525 4513
f 4525 4526 4514
f 4510 4507 4506
f 4511 4512 4507
f 4524 4513 4512
f 4525 4514 4513
f 4526 4515 4514
f 4527 4516 4515
f 4528 4517 4516
f 4482 4491 4490
f 4483 4492 4491
f 4484 4493 4492
f 4485 4494 4493
f 4486 4495 4494
f 4519 4524 4511
f 4518 4519 4511
f 4519 4520 4524
f 4520 4521 4525
f 4521 4522 4526
f 4522 4523 4527
f 4529 4587 4517
f 4530 4588 4587
f 4531 4589 4588
f 4532 4590 4589
f 4526 4527 4515
f 4527 4528 4516
f 4528 4529 4517
f 4529 4530 4587
f 4530 4531 4588
f 4531 4532 4589
f 4532 4533 4590
f 4520 4525 4524
f 4521 4526 4525
f 4522 4527 4526
f 4591 4533 4534
f 4523 4528 4527
f 4550 4529 4528
f 4529 4551 4530
f 4530 4552 4531
f 4523 4550 4528
f 4550 4551 4529
f 4531 4553 4532
f 4487 4518 4495
f 4488 4519 4518
f 4489 4520 4519
f 4520 4549 4521
f 4488 4489 4519
f 4521 4559 4522
f 4489 4549 4520
f 4521 4549 4559
f 4482 4536 4483
f 4536 4537 4483
f 4537 4484 4483
f 4538 4485 4484
f 4537 4538 4484
f 4539 4486 4485
f 4538 4539 4485
f 4540 4541 4537
f 4540 4537 4536
f 4541 4538 4537
f 4541 4542 4538
f 4542 4546 4539
f 4542 4539 4538
f 4543 4487 4486
f 4539 4543 4486
f 4543 4544 4487
f 4544 4488 4487
f 4544 4545 4488
f 4545 4572 4489
f 4545 4489 4488
f 4572 4549 4489
f 4546 4547 4543
f 4546 4543 4539
f 4547 4544 4543
f 4547 4548 4544
f 4548 4545 4544
f 4530 4551 4552
f 4531 4552 4553
f 4532 4553 4554
f 4532 4554 4533
f 4533 4555 4534
f 4534 4556 4535
f 4535 4557 4630
f 4533 4554 4555
f 4534 4555 4556
f 4535 4556 4557
f 4630 4557 4558
f 4522 4559 4560
f 4523 4560 4561
f 4522 4560 4523
f 4523 4561 4550
f 4550 4562 4551
f 4563 4552 4551
f 4561 4562 4550
f 4562 4563 4551
f 4563 4564 4552
f 4564 4565 4553
f 4564 4553 4552
f 4565 4554 4553
f 4566 4555 4554
f 4555 4567 4556
f 4565 4566 4554
f 4566 4567 4555
f 4556 4567 4568
f 4556 4568 4557
f 4569 4558 4557
f 4570 4675 4558
f 4568 4569 4557
f 4569 4570 4558
f 4570 4571 4675
f 4573 4559 4549
f 4572 4573 4549
f 4574 4560 4559
f 4573 4574 4559
f 4574 4577 4560
f 4561 4577 4578
f 4545 4575 4572
f 4548 4575 4545
f 4575 4576 4572
f 4576 4580 4573
f 4576 4573 4572
f 4580 4574 4573
f 4574 4581 4577
f 4580 4581 4574
f 4582 4578 4577
f 4581 4582 4577
f 4582 4583 4578
f 4583 4944 4579
f 4583 4579 4578
f 4944 4584 4579
f 4560 4577 4561
f 4561 4578 4562
f 4562 4579 4563
f 4562 4578 4579
f 4563 4584 4564
f 4563 4579 4584
f 4564 4585 4565
f 4564 4584 4585
f 4565 4947 4566
f 4566 4948 4567
f 4565 4585 4947
f 4566 4947 4948
f 4567 4949 4568
f 4505 4506 4586
f 4506 4507 4586
f 4507 4512 4586
f 4512 4513 4586
f 4513 4514 4586
f 4514 4515 4586
f 4515 4516 4586
f 4516 4517 4586
f 4586 4611 4610
f 4586 4612 4611
f 4586 4613 4612
f 4586 4614 4613
f 4586 4615 4614
f 4586 4616 4615
f 4586 4622 4623
f 4586 4617 4616
f 4586 4623 4617
f 4586 4624 4622
f 4586 4597 4624
f 4586 4598 4597
f 4586 4607 4598
f 4517 4587 4586
f 4587 4588 4586
f 4588 4589 4586
f 4589 4590 4586
f 4586 4590 4591
f 4586 4591 4592
f 4586 4592 4593
f 4586 4593 4594
f 4586 4594 4595
f 4586 4595 4596
f 4586 4596 4629
f 4586 4629 4599
f 4586 4604 4602
f 4586 4605 4608
f 4586 4609 4606
f 4586 4602 4609
f 4586 4606 4605
f 4586 4599 4600
f 4586 4600 4601
f 4586 4601 4603
f 4586 4603 4604
f 4586 4608 4607
f 4610 4611 4619
f 4611 4612 4620
f 4612 4613 4621
f 4613 4614 4625
f 4614 4615 4626
f 4615 4616 4628
f 4610 4619 4618
f 4611 4620 4619
f 4612 4621 4620
f 4613 4625 4621
f 4614 4626 4625
f 4616 4617 4627
f 4617 4623 4640
f 4622 4641 4623
f 4624 4642 4622
f 4624 4597 4643
f 4598 4607 4646
f 4598 4639 4597
f 4623 4641 4640
f 4622 4642 4641
f 4615 4628 4626
f 4616 4627 4628
f 4617 4640 4627
f 4628 4627 4661
f 4590 4533 4591
f 4591 4534 4592
f 4592 4535 4593
f 4593 4630 4594
f 4594 4631 4595
f 4595 4632 4596
f 4596 4633 4629
f 4629 4674 4599
f 4602 4649 4609
f 4606 4609 4648
f 4606 4644 4605
f 4599 4634 4600
f 4600 4635 4601
f 4601 4636 4603
f 4603 4637 4604
f 4604 4638 4602
f 4592 4534 4535
f 4593 4535 4630
f 4594 4630 4631
f 4595 4631 4632
f 4596 4632 4633
f 4629 4633 4674
f 4603 4636 4637
f 4674 4634 4599
f 4600 4634 4635
f 4601 4635 4636
f 4604 4637 4638
f 4602 4638 4649
f 4609 4649 4648
f 4608 4645 4607
f 4605 4647 4608
f 4624 4643 4642
f 4597 4639 4643
f 4598 4646 4639
f 4607 4645 4646
f 4608 4647 4645
f 4605 4644 4647
f 4606 4648 4644
f 4627 4640 4662
f 4641 4663 4640
f 4642 4664 4641
f 4644 4689 4647
f 4647 4682 4645
f 4642 4643 4665
f 4639 4681 4643
f 4639 4646 4683
f 4642 4665 4664
f 4645 4684 4646
f 4643 4681 4665
f 4639 4683 4681
f 4618 4619 4651
f 4618 4651 4650
f 4619 4652 4651
f 4619 4620 4652
f 4620 4621 4653
f 4620 4653 4652
f 4621 4625 4654
f 4625 4626 4655
f 4621 4654 4653
f 4626 4628 4660
f 4625 4655 4654
f 4626 4660 4655
f 4650 4651 4657
f 4651 4652 4658
f 4652 4653 4659
f 4653 4654 4666
f 4650 4657 4656
f 4651 4658 4657
f 4652 4659 4658
f 4653 4666 4659
f 4628 4661 4660
f 4627 4662 4661
f 4640 4663 4662
f 4641 4664 4663
f 4655 4667 4654
f 4655 4660 4668
f 4654 4667 4666
f 4661 4669 4660
f 4655 4668 4667
f 4660 4669 4668
f 4663 4702 4662
f 4663 4664 4703
f 4661 4662 4701
f 4661 4701 4669
f 4662 4702 4701
f 4656 4657 5059
f 4656 5059 5058
f 4657 4658 5060
f 4657 5060 5059
f 4658 4670 5060
f 4658 4659 4670
f 4659 4666 4671
f 4666 4667 4672
f 4659 4671 4670
f 4666 4672 4671
f 4667 4668 4673
f 4668 4669 4709
f 4667 4673 4672
f 4668 4709 4673
f 4630 4558 4631
f 4631 4675 4632
f 4632 4676 4633
f 4633 4677 4674
f 4674 4690 4634
f 4637 4687 4638
f 4634 4678 4635
f 4635 4679 4636
f 4636 4680 4637
f 4631 4558 4675
f 4632 4675 4676
f 4633 4676 4677
f 4674 4677 4690
f 4690 4678 4634
f 4635 4678 4679
f 4637 4680 4687
f 4636 4679 4680
f 4644 4648 4685
f 4638 4686 4649
f 4649 4688 4648
f 4649 4686 4688
f 4647 4689 4682
f 4644 4685 4689
f 4648 4688 4685
f 4646 4684 4683
f 4645 4682 4684
f 4638 4687 4686
f 4684 4706 4683
f 4682 4708 4684
f 4689 4695 4682
f 4685 4699 4689
f 4675 4571 4676
f 4676 4691 4677
f 4677 4692 4690
f 4690 4963 4678
f 4678 4693 4679
f 4679 4694 4680
f 4680 4697 4687
f 4676 4571 4691
f 4677 4691 4692
f 4690 4692 4963
f 4963 4693 4678
f 4679 4693 4694
f 4680 4694 4697
f 4687 4696 4686
f 4688 4700 4685
f 4686 4698 4688
f 4686 4696 4698
f 4688 4698 4700
f 4689 4699 4695
f 4682 4695 4708
f 4685 4700 4699
f 4687 4697 4696
f 4665 4705 4664
f 4665 4681 4704
f 4683 4707 4681
f 4665 4704 4705
f 4663 4703 4702
f 4664 4705 4703
f 4681 4707 4704
f 4683 4706 4707
f 4684 4708 4706
f 4700 4970 4699
f 4695 4699 4979
f 4703 4714 4702
f 4703 4705 4715
f 4669 4701 4711
f 4669 4711 4709
f 4702 4710 4701
f 4701 4710 4711
f 4702 4714 4710
f 4703 4715 4714
f 4673 4709 5068
f 4709 4711 5069
f 4710 5070 4711
f 4711 5070 5069
f 4706 4712 4707
f 4704 4716 4705
f 4704 4707 4713
f 4705 4716 4715
f 4704 4713 4716
f 4708 4978 4706
f 4695 4980 4708
f 4706 4978 4712
f 4708 4980 4978
f 4707 4712 4713
f 4714 4715 4718
f 4714 4717 4710
f 4710 4717 5070
f 4715 4716 4982
f 4713 4983 4716
f 4715 4982 4718
f 4714 4718 4717
f 4765 4742 4766
f 4743 4767 4766
f 4744 4768 4767
f 4745 4773 4768
f 4547 4271 4548
f 4746 4774 4773
f 4759 4775 4774
f 4741 4727 4728
f 4742 4728 4729
f 4743 4729 4730
f 4744 4730 4737
f 4745 4737 4738
f 4746 4738 4739
f 4759 4739 4740
f 4719 4813 4720
f 4720 4813 4721
f 4721 4813 4722
f 4722 4813 4723
f 4723 4813 4724
f 4727 4719 4720
f 4728 4720 4721
f 4727 4720 4728
f 4728 4721 4729
f 4729 4722 4730
f 4730 4723 4737
f 4737 4724 4738
f 4729 4721 4722
f 4730 4722 4723
f 4737 4723 4724
f 4738 4724 4725
f 4738 4725 4739
f 4739 4726 4740
f 4740 4731 4747
f 4747 4732 4748
f 4748 4733 4749
f 4739 4725 4726
f 4740 4726 4731
f 4747 4731 4732
f 4748 4732 4733
f 4749 4733 4734
f 4750 4734 4735
f 4751 4735 4736
f 4741 4728 4742
f 4742 4729 4743
f 4743 4730 4744
f 4765 4741 4742
f 4742 4743 4766
f 4743 4744 4767
f 4744 4737 4745
f 4745 4738 4746
f 4746 4739 4759
f 4744 4745 4768
f 4745 4746 4773
f 4760 4740 4747
f 4761 4747 4748
f 4762 4748 4749
f 4763 4749 4750
f 4749 4734 4750
f 4750 4735 4751
f 4751 4736 4752
f 4752 4736 4814
f 4753 4814 4815
f 4754 4815 4816
f 4755 4816 4817
f 4752 4814 4753
f 4753 4815 4754
f 4754 4816 4755
f 4755 4817 4756
f 4764 4750 4751
f 4782 4751 4752
f 4752 4753 4783
f 4753 4754 4784
f 4818 4757 4756
f 4754 4755 4785
f 4759 4740 4760
f 4760 4747 4761
f 4761 4748 4762
f 4746 4759 4774
f 4759 4760 4775
f 4762 4749 4763
f 4763 4750 4764
f 4760 4761 4776
f 4761 4762 4791
f 4760 4776 4775
f 4762 4763 4798
f 4761 4791 4776
f 4762 4798 4791
f 4764 4751 4782
f 4782 4752 4783
f 4765 4766 4769
f 4770 4766 4767
f 4769 4766 4770
f 4771 4767 4768
f 4772 4768 4773
f 4770 4767 4771
f 4771 4768 4772
f 4769 4770 5101
f 4770 4771 5102
f 4770 5102 5101
f 4771 4772 5103
f 4771 5103 5102
f 4772 5104 5103
f 4777 4773 4774
f 4778 4774 4775
f 4772 4773 4777
f 4777 4774 4778
f 4779 4775 4776
f 4792 4776 4791
f 4778 4775 4779
f 4779 4776 4792
f 4772 4777 5104
f 4777 4778 5105
f 4777 5105 5104
f 4778 4779 5106
f 4778 5106 5105
f 4548 4276 4575
f 4575 4277 4576
f 4576 4278 4580
f 4576 4277 4278
f 4580 4780 4581
f 4580 4278 4780
f 4581 4781 4582
f 4582 4989 4583
f 4581 4780 4781
f 4582 4781 4989
f 4755 4756 4786
f 4756 4757 4787
f 4757 4758 4788
f 4758 4857 4789
f 4763 4799 4798
f 4764 4800 4799
f 4763 4764 4799
f 4764 4782 4800
f 4782 4783 4801
f 4802 4783 4784
f 4782 4801 4800
f 4801 4783 4802
f 4802 4784 4803
f 4803 4785 4804
f 4753 4784 4783
f 4754 4785 4784
f 4755 4786 4785
f 4756 4787 4786
f 4757 4788 4787
f 4758 4789 4788
f 4857 4790 4789
f 4803 4784 4785
f 4804 4785 4786
f 4805 4786 4787
f 4787 4788 4806
f 4804 4786 4805
f 4805 4787 4806
f 4788 4807 4806
f 4788 4789 4807
f 4789 4790 4808
f 4790 4902 4809
f 4789 4808 4807
f 4790 4809 4808
f 4902 4810 4809
f 4793 4791 4798
f 4794 4798 4799
f 4792 4791 4793
f 4793 4798 4794
f 4794 4799 4795
f 4800 4796 4795
f 4779 4792 5107
f 4779 5107 5106
f 4792 5108 5107
f 4793 5109 5108
f 4792 4793 5108
f 4793 4794 5109
f 4794 4795 5110
f 4795 4796 5111
f 4794 5110 5109
f 4795 5111 5110
f 4796 4797 5112
f 4797 4811 5117
f 4796 5112 5111
f 4797 5117 5112
f 4799 4800 4795
f 4800 4801 4796
f 4797 4801 4802
f 4811 4802 4803
f 4812 4803 4804
f 4796 4801 4797
f 4797 4802 4811
f 4804 4805 4997
f 4805 4806 4998
f 4811 4803 4812
f 4812 4804 4997
f 4805 4998 4997
f 4806 4807 4999
f 4724 4813 4725
f 4725 4813 4726
f 4726 4813 4731
f 4731 4813 4732
f 4732 4813 4733
f 4733 4813 4734
f 4734 4813 4735
f 4735 4813 4736
f 4813 4837 4838
f 4813 4838 4839
f 4813 4839 4840
f 4813 4840 4841
f 4813 4841 4842
f 4813 4842 4843
f 4813 4850 4849
f 4813 4843 4844
f 4813 4844 4850
f 4813 4849 4851
f 4813 4851 4824
f 4813 4824 4825
f 4813 4825 4834
f 4736 4813 4814
f 4814 4813 4815
f 4815 4813 4816
f 4816 4813 4817
f 4813 4818 4817
f 4813 4819 4818
f 4813 4820 4819
f 4813 4821 4820
f 4813 4822 4821
f 4813 4823 4822
f 4813 4856 4823
f 4813 4826 4856
f 4813 4829 4831
f 4813 4835 4832
f 4813 4833 4836
f 4813 4836 4829
f 4813 4832 4833
f 4813 4827 4826
f 4813 4828 4827
f 4813 4830 4828
f 4813 4831 4830
f 4813 4834 4835
f 4837 4846 4838
f 4838 4847 4839
f 4839 4848 4840
f 4840 4852 4841
f 4841 4853 4842
f 4842 4855 4843
f 4837 4845 4846
f 4838 4846 4847
f 4839 4847 4848
f 4840 4848 4852
f 4841 4852 4853
f 4843 4854 4844
f 4844 4867 4850
f 4849 4850 4868
f 4851 4849 4869
f 4851 4870 4824
f 4825 4873 4834
f 4825 4824 4866
f 4850 4867 4868
f 4849 4868 4869
f 4842 4853 4855
f 4843 4855 4854
f 4844 4854 4867
f 4855 4884 4854
f 4817 4818 4756
f 4818 4819 4757
f 4819 4820 4758
f 4820 4821 4857
f 4821 4822 4858
f 4822 4823 4859
f 4823 4856 4860
f 4856 4826 4901
f 4829 4836 4876
f 4833 4875 4836
f 4833 4832 4871
f 4826 4827 4861
f 4827 4828 4862
f 4828 4830 4863
f 4830 4831 4864
f 4831 4829 4865
f 4819 4758 4757
f 4820 4857 4758
f 4821 4858 4857
f 4822 4859 4858
f 4823 4860 4859
f 4856 4901 4860
f 4830 4864 4863
f 4901 4826 4861
f 4827 4862 4861
f 4828 4863 4862
f 4831 4865 4864
f 4829 4876 4865
f 4836 4875 4876
f 4835 4834 4872
f 4832 4835 4874
f 4851 4869 4870
f 4824 4870 4866
f 4825 4866 4873
f 4834 4873 4872
f 4835 4872 4874
f 4832 4874 4871
f 4833 4871 4875
f 4854 4885 4867
f 4868 4867 4886
f 4869 4868 4887
f 4871 4874 4916
f 4874 4872 4909
f 4869 4888 4870
f 4866 4870 4908
f 4866 4910 4873
f 4872 4873 4911
f 4869 4887 4888
f 4870 4888 4908
f 4866 4908 4910
f 4845 4878 4846
f 4846 4879 4847
f 4847 4880 4848
f 4848 4881 4852
f 4852 4882 4853
f 4853 4883 4855
f 4845 4877 4878
f 4846 4878 4879
f 4847 4879 4880
f 4877 4890 4878
f 4878 4891 4879
f 4848 4880 4881
f 4852 4881 4882
f 4853 4882 4883
f 4879 4892 4880
f 4880 4894 4881
f 4877 4889 4890
f 4878 4890 4891
f 4879 4891 4892
f 4880 4892 4894
f 4855 4883 4884
f 4854 4884 4885
f 4867 4885 4886
f 4882 4881 4895
f 4882 4896 4883
f 4881 4894 4895
f 4884 4883 4897
f 4882 4895 4896
f 4883 4896 4897
f 4868 4886 4887
f 4886 4885 4929
f 4886 4930 4887
f 4884 4928 4885
f 4884 4897 4928
f 4885 4928 4929
f 4889 5077 4890
f 4890 5078 4891
f 4889 5076 5077
f 4890 5077 5078
f 4891 4893 4892
f 4891 5078 4893
f 4892 4898 4894
f 4894 4899 4895
f 4892 4893 4898
f 4894 4898 4899
f 4895 4900 4896
f 4896 4933 4897
f 4895 4899 4900
f 4896 4900 4933
f 4857 4858 4790
f 4858 4859 4902
f 4859 4860 4903
f 4860 4901 4904
f 4901 4861 4917
f 4864 4865 4914
f 4861 4862 4905
f 4862 4863 4906
f 4863 4864 4907
f 4871 4912 4875
f 4865 4876 4913
f 4876 4875 4915
f 4858 4902 4790
f 4859 4903 4902
f 4860 4904 4903
f 4901 4917 4904
f 4917 4861 4905
f 4862 4906 4905
f 4864 4914 4907
f 4863 4907 4906
f 4876 4915 4913
f 4874 4909 4916
f 4871 4916 4912
f 4875 4912 4915
f 4873 4910 4911
f 4872 4911 4909
f 4865 4913 4914
f 4911 4910 4936
f 4909 4911 4938
f 4916 4909 4922
f 4912 4916 4926
f 4902 4903 4810
f 4903 4904 4918
f 4904 4917 4919
f 4917 4905 5025
f 4905 4906 4920
f 4906 4907 4921
f 4907 4914 4924
f 4903 4918 4810
f 4904 4919 4918
f 4917 5025 4919
f 5025 4905 4920
f 4906 4921 4920
f 4907 4924 4921
f 4914 4913 4923
f 4915 4912 4927
f 4913 4915 4925
f 4913 4925 4923
f 4915 4927 4925
f 4916 4922 4926
f 4909 4938 4922
f 4912 4926 4927
f 4914 4923 4924
f 4888 4887 4932
f 4888 4931 4908
f 4910 4908 4937
f 4888 4932 4931
f 4886 4929 4930
f 4887 4930 4932
f 4908 4931 4937
f 4910 4937 4936
f 4911 4936 4938
f 4927 4926 5032
f 4922 5035 4926
f 4930 4929 4941
f 4930 4942 4932
f 4897 4935 4928
f 4929 4928 4934
f 4897 4933 4935
f 4928 4935 4934
f 4929 4934 4941
f 4930 4941 4942
f 4900 5227 4933
f 4933 5230 4935
f 4934 4935 5231
f 4935 5230 5231
f 4936 4937 4939
f 4931 4932 4943
f 4931 4940 4937
f 4932 4942 4943
f 4931 4943 4940
f 4938 4936 5034
f 4922 4938 5036
f 4936 4939 5034
f 4938 5034 5036
f 4937 4940 4939
f 4941 5116 4942
f 4941 4934 5115
f 4934 5231 5115
f 4942 5165 4943
f 4940 4943 5166
f 4942 5116 5165
f 4941 5115 5116
f 4584 4945 4585
f 4944 4945 4584
f 4585 4945 4946
f 4567 4948 4949
f 4568 4950 4569
f 4568 4949 4950
f 4569 4950 4951
f 4569 4951 4570
f 4570 4952 4571
f 4571 4953 4691
f 4570 4951 4952
f 4571 4952 4953
f 4691 4953 4954
f 4585 4946 4947
f 4955 4948 4947
f 4946 4955 4947
f 4955 4956 4948
f 4956 4949 4948
f 4949 4957 4950
f 4958 4951 4950
f 4956 4957 4949
f 4957 4958 4950
f 4951 4959 4952
f 4958 4959 4951
f 4952 4959 4960
f 4952 4960 4953
f 4961 4954 4953
f 4960 4961 4953
f 4961 4962 4954
f 4691 4954 4692
f 4692 4964 4963
f 4963 4971 4693
f 4693 4965 4694
f 4694 4966 4697
f 4692 4954 4964
f 4963 4964 4971
f 4971 4965 4693
f 4694 4965 4966
f 4697 4967 4696
f 4696 4968 4698
f 4698 4968 4969
f 4698 4969 4700
f 4699 4970 4979
f 4700 4969 4970
f 4697 4966 4967
f 4696 4967 4968
f 4970 4987 4979
f 4954 4962 4964
f 4964 4972 4971
f 4971 4988 4965
f 4965 4973 4966
f 4964 4962 4972
f 4971 4972 4988
f 4988 4973 4965
f 4966 4973 4974
f 4967 4975 4968
f 4966 4974 4967
f 4968 4977 4969
f 4969 4976 4970
f 4969 4977 4976
f 4970 4976 4987
f 4967 4974 4975
f 4968 4975 4977
f 4695 4979 4980
f 4712 4984 4713
f 4712 4978 4981
f 4979 4985 4980
f 4980 4986 4978
f 4980 4985 4986
f 4712 4981 4984
f 4978 4986 4981
f 4716 4983 4982
f 4713 4984 4983
f 4979 4987 4985
f 4583 4989 4990
f 4944 4990 4991
f 4583 4990 4944
f 4944 4991 4945
f 4992 4946 4945
f 4991 4992 4945
f 4781 4284 4989
f 4285 4990 4989
f 4995 4991 4990
f 4993 4955 4946
f 4955 4994 4956
f 4992 4993 4946
f 4993 4994 4955
f 4956 4994 5005
f 4991 4996 4992
f 4992 5012 4993
f 4993 5013 4994
f 4956 5005 4957
f 4957 5006 4958
f 4958 5007 4959
f 4957 5005 5006
f 4285 4995 4990
f 4811 4812 5118
f 4811 5118 5117
f 4812 5119 5118
f 4995 4996 4991
f 4992 4996 5012
f 4993 5012 5013
f 4995 4439 4996
f 4806 4999 4998
f 4807 4808 5000
f 4808 4809 5001
f 4809 4810 5002
f 4810 4918 5003
f 4807 5000 4999
f 4808 5001 5000
f 4809 5002 5001
f 4810 5003 5002
f 4918 5004 5003
f 4812 4997 5119
f 4997 4998 5126
f 4998 4999 5127
f 4999 5000 5128
f 4997 5126 5119
f 4998 5127 5126
f 5000 5001 5129
f 4999 5128 5127
f 5000 5129 5128
f 5001 5002 5130
f 5002 5003 5131
f 5003 5004 5132
f 5001 5130 5129
f 5002 5131 5130
f 5003 5132 5131
f 5004 5133 5132
f 5014 5005 4994
f 5015 5006 5005
f 4958 5006 5007
f 4959 5007 5008
f 4959 5008 4960
f 4960 5009 4961
f 4961 5010 4962
f 4962 5011 4972
f 4960 5008 5009
f 4961 5009 5010
f 4962 5010 5011
f 5006 5016 5007
f 5007 5017 5008
f 5008 5018 5009
f 5019 5010 5009
f 5010 5020 5011
f 5011 5021 5037
f 5013 5014 4994
f 5014 5015 5005
f 5015 5016 5006
f 4996 4446 5012
f 5012 5136 5013
f 5013 5138 5014
f 5014 5139 5015
f 5015 5140 5016
f 5016 5328 5017
f 5007 5016 5017
f 5008 5017 5018
f 5018 5019 5009
f 5019 5020 5010
f 5011 5020 5021
f 5037 5021 5047
f 5017 5329 5018
f 5018 5330 5019
f 4718 5093 4717
f 4718 4982 5094
f 4984 5024 4983
f 4983 5022 4982
f 4718 5094 5093
f 4982 5022 5094
f 4986 5044 4981
f 4976 5046 4987
f 4987 5043 4985
f 4985 5045 4986
f 4986 5045 5044
f 4981 5023 4984
f 4984 5023 5024
f 4983 5024 5022
f 4981 5044 5023
f 5024 5052 5022
f 4918 4919 5004
f 4919 5025 5026
f 5025 4920 5033
f 4920 4921 5027
f 4921 4924 5028
f 4919 5026 5004
f 5025 5033 5026
f 5033 4920 5027
f 4921 5028 5027
f 4924 4923 5029
f 4923 4925 5030
f 4925 4927 5031
f 4925 5031 5030
f 4926 5035 5032
f 4927 5032 5031
f 4924 5029 5028
f 4923 5030 5029
f 5032 5035 5170
f 5004 5026 5133
f 5026 5033 5158
f 5033 5027 5174
f 5027 5028 5159
f 5026 5158 5133
f 5033 5174 5158
f 5174 5027 5159
f 5028 5160 5159
f 5029 5030 5161
f 5028 5029 5160
f 5030 5031 5163
f 5031 5032 5162
f 5031 5162 5163
f 5032 5170 5162
f 5029 5161 5160
f 5030 5163 5161
f 4922 5036 5035
f 4939 4940 5167
f 4939 5164 5034
f 5035 5036 5168
f 5036 5034 5169
f 5036 5169 5168
f 4939 5167 5164
f 5034 5164 5169
f 4943 5165 5166
f 4940 5166 5167
f 5035 5168 5170
f 4972 5037 4988
f 4988 5038 4973
f 4973 5039 4974
f 4972 5011 5037
f 4988 5037 5038
f 5038 5039 4973
f 4974 5039 5040
f 4975 5041 4977
f 4974 5040 4975
f 4977 5042 4976
f 4977 5041 5042
f 4976 5042 5046
f 4975 5040 5041
f 5037 5047 5038
f 5038 5327 5039
f 5039 5048 5040
f 5040 5049 5041
f 5041 5051 5042
f 5042 5050 5046
f 4987 5046 5043
f 4985 5043 5045
f 5046 5056 5043
f 5043 5055 5045
f 5045 5057 5044
f 5023 5054 5024
f 5023 5044 5053
f 5038 5047 5327
f 5327 5048 5039
f 5042 5051 5050
f 5040 5048 5049
f 5041 5049 5051
f 5045 5055 5057
f 5023 5053 5054
f 5024 5054 5052
f 5044 5057 5053
f 5054 5291 5052
f 5043 5056 5055
f 5046 5050 5056
f 5050 5349 5056
f 5055 5348 5057
f 5056 5350 5055
f 5053 5057 5351
f 5053 5185 5054
f 5058 5059 5062
f 5058 5062 5061
f 5059 5060 5063
f 5060 4670 5064
f 5060 5064 5063
f 5059 5063 5062
f 4670 5065 5064
f 4670 4671 5065
f 4671 4672 5066
f 4671 5066 5065
f 4672 4673 5067
f 4672 5067 5066
f 4673 5068 5067
f 4709 5069 5068
f 5062 5063 5073
f 5061 5062 5071
f 5061 5071 5072
f 5062 5073 5071
f 5072 5071 5080
f 5071 5073 5081
f 5063 5064 5074
f 5064 5065 5075
f 5066 5083 5065
f 5063 5074 5073
f 5064 5075 5074
f 5065 5083 5075
f 5073 5074 5082
f 5074 5075 5091
f 5072 5080 5079
f 5071 5081 5080
f 5076 5204 5077
f 5076 5203 5204
f 5077 5205 5078
f 5078 5209 4893
f 5078 5205 5209
f 5077 5204 5205
f 5073 5082 5081
f 5074 5091 5082
f 4893 5210 4898
f 4893 5209 5210
f 4898 5211 4899
f 4899 5226 4900
f 4898 5210 5211
f 4899 5211 5226
f 5079 5080 5215
f 5080 5081 5216
f 5081 5082 5217
f 5082 5091 5235
f 5066 5067 5084
f 5066 5084 5083
f 5068 5085 5067
f 5067 5085 5084
f 5075 5083 5088
f 5084 5089 5083
f 5068 5069 5086
f 5070 5087 5069
f 5068 5086 5085
f 5069 5087 5086
f 5070 4717 5092
f 5070 5092 5087
f 5087 5096 5086
f 5084 5085 5090
f 5086 5095 5085
f 5075 5088 5091
f 5083 5089 5088
f 4900 5226 5227
f 4933 5227 5230
f 5084 5090 5089
f 5085 5095 5090
f 5086 5096 5095
f 5089 5090 5238
f 5091 5088 5236
f 5088 5089 5237
f 4717 5093 5092
f 5087 5092 5097
f 5093 5098 5092
f 5094 5099 5093
f 5094 5022 5100
f 5087 5097 5096
f 5092 5098 5097
f 5090 5095 5279
f 5096 5276 5095
f 5097 5277 5096
f 5093 5099 5098
f 5094 5100 5099
f 5022 5052 5100
f 5099 5289 5098
f 5097 5098 5278
f 5099 5100 5288
f 5052 5290 5100
f 4386 5105 5106
f 4397 5106 5107
f 4398 5107 5108
f 4401 5108 5109
f 4398 5108 4401
f 5113 5109 5110
f 5114 5110 5111
f 5111 5112 5120
f 4401 5109 5113
f 5113 5110 5114
f 5114 5111 5120
f 5112 5117 5121
f 5117 5118 5122
f 5123 5118 5119
f 5112 5121 5120
f 5121 5117 5122
f 5122 5118 5123
f 5124 5119 5126
f 5126 5127 5125
f 5123 5119 5124
f 5124 5126 5125
f 5127 5137 5125
f 5127 5128 5137
f 5128 5129 5141
f 5129 5130 5142
f 5128 5141 5137
f 5114 5120 4442
f 4443 5120 5121
f 5134 5121 5122
f 4443 5121 5134
f 5122 5123 5135
f 5134 5122 5135
f 5123 5147 5135
f 5124 5148 5147
f 5123 5124 5147
f 5124 5125 5148
f 5134 5135 4457
f 5012 4446 5136
f 5013 5136 5138
f 5014 5138 5139
f 5015 5139 5140
f 5016 5140 5328
f 5017 5328 5329
f 4450 5138 5136
f 5151 5139 5138
f 5139 5334 5140
f 5143 5130 5131
f 5131 5132 5144
f 5132 5133 5145
f 5133 5158 5146
f 5129 5142 5141
f 5142 5130 5143
f 5143 5131 5144
f 5132 5145 5144
f 5133 5146 5145
f 5149 5125 5137
f 5150 5137 5141
f 5148 5125 5149
f 5149 5137 5150
f 5150 5141 5152
f 5135 5147 4465
f 5147 5148 5197
f 5148 5149 5198
f 4450 5151 5138
f 5151 5334 5139
f 5149 5150 5199
f 5150 5152 5200
f 5152 5153 5361
f 5141 5142 5152
f 5142 5143 5153
f 5143 5144 5154
f 5142 5153 5152
f 5143 5154 5153
f 5154 5144 5155
f 5155 5144 5145
f 5145 5146 5156
f 5146 5175 5157
f 5155 5145 5156
f 5146 5157 5156
f 5175 5186 5157
f 5153 5154 5362
f 5154 5155 5366
f 5116 5115 5274
f 5116 5275 5165
f 5167 5166 5173
f 5166 5165 5171
f 5116 5274 5275
f 5165 5275 5171
f 5169 5164 5182
f 5162 5170 5184
f 5170 5168 5181
f 5168 5169 5183
f 5164 5167 5172
f 5169 5182 5183
f 5167 5173 5172
f 5166 5171 5173
f 5164 5172 5182
f 5173 5171 5191
f 5158 5174 5175
f 5174 5159 5176
f 5159 5160 5177
f 5161 5163 5179
f 5160 5161 5178
f 5163 5162 5180
f 5158 5175 5146
f 5174 5176 5175
f 5176 5159 5177
f 5160 5178 5177
f 5163 5180 5179
f 5162 5184 5180
f 5161 5179 5178
f 5170 5181 5184
f 5168 5183 5181
f 5054 5185 5291
f 5053 5351 5185
f 5057 5348 5351
f 5185 5426 5291
f 5175 5176 5186
f 5176 5177 5352
f 5177 5178 5187
f 5176 5352 5186
f 5352 5177 5187
f 5178 5179 5188
f 5179 5180 5190
f 5180 5184 5189
f 5180 5189 5190
f 5178 5188 5187
f 5179 5190 5188
f 5184 5181 5195
f 5181 5183 5194
f 5183 5182 5196
f 5183 5196 5194
f 5172 5173 5193
f 5172 5192 5182
f 5172 5193 5192
f 5173 5191 5193
f 5182 5192 5196
f 5193 5191 5311
f 5181 5194 5195
f 5184 5195 5189
f 5189 5195 5399
f 5194 5196 5398
f 5195 5194 5400
f 5192 5401 5196
f 5192 5193 5202
f 5147 5197 4465
f 5148 5198 5197
f 5149 5199 5198
f 5150 5200 5199
f 5200 5152 5361
f 5153 5362 5361
f 4475 5197 5198
f 5201 5198 5199
f 5199 5200 5370
f 4475 5198 5201
f 5201 5199 5370
f 5193 5311 5202
f 5192 5202 5401
f 5196 5401 5398
f 5202 5311 5432
f 5204 5208 5205
f 5203 5206 5204
f 5203 5207 5206
f 5204 5206 5208
f 5205 5212 5209
f 5209 5213 5210
f 5211 5210 5228
f 5205 5208 5212
f 5209 5212 5213
f 5210 5213 5228
f 5079 5215 5214
f 5080 5216 5215
f 5214 5215 5219
f 5081 5217 5216
f 5082 5235 5217
f 5215 5216 5222
f 5216 5217 5223
f 5207 5221 5206
f 5207 5220 5221
f 5206 5224 5208
f 5206 5221 5224
f 5208 5225 5212
f 5208 5224 5225
f 5212 5243 5213
f 5212 5225 5243
f 5214 5219 5218
f 5215 5222 5219
f 5220 5247 5221
f 5221 5248 5224
f 5218 5219 5263
f 5216 5223 5222
f 5224 5249 5225
f 5225 5254 5243
f 5219 5222 5264
f 5222 5223 5268
f 5211 5229 5226
f 5227 5226 5232
f 5211 5228 5229
f 5226 5229 5232
f 5227 5233 5230
f 5231 5230 5234
f 5231 5273 5115
f 5227 5232 5233
f 5230 5233 5234
f 5231 5234 5273
f 5091 5236 5235
f 5088 5237 5236
f 5217 5235 5242
f 5235 5236 5244
f 5089 5238 5237
f 5236 5237 5245
f 5237 5238 5285
f 5213 5239 5228
f 5213 5243 5239
f 5229 5228 5240
f 5228 5239 5240
f 5234 5233 5281
f 5229 5241 5232
f 5229 5240 5241
f 5233 5232 5280
f 5232 5241 5280
f 5233 5280 5281
f 5240 5257 5241
f 5217 5242 5223
f 5235 5244 5242
f 5243 5255 5239
f 5223 5242 5269
f 5237 5285 5245
f 5236 5245 5244
f 5239 5256 5240
f 5242 5244 5258
f 5244 5245 5302
f 5220 5246 5247
f 5221 5247 5248
f 5246 5251 5247
f 5224 5248 5249
f 5225 5249 5254
f 5247 5252 5248
f 5248 5253 5249
f 5246 5250 5251
f 5247 5251 5252
f 5250 6078 5251
f 5248 5252 5253
f 5251 6079 5252
f 5252 6086 5253
f 5243 5254 5255
f 5239 5255 5256
f 5223 5269 5268
f 5242 5258 5269
f 5249 5259 5254
f 5254 5260 5255
f 5240 5256 5257
f 5244 5302 5258
f 5255 5261 5256
f 5256 5305 5257
f 5249 5253 5259
f 5254 5259 5260
f 5253 6087 5259
f 5256 5261 5305
f 5255 5260 5261
f 5259 6076 5260
f 5260 6103 5261
f 5218 5263 5262
f 5219 5264 5263
f 5262 5263 5266
f 5222 5268 5264
f 5263 5264 5267
f 5264 5268 5270
f 5262 5266 5265
f 5263 5267 5266
f 5264 5270 5267
f 5268 5269 5271
f 5269 5258 5272
f 5268 5271 5270
f 5269 5272 5271
f 5258 5325 5272
f 5090 5279 5238
f 5095 5276 5279
f 5096 5277 5276
f 5115 5273 5274
f 5097 5278 5277
f 5098 5289 5278
f 5277 5297 5276
f 5279 5286 5238
f 5279 5276 5287
f 5234 5282 5273
f 5234 5281 5282
f 5274 5273 5283
f 5273 5282 5283
f 5241 5301 5280
f 5281 5280 5298
f 5282 5281 5299
f 5275 5274 5284
f 5275 5293 5171
f 5274 5283 5284
f 5275 5284 5293
f 5171 5293 5191
f 5284 5283 5309
f 5282 5300 5283
f 5238 5286 5285
f 5285 5286 5304
f 5245 5285 5303
f 5279 5287 5286
f 5276 5297 5287
f 5287 5313 5286
f 5099 5288 5289
f 5100 5290 5288
f 5052 5291 5290
f 5288 5296 5289
f 5278 5289 5295
f 5278 5292 5277
f 5288 5290 5294
f 5291 5425 5290
f 5277 5292 5297
f 5289 5296 5295
f 5278 5295 5292
f 5284 5308 5293
f 5191 5293 5310
f 5288 5294 5296
f 5290 5425 5294
f 5292 5295 5315
f 5296 5427 5295
f 5297 5312 5287
f 5297 5292 5314
f 5241 5257 5301
f 5280 5301 5298
f 5281 5298 5299
f 5282 5299 5300
f 5283 5300 5309
f 5299 5298 5320
f 5245 5303 5302
f 5285 5304 5303
f 5301 5257 5306
f 5303 5326 5302
f 5286 5313 5304
f 5301 5307 5298
f 5303 5304 5321
f 5257 5305 5306
f 5305 6105 5306
f 5261 6104 5305
f 5301 5306 5307
f 5298 5307 5320
f 5303 5321 5326
f 5307 5306 6107
f 5284 5309 5308
f 5293 5308 5310
f 5191 5310 5311
f 5308 5309 5319
f 5300 5318 5309
f 5300 5299 5316
f 5295 5427 5315
f 5308 5317 5310
f 5311 5310 5431
f 5287 5312 5313
f 5297 5314 5312
f 5304 5313 5322
f 5312 5324 5313
f 5292 5315 5314
f 5312 5314 5323
f 5315 5435 5314
f 5299 5320 5316
f 5309 5318 5319
f 5300 5316 5318
f 5308 5319 5317
f 5310 5317 5431
f 5316 6109 5318
f 5319 5318 6247
f 5304 5322 5321
f 5313 5324 5322
f 5320 5307 6106
f 5320 6108 5316
f 5314 5435 5323
f 5312 5323 5324
f 5258 5302 5325
f 5302 5326 5325
f 5019 5331 5020
f 5020 5332 5021
f 5021 5333 5047
f 5047 5343 5327
f 5327 5347 5048
f 5048 5344 5049
f 5049 5345 5051
f 5051 5346 5050
f 5140 5335 5328
f 5336 5329 5328
f 5018 5329 5330
f 5019 5330 5331
f 5020 5331 5332
f 5021 5332 5333
f 5047 5333 5343
f 5329 5337 5330
f 5330 5338 5331
f 5331 5339 5332
f 5332 5340 5333
f 5333 5341 5343
f 5140 5334 5335
f 5335 5336 5328
f 5336 5337 5329
f 5151 4477 5334
f 5334 5363 5335
f 5335 5364 5336
f 5336 5365 5337
f 5379 5338 5337
f 5155 5156 5367
f 5156 5157 5368
f 5157 5186 5369
f 5330 5337 5338
f 5331 5338 5339
f 5339 5340 5332
f 5333 5340 5341
f 5343 5341 5342
f 5338 5380 5339
f 5339 5381 5340
f 5340 5382 5341
f 5341 5383 5342
f 5327 5343 5347
f 5347 5344 5048
f 5050 5346 5349
f 5049 5344 5345
f 5051 5345 5346
f 5343 5342 5347
f 5347 5360 5344
f 5345 5354 5346
f 5344 5353 5345
f 5346 5355 5349
f 5056 5349 5350
f 5055 5350 5348
f 5349 5358 5350
f 5350 5357 5348
f 5185 5351 5356
f 5348 5359 5351
f 5186 5352 5393
f 5352 5187 5397
f 5187 5188 5394
f 5188 5190 5395
f 5190 5189 5396
f 5347 5342 5360
f 5360 5353 5344
f 5345 5353 5354
f 5346 5354 5355
f 5185 5356 5426
f 5351 5359 5356
f 5355 5358 5349
f 5350 5358 5357
f 5348 5357 5359
f 5357 5416 5359
f 5358 5414 5357
f 5359 5415 5356
f 5356 5402 5426
f 5342 5384 5360
f 5360 5412 5353
f 5353 5410 5354
f 5354 5411 5355
f 5355 5413 5358
f 5334 4477 5363
f 5200 5361 5371
f 5372 5361 5362
f 5335 5363 5364
f 5336 5364 5365
f 5365 5379 5337
f 5363 4481 5364
f 5364 5385 5365
f 5154 5366 5362
f 5155 5367 5366
f 5156 5368 5367
f 5157 5369 5368
f 5186 5393 5369
f 5362 5366 5373
f 5366 5367 5374
f 5367 5368 5375
f 5368 5369 5376
f 5369 5393 5377
f 5200 5371 5370
f 5371 5361 5372
f 5372 5362 5373
f 5201 5370 6005
f 5370 5371 6177
f 4481 5385 5364
f 5371 5372 6178
f 5372 5373 6179
f 5373 5374 6180
f 5366 5374 5373
f 5367 5375 5374
f 5375 5368 5376
f 5369 5377 5376
f 5393 5378 5377
f 5374 5375 6181
f 5379 5380 5338
f 5365 5386 5379
f 5379 5387 5380
f 5380 5388 5381
f 5339 5380 5381
f 5340 5381 5382
f 5341 5382 5383
f 5342 5383 5384
f 5381 5389 5382
f 5382 5390 5383
f 5383 5391 5384
f 5365 5385 5386
f 5379 5386 5387
f 5387 5388 5380
f 5375 5376 6182
f 5376 5377 6183
f 5377 5378 6184
f 5381 5388 5389
f 5382 5389 5390
f 5390 5391 5383
f 5384 5391 5392
f 5352 5397 5393
f 5397 5187 5394
f 5189 5399 5396
f 5188 5395 5394
f 5190 5396 5395
f 5393 5397 5378
f 5397 5394 5417
f 5395 5396 5404
f 5394 5395 5403
f 5396 5399 5405
f 5195 5400 5399
f 5194 5398 5400
f 5399 5400 5408
f 5400 5398 5407
f 5202 5406 5401
f 5398 5401 5409
f 5359 5416 5415
f 5356 5415 5402
f 5397 5417 5378
f 5417 5394 5403
f 5395 5404 5403
f 5396 5405 5404
f 5202 5432 5406
f 5401 5406 5409
f 5405 5399 5408
f 5400 5407 5408
f 5398 5409 5407
f 5407 5409 6202
f 5408 5407 6200
f 5409 5406 6201
f 5406 5432 6195
f 5360 5384 5412
f 5412 5410 5353
f 5354 5410 5411
f 5355 5411 5413
f 5384 5392 5412
f 5412 5424 5410
f 5410 5418 5411
f 5411 5419 5413
f 5358 5413 5414
f 5357 5414 5416
f 5414 5421 5416
f 5402 5415 5423
f 5416 5422 5415
f 5413 5420 5414
f 5378 5417 6185
f 5417 5403 6198
f 5403 5404 6196
f 5404 5405 6197
f 5412 5392 5424
f 5424 5418 5410
f 5419 5420 5413
f 5411 5418 5419
f 5422 5423 5415
f 5405 5408 6199
f 5414 5420 5421
f 5416 5421 5422
f 5291 5426 5425
f 5294 5425 5429
f 5426 5430 5425
f 5294 5428 5296
f 5294 5429 5428
f 5425 5430 5429
f 5296 5428 5427
f 5315 5427 5436
f 5428 5434 5427
f 5426 5402 5430
f 5430 5437 5429
f 5428 5429 5433
f 5311 5431 5432
f 5427 5434 5436
f 5317 6249 5431
f 5432 5431 6250
f 5317 5319 6248
f 5437 5433 5429
f 5428 5433 5434
f 5315 5436 5435
f 5402 5438 5430
f 5430 5438 5437
f 5402 5423 5438
f 4409 5623 4410
f 4410 5623 5624
f 4410 5624 4411
f 4411 5638 4412
f 4411 5624 5638
f 5623 5627 5624
f 5623 5626 5627
f 5624 5627 5629
f 5624 5629 5630
f 5624 5630 5631
f 5624 5639 5638
f 5624 5631 5639
f 5638 5639 5640
f 5638 5640 5642
f 5638 5642 5643
f 5638 5643 5657
f 5648 5645 5644
f 5648 5646 5645
f 5648 5647 5646
f 5648 5649 5647
f 4412 5656 4432
f 4412 5638 5656
f 4432 5659 4433
f 4432 5656 5659
f 4433 5659 5757
f 5638 5657 5656
f 5656 5657 5690
f 5656 5690 5691
f 5656 5691 5692
f 5656 5692 5693
f 5656 5693 5695
f 5656 5695 5659
f 5659 5695 5696
f 5659 5696 5706
f 5659 5710 5757
f 4421 5661 5660
f 4422 5662 5661
f 4423 5670 5662
f 5660 5661 5633
f 5660 5633 5632
f 5661 5634 5633
f 5661 5635 5634
f 5661 5636 5635
f 5661 5637 5636
f 5661 5644 5637
f 5661 5662 5644
f 5662 5670 5648
f 5662 5648 5644
f 4431 5671 5670
f 4434 5672 5671
f 4435 5759 5672
f 5670 5671 5658
f 5648 5670 5658
f 5671 5673 5658
f 5671 5672 5673
f 5672 5759 5674
f 5672 5674 5673
f 5648 5697 5649
f 5648 5658 5697
f 5658 5699 5698
f 5658 5698 5697
f 5658 5700 5699
f 5658 5701 5700
f 5658 5703 5701
f 5658 5673 5703
f 5673 5704 5703
f 5673 5705 5704
f 5659 5706 5708
f 5659 5708 5709
f 5659 5709 5710
f 5673 5716 5705
f 5673 5717 5716
f 5673 5718 5717
f 5674 5720 5718
f 5710 5709 5711
f 5710 5711 5714
f 5712 5714 5711
f 5710 5714 5777
f 5777 5714 5715
f 5674 5721 5720
f 5674 5722 5721
f 5674 5725 5722
f 5795 5725 5674
f 5795 5727 5725
f 5795 5730 5728
f 5795 5726 5727
f 5795 5728 5726
f 5673 5674 5718
f 4458 5757 5758
f 5757 5777 5758
f 5758 5778 5763
f 5800 5769 5763
f 4433 5757 4458
f 4458 5758 4460
f 4459 5760 5759
f 4460 5763 4468
f 4461 5761 5760
f 4462 5765 5761
f 4460 5758 5763
f 5759 5760 5762
f 5674 5759 5762
f 5762 5760 5764
f 5764 5760 5761
f 5770 5761 5765
f 5764 5761 5770
f 4468 5769 4469
f 4468 5763 5769
f 4469 5769 5772
f 4469 5772 4470
f 4470 5773 4471
f 4470 5772 5773
f 4472 5766 5765
f 4473 5767 5766
f 4474 5768 5767
f 4475 6004 5768
f 5765 5766 5771
f 5801 5772 5769
f 5770 5765 5771
f 5766 5774 5771
f 5772 5803 5773
f 5766 5767 5774
f 5767 5768 5775
f 5767 5775 5774
f 5710 5777 5757
f 5758 5777 5778
f 5777 5715 5724
f 5777 5724 5791
f 5795 5762 5796
f 5778 5800 5763
f 5777 5791 5792
f 5777 5792 5793
f 5777 5793 5794
f 5777 5794 5797
f 5777 5797 5798
f 5777 5983 5778
f 5777 5798 5983
f 5983 5798 5799
f 5795 5731 5730
f 5795 5733 5731
f 5795 5735 5733
f 5795 5984 5735
f 5795 5796 5984
f 5778 5985 5800
f 5778 5983 5985
f 5796 5802 5986
f 5800 5801 5769
f 5800 5989 5801
f 5800 5985 5989
f 5802 5804 5990
f 5801 5992 5803
f 5801 5989 5992
f 5803 5992 6030
f 5795 5674 5762
f 5796 5762 5764
f 5764 5770 5802
f 5796 5764 5802
f 5770 5771 5804
f 5770 5804 5802
f 5771 5805 5804
f 5801 5803 5772
f 5771 5774 5805
f 5774 5775 5806
f 5774 5806 5805
f 5804 5805 5991
f 5805 5806 5995
f 5837 5835 5834
f 5837 5836 5835
f 5837 5840 5836
f 5851 5841 5840
f 5837 5851 5840
f 5844 5845 5842
f 5967 5842 5845
f 5968 5845 5847
f 5968 5847 5848
f 5968 5848 5849
f 5851 5853 5841
f 5851 5854 5853
f 5851 5856 5854
f 5851 5857 5856
f 5851 5859 5857
f 5968 5849 5855
f 5968 5855 5872
f 5922 5916 5859
f 5969 5868 5928
f 5851 5922 5859
f 5969 5872 5873
f 5969 5873 5874
f 5969 5874 5868
f 5987 5882 5883
f 5987 5883 5889
f 5910 5908 5894
f 5910 5909 5908
f 5910 5906 5909
f 5984 5894 5897
f 5910 5894 5984
f 5917 5916 5919
f 5927 5926 5921
f 5922 5919 5916
f 5922 5920 5919
f 5969 5931 5972
f 5927 5921 5920
f 5922 5927 5920
f 5927 5892 5887
f 5927 5887 5886
f 5927 5888 5892
f 5927 5923 5926
f 5927 5924 5923
f 5927 5886 5924
f 5987 5889 5888
f 5927 5987 5888
f 5972 5934 5933
f 5972 5933 5936
f 5969 5928 5929
f 5969 5929 5931
f 5972 5931 5939
f 5972 5939 5937
f 5972 5937 5934
f 5972 5904 5905
f 5972 5936 5904
f 5972 5905 5906
f 5910 5972 5906
f 5910 5973 5972
f 5967 5845 5968
f 5837 5971 5851
f 5967 5968 5970
f 5968 5872 5969
f 5851 5974 5922
f 5968 5969 5971
f 5837 5970 5971
f 5968 5971 5970
f 5851 5971 5974
f 5969 5974 5971
f 5969 5972 5974
f 5922 5975 5927
f 5972 5973 5975
f 5927 5998 5987
f 5922 5974 5975
f 5972 5975 5974
f 5927 5975 5998
f 5973 5998 5975
f 5983 5982 5987
f 5987 5979 5881
f 5987 5982 5979
f 5987 5881 5882
f 5983 5980 5981
f 5983 5799 5980
f 5983 5981 5982
f 5984 5895 5900
f 5984 5898 5735
f 5984 5900 5898
f 5796 5986 5984
f 5984 5897 5896
f 5984 5896 5895
f 5802 5990 5986
f 5983 5988 5985
f 5983 5987 5988
f 5988 5993 5985
f 5910 5984 5973
f 5984 5986 5996
f 5973 5984 5996
f 5986 5990 5997
f 5986 5997 5996
f 5804 5991 5990
f 5993 5989 5985
f 5994 5992 5989
f 5992 6032 6030
f 5993 5994 5989
f 5990 5991 6000
f 5990 6000 5997
f 5994 6032 5992
f 5991 5995 6001
f 5991 6001 6000
f 6001 5995 6047
f 5805 5995 5991
f 5973 5996 5998
f 5987 5999 5988
f 5988 6002 5993
f 5996 5997 5999
f 5987 5998 5999
f 5996 5999 5998
f 5988 5999 6002
f 5999 5997 6002
f 5993 6003 5994
f 6002 5997 6000
f 6003 6000 6001
f 5994 6049 6032
f 6001 6047 6049
f 5993 6002 6003
f 6002 6000 6003
f 5994 6003 6049
f 6003 6001 6049
f 4471 6006 4478
f 4471 5773 6006
f 4478 6006 6007
f 4478 6007 4479
f 5201 6005 6004
f 4479 6009 4480
f 4480 6013 4481
f 4479 6007 6009
f 4480 6009 6013
f 5773 6016 6006
f 6006 6017 6007
f 6007 6018 6009
f 6008 5768 6004
f 6004 6005 6010
f 5775 5768 6008
f 6008 6004 6010
f 6005 6177 6011
f 6005 6011 6010
f 6177 6012 6011
f 4481 6014 5385
f 4481 6013 6014
f 5385 6014 6015
f 6009 6022 6013
f 6023 6014 6013
f 6014 6024 6015
f 6015 6028 6188
f 5803 6030 6016
f 6016 6030 6031
f 5773 5803 6016
f 6006 6016 6017
f 5775 6008 6019
f 5775 6019 5806
f 6008 6020 6019
f 6007 6017 6018
f 6008 6010 6020
f 6021 6010 6011
f 6011 6012 6025
f 6020 6010 6021
f 6021 6011 6025
f 6016 6031 6017
f 5806 6019 6036
f 6019 6020 6038
f 6017 6037 6018
f 6017 6031 6037
f 6020 6021 6039
f 6009 6018 6022
f 6022 6023 6013
f 6012 6186 6026
f 6012 6026 6025
f 6186 6027 6026
f 6023 6024 6014
f 6015 6024 6028
f 6018 6040 6022
f 6022 6042 6023
f 6018 6037 6040
f 6022 6040 6042
f 6023 6042 6043
f 6021 6025 6041
f 6044 6025 6026
f 6023 6043 6024
f 6026 6027 6045
f 6027 6209 6060
f 6188 6028 6029
f 6058 6028 6024
f 6028 6059 6029
f 6043 6058 6024
f 6058 6059 6028
f 6029 6059 6062
f 6030 6033 6031
f 6034 6037 6031
f 6030 6032 6033
f 5995 6036 6047
f 6047 6036 6048
f 6033 6034 6031
f 6034 6035 6037
f 5806 6036 5995
f 6019 6038 6036
f 6020 6039 6038
f 6036 6038 6048
f 6038 6039 6053
f 6038 6053 6048
f 6021 6041 6039
f 6035 6040 6037
f 6040 6046 6042
f 6042 6063 6043
f 6041 6025 6044
f 6044 6026 6045
f 6027 6060 6045
f 6035 6046 6040
f 6039 6041 6054
f 6041 6044 6055
f 6039 6054 6053
f 6041 6055 6054
f 6046 6063 6042
f 6044 6056 6055
f 6044 6045 6056
f 6032 6050 6033
f 6047 6048 6050
f 6033 6051 6034
f 6051 6048 6053
f 6032 6049 6050
f 6047 6050 6049
f 6033 6050 6051
f 6050 6048 6051
f 6034 6052 6035
f 6034 6051 6052
f 6051 6053 6052
f 6035 6052 6057
f 6052 6053 6054
f 6035 6057 6046
f 6054 6055 6057
f 6046 6071 6063
f 6055 6056 6071
f 6052 6054 6057
f 6046 6057 6071
f 6057 6055 6071
f 6043 6064 6058
f 6209 6061 6060
f 6058 6065 6059
f 6059 6066 6062
f 6062 6067 6283
f 6043 6063 6064
f 6058 6064 6065
f 6068 6045 6060
f 6060 6061 6069
f 6056 6045 6068
f 6068 6060 6069
f 6061 6070 6069
f 6065 6066 6059
f 6062 6066 6067
f 6067 6294 6283
f 6063 6072 6064
f 6056 6068 6072
f 6064 6073 6065
f 6068 6069 6073
f 6065 6074 6066
f 6069 6070 6074
f 6070 6317 6075
f 6056 6072 6071
f 6063 6071 6072
f 6064 6072 6073
f 6068 6073 6072
f 6065 6073 6074
f 6073 6069 6074
f 6070 6075 6074
f 6066 6075 6067
f 6067 6323 6294
f 6066 6074 6075
f 6067 6075 6323
f 6075 6317 6323
f 5253 6086 6087
f 5259 6087 6076
f 5260 6076 6103
f 5250 6077 6078
f 5251 6078 6079
f 5265 5266 6081
f 5265 6081 6080
f 5252 6079 6086
f 5266 5267 6084
f 5266 6084 6081
f 5267 6088 6084
f 6077 6083 6078
f 6077 6082 6083
f 6078 6085 6079
f 6079 6089 6086
f 6078 6083 6085
f 6079 6085 6089
f 6080 6081 6094
f 6081 6084 6095
f 5267 5270 6088
f 5270 5271 6090
f 5270 6090 6088
f 5272 6115 5271
f 5271 6115 6090
f 6086 6091 6087
f 6086 6089 6091
f 6084 6088 6099
f 6087 6092 6076
f 6087 6091 6092
f 6076 6092 6117
f 6088 6090 6100
f 6082 6097 6083
f 6082 6096 6097
f 6083 6098 6085
f 6083 6097 6098
f 6085 6098 6101
f 6080 6094 6093
f 6081 6095 6094
f 6093 6094 6134
f 6096 6136 6097
f 6093 6134 6133
f 6094 6095 6137
f 6094 6137 6134
f 6097 6138 6098
f 6085 6101 6089
f 6089 6102 6091
f 6089 6101 6102
f 6092 6091 6125
f 6090 6124 6100
f 6091 6102 6125
f 6084 6099 6095
f 6088 6100 6099
f 6098 6142 6101
f 6101 6144 6102
f 6095 6099 6141
f 6095 6141 6137
f 6099 6100 6143
f 6099 6143 6141
f 5261 6103 6104
f 5305 6104 6105
f 5306 6105 6107
f 6104 6103 6119
f 6104 6110 6105
f 6104 6119 6110
f 5318 6109 6247
f 5307 6107 6106
f 5320 6106 6108
f 5322 6121 5321
f 5316 6108 6109
f 5322 5324 6112
f 5323 6253 5324
f 5322 6112 6121
f 5324 6253 6112
f 6105 6111 6107
f 6106 6107 6114
f 6105 6110 6111
f 6107 6111 6114
f 6106 6113 6108
f 6109 6108 6254
f 6108 6113 6254
f 6106 6114 6113
f 5272 5325 6116
f 5272 6116 6115
f 5326 6118 5325
f 5326 5321 6120
f 5325 6118 6116
f 5326 6120 6118
f 6076 6117 6103
f 6103 6117 6119
f 6090 6115 6124
f 6115 6116 6123
f 6118 6128 6116
f 5321 6121 6120
f 6118 6120 6129
f 6121 6130 6120
f 6112 6275 6121
f 6111 6110 6132
f 6111 6122 6114
f 6113 6114 6265
f 6111 6132 6122
f 6114 6122 6265
f 6092 6126 6117
f 6115 6123 6124
f 6092 6125 6126
f 6119 6117 6127
f 6119 6131 6110
f 6116 6128 6123
f 6117 6126 6127
f 6119 6127 6131
f 6102 6158 6125
f 6125 6156 6126
f 6127 6126 6162
f 6100 6124 6157
f 6100 6157 6143
f 6123 6159 6124
f 6124 6159 6157
f 6123 6166 6159
f 6118 6129 6128
f 6110 6131 6132
f 6120 6130 6129
f 6121 6275 6130
f 6123 6128 6166
f 6129 6164 6128
f 6127 6163 6131
f 6128 6164 6166
f 6130 6346 6129
f 6132 6131 6165
f 6122 6132 6347
f 6129 6346 6164
f 6096 6135 6136
f 6133 6134 6140
f 6097 6136 6138
f 6134 6137 6145
f 6135 6148 6136
f 6133 6140 6139
f 6135 6147 6148
f 6136 6149 6138
f 6134 6145 6140
f 6136 6148 6149
f 6102 6144 6158
f 6098 6138 6142
f 6101 6142 6144
f 6137 6141 6146
f 6141 6143 6160
f 6138 6152 6142
f 6137 6146 6145
f 6138 6149 6152
f 6142 6153 6144
f 6141 6160 6146
f 6142 6152 6153
f 6139 6140 6150
f 6147 6151 6148
f 6140 6145 6151
f 6148 6154 6149
f 6147 6150 6151
f 6140 6151 6150
f 6148 6151 6154
f 6145 6154 6151
f 6145 6146 6154
f 6149 6155 6152
f 6146 6160 6155
f 6152 6171 6153
f 6149 6154 6155
f 6146 6155 6154
f 6152 6155 6171
f 6155 6160 6171
f 6125 6158 6156
f 6126 6156 6162
f 6143 6157 6161
f 6159 6167 6157
f 6144 6169 6158
f 6143 6161 6160
f 6144 6153 6169
f 6156 6158 6170
f 6157 6167 6161
f 6158 6169 6170
f 6156 6170 6174
f 6127 6162 6163
f 6131 6163 6165
f 6132 6165 6347
f 6159 6166 6168
f 6164 6352 6166
f 6156 6174 6162
f 6163 6162 6173
f 6162 6174 6173
f 6165 6163 6359
f 6163 6173 6359
f 6159 6168 6167
f 6166 6352 6168
f 6160 6161 6171
f 6153 6172 6169
f 6170 6169 6175
f 6161 6167 6172
f 6153 6171 6172
f 6161 6172 6171
f 6169 6172 6175
f 6167 6175 6172
f 6170 6176 6174
f 6167 6168 6175
f 6168 6352 6176
f 6173 6174 6363
f 6170 6175 6176
f 6168 6176 6175
f 6174 6176 6363
f 6176 6352 6363
f 5370 6177 6005
f 5371 6178 6177
f 5372 6179 6178
f 5373 6180 6179
f 6177 6178 6012
f 6178 6179 6186
f 6012 6178 6186
f 5385 6015 5386
f 5374 6181 6180
f 5386 6188 5387
f 5387 6210 5388
f 5388 6211 5389
f 5386 6015 6188
f 5387 6188 6210
f 5388 6210 6211
f 5375 6182 6181
f 5376 6183 6182
f 5377 6184 6183
f 5378 6185 6184
f 5389 6212 5390
f 6179 6180 6187
f 6180 6181 6189
f 6181 6182 6190
f 6179 6187 6186
f 6180 6189 6187
f 6189 6181 6190
f 6182 6183 6191
f 6183 6184 6192
f 6184 6185 6193
f 6182 6191 6190
f 6183 6192 6191
f 6192 6184 6193
f 6185 6194 6193
f 5409 6201 6202
f 5406 6195 6201
f 5417 6198 6185
f 6198 5403 6196
f 5404 6197 6196
f 5405 6199 6197
f 5408 6200 6199
f 5407 6202 6200
f 5421 6221 5422
f 5422 6222 5423
f 5423 6222 6277
f 6185 6198 6194
f 6198 6196 6219
f 6196 6197 6203
f 6197 6199 6204
f 6198 6219 6194
f 6219 6196 6203
f 6204 6199 6205
f 6197 6204 6203
f 6200 6202 6206
f 6195 6208 6201
f 6202 6201 6207
f 6207 6201 6208
f 6199 6200 6205
f 6200 6206 6205
f 6202 6207 6206
f 6186 6187 6027
f 6187 6189 6209
f 6189 6190 6229
f 6230 6190 6191
f 6187 6209 6027
f 6189 6229 6209
f 6229 6190 6230
f 6191 6192 6231
f 6206 6207 6245
f 6207 6208 6246
f 6208 6281 6246
f 5389 6211 6212
f 5390 6213 5391
f 5391 6214 5392
f 5390 6212 6213
f 5391 6213 6214
f 5392 6214 6215
f 6188 6029 6210
f 6210 6223 6211
f 6211 6224 6212
f 6212 6225 6213
f 6213 6226 6214
f 6214 6227 6215
f 5392 6215 5424
f 5424 6216 5418
f 5418 6217 5419
f 5419 6218 5420
f 5424 6215 6216
f 6216 6217 5418
f 5419 6217 6218
f 5420 6220 5421
f 5420 6218 6220
f 5421 6220 6221
f 5422 6221 6222
f 6215 6228 6216
f 6216 6235 6217
f 6217 6236 6218
f 6218 6237 6220
f 6221 6240 6222
f 6222 6239 6277
f 6220 6238 6221
f 6210 6029 6223
f 6211 6223 6224
f 6230 6191 6231
f 6224 6225 6212
f 6192 6193 6232
f 6193 6194 6233
f 6192 6232 6231
f 6193 6233 6232
f 6194 6234 6233
f 6213 6225 6226
f 6214 6226 6227
f 6215 6227 6228
f 6029 6062 6223
f 6209 6229 6061
f 6229 6230 6282
f 6230 6231 6284
f 6223 6283 6224
f 6224 6289 6225
f 6225 6290 6226
f 6223 6062 6283
f 6224 6283 6289
f 6231 6232 6285
f 6232 6233 6286
f 6233 6234 6287
f 6225 6289 6290
f 6226 6291 6227
f 6227 6292 6228
f 6228 6293 6235
f 6226 6290 6291
f 6227 6291 6292
f 6228 6292 6293
f 6194 6219 6234
f 6219 6203 6241
f 6203 6204 6242
f 6204 6205 6243
f 6219 6241 6234
f 6241 6203 6242
f 6204 6243 6242
f 6216 6228 6235
f 6235 6236 6217
f 6218 6236 6237
f 6205 6206 6244
f 6205 6244 6243
f 6206 6245 6244
f 6207 6246 6245
f 6220 6237 6238
f 6221 6238 6240
f 6240 6239 6222
f 6234 6241 6288
f 6241 6242 6300
f 6242 6243 6301
f 6243 6244 6302
f 6245 6246 6305
f 6246 6281 6304
f 6238 6309 6240
f 6239 6311 6278
f 6240 6310 6239
f 6244 6245 6303
f 6239 6310 6311
f 6235 6306 6236
f 6236 6307 6237
f 6235 6293 6306
f 6306 6307 6236
f 6237 6307 6308
f 6237 6308 6238
f 6238 6308 6309
f 6240 6309 6310
f 5317 6248 6249
f 5431 6249 6250
f 5319 6247 6248
f 5432 6250 6195
f 5323 5435 6256
f 5323 6256 6253
f 5436 6255 5435
f 5434 6263 5436
f 5435 6255 6256
f 5436 6263 6255
f 6109 6257 6247
f 6248 6247 6252
f 6247 6257 6252
f 6250 6249 6259
f 6248 6251 6249
f 6259 6249 6251
f 6248 6252 6251
f 6109 6254 6257
f 6112 6253 6276
f 6255 6268 6256
f 6253 6256 6264
f 5438 6261 5437
f 5433 6258 5434
f 5437 6262 5433
f 5434 6258 6263
f 5433 6262 6258
f 5423 6277 5438
f 5438 6277 6261
f 5437 6261 6262
f 6195 6250 6260
f 6250 6259 6260
f 6195 6260 6208
f 6258 6270 6263
f 6261 6279 6262
f 6262 6280 6258
f 6263 6269 6255
f 6113 6267 6254
f 6113 6265 6267
f 6257 6254 6266
f 6252 6257 6274
f 6253 6264 6276
f 6256 6268 6264
f 6254 6267 6266
f 6257 6266 6274
f 6122 6350 6265
f 6264 6354 6276
f 6266 6267 6341
f 6265 6340 6267
f 6260 6259 6272
f 6251 6252 6271
f 6259 6251 6273
f 6252 6274 6271
f 6251 6271 6273
f 6208 6260 6281
f 6262 6279 6280
f 6258 6280 6270
f 6260 6272 6281
f 6259 6273 6272
f 6255 6269 6268
f 6263 6270 6269
f 6271 6274 6345
f 6272 6273 6370
f 6273 6271 6371
f 6264 6268 6342
f 6274 6266 6344
f 6264 6342 6354
f 6269 6343 6268
f 6270 6374 6269
f 6269 6374 6343
f 6268 6343 6342
f 6112 6276 6275
f 6130 6275 6349
f 6130 6349 6346
f 6276 6348 6275
f 6275 6348 6349
f 6276 6354 6348
f 6261 6277 6278
f 6261 6278 6279
f 6277 6239 6278
f 6270 6280 6368
f 6279 6373 6280
f 6272 6369 6281
f 6280 6373 6368
f 6278 6372 6279
f 6279 6372 6373
f 6278 6311 6372
f 6270 6368 6374
f 6229 6282 6061
f 6230 6284 6282
f 6231 6285 6284
f 6232 6286 6285
f 6233 6287 6286
f 6234 6288 6287
f 6061 6282 6070
f 6282 6284 6317
f 6284 6285 6318
f 6285 6286 6319
f 6282 6317 6070
f 6284 6318 6317
f 6294 6289 6283
f 6289 6295 6290
f 6296 6291 6290
f 6291 6297 6292
f 6298 6293 6292
f 6293 6299 6306
f 6294 6295 6289
f 6318 6285 6319
f 6295 6296 6290
f 6286 6287 6320
f 6287 6288 6321
f 6288 6300 6322
f 6286 6320 6319
f 6287 6321 6320
f 6288 6322 6321
f 6296 6297 6291
f 6297 6298 6292
f 6298 6299 6293
f 6241 6300 6288
f 6300 6242 6301
f 6243 6302 6301
f 6244 6303 6302
f 6245 6305 6303
f 6246 6304 6305
f 6303 6305 6332
f 6304 6369 6334
f 6305 6304 6333
f 6333 6304 6334
f 6306 6312 6307
f 6307 6313 6308
f 6309 6315 6310
f 6310 6316 6311
f 6308 6314 6309
f 6300 6301 6329
f 6301 6302 6330
f 6300 6329 6322
f 6329 6301 6330
f 6302 6331 6330
f 6306 6299 6312
f 6312 6313 6307
f 6308 6313 6314
f 6302 6303 6331
f 6311 6316 6380
f 6303 6332 6331
f 6305 6333 6332
f 6309 6314 6315
f 6310 6315 6316
f 6323 6317 6318
f 6318 6319 6324
f 6325 6319 6320
f 6294 6324 6295
f 6295 6325 6296
f 6296 6326 6297
f 6320 6321 6326
f 6297 6327 6298
f 6327 6321 6322
f 6322 6329 6328
f 6298 6328 6299
f 6294 6323 6324
f 6323 6318 6324
f 6295 6324 6325
f 6324 6319 6325
f 6296 6325 6326
f 6325 6320 6326
f 6326 6321 6327
f 6297 6326 6327
f 6327 6322 6328
f 6298 6327 6328
f 6299 6328 6335
f 6329 6330 6335
f 6299 6335 6312
f 6312 6336 6313
f 6330 6331 6336
f 6313 6337 6314
f 6332 6333 6338
f 6333 6334 6339
f 6331 6332 6337
f 6314 6338 6315
f 6316 6391 6380
f 6315 6339 6316
f 6329 6335 6328
f 6335 6330 6336
f 6312 6335 6336
f 6313 6336 6337
f 6331 6337 6336
f 6334 6391 6339
f 6332 6338 6337
f 6314 6337 6338
f 6315 6338 6339
f 6333 6339 6338
f 6316 6339 6391
f 6265 6350 6340
f 6267 6340 6341
f 6340 6350 6365
f 6273 6371 6370
f 6271 6345 6371
f 6266 6341 6344
f 6274 6344 6345
f 6342 6381 6354
f 6343 6375 6342
f 6340 6357 6341
f 6340 6365 6357
f 6344 6341 6358
f 6345 6344 6385
f 6344 6358 6385
f 6341 6357 6358
f 6122 6347 6350
f 6164 6346 6353
f 6348 6355 6349
f 6349 6351 6346
f 6165 6361 6347
f 6346 6351 6353
f 6165 6359 6361
f 6350 6347 6360
f 6349 6355 6351
f 6347 6361 6360
f 6350 6360 6365
f 6164 6353 6352
f 6348 6354 6356
f 6348 6356 6355
f 6354 6381 6356
f 6357 6365 6392
f 6358 6357 6386
f 6173 6364 6359
f 6360 6361 6366
f 6351 6364 6353
f 6361 6359 6362
f 6353 6363 6352
f 6359 6364 6362
f 6351 6362 6364
f 6361 6362 6366
f 6173 6363 6364
f 6353 6364 6363
f 6356 6366 6355
f 6360 6367 6365
f 6351 6355 6362
f 6356 6381 6367
f 6360 6366 6367
f 6355 6366 6362
f 6365 6367 6392
f 6356 6367 6366
f 6367 6381 6392
f 6272 6370 6369
f 6281 6369 6304
f 6373 6379 6368
f 6343 6374 6376
f 6368 6377 6374
f 6345 6382 6371
f 6370 6371 6384
f 6371 6382 6384
f 6369 6370 6383
f 6368 6379 6377
f 6370 6384 6383
f 6369 6383 6334
f 6342 6375 6381
f 6343 6376 6375
f 6345 6385 6382
f 6377 6376 6374
f 6372 6311 6380
f 6372 6378 6373
f 6372 6380 6378
f 6373 6378 6379
f 6384 6382 6390
f 6358 6387 6385
f 6375 6392 6381
f 6376 6386 6375
f 6377 6387 6376
f 6382 6385 6388
f 6382 6388 6390
f 6357 6392 6386
f 6375 6386 6392
f 6358 6386 6387
f 6388 6385 6387
f 6377 6388 6387
f 6376 6387 6386
f 6383 6391 6334
f 6383 6384 6389
f 6380 6389 6378
f 6378 6390 6379
f 6377 6379 6388
f 6383 6389 6391
f 6384 6390 6389
f 6379 6390 6388
f 6378 6389 6390
f 6380 6391 6389

